experiment,source_experiment,model_short,model_id,reasoning,problem_id,level,difficulty,difficulty_label,is_26_research,n,branches_available,subsets_used,pass_at_n_mean_v4flash,pass_at_n_std_v4flash,pass_at_n_pass_rate_v4flash,pass_at_n_mean_v4pro,pass_at_n_std_v4pro,pass_at_n_mean_gemini,pass_at_n_std_gemini
scaling,scaling,gemma-4-31b-it,openrouter/google/gemma-4-31b-it,default,PB-Advanced-001,IMO-easy,1,competition-hard,False,1,9,9,1.4444,2.7126,0.2222,0.1429,0.3499,7,0.0
scaling,scaling,gemma-4-31b-it,openrouter/google/gemma-4-31b-it,default,PB-Advanced-001,IMO-easy,1,competition-hard,False,3,9,84,3.8333,3.2617,0.5833,0.4286,0.4949,7,0.0
scaling,scaling,gemma-4-31b-it,openrouter/google/gemma-4-31b-it,default,PB-Advanced-001,IMO-easy,1,competition-hard,False,5,9,126,5.5556,2.5215,0.8333,0.7143,0.4518,7,0.0
scaling,scaling,gemma-4-31b-it,openrouter/google/gemma-4-31b-it,default,PB-Advanced-001,IMO-easy,1,competition-hard,False,7,9,36,6.6111,1.185,0.9722,1.0,0.0,7.0,0.0
scaling,scaling,gemma-4-31b-it,openrouter/google/gemma-4-31b-it,default,PB-Advanced-001,IMO-easy,1,competition-hard,False,9,9,1,7.0,0.0,1.0,,,,
scaling,scaling,gemma-4-31b-it,openrouter/google/gemma-4-31b-it,default,PB-Advanced-002,IMO-medium,1,competition-hard,False,1,9,9,0,0.0,0.0,0,0.0,1,2.4495
scaling,scaling,gemma-4-31b-it,openrouter/google/gemma-4-31b-it,default,PB-Advanced-002,IMO-medium,1,competition-hard,False,3,9,84,0,0.0,0.0,0,0.0,3,3.4641
scaling,scaling,gemma-4-31b-it,openrouter/google/gemma-4-31b-it,default,PB-Advanced-002,IMO-medium,1,competition-hard,False,5,9,126,0,0.0,0.0,0,0.0,5,3.1623
scaling,scaling,gemma-4-31b-it,openrouter/google/gemma-4-31b-it,default,PB-Advanced-002,IMO-medium,1,competition-hard,False,7,9,36,0,0.0,0.0,0.0,0.0,7.0,0.0
scaling,scaling,gemma-4-31b-it,openrouter/google/gemma-4-31b-it,default,PB-Advanced-002,IMO-medium,1,competition-hard,False,9,9,1,0.0,0.0,0.0,,,,
scaling,scaling,gemma-4-31b-it,openrouter/google/gemma-4-31b-it,default,PB-Advanced-003,IMO-hard,1,competition-hard,False,1,9,9,0,0.0,0.0,0,0.0,0,0.0
scaling,scaling,gemma-4-31b-it,openrouter/google/gemma-4-31b-it,default,PB-Advanced-003,IMO-hard,1,competition-hard,False,3,9,84,0,0.0,0.0,0,0.0,0,0.0
scaling,scaling,gemma-4-31b-it,openrouter/google/gemma-4-31b-it,default,PB-Advanced-003,IMO-hard,1,competition-hard,False,5,9,126,0,0.0,0.0,0,0.0,0,0.0
scaling,scaling,gemma-4-31b-it,openrouter/google/gemma-4-31b-it,default,PB-Advanced-003,IMO-hard,1,competition-hard,False,7,9,36,0,0.0,0.0,0.0,0.0,0.0,0.0
scaling,scaling,gemma-4-31b-it,openrouter/google/gemma-4-31b-it,default,PB-Advanced-003,IMO-hard,1,competition-hard,False,9,9,1,0.0,0.0,0.0,,,,
scaling,scaling,gemma-4-31b-it,openrouter/google/gemma-4-31b-it,default,PB-Advanced-004,IMO-easy,1,competition-hard,False,1,9,9,0.6667,1.8856,0.1111,0.2857,0.4518,6.8571,0.3499
scaling,scaling,gemma-4-31b-it,openrouter/google/gemma-4-31b-it,default,PB-Advanced-004,IMO-easy,1,competition-hard,False,3,9,84,2,2.8284,0.3333,0.7143,0.4518,7,0.0
scaling,scaling,gemma-4-31b-it,openrouter/google/gemma-4-31b-it,default,PB-Advanced-004,IMO-easy,1,competition-hard,False,5,9,126,3.3333,2.9814,0.5556,0.9524,0.213,7,0.0
scaling,scaling,gemma-4-31b-it,openrouter/google/gemma-4-31b-it,default,PB-Advanced-004,IMO-easy,1,competition-hard,False,7,9,36,4.6667,2.4944,0.7778,1.0,0.0,7.0,0.0
scaling,scaling,gemma-4-31b-it,openrouter/google/gemma-4-31b-it,default,PB-Advanced-004,IMO-easy,1,competition-hard,False,9,9,1,6.0,0.0,1.0,,,,
scaling,scaling,gemma-4-31b-it,openrouter/google/gemma-4-31b-it,default,PB-Advanced-005,IMO-medium,1,competition-hard,False,1,9,9,0,0.0,0.0,0.1429,0.3499,0.2857,0.4518
scaling,scaling,gemma-4-31b-it,openrouter/google/gemma-4-31b-it,default,PB-Advanced-005,IMO-medium,1,competition-hard,False,3,9,84,0,0.0,0.0,0.4286,0.4949,0.7143,0.4518
scaling,scaling,gemma-4-31b-it,openrouter/google/gemma-4-31b-it,default,PB-Advanced-005,IMO-medium,1,competition-hard,False,5,9,126,0,0.0,0.0,0.7143,0.4518,0.9524,0.213
scaling,scaling,gemma-4-31b-it,openrouter/google/gemma-4-31b-it,default,PB-Advanced-005,IMO-medium,1,competition-hard,False,7,9,36,0,0.0,0.0,1.0,0.0,1.0,0.0
scaling,scaling,gemma-4-31b-it,openrouter/google/gemma-4-31b-it,default,PB-Advanced-005,IMO-medium,1,competition-hard,False,9,9,1,0.0,0.0,0.0,,,,
scaling,scaling,gemma-4-31b-it,openrouter/google/gemma-4-31b-it,default,PB-Advanced-006,IMO-hard,1,competition-hard,False,1,9,9,0,0.0,0.0,0,0.0,0.5714,0.4949
scaling,scaling,gemma-4-31b-it,openrouter/google/gemma-4-31b-it,default,PB-Advanced-006,IMO-hard,1,competition-hard,False,3,9,84,0,0.0,0.0,0,0.0,0.9714,0.1666
scaling,scaling,gemma-4-31b-it,openrouter/google/gemma-4-31b-it,default,PB-Advanced-006,IMO-hard,1,competition-hard,False,5,9,126,0,0.0,0.0,0,0.0,1,0.0
scaling,scaling,gemma-4-31b-it,openrouter/google/gemma-4-31b-it,default,PB-Advanced-006,IMO-hard,1,competition-hard,False,7,9,36,0,0.0,0.0,0.0,0.0,1.0,0.0
scaling,scaling,gemma-4-31b-it,openrouter/google/gemma-4-31b-it,default,PB-Advanced-006,IMO-hard,1,competition-hard,False,9,9,1,0.0,0.0,0.0,,,,
scaling,scaling,gemma-4-31b-it,openrouter/google/gemma-4-31b-it,default,PB-Advanced-007,IMO-easy,1,competition-hard,False,1,9,9,0.7778,2.1999,0.1111,1.8571,2.9485,2,3.1623
scaling,scaling,gemma-4-31b-it,openrouter/google/gemma-4-31b-it,default,PB-Advanced-007,IMO-easy,1,competition-hard,False,3,9,84,2.3333,3.2998,0.3333,4.7143,3.0102,5,3.1623
scaling,scaling,gemma-4-31b-it,openrouter/google/gemma-4-31b-it,default,PB-Advanced-007,IMO-easy,1,competition-hard,False,5,9,126,3.8889,3.4783,0.5556,6.4286,1.4983,6.6667,1.4907
scaling,scaling,gemma-4-31b-it,openrouter/google/gemma-4-31b-it,default,PB-Advanced-007,IMO-easy,1,competition-hard,False,7,9,36,5.4444,2.9102,0.7778,7.0,0.0,7.0,0.0
scaling,scaling,gemma-4-31b-it,openrouter/google/gemma-4-31b-it,default,PB-Advanced-007,IMO-easy,1,competition-hard,False,9,9,1,7.0,0.0,1.0,,,,
scaling,scaling,gemma-4-31b-it,openrouter/google/gemma-4-31b-it,default,PB-Advanced-008,IMO-medium,1,competition-hard,False,1,9,9,0,0.0,0.0,0,0.0,2.8571,3.3135
scaling,scaling,gemma-4-31b-it,openrouter/google/gemma-4-31b-it,default,PB-Advanced-008,IMO-medium,1,competition-hard,False,3,9,84,0,0.0,0.0,0,0.0,6.0286,2.1972
scaling,scaling,gemma-4-31b-it,openrouter/google/gemma-4-31b-it,default,PB-Advanced-008,IMO-medium,1,competition-hard,False,5,9,126,0,0.0,0.0,0,0.0,6.9524,0.213
scaling,scaling,gemma-4-31b-it,openrouter/google/gemma-4-31b-it,default,PB-Advanced-008,IMO-medium,1,competition-hard,False,7,9,36,0,0.0,0.0,0.0,0.0,7.0,0.0
scaling,scaling,gemma-4-31b-it,openrouter/google/gemma-4-31b-it,default,PB-Advanced-008,IMO-medium,1,competition-hard,False,9,9,1,0.0,0.0,0.0,,,,
scaling,scaling,gemma-4-31b-it,openrouter/google/gemma-4-31b-it,default,PB-Advanced-009,IMO-hard,1,competition-hard,False,1,9,9,0,0.0,0.0,0,0.0,0,0.0
scaling,scaling,gemma-4-31b-it,openrouter/google/gemma-4-31b-it,default,PB-Advanced-009,IMO-hard,1,competition-hard,False,3,9,84,0,0.0,0.0,0,0.0,0,0.0
scaling,scaling,gemma-4-31b-it,openrouter/google/gemma-4-31b-it,default,PB-Advanced-009,IMO-hard,1,competition-hard,False,5,9,126,0,0.0,0.0,0,0.0,0,0.0
scaling,scaling,gemma-4-31b-it,openrouter/google/gemma-4-31b-it,default,PB-Advanced-009,IMO-hard,1,competition-hard,False,7,9,36,0,0.0,0.0,0.0,0.0,0.0,0.0
scaling,scaling,gemma-4-31b-it,openrouter/google/gemma-4-31b-it,default,PB-Advanced-009,IMO-hard,1,competition-hard,False,9,9,1,0.0,0.0,0.0,,,,
scaling,scaling,gemma-4-31b-it,openrouter/google/gemma-4-31b-it,default,PB-Advanced-010,IMO-medium,1,competition-hard,False,1,9,9,0,0.0,0.0,0,0.0,0,0.0
scaling,scaling,gemma-4-31b-it,openrouter/google/gemma-4-31b-it,default,PB-Advanced-010,IMO-medium,1,competition-hard,False,3,9,84,0,0.0,0.0,0,0.0,0,0.0
scaling,scaling,gemma-4-31b-it,openrouter/google/gemma-4-31b-it,default,PB-Advanced-010,IMO-medium,1,competition-hard,False,5,9,126,0,0.0,0.0,0,0.0,0,0.0
scaling,scaling,gemma-4-31b-it,openrouter/google/gemma-4-31b-it,default,PB-Advanced-010,IMO-medium,1,competition-hard,False,7,9,36,0,0.0,0.0,0.0,0.0,0.0,0.0
scaling,scaling,gemma-4-31b-it,openrouter/google/gemma-4-31b-it,default,PB-Advanced-010,IMO-medium,1,competition-hard,False,9,9,1,0.0,0.0,0.0,,,,
scaling,scaling,gemma-4-31b-it,openrouter/google/gemma-4-31b-it,default,PB-Advanced-011,IMO-medium,1,competition-hard,False,1,9,9,0,0.0,0.0,0,0.0,1,2.0702
scaling,scaling,gemma-4-31b-it,openrouter/google/gemma-4-31b-it,default,PB-Advanced-011,IMO-medium,1,competition-hard,False,3,9,84,0,0.0,0.0,0,0.0,2.8571,2.7479
scaling,scaling,gemma-4-31b-it,openrouter/google/gemma-4-31b-it,default,PB-Advanced-011,IMO-medium,1,competition-hard,False,5,9,126,0,0.0,0.0,0,0.0,4.5238,2.3425
scaling,scaling,gemma-4-31b-it,openrouter/google/gemma-4-31b-it,default,PB-Advanced-011,IMO-medium,1,competition-hard,False,7,9,36,0,0.0,0.0,0.0,0.0,6.0,0.0
scaling,scaling,gemma-4-31b-it,openrouter/google/gemma-4-31b-it,default,PB-Advanced-011,IMO-medium,1,competition-hard,False,9,9,1,0.0,0.0,0.0,,,,
scaling,scaling,gemma-4-31b-it,openrouter/google/gemma-4-31b-it,default,PB-Advanced-012,IMO-hard,1,competition-hard,False,1,9,9,0,0.0,0.0,0.2857,0.4518,4.8571,2.4744
scaling,scaling,gemma-4-31b-it,openrouter/google/gemma-4-31b-it,default,PB-Advanced-012,IMO-hard,1,competition-hard,False,3,9,84,0,0.0,0.0,0.7143,0.4518,6.7143,0.4518
scaling,scaling,gemma-4-31b-it,openrouter/google/gemma-4-31b-it,default,PB-Advanced-012,IMO-hard,1,competition-hard,False,5,9,126,0,0.0,0.0,0.9524,0.213,6.9524,0.213
scaling,scaling,gemma-4-31b-it,openrouter/google/gemma-4-31b-it,default,PB-Advanced-012,IMO-hard,1,competition-hard,False,7,9,36,0,0.0,0.0,1.0,0.0,7.0,0.0
scaling,scaling,gemma-4-31b-it,openrouter/google/gemma-4-31b-it,default,PB-Advanced-012,IMO-hard,1,competition-hard,False,9,9,1,0.0,0.0,0.0,,,,
scaling,scaling,gemma-4-31b-it,openrouter/google/gemma-4-31b-it,default,PB-Advanced-013,IMO-easy,1,competition-hard,False,1,9,9,0,0.0,0.0,0,0.0,0.2857,0.4518
scaling,scaling,gemma-4-31b-it,openrouter/google/gemma-4-31b-it,default,PB-Advanced-013,IMO-easy,1,competition-hard,False,3,9,84,0,0.0,0.0,0,0.0,0.7143,0.4518
scaling,scaling,gemma-4-31b-it,openrouter/google/gemma-4-31b-it,default,PB-Advanced-013,IMO-easy,1,competition-hard,False,5,9,126,0,0.0,0.0,0,0.0,0.9524,0.213
scaling,scaling,gemma-4-31b-it,openrouter/google/gemma-4-31b-it,default,PB-Advanced-013,IMO-easy,1,competition-hard,False,7,9,36,0,0.0,0.0,0.0,0.0,1.0,0.0
scaling,scaling,gemma-4-31b-it,openrouter/google/gemma-4-31b-it,default,PB-Advanced-013,IMO-easy,1,competition-hard,False,9,9,1,0.0,0.0,0.0,,,,
scaling,scaling,gemma-4-31b-it,openrouter/google/gemma-4-31b-it,default,PB-Advanced-014,IMO-medium,1,competition-hard,False,1,9,9,0,0.0,0.0,0,0.0,0,0.0
scaling,scaling,gemma-4-31b-it,openrouter/google/gemma-4-31b-it,default,PB-Advanced-014,IMO-medium,1,competition-hard,False,3,9,84,0,0.0,0.0,0,0.0,0,0.0
scaling,scaling,gemma-4-31b-it,openrouter/google/gemma-4-31b-it,default,PB-Advanced-014,IMO-medium,1,competition-hard,False,5,9,126,0,0.0,0.0,0,0.0,0,0.0
scaling,scaling,gemma-4-31b-it,openrouter/google/gemma-4-31b-it,default,PB-Advanced-014,IMO-medium,1,competition-hard,False,7,9,36,0,0.0,0.0,0.0,0.0,0.0,0.0
scaling,scaling,gemma-4-31b-it,openrouter/google/gemma-4-31b-it,default,PB-Advanced-014,IMO-medium,1,competition-hard,False,9,9,1,0.0,0.0,0.0,,,,
scaling,scaling,gemma-4-31b-it,openrouter/google/gemma-4-31b-it,default,PB-Advanced-015,IMO-hard,1,competition-hard,False,1,9,9,0,0.0,0.0,0,0.0,0,0.0
scaling,scaling,gemma-4-31b-it,openrouter/google/gemma-4-31b-it,default,PB-Advanced-015,IMO-hard,1,competition-hard,False,3,9,84,0,0.0,0.0,0,0.0,0,0.0
scaling,scaling,gemma-4-31b-it,openrouter/google/gemma-4-31b-it,default,PB-Advanced-015,IMO-hard,1,competition-hard,False,5,9,126,0,0.0,0.0,0,0.0,0,0.0
scaling,scaling,gemma-4-31b-it,openrouter/google/gemma-4-31b-it,default,PB-Advanced-015,IMO-hard,1,competition-hard,False,7,9,36,0,0.0,0.0,0.0,0.0,0.0,0.0
scaling,scaling,gemma-4-31b-it,openrouter/google/gemma-4-31b-it,default,PB-Advanced-015,IMO-hard,1,competition-hard,False,9,9,1,0.0,0.0,0.0,,,,
scaling,scaling,gemma-4-31b-it,openrouter/google/gemma-4-31b-it,default,PB-Advanced-016,IMO-easy,1,competition-hard,False,1,9,9,0,0.0,0.0,0,0.0,0,0.0
scaling,scaling,gemma-4-31b-it,openrouter/google/gemma-4-31b-it,default,PB-Advanced-016,IMO-easy,1,competition-hard,False,3,9,84,0,0.0,0.0,0,0.0,0,0.0
scaling,scaling,gemma-4-31b-it,openrouter/google/gemma-4-31b-it,default,PB-Advanced-016,IMO-easy,1,competition-hard,False,5,9,126,0,0.0,0.0,0,0.0,0,0.0
scaling,scaling,gemma-4-31b-it,openrouter/google/gemma-4-31b-it,default,PB-Advanced-016,IMO-easy,1,competition-hard,False,7,9,36,0,0.0,0.0,0.0,0.0,0.0,0.0
scaling,scaling,gemma-4-31b-it,openrouter/google/gemma-4-31b-it,default,PB-Advanced-016,IMO-easy,1,competition-hard,False,9,9,1,0.0,0.0,0.0,,,,
scaling,scaling,gemma-4-31b-it,openrouter/google/gemma-4-31b-it,default,PB-Advanced-017,IMO-easy,1,competition-hard,False,1,9,9,0,0.0,0.0,0,0.0,1.2857,2.3733
scaling,scaling,gemma-4-31b-it,openrouter/google/gemma-4-31b-it,default,PB-Advanced-017,IMO-easy,1,competition-hard,False,3,9,84,0,0.0,0.0,0,0.0,3.4571,3.0831
scaling,scaling,gemma-4-31b-it,openrouter/google/gemma-4-31b-it,default,PB-Advanced-017,IMO-easy,1,competition-hard,False,5,9,126,0,0.0,0.0,0,0.0,5.2857,2.7105
scaling,scaling,gemma-4-31b-it,openrouter/google/gemma-4-31b-it,default,PB-Advanced-017,IMO-easy,1,competition-hard,False,7,9,36,0,0.0,0.0,0.0,0.0,7.0,0.0
scaling,scaling,gemma-4-31b-it,openrouter/google/gemma-4-31b-it,default,PB-Advanced-017,IMO-easy,1,competition-hard,False,9,9,1,0.0,0.0,0.0,,,,
scaling,scaling,gemma-4-31b-it,openrouter/google/gemma-4-31b-it,default,PB-Advanced-018,IMO-hard,1,competition-hard,False,1,9,9,0,0.0,0.0,0,0.0,0,0.0
scaling,scaling,gemma-4-31b-it,openrouter/google/gemma-4-31b-it,default,PB-Advanced-018,IMO-hard,1,competition-hard,False,3,9,84,0,0.0,0.0,0,0.0,0,0.0
scaling,scaling,gemma-4-31b-it,openrouter/google/gemma-4-31b-it,default,PB-Advanced-018,IMO-hard,1,competition-hard,False,5,9,126,0,0.0,0.0,0,0.0,0,0.0
scaling,scaling,gemma-4-31b-it,openrouter/google/gemma-4-31b-it,default,PB-Advanced-018,IMO-hard,1,competition-hard,False,7,9,36,0,0.0,0.0,0.0,0.0,0.0,0.0
scaling,scaling,gemma-4-31b-it,openrouter/google/gemma-4-31b-it,default,PB-Advanced-018,IMO-hard,1,competition-hard,False,9,9,1,0.0,0.0,0.0,,,,
scaling,scaling,gemma-4-31b-it,openrouter/google/gemma-4-31b-it,default,PB-Advanced-019,IMO-easy,1,competition-hard,False,1,9,9,0.7778,1.8725,0.1111,0.4286,0.4949,7,0.0
scaling,scaling,gemma-4-31b-it,openrouter/google/gemma-4-31b-it,default,PB-Advanced-019,IMO-easy,1,competition-hard,False,3,9,84,2.25,2.681,0.3333,0.8857,0.3182,7,0.0
scaling,scaling,gemma-4-31b-it,openrouter/google/gemma-4-31b-it,default,PB-Advanced-019,IMO-easy,1,competition-hard,False,5,9,126,3.6111,2.6903,0.5556,1,0.0,7,0.0
scaling,scaling,gemma-4-31b-it,openrouter/google/gemma-4-31b-it,default,PB-Advanced-019,IMO-easy,1,competition-hard,False,7,9,36,4.8611,2.1364,0.7778,1.0,0.0,7.0,0.0
scaling,scaling,gemma-4-31b-it,openrouter/google/gemma-4-31b-it,default,PB-Advanced-019,IMO-easy,1,competition-hard,False,9,9,1,6.0,0.0,1.0,,,,
scaling,scaling,gemma-4-31b-it,openrouter/google/gemma-4-31b-it,default,PB-Advanced-020,IMO-medium,1,competition-hard,False,1,9,9,0.1111,0.3143,0.0,0.1429,0.3499,5.7143,2.3733
scaling,scaling,gemma-4-31b-it,openrouter/google/gemma-4-31b-it,default,PB-Advanced-020,IMO-medium,1,competition-hard,False,3,9,84,0.3333,0.4714,0.0,0.4286,0.4949,6.9714,0.1666
scaling,scaling,gemma-4-31b-it,openrouter/google/gemma-4-31b-it,default,PB-Advanced-020,IMO-medium,1,competition-hard,False,5,9,126,0.5556,0.4969,0.0,0.7143,0.4518,7,0.0
scaling,scaling,gemma-4-31b-it,openrouter/google/gemma-4-31b-it,default,PB-Advanced-020,IMO-medium,1,competition-hard,False,7,9,36,0.7778,0.4157,0.0,1.0,0.0,7.0,0.0
scaling,scaling,gemma-4-31b-it,openrouter/google/gemma-4-31b-it,default,PB-Advanced-020,IMO-medium,1,competition-hard,False,9,9,1,1.0,0.0,0.0,,,,
scaling,scaling,gemma-4-31b-it,openrouter/google/gemma-4-31b-it,default,PB-Advanced-021,IMO-hard,1,competition-hard,False,1,9,9,0,0.0,0.0,0,0.0,0.1429,0.3499
scaling,scaling,gemma-4-31b-it,openrouter/google/gemma-4-31b-it,default,PB-Advanced-021,IMO-hard,1,competition-hard,False,3,9,84,0,0.0,0.0,0,0.0,0.4286,0.4949
scaling,scaling,gemma-4-31b-it,openrouter/google/gemma-4-31b-it,default,PB-Advanced-021,IMO-hard,1,competition-hard,False,5,9,126,0,0.0,0.0,0,0.0,0.7143,0.4518
scaling,scaling,gemma-4-31b-it,openrouter/google/gemma-4-31b-it,default,PB-Advanced-021,IMO-hard,1,competition-hard,False,7,9,36,0,0.0,0.0,0.0,0.0,1.0,0.0
scaling,scaling,gemma-4-31b-it,openrouter/google/gemma-4-31b-it,default,PB-Advanced-021,IMO-hard,1,competition-hard,False,9,9,1,0.0,0.0,0.0,,,,
scaling,scaling,gemma-4-31b-it,openrouter/google/gemma-4-31b-it,default,PB-Advanced-022,IMO-easy,1,competition-hard,False,1,9,9,0,0.0,0.0,0,0.0,3.1429,3.0905
scaling,scaling,gemma-4-31b-it,openrouter/google/gemma-4-31b-it,default,PB-Advanced-022,IMO-easy,1,competition-hard,False,3,9,84,0,0.0,0.0,0,0.0,6.1429,1.8844
scaling,scaling,gemma-4-31b-it,openrouter/google/gemma-4-31b-it,default,PB-Advanced-022,IMO-easy,1,competition-hard,False,5,9,126,0,0.0,0.0,0,0.0,6.9524,0.213
scaling,scaling,gemma-4-31b-it,openrouter/google/gemma-4-31b-it,default,PB-Advanced-022,IMO-easy,1,competition-hard,False,7,9,36,0,0.0,0.0,0.0,0.0,7.0,0.0
scaling,scaling,gemma-4-31b-it,openrouter/google/gemma-4-31b-it,default,PB-Advanced-022,IMO-easy,1,competition-hard,False,9,9,1,0.0,0.0,0.0,,,,
scaling,scaling,gemma-4-31b-it,openrouter/google/gemma-4-31b-it,default,PB-Advanced-023,IMO-medium,1,competition-hard,False,1,9,9,0,0.0,0.0,0,0.0,0,0.0
scaling,scaling,gemma-4-31b-it,openrouter/google/gemma-4-31b-it,default,PB-Advanced-023,IMO-medium,1,competition-hard,False,3,9,84,0,0.0,0.0,0,0.0,0,0.0
scaling,scaling,gemma-4-31b-it,openrouter/google/gemma-4-31b-it,default,PB-Advanced-023,IMO-medium,1,competition-hard,False,5,9,126,0,0.0,0.0,0,0.0,0,0.0
scaling,scaling,gemma-4-31b-it,openrouter/google/gemma-4-31b-it,default,PB-Advanced-023,IMO-medium,1,competition-hard,False,7,9,36,0,0.0,0.0,0.0,0.0,0.0,0.0
scaling,scaling,gemma-4-31b-it,openrouter/google/gemma-4-31b-it,default,PB-Advanced-023,IMO-medium,1,competition-hard,False,9,9,1,0.0,0.0,0.0,,,,
scaling,scaling,gemma-4-31b-it,openrouter/google/gemma-4-31b-it,default,PB-Advanced-024,IMO-hard,1,competition-hard,False,1,9,9,0,0.0,0.0,0,0.0,0,0.0
scaling,scaling,gemma-4-31b-it,openrouter/google/gemma-4-31b-it,default,PB-Advanced-024,IMO-hard,1,competition-hard,False,3,9,84,0,0.0,0.0,0,0.0,0,0.0
scaling,scaling,gemma-4-31b-it,openrouter/google/gemma-4-31b-it,default,PB-Advanced-024,IMO-hard,1,competition-hard,False,5,9,126,0,0.0,0.0,0,0.0,0,0.0
scaling,scaling,gemma-4-31b-it,openrouter/google/gemma-4-31b-it,default,PB-Advanced-024,IMO-hard,1,competition-hard,False,7,9,36,0,0.0,0.0,0.0,0.0,0.0,0.0
scaling,scaling,gemma-4-31b-it,openrouter/google/gemma-4-31b-it,default,PB-Advanced-024,IMO-hard,1,competition-hard,False,9,9,1,0.0,0.0,0.0,,,,
scaling,scaling,gemma-4-31b-it,openrouter/google/gemma-4-31b-it,default,PB-Advanced-025,IMO-easy,1,competition-hard,False,1,9,9,1.4444,2.7126,0.2222,1,2.4495,5.7143,1.9795
scaling,scaling,gemma-4-31b-it,openrouter/google/gemma-4-31b-it,default,PB-Advanced-025,IMO-easy,1,competition-hard,False,3,9,84,3.8333,3.2617,0.5833,3,3.4641,6.8857,0.3182
scaling,scaling,gemma-4-31b-it,openrouter/google/gemma-4-31b-it,default,PB-Advanced-025,IMO-easy,1,competition-hard,False,5,9,126,5.5556,2.5215,0.8333,5,3.1623,7,0.0
scaling,scaling,gemma-4-31b-it,openrouter/google/gemma-4-31b-it,default,PB-Advanced-025,IMO-easy,1,competition-hard,False,7,9,36,6.6111,1.185,0.9722,7.0,0.0,7.0,0.0
scaling,scaling,gemma-4-31b-it,openrouter/google/gemma-4-31b-it,default,PB-Advanced-025,IMO-easy,1,competition-hard,False,9,9,1,7.0,0.0,1.0,,,,
scaling,scaling,gemma-4-31b-it,openrouter/google/gemma-4-31b-it,default,PB-Advanced-026,IMO-medium,1,competition-hard,False,1,9,9,0,0.0,0.0,0,0.0,0.7143,0.4518
scaling,scaling,gemma-4-31b-it,openrouter/google/gemma-4-31b-it,default,PB-Advanced-026,IMO-medium,1,competition-hard,False,3,9,84,0,0.0,0.0,0,0.0,1,0.0
scaling,scaling,gemma-4-31b-it,openrouter/google/gemma-4-31b-it,default,PB-Advanced-026,IMO-medium,1,competition-hard,False,5,9,126,0,0.0,0.0,0,0.0,1,0.0
scaling,scaling,gemma-4-31b-it,openrouter/google/gemma-4-31b-it,default,PB-Advanced-026,IMO-medium,1,competition-hard,False,7,9,36,0,0.0,0.0,0.0,0.0,1.0,0.0
scaling,scaling,gemma-4-31b-it,openrouter/google/gemma-4-31b-it,default,PB-Advanced-026,IMO-medium,1,competition-hard,False,9,9,1,0.0,0.0,0.0,,,,
scaling,scaling,gemma-4-31b-it,openrouter/google/gemma-4-31b-it,default,PB-Advanced-027,IMO-hard,1,competition-hard,False,1,9,9,0.1111,0.3143,0.0,0,0.0,2,3.1623
scaling,scaling,gemma-4-31b-it,openrouter/google/gemma-4-31b-it,default,PB-Advanced-027,IMO-hard,1,competition-hard,False,3,9,84,0.3333,0.4714,0.0,0,0.0,5,3.1623
scaling,scaling,gemma-4-31b-it,openrouter/google/gemma-4-31b-it,default,PB-Advanced-027,IMO-hard,1,competition-hard,False,5,9,126,0.5556,0.4969,0.0,0,0.0,6.6667,1.4907
scaling,scaling,gemma-4-31b-it,openrouter/google/gemma-4-31b-it,default,PB-Advanced-027,IMO-hard,1,competition-hard,False,7,9,36,0.7778,0.4157,0.0,0.0,0.0,7.0,0.0
scaling,scaling,gemma-4-31b-it,openrouter/google/gemma-4-31b-it,default,PB-Advanced-027,IMO-hard,1,competition-hard,False,9,9,1,1.0,0.0,0.0,,,,
scaling,scaling,gemma-4-31b-it,openrouter/google/gemma-4-31b-it,default,PB-Advanced-028,IMO-easy,1,competition-hard,False,1,9,9,3.1111,3.4783,0.4444,4.8571,3.0905,4.1429,3.3135
scaling,scaling,gemma-4-31b-it,openrouter/google/gemma-4-31b-it,default,PB-Advanced-028,IMO-easy,1,competition-hard,False,3,9,84,6.1667,2.2669,0.881,6.9714,0.1666,6.8286,0.9996
scaling,scaling,gemma-4-31b-it,openrouter/google/gemma-4-31b-it,default,PB-Advanced-028,IMO-easy,1,competition-hard,False,5,9,126,6.9444,0.6211,0.9921,7,0.0,7,0.0
scaling,scaling,gemma-4-31b-it,openrouter/google/gemma-4-31b-it,default,PB-Advanced-028,IMO-easy,1,competition-hard,False,7,9,36,7,0.0,1.0,7.0,0.0,7.0,0.0
scaling,scaling,gemma-4-31b-it,openrouter/google/gemma-4-31b-it,default,PB-Advanced-028,IMO-easy,1,competition-hard,False,9,9,1,7.0,0.0,1.0,,,,
scaling,scaling,gemma-4-31b-it,openrouter/google/gemma-4-31b-it,default,PB-Advanced-029,IMO-medium,1,competition-hard,False,1,9,9,0.5556,0.4969,0.0,0.2857,0.4518,1.1429,2.4159
scaling,scaling,gemma-4-31b-it,openrouter/google/gemma-4-31b-it,default,PB-Advanced-029,IMO-medium,1,competition-hard,False,3,9,84,0.9524,0.213,0.0,0.7143,0.4518,3.2857,3.2388
scaling,scaling,gemma-4-31b-it,openrouter/google/gemma-4-31b-it,default,PB-Advanced-029,IMO-medium,1,competition-hard,False,5,9,126,1,0.0,0.0,0.9524,0.213,5.2381,2.7929
scaling,scaling,gemma-4-31b-it,openrouter/google/gemma-4-31b-it,default,PB-Advanced-029,IMO-medium,1,competition-hard,False,7,9,36,1,0.0,0.0,1.0,0.0,7.0,0.0
scaling,scaling,gemma-4-31b-it,openrouter/google/gemma-4-31b-it,default,PB-Advanced-029,IMO-medium,1,competition-hard,False,9,9,1,1.0,0.0,0.0,,,,
scaling,scaling,gemma-4-31b-it,openrouter/google/gemma-4-31b-it,default,PB-Advanced-030,IMO-hard,1,competition-hard,False,1,9,9,0,0.0,0.0,0,0.0,0,0.0
scaling,scaling,gemma-4-31b-it,openrouter/google/gemma-4-31b-it,default,PB-Advanced-030,IMO-hard,1,competition-hard,False,3,9,84,0,0.0,0.0,0,0.0,0,0.0
scaling,scaling,gemma-4-31b-it,openrouter/google/gemma-4-31b-it,default,PB-Advanced-030,IMO-hard,1,competition-hard,False,5,9,126,0,0.0,0.0,0,0.0,0,0.0
scaling,scaling,gemma-4-31b-it,openrouter/google/gemma-4-31b-it,default,PB-Advanced-030,IMO-hard,1,competition-hard,False,7,9,36,0,0.0,0.0,0.0,0.0,0.0,0.0
scaling,scaling,gemma-4-31b-it,openrouter/google/gemma-4-31b-it,default,PB-Advanced-030,IMO-hard,1,competition-hard,False,9,9,1,0.0,0.0,0.0,,,,
scaling,scaling,gemma-4-31b-it,openrouter/google/gemma-4-31b-it,default,PB-Basic-001,IMO-easy,1,competition-hard,False,1,9,9,7,0.0,1.0,7,0.0,7,0.0
scaling,scaling,gemma-4-31b-it,openrouter/google/gemma-4-31b-it,default,PB-Basic-001,IMO-easy,1,competition-hard,False,3,9,84,7,0.0,1.0,7.0,0.0,7.0,0.0
scaling,scaling,gemma-4-31b-it,openrouter/google/gemma-4-31b-it,default,PB-Basic-001,IMO-easy,1,competition-hard,False,5,9,126,7,0.0,1.0,,,,
scaling,scaling,gemma-4-31b-it,openrouter/google/gemma-4-31b-it,default,PB-Basic-001,IMO-easy,1,competition-hard,False,7,9,36,7,0.0,1.0,,,,
scaling,scaling,gemma-4-31b-it,openrouter/google/gemma-4-31b-it,default,PB-Basic-001,IMO-easy,1,competition-hard,False,9,9,1,7.0,0.0,1.0,,,,
scaling,scaling,gemma-4-31b-it,openrouter/google/gemma-4-31b-it,default,PB-Basic-002,pre-IMO,0,pre-competition,False,1,9,9,7,0.0,1.0,7,0.0,7,0.0
scaling,scaling,gemma-4-31b-it,openrouter/google/gemma-4-31b-it,default,PB-Basic-002,pre-IMO,0,pre-competition,False,3,9,84,7,0.0,1.0,7.0,0.0,7.0,0.0
scaling,scaling,gemma-4-31b-it,openrouter/google/gemma-4-31b-it,default,PB-Basic-002,pre-IMO,0,pre-competition,False,5,9,126,7,0.0,1.0,,,,
scaling,scaling,gemma-4-31b-it,openrouter/google/gemma-4-31b-it,default,PB-Basic-002,pre-IMO,0,pre-competition,False,7,9,36,7,0.0,1.0,,,,
scaling,scaling,gemma-4-31b-it,openrouter/google/gemma-4-31b-it,default,PB-Basic-002,pre-IMO,0,pre-competition,False,9,9,1,7.0,0.0,1.0,,,,
scaling,scaling,gemma-4-31b-it,openrouter/google/gemma-4-31b-it,default,PB-Basic-003,IMO-easy,1,competition-hard,False,1,9,9,0.3333,0.4714,0.0,0,0.0,7,0.0
scaling,scaling,gemma-4-31b-it,openrouter/google/gemma-4-31b-it,default,PB-Basic-003,IMO-easy,1,competition-hard,False,3,9,84,0.7619,0.4259,0.0,0.0,0.0,7.0,0.0
scaling,scaling,gemma-4-31b-it,openrouter/google/gemma-4-31b-it,default,PB-Basic-003,IMO-easy,1,competition-hard,False,5,9,126,0.9524,0.213,0.0,,,,
scaling,scaling,gemma-4-31b-it,openrouter/google/gemma-4-31b-it,default,PB-Basic-003,IMO-easy,1,competition-hard,False,7,9,36,1,0.0,0.0,,,,
scaling,scaling,gemma-4-31b-it,openrouter/google/gemma-4-31b-it,default,PB-Basic-003,IMO-easy,1,competition-hard,False,9,9,1,1.0,0.0,0.0,,,,
scaling,scaling,gemma-4-31b-it,openrouter/google/gemma-4-31b-it,default,PB-Basic-004,IMO-easy,1,competition-hard,False,1,9,9,0.7778,2.1999,0.1111,2,2.8284,7,0.0
scaling,scaling,gemma-4-31b-it,openrouter/google/gemma-4-31b-it,default,PB-Basic-004,IMO-easy,1,competition-hard,False,3,9,84,2.3333,3.2998,0.3333,6.0,0.0,7.0,0.0
scaling,scaling,gemma-4-31b-it,openrouter/google/gemma-4-31b-it,default,PB-Basic-004,IMO-easy,1,competition-hard,False,5,9,126,3.8889,3.4783,0.5556,,,,
scaling,scaling,gemma-4-31b-it,openrouter/google/gemma-4-31b-it,default,PB-Basic-004,IMO-easy,1,competition-hard,False,7,9,36,5.4444,2.9102,0.7778,,,,
scaling,scaling,gemma-4-31b-it,openrouter/google/gemma-4-31b-it,default,PB-Basic-004,IMO-easy,1,competition-hard,False,9,9,1,7.0,0.0,1.0,,,,
scaling,scaling,gemma-4-31b-it,openrouter/google/gemma-4-31b-it,default,PB-Basic-005,IMO-easy,1,competition-hard,False,1,9,9,0,0.0,0.0,0,0.0,0.6667,0.4714
scaling,scaling,gemma-4-31b-it,openrouter/google/gemma-4-31b-it,default,PB-Basic-005,IMO-easy,1,competition-hard,False,3,9,84,0,0.0,0.0,0.0,0.0,1.0,0.0
scaling,scaling,gemma-4-31b-it,openrouter/google/gemma-4-31b-it,default,PB-Basic-005,IMO-easy,1,competition-hard,False,5,9,126,0,0.0,0.0,,,,
scaling,scaling,gemma-4-31b-it,openrouter/google/gemma-4-31b-it,default,PB-Basic-005,IMO-easy,1,competition-hard,False,7,9,36,0,0.0,0.0,,,,
scaling,scaling,gemma-4-31b-it,openrouter/google/gemma-4-31b-it,default,PB-Basic-005,IMO-easy,1,competition-hard,False,9,9,1,0.0,0.0,0.0,,,,
scaling,scaling,gemma-4-31b-it,openrouter/google/gemma-4-31b-it,default,PB-Basic-006,IMO-medium,1,competition-hard,False,1,9,9,0,0.0,0.0,0,0.0,2.6667,3.0912
scaling,scaling,gemma-4-31b-it,openrouter/google/gemma-4-31b-it,default,PB-Basic-006,IMO-medium,1,competition-hard,False,3,9,84,0,0.0,0.0,0.0,0.0,7.0,0.0
scaling,scaling,gemma-4-31b-it,openrouter/google/gemma-4-31b-it,default,PB-Basic-006,IMO-medium,1,competition-hard,False,5,9,126,0,0.0,0.0,,,,
scaling,scaling,gemma-4-31b-it,openrouter/google/gemma-4-31b-it,default,PB-Basic-006,IMO-medium,1,competition-hard,False,7,9,36,0,0.0,0.0,,,,
scaling,scaling,gemma-4-31b-it,openrouter/google/gemma-4-31b-it,default,PB-Basic-006,IMO-medium,1,competition-hard,False,9,9,1,0.0,0.0,0.0,,,,
scaling,scaling,gemma-4-31b-it,openrouter/google/gemma-4-31b-it,default,PB-Basic-007,IMO-medium,1,competition-hard,False,1,9,9,0,0.0,0.0,0,0.0,6.6667,0.4714
scaling,scaling,gemma-4-31b-it,openrouter/google/gemma-4-31b-it,default,PB-Basic-007,IMO-medium,1,competition-hard,False,3,9,84,0,0.0,0.0,0.0,0.0,7.0,0.0
scaling,scaling,gemma-4-31b-it,openrouter/google/gemma-4-31b-it,default,PB-Basic-007,IMO-medium,1,competition-hard,False,5,9,126,0,0.0,0.0,,,,
scaling,scaling,gemma-4-31b-it,openrouter/google/gemma-4-31b-it,default,PB-Basic-007,IMO-medium,1,competition-hard,False,7,9,36,0,0.0,0.0,,,,
scaling,scaling,gemma-4-31b-it,openrouter/google/gemma-4-31b-it,default,PB-Basic-007,IMO-medium,1,competition-hard,False,9,9,1,0.0,0.0,0.0,,,,
scaling,scaling,gemma-4-31b-it,openrouter/google/gemma-4-31b-it,default,PB-Basic-008,pre-IMO,0,pre-competition,False,1,9,9,0.8889,2.183,0.1111,2.3333,3.2998,5,2.8284
scaling,scaling,gemma-4-31b-it,openrouter/google/gemma-4-31b-it,default,PB-Basic-008,pre-IMO,0,pre-competition,False,3,9,84,2.5833,3.148,0.3333,7.0,0.0,7.0,0.0
scaling,scaling,gemma-4-31b-it,openrouter/google/gemma-4-31b-it,default,PB-Basic-008,pre-IMO,0,pre-competition,False,5,9,126,4.1667,3.1842,0.5556,,,,
scaling,scaling,gemma-4-31b-it,openrouter/google/gemma-4-31b-it,default,PB-Basic-008,pre-IMO,0,pre-competition,False,7,9,36,5.6389,2.5512,0.7778,,,,
scaling,scaling,gemma-4-31b-it,openrouter/google/gemma-4-31b-it,default,PB-Basic-008,pre-IMO,0,pre-competition,False,9,9,1,7.0,0.0,1.0,,,,
scaling,scaling,gemma-4-31b-it,openrouter/google/gemma-4-31b-it,default,PB-Basic-009,IMO-easy,1,competition-hard,False,1,9,9,0.6667,1.8856,0.1111,0,0.0,4.6667,3.2998
scaling,scaling,gemma-4-31b-it,openrouter/google/gemma-4-31b-it,default,PB-Basic-009,IMO-easy,1,competition-hard,False,3,9,84,2,2.8284,0.3333,0.0,0.0,7.0,0.0
scaling,scaling,gemma-4-31b-it,openrouter/google/gemma-4-31b-it,default,PB-Basic-009,IMO-easy,1,competition-hard,False,5,9,126,3.3333,2.9814,0.5556,,,,
scaling,scaling,gemma-4-31b-it,openrouter/google/gemma-4-31b-it,default,PB-Basic-009,IMO-easy,1,competition-hard,False,7,9,36,4.6667,2.4944,0.7778,,,,
scaling,scaling,gemma-4-31b-it,openrouter/google/gemma-4-31b-it,default,PB-Basic-009,IMO-easy,1,competition-hard,False,9,9,1,6.0,0.0,1.0,,,,
scaling,scaling,gemma-4-31b-it,openrouter/google/gemma-4-31b-it,default,PB-Basic-010,IMO-easy,1,competition-hard,False,1,9,9,7,0.0,1.0,7,0.0,7,0.0
scaling,scaling,gemma-4-31b-it,openrouter/google/gemma-4-31b-it,default,PB-Basic-010,IMO-easy,1,competition-hard,False,3,9,84,7,0.0,1.0,7.0,0.0,7.0,0.0
scaling,scaling,gemma-4-31b-it,openrouter/google/gemma-4-31b-it,default,PB-Basic-010,IMO-easy,1,competition-hard,False,5,9,126,7,0.0,1.0,,,,
scaling,scaling,gemma-4-31b-it,openrouter/google/gemma-4-31b-it,default,PB-Basic-010,IMO-easy,1,competition-hard,False,7,9,36,7,0.0,1.0,,,,
scaling,scaling,gemma-4-31b-it,openrouter/google/gemma-4-31b-it,default,PB-Basic-010,IMO-easy,1,competition-hard,False,9,9,1,7.0,0.0,1.0,,,,
scaling,scaling,gemma-4-31b-it,openrouter/google/gemma-4-31b-it,default,PB-Basic-011,IMO-easy,1,competition-hard,False,1,9,9,3.1111,3.2811,0.4444,4.6667,2.6247,7,0.0
scaling,scaling,gemma-4-31b-it,openrouter/google/gemma-4-31b-it,default,PB-Basic-011,IMO-easy,1,competition-hard,False,3,9,84,6.119,2.061,0.881,7.0,0.0,7.0,0.0
scaling,scaling,gemma-4-31b-it,openrouter/google/gemma-4-31b-it,default,PB-Basic-011,IMO-easy,1,competition-hard,False,5,9,126,6.9127,0.5637,0.9921,,,,
scaling,scaling,gemma-4-31b-it,openrouter/google/gemma-4-31b-it,default,PB-Basic-011,IMO-easy,1,competition-hard,False,7,9,36,7,0.0,1.0,,,,
scaling,scaling,gemma-4-31b-it,openrouter/google/gemma-4-31b-it,default,PB-Basic-011,IMO-easy,1,competition-hard,False,9,9,1,7.0,0.0,1.0,,,,
scaling,scaling,gemma-4-31b-it,openrouter/google/gemma-4-31b-it,default,PB-Basic-012,IMO-medium,1,competition-hard,False,1,9,9,0.8889,2.183,0.1111,4,2.8284,5,2.8284
scaling,scaling,gemma-4-31b-it,openrouter/google/gemma-4-31b-it,default,PB-Basic-012,IMO-medium,1,competition-hard,False,3,9,84,2.5833,3.148,0.3333,6.0,0.0,7.0,0.0
scaling,scaling,gemma-4-31b-it,openrouter/google/gemma-4-31b-it,default,PB-Basic-012,IMO-medium,1,competition-hard,False,5,9,126,4.1667,3.1842,0.5556,,,,
scaling,scaling,gemma-4-31b-it,openrouter/google/gemma-4-31b-it,default,PB-Basic-012,IMO-medium,1,competition-hard,False,7,9,36,5.6389,2.5512,0.7778,,,,
scaling,scaling,gemma-4-31b-it,openrouter/google/gemma-4-31b-it,default,PB-Basic-012,IMO-medium,1,competition-hard,False,9,9,1,7.0,0.0,1.0,,,,
scaling,scaling,gemma-4-31b-it,openrouter/google/gemma-4-31b-it,default,PB-Basic-013,pre-IMO,0,pre-competition,False,1,9,9,1.5556,2.9102,0.2222,2.3333,3.2998,2.3333,3.2998
scaling,scaling,gemma-4-31b-it,openrouter/google/gemma-4-31b-it,default,PB-Basic-013,pre-IMO,0,pre-competition,False,3,9,84,4.0833,3.451,0.5833,7.0,0.0,7.0,0.0
scaling,scaling,gemma-4-31b-it,openrouter/google/gemma-4-31b-it,default,PB-Basic-013,pre-IMO,0,pre-competition,False,5,9,126,5.8333,2.6087,0.8333,,,,
scaling,scaling,gemma-4-31b-it,openrouter/google/gemma-4-31b-it,default,PB-Basic-013,pre-IMO,0,pre-competition,False,7,9,36,6.8056,1.1503,0.9722,,,,
scaling,scaling,gemma-4-31b-it,openrouter/google/gemma-4-31b-it,default,PB-Basic-013,pre-IMO,0,pre-competition,False,9,9,1,7.0,0.0,1.0,,,,
scaling,scaling,gemma-4-31b-it,openrouter/google/gemma-4-31b-it,default,PB-Basic-014,pre-IMO,0,pre-competition,False,1,9,9,4.4444,3.1662,0.6667,6.3333,0.4714,7,0.0
scaling,scaling,gemma-4-31b-it,openrouter/google/gemma-4-31b-it,default,PB-Basic-014,pre-IMO,0,pre-competition,False,3,9,84,6.8095,0.8088,0.9881,7.0,0.0,7.0,0.0
scaling,scaling,gemma-4-31b-it,openrouter/google/gemma-4-31b-it,default,PB-Basic-014,pre-IMO,0,pre-competition,False,5,9,126,6.9921,0.0887,1.0,,,,
scaling,scaling,gemma-4-31b-it,openrouter/google/gemma-4-31b-it,default,PB-Basic-014,pre-IMO,0,pre-competition,False,7,9,36,7,0.0,1.0,,,,
scaling,scaling,gemma-4-31b-it,openrouter/google/gemma-4-31b-it,default,PB-Basic-014,pre-IMO,0,pre-competition,False,9,9,1,7.0,0.0,1.0,,,,
scaling,scaling,gemma-4-31b-it,openrouter/google/gemma-4-31b-it,default,PB-Basic-015,pre-IMO,0,pre-competition,False,1,9,9,3.5556,3.0952,0.4444,2.6667,2.357,7,0.0
scaling,scaling,gemma-4-31b-it,openrouter/google/gemma-4-31b-it,default,PB-Basic-015,pre-IMO,0,pre-competition,False,3,9,84,6.2857,1.9431,0.881,6.0,0.0,7.0,0.0
scaling,scaling,gemma-4-31b-it,openrouter/google/gemma-4-31b-it,default,PB-Basic-015,pre-IMO,0,pre-competition,False,5,9,126,6.9524,0.5324,0.9921,,,,
scaling,scaling,gemma-4-31b-it,openrouter/google/gemma-4-31b-it,default,PB-Basic-015,pre-IMO,0,pre-competition,False,7,9,36,7,0.0,1.0,,,,
scaling,scaling,gemma-4-31b-it,openrouter/google/gemma-4-31b-it,default,PB-Basic-015,pre-IMO,0,pre-competition,False,9,9,1,7.0,0.0,1.0,,,,
scaling,scaling,gemma-4-31b-it,openrouter/google/gemma-4-31b-it,default,PB-Basic-016,pre-IMO,0,pre-competition,False,1,9,9,5.2222,2.8197,0.7778,6.6667,0.4714,7,0.0
scaling,scaling,gemma-4-31b-it,openrouter/google/gemma-4-31b-it,default,PB-Basic-016,pre-IMO,0,pre-competition,False,3,9,84,6.9524,0.213,1.0,7.0,0.0,7.0,0.0
scaling,scaling,gemma-4-31b-it,openrouter/google/gemma-4-31b-it,default,PB-Basic-016,pre-IMO,0,pre-competition,False,5,9,126,7,0.0,1.0,,,,
scaling,scaling,gemma-4-31b-it,openrouter/google/gemma-4-31b-it,default,PB-Basic-016,pre-IMO,0,pre-competition,False,7,9,36,7,0.0,1.0,,,,
scaling,scaling,gemma-4-31b-it,openrouter/google/gemma-4-31b-it,default,PB-Basic-016,pre-IMO,0,pre-competition,False,9,9,1,7.0,0.0,1.0,,,,
scaling,scaling,gemma-4-31b-it,openrouter/google/gemma-4-31b-it,default,PB-Basic-017,pre-IMO,0,pre-competition,False,1,9,9,0.7778,2.1999,0.1111,2.3333,3.2998,7,0.0
scaling,scaling,gemma-4-31b-it,openrouter/google/gemma-4-31b-it,default,PB-Basic-017,pre-IMO,0,pre-competition,False,3,9,84,2.3333,3.2998,0.3333,7.0,0.0,7.0,0.0
scaling,scaling,gemma-4-31b-it,openrouter/google/gemma-4-31b-it,default,PB-Basic-017,pre-IMO,0,pre-competition,False,5,9,126,3.8889,3.4783,0.5556,,,,
scaling,scaling,gemma-4-31b-it,openrouter/google/gemma-4-31b-it,default,PB-Basic-017,pre-IMO,0,pre-competition,False,7,9,36,5.4444,2.9102,0.7778,,,,
scaling,scaling,gemma-4-31b-it,openrouter/google/gemma-4-31b-it,default,PB-Basic-017,pre-IMO,0,pre-competition,False,9,9,1,7.0,0.0,1.0,,,,
scaling,scaling,gemma-4-31b-it,openrouter/google/gemma-4-31b-it,default,PB-Basic-018,pre-IMO,0,pre-competition,False,1,9,9,0,0.0,0.0,0.3333,0.4714,4.6667,3.2998
scaling,scaling,gemma-4-31b-it,openrouter/google/gemma-4-31b-it,default,PB-Basic-018,pre-IMO,0,pre-competition,False,3,9,84,0,0.0,0.0,1.0,0.0,7.0,0.0
scaling,scaling,gemma-4-31b-it,openrouter/google/gemma-4-31b-it,default,PB-Basic-018,pre-IMO,0,pre-competition,False,5,9,126,0,0.0,0.0,,,,
scaling,scaling,gemma-4-31b-it,openrouter/google/gemma-4-31b-it,default,PB-Basic-018,pre-IMO,0,pre-competition,False,7,9,36,0,0.0,0.0,,,,
scaling,scaling,gemma-4-31b-it,openrouter/google/gemma-4-31b-it,default,PB-Basic-018,pre-IMO,0,pre-competition,False,9,9,1,0.0,0.0,0.0,,,,
scaling,scaling,gemma-4-31b-it,openrouter/google/gemma-4-31b-it,default,PB-Basic-019,IMO-easy,1,competition-hard,False,1,9,9,3.1111,3.4783,0.4444,4.6667,3.2998,7,0.0
scaling,scaling,gemma-4-31b-it,openrouter/google/gemma-4-31b-it,default,PB-Basic-019,IMO-easy,1,competition-hard,False,3,9,84,6.1667,2.2669,0.881,7.0,0.0,7.0,0.0
scaling,scaling,gemma-4-31b-it,openrouter/google/gemma-4-31b-it,default,PB-Basic-019,IMO-easy,1,competition-hard,False,5,9,126,6.9444,0.6211,0.9921,,,,
scaling,scaling,gemma-4-31b-it,openrouter/google/gemma-4-31b-it,default,PB-Basic-019,IMO-easy,1,competition-hard,False,7,9,36,7,0.0,1.0,,,,
scaling,scaling,gemma-4-31b-it,openrouter/google/gemma-4-31b-it,default,PB-Basic-019,IMO-easy,1,competition-hard,False,9,9,1,7.0,0.0,1.0,,,,
scaling,scaling,gemma-4-31b-it,openrouter/google/gemma-4-31b-it,default,PB-Basic-020,IMO-easy,1,competition-hard,False,1,9,9,1.6667,2.6247,0.2222,2.3333,2.6247,6.6667,0.4714
scaling,scaling,gemma-4-31b-it,openrouter/google/gemma-4-31b-it,default,PB-Basic-020,IMO-easy,1,competition-hard,False,3,9,84,4.131,2.9268,0.5833,6.0,0.0,7.0,0.0
scaling,scaling,gemma-4-31b-it,openrouter/google/gemma-4-31b-it,default,PB-Basic-020,IMO-easy,1,competition-hard,False,5,9,126,5.7143,2.1744,0.8333,,,,
scaling,scaling,gemma-4-31b-it,openrouter/google/gemma-4-31b-it,default,PB-Basic-020,IMO-easy,1,competition-hard,False,7,9,36,6.6389,1.0315,0.9722,,,,
scaling,scaling,gemma-4-31b-it,openrouter/google/gemma-4-31b-it,default,PB-Basic-020,IMO-easy,1,competition-hard,False,9,9,1,7.0,0.0,1.0,,,,
scaling,scaling,gemma-4-31b-it,openrouter/google/gemma-4-31b-it,default,PB-Basic-021,IMO-easy,1,competition-hard,False,1,9,9,0.7778,2.1999,0.1111,2.3333,3.2998,2.3333,3.2998
scaling,scaling,gemma-4-31b-it,openrouter/google/gemma-4-31b-it,default,PB-Basic-021,IMO-easy,1,competition-hard,False,3,9,84,2.3333,3.2998,0.3333,7.0,0.0,7.0,0.0
scaling,scaling,gemma-4-31b-it,openrouter/google/gemma-4-31b-it,default,PB-Basic-021,IMO-easy,1,competition-hard,False,5,9,126,3.8889,3.4783,0.5556,,,,
scaling,scaling,gemma-4-31b-it,openrouter/google/gemma-4-31b-it,default,PB-Basic-021,IMO-easy,1,competition-hard,False,7,9,36,5.4444,2.9102,0.7778,,,,
scaling,scaling,gemma-4-31b-it,openrouter/google/gemma-4-31b-it,default,PB-Basic-021,IMO-easy,1,competition-hard,False,9,9,1,7.0,0.0,1.0,,,,
scaling,scaling,gemma-4-31b-it,openrouter/google/gemma-4-31b-it,default,PB-Basic-022,IMO-easy,1,competition-hard,False,1,9,9,0,0.0,0.0,0,0.0,2.3333,2.6247
scaling,scaling,gemma-4-31b-it,openrouter/google/gemma-4-31b-it,default,PB-Basic-022,IMO-easy,1,competition-hard,False,3,9,84,0,0.0,0.0,0.0,0.0,6.0,0.0
scaling,scaling,gemma-4-31b-it,openrouter/google/gemma-4-31b-it,default,PB-Basic-022,IMO-easy,1,competition-hard,False,5,9,126,0,0.0,0.0,,,,
scaling,scaling,gemma-4-31b-it,openrouter/google/gemma-4-31b-it,default,PB-Basic-022,IMO-easy,1,competition-hard,False,7,9,36,0,0.0,0.0,,,,
scaling,scaling,gemma-4-31b-it,openrouter/google/gemma-4-31b-it,default,PB-Basic-022,IMO-easy,1,competition-hard,False,9,9,1,0.0,0.0,0.0,,,,
scaling,scaling,gemma-4-31b-it,openrouter/google/gemma-4-31b-it,default,PB-Basic-023,IMO-medium,1,competition-hard,False,1,9,9,0.2222,0.4157,0.0,0.6667,0.4714,5,2.8284
scaling,scaling,gemma-4-31b-it,openrouter/google/gemma-4-31b-it,default,PB-Basic-023,IMO-medium,1,competition-hard,False,3,9,84,0.5833,0.493,0.0,1.0,0.0,7.0,0.0
scaling,scaling,gemma-4-31b-it,openrouter/google/gemma-4-31b-it,default,PB-Basic-023,IMO-medium,1,competition-hard,False,5,9,126,0.8333,0.3727,0.0,,,,
scaling,scaling,gemma-4-31b-it,openrouter/google/gemma-4-31b-it,default,PB-Basic-023,IMO-medium,1,competition-hard,False,7,9,36,0.9722,0.1643,0.0,,,,
scaling,scaling,gemma-4-31b-it,openrouter/google/gemma-4-31b-it,default,PB-Basic-023,IMO-medium,1,competition-hard,False,9,9,1,1.0,0.0,0.0,,,,
scaling,scaling,gemma-4-31b-it,openrouter/google/gemma-4-31b-it,default,PB-Basic-024,IMO-medium,1,competition-hard,False,1,9,9,0,0.0,0.0,0,0.0,2,2.8284
scaling,scaling,gemma-4-31b-it,openrouter/google/gemma-4-31b-it,default,PB-Basic-024,IMO-medium,1,competition-hard,False,3,9,84,0,0.0,0.0,0.0,0.0,6.0,0.0
scaling,scaling,gemma-4-31b-it,openrouter/google/gemma-4-31b-it,default,PB-Basic-024,IMO-medium,1,competition-hard,False,5,9,126,0,0.0,0.0,,,,
scaling,scaling,gemma-4-31b-it,openrouter/google/gemma-4-31b-it,default,PB-Basic-024,IMO-medium,1,competition-hard,False,7,9,36,0,0.0,0.0,,,,
scaling,scaling,gemma-4-31b-it,openrouter/google/gemma-4-31b-it,default,PB-Basic-024,IMO-medium,1,competition-hard,False,9,9,1,0.0,0.0,0.0,,,,
scaling,scaling,gemma-4-31b-it,openrouter/google/gemma-4-31b-it,default,PB-Basic-025,IMO-easy,1,competition-hard,False,1,9,9,0,0.0,0.0,0,0.0,6.6667,0.4714
scaling,scaling,gemma-4-31b-it,openrouter/google/gemma-4-31b-it,default,PB-Basic-025,IMO-easy,1,competition-hard,False,3,9,84,0,0.0,0.0,0.0,0.0,7.0,0.0
scaling,scaling,gemma-4-31b-it,openrouter/google/gemma-4-31b-it,default,PB-Basic-025,IMO-easy,1,competition-hard,False,5,9,126,0,0.0,0.0,,,,
scaling,scaling,gemma-4-31b-it,openrouter/google/gemma-4-31b-it,default,PB-Basic-025,IMO-easy,1,competition-hard,False,7,9,36,0,0.0,0.0,,,,
scaling,scaling,gemma-4-31b-it,openrouter/google/gemma-4-31b-it,default,PB-Basic-025,IMO-easy,1,competition-hard,False,9,9,1,0.0,0.0,0.0,,,,
scaling,scaling,gemma-4-31b-it,openrouter/google/gemma-4-31b-it,default,PB-Basic-026,IMO-medium,1,competition-hard,False,1,9,9,0,0.0,0.0,0,0.0,0.3333,0.4714
scaling,scaling,gemma-4-31b-it,openrouter/google/gemma-4-31b-it,default,PB-Basic-026,IMO-medium,1,competition-hard,False,3,9,84,0,0.0,0.0,0.0,0.0,1.0,0.0
scaling,scaling,gemma-4-31b-it,openrouter/google/gemma-4-31b-it,default,PB-Basic-026,IMO-medium,1,competition-hard,False,5,9,126,0,0.0,0.0,,,,
scaling,scaling,gemma-4-31b-it,openrouter/google/gemma-4-31b-it,default,PB-Basic-026,IMO-medium,1,competition-hard,False,7,9,36,0,0.0,0.0,,,,
scaling,scaling,gemma-4-31b-it,openrouter/google/gemma-4-31b-it,default,PB-Basic-026,IMO-medium,1,competition-hard,False,9,9,1,0.0,0.0,0.0,,,,
scaling,scaling,gemma-4-31b-it,openrouter/google/gemma-4-31b-it,default,PB-Basic-027,IMO-easy,1,competition-hard,False,1,9,9,2.3333,3.2998,0.3333,2.3333,3.2998,4.6667,3.2998
scaling,scaling,gemma-4-31b-it,openrouter/google/gemma-4-31b-it,default,PB-Basic-027,IMO-easy,1,competition-hard,False,3,9,84,5.3333,2.9814,0.7619,7.0,0.0,7.0,0.0
scaling,scaling,gemma-4-31b-it,openrouter/google/gemma-4-31b-it,default,PB-Basic-027,IMO-easy,1,competition-hard,False,5,9,126,6.6667,1.4907,0.9524,,,,
scaling,scaling,gemma-4-31b-it,openrouter/google/gemma-4-31b-it,default,PB-Basic-027,IMO-easy,1,competition-hard,False,7,9,36,7,0.0,1.0,,,,
scaling,scaling,gemma-4-31b-it,openrouter/google/gemma-4-31b-it,default,PB-Basic-027,IMO-easy,1,competition-hard,False,9,9,1,7.0,0.0,1.0,,,,
scaling,scaling,gemma-4-31b-it,openrouter/google/gemma-4-31b-it,default,PB-Basic-028,IMO-medium,1,competition-hard,False,1,9,9,0,0.0,0.0,0,0.0,0,0.0
scaling,scaling,gemma-4-31b-it,openrouter/google/gemma-4-31b-it,default,PB-Basic-028,IMO-medium,1,competition-hard,False,3,9,84,0,0.0,0.0,0.0,0.0,0.0,0.0
scaling,scaling,gemma-4-31b-it,openrouter/google/gemma-4-31b-it,default,PB-Basic-028,IMO-medium,1,competition-hard,False,5,9,126,0,0.0,0.0,,,,
scaling,scaling,gemma-4-31b-it,openrouter/google/gemma-4-31b-it,default,PB-Basic-028,IMO-medium,1,competition-hard,False,7,9,36,0,0.0,0.0,,,,
scaling,scaling,gemma-4-31b-it,openrouter/google/gemma-4-31b-it,default,PB-Basic-028,IMO-medium,1,competition-hard,False,9,9,1,0.0,0.0,0.0,,,,
scaling,scaling,gemma-4-31b-it,openrouter/google/gemma-4-31b-it,default,PB-Basic-029,IMO-medium,1,competition-hard,False,1,9,9,0,0.0,0.0,0,0.0,0,0.0
scaling,scaling,gemma-4-31b-it,openrouter/google/gemma-4-31b-it,default,PB-Basic-029,IMO-medium,1,competition-hard,False,3,9,84,0,0.0,0.0,0.0,0.0,0.0,0.0
scaling,scaling,gemma-4-31b-it,openrouter/google/gemma-4-31b-it,default,PB-Basic-029,IMO-medium,1,competition-hard,False,5,9,126,0,0.0,0.0,,,,
scaling,scaling,gemma-4-31b-it,openrouter/google/gemma-4-31b-it,default,PB-Basic-029,IMO-medium,1,competition-hard,False,7,9,36,0,0.0,0.0,,,,
scaling,scaling,gemma-4-31b-it,openrouter/google/gemma-4-31b-it,default,PB-Basic-029,IMO-medium,1,competition-hard,False,9,9,1,0.0,0.0,0.0,,,,
scaling,scaling,gemma-4-31b-it,openrouter/google/gemma-4-31b-it,default,PB-Basic-030,IMO-easy,1,competition-hard,False,1,9,9,0,0.0,0.0,0,0.0,0,0.0
scaling,scaling,gemma-4-31b-it,openrouter/google/gemma-4-31b-it,default,PB-Basic-030,IMO-easy,1,competition-hard,False,3,9,84,0,0.0,0.0,0.0,0.0,0.0,0.0
scaling,scaling,gemma-4-31b-it,openrouter/google/gemma-4-31b-it,default,PB-Basic-030,IMO-easy,1,competition-hard,False,5,9,126,0,0.0,0.0,,,,
scaling,scaling,gemma-4-31b-it,openrouter/google/gemma-4-31b-it,default,PB-Basic-030,IMO-easy,1,competition-hard,False,7,9,36,0,0.0,0.0,,,,
scaling,scaling,gemma-4-31b-it,openrouter/google/gemma-4-31b-it,default,PB-Basic-030,IMO-easy,1,competition-hard,False,9,9,1,0.0,0.0,0.0,,,,
scaling,scaling,gemma-4-31b-it,openrouter/google/gemma-4-31b-it,default,erdos-1051,Minor Novelty,3,research-medium,True,1,9,9,0,0.0,0.0,0,0.0,7,0.0
scaling,scaling,gemma-4-31b-it,openrouter/google/gemma-4-31b-it,default,erdos-1051,Minor Novelty,3,research-medium,True,3,9,84,0,0.0,0.0,0.0,0.0,7.0,0.0
scaling,scaling,gemma-4-31b-it,openrouter/google/gemma-4-31b-it,default,erdos-1051,Minor Novelty,3,research-medium,True,5,9,126,0,0.0,0.0,,,,
scaling,scaling,gemma-4-31b-it,openrouter/google/gemma-4-31b-it,default,erdos-1051,Minor Novelty,3,research-medium,True,7,9,36,0,0.0,0.0,,,,
scaling,scaling,gemma-4-31b-it,openrouter/google/gemma-4-31b-it,default,erdos-1051,Minor Novelty,3,research-medium,True,9,9,1,0.0,0.0,0.0,,,,
scaling,scaling,gemma-4-31b-it,openrouter/google/gemma-4-31b-it,default,erdos-333,Literature Identification,2,research-easy,True,1,9,9,0,0.0,0.0,0,0.0,0,0.0
scaling,scaling,gemma-4-31b-it,openrouter/google/gemma-4-31b-it,default,erdos-333,Literature Identification,2,research-easy,True,3,9,84,0,0.0,0.0,0.0,0.0,0.0,0.0
scaling,scaling,gemma-4-31b-it,openrouter/google/gemma-4-31b-it,default,erdos-333,Literature Identification,2,research-easy,True,5,9,126,0,0.0,0.0,,,,
scaling,scaling,gemma-4-31b-it,openrouter/google/gemma-4-31b-it,default,erdos-333,Literature Identification,2,research-easy,True,7,9,36,0,0.0,0.0,,,,
scaling,scaling,gemma-4-31b-it,openrouter/google/gemma-4-31b-it,default,erdos-333,Literature Identification,2,research-easy,True,9,9,1,0.0,0.0,0.0,,,,
scaling,scaling,gemma-4-31b-it,openrouter/google/gemma-4-31b-it,default,erdos-397,Independent Rediscovery,1,competition-hard,True,1,9,9,0,0.0,0.0,0,0.0,0,0.0
scaling,scaling,gemma-4-31b-it,openrouter/google/gemma-4-31b-it,default,erdos-397,Independent Rediscovery,1,competition-hard,True,3,9,84,0,0.0,0.0,0.0,0.0,0.0,0.0
scaling,scaling,gemma-4-31b-it,openrouter/google/gemma-4-31b-it,default,erdos-397,Independent Rediscovery,1,competition-hard,True,5,9,126,0,0.0,0.0,,,,
scaling,scaling,gemma-4-31b-it,openrouter/google/gemma-4-31b-it,default,erdos-397,Independent Rediscovery,1,competition-hard,True,7,9,36,0,0.0,0.0,,,,
scaling,scaling,gemma-4-31b-it,openrouter/google/gemma-4-31b-it,default,erdos-397,Independent Rediscovery,1,competition-hard,True,9,9,1,0.0,0.0,0.0,,,,
scaling,scaling,gemma-4-31b-it,openrouter/google/gemma-4-31b-it,default,erdos-654,Negligible Novelty,2,research-easy,True,1,9,9,0,0.0,0.0,0,0.0,0,0.0
scaling,scaling,gemma-4-31b-it,openrouter/google/gemma-4-31b-it,default,erdos-654,Negligible Novelty,2,research-easy,True,3,9,84,0,0.0,0.0,0.0,0.0,0.0,0.0
scaling,scaling,gemma-4-31b-it,openrouter/google/gemma-4-31b-it,default,erdos-654,Negligible Novelty,2,research-easy,True,5,9,126,0,0.0,0.0,,,,
scaling,scaling,gemma-4-31b-it,openrouter/google/gemma-4-31b-it,default,erdos-654,Negligible Novelty,2,research-easy,True,7,9,36,0,0.0,0.0,,,,
scaling,scaling,gemma-4-31b-it,openrouter/google/gemma-4-31b-it,default,erdos-654,Negligible Novelty,2,research-easy,True,9,9,1,0.0,0.0,0.0,,,,
scaling,scaling,gemma-4-31b-it,openrouter/google/gemma-4-31b-it,default,erdos-659,Negligible Novelty,2,research-easy,True,1,9,9,0,0.0,0.0,0,0.0,0.3333,0.4714
scaling,scaling,gemma-4-31b-it,openrouter/google/gemma-4-31b-it,default,erdos-659,Negligible Novelty,2,research-easy,True,3,9,84,0,0.0,0.0,0.0,0.0,1.0,0.0
scaling,scaling,gemma-4-31b-it,openrouter/google/gemma-4-31b-it,default,erdos-659,Negligible Novelty,2,research-easy,True,5,9,126,0,0.0,0.0,,,,
scaling,scaling,gemma-4-31b-it,openrouter/google/gemma-4-31b-it,default,erdos-659,Negligible Novelty,2,research-easy,True,7,9,36,0,0.0,0.0,,,,
scaling,scaling,gemma-4-31b-it,openrouter/google/gemma-4-31b-it,default,erdos-659,Negligible Novelty,2,research-easy,True,9,9,1,0.0,0.0,0.0,,,,
scaling,scaling,gemma-4-31b-it,openrouter/google/gemma-4-31b-it,default,first-proof-10-official,1,2,research-easy,True,1,9,9,1.4444,2.4545,0.2222,2,2.8284,0.6667,0.4714
scaling,scaling,gemma-4-31b-it,openrouter/google/gemma-4-31b-it,default,first-proof-10-official,1,2,research-easy,True,3,9,84,3.6786,2.7653,0.5833,6.0,0.0,1.0,0.0
scaling,scaling,gemma-4-31b-it,openrouter/google/gemma-4-31b-it,default,first-proof-10-official,1,2,research-easy,True,5,9,126,5.119,1.9785,0.8333,,,,
scaling,scaling,gemma-4-31b-it,openrouter/google/gemma-4-31b-it,default,first-proof-10-official,1,2,research-easy,True,7,9,36,5.8611,0.8217,0.9722,,,,
scaling,scaling,gemma-4-31b-it,openrouter/google/gemma-4-31b-it,default,first-proof-10-official,1,2,research-easy,True,9,9,1,6.0,0.0,1.0,,,,
scaling,scaling,gemma-4-31b-it,openrouter/google/gemma-4-31b-it,default,first-proof-4-official,3,4,research-hard,True,1,9,9,0,0.0,0.0,0,0.0,0,0.0
scaling,scaling,gemma-4-31b-it,openrouter/google/gemma-4-31b-it,default,first-proof-4-official,3,4,research-hard,True,3,9,84,0,0.0,0.0,0.0,0.0,0.0,0.0
scaling,scaling,gemma-4-31b-it,openrouter/google/gemma-4-31b-it,default,first-proof-4-official,3,4,research-hard,True,5,9,126,0,0.0,0.0,,,,
scaling,scaling,gemma-4-31b-it,openrouter/google/gemma-4-31b-it,default,first-proof-4-official,3,4,research-hard,True,7,9,36,0,0.0,0.0,,,,
scaling,scaling,gemma-4-31b-it,openrouter/google/gemma-4-31b-it,default,first-proof-4-official,3,4,research-hard,True,9,9,1,0.0,0.0,0.0,,,,
scaling,scaling,gemma-4-31b-it,openrouter/google/gemma-4-31b-it,default,first-proof-5-official,2,3,research-medium,True,1,9,9,0,0.0,0.0,0,0.0,0,0.0
scaling,scaling,gemma-4-31b-it,openrouter/google/gemma-4-31b-it,default,first-proof-5-official,2,3,research-medium,True,3,9,84,0,0.0,0.0,0.0,0.0,0.0,0.0
scaling,scaling,gemma-4-31b-it,openrouter/google/gemma-4-31b-it,default,first-proof-5-official,2,3,research-medium,True,5,9,126,0,0.0,0.0,,,,
scaling,scaling,gemma-4-31b-it,openrouter/google/gemma-4-31b-it,default,first-proof-5-official,2,3,research-medium,True,7,9,36,0,0.0,0.0,,,,
scaling,scaling,gemma-4-31b-it,openrouter/google/gemma-4-31b-it,default,first-proof-5-official,2,3,research-medium,True,9,9,1,0.0,0.0,0.0,,,,
scaling,scaling,gemma-4-31b-it,openrouter/google/gemma-4-31b-it,default,first-proof-6-official,3,4,research-hard,True,1,9,9,0,0.0,0.0,0,0.0,0,0.0
scaling,scaling,gemma-4-31b-it,openrouter/google/gemma-4-31b-it,default,first-proof-6-official,3,4,research-hard,True,3,9,84,0,0.0,0.0,0.0,0.0,0.0,0.0
scaling,scaling,gemma-4-31b-it,openrouter/google/gemma-4-31b-it,default,first-proof-6-official,3,4,research-hard,True,5,9,126,0,0.0,0.0,,,,
scaling,scaling,gemma-4-31b-it,openrouter/google/gemma-4-31b-it,default,first-proof-6-official,3,4,research-hard,True,7,9,36,0,0.0,0.0,,,,
scaling,scaling,gemma-4-31b-it,openrouter/google/gemma-4-31b-it,default,first-proof-6-official,3,4,research-hard,True,9,9,1,0.0,0.0,0.0,,,,
scaling,scaling,gemma-4-31b-it,openrouter/google/gemma-4-31b-it,default,ramsey-hypergraphs,Moderately Interesting,5,research-frontier,True,1,9,9,0,0.0,0.0,0,0.0,0,0.0
scaling,scaling,gemma-4-31b-it,openrouter/google/gemma-4-31b-it,default,ramsey-hypergraphs,Moderately Interesting,5,research-frontier,True,3,9,84,0,0.0,0.0,0.0,0.0,0.0,0.0
scaling,scaling,gemma-4-31b-it,openrouter/google/gemma-4-31b-it,default,ramsey-hypergraphs,Moderately Interesting,5,research-frontier,True,5,9,126,0,0.0,0.0,,,,
scaling,scaling,gemma-4-31b-it,openrouter/google/gemma-4-31b-it,default,ramsey-hypergraphs,Moderately Interesting,5,research-frontier,True,7,9,36,0,0.0,0.0,,,,
scaling,scaling,gemma-4-31b-it,openrouter/google/gemma-4-31b-it,default,ramsey-hypergraphs,Moderately Interesting,5,research-frontier,True,9,9,1,0.0,0.0,0.0,,,,
scaling,scaling,gpt-oss-120b,openrouter/openai/gpt-oss-120b,default,PB-Advanced-001,IMO-easy,1,competition-hard,False,1,9,9,0.6667,1.8856,0.1111,0.1429,0.3499,6,2.4495
scaling,scaling,gpt-oss-120b,openrouter/openai/gpt-oss-120b,default,PB-Advanced-001,IMO-easy,1,competition-hard,False,3,9,84,2,2.8284,0.3333,0.4286,0.4949,7,0.0
scaling,scaling,gpt-oss-120b,openrouter/openai/gpt-oss-120b,default,PB-Advanced-001,IMO-easy,1,competition-hard,False,5,9,126,3.3333,2.9814,0.5556,0.7143,0.4518,7,0.0
scaling,scaling,gpt-oss-120b,openrouter/openai/gpt-oss-120b,default,PB-Advanced-001,IMO-easy,1,competition-hard,False,7,9,36,4.6667,2.4944,0.7778,1.0,0.0,7.0,0.0
scaling,scaling,gpt-oss-120b,openrouter/openai/gpt-oss-120b,default,PB-Advanced-001,IMO-easy,1,competition-hard,False,9,9,1,6.0,0.0,1.0,,,,
scaling,scaling,gpt-oss-120b,openrouter/openai/gpt-oss-120b,default,PB-Advanced-002,IMO-medium,1,competition-hard,False,1,9,9,0,0.0,0.0,0,0.0,0,0.0
scaling,scaling,gpt-oss-120b,openrouter/openai/gpt-oss-120b,default,PB-Advanced-002,IMO-medium,1,competition-hard,False,3,9,84,0,0.0,0.0,0,0.0,0,0.0
scaling,scaling,gpt-oss-120b,openrouter/openai/gpt-oss-120b,default,PB-Advanced-002,IMO-medium,1,competition-hard,False,5,9,126,0,0.0,0.0,0,0.0,0,0.0
scaling,scaling,gpt-oss-120b,openrouter/openai/gpt-oss-120b,default,PB-Advanced-002,IMO-medium,1,competition-hard,False,7,9,36,0,0.0,0.0,0.0,0.0,0.0,0.0
scaling,scaling,gpt-oss-120b,openrouter/openai/gpt-oss-120b,default,PB-Advanced-002,IMO-medium,1,competition-hard,False,9,9,1,0.0,0.0,0.0,,,,
scaling,scaling,gpt-oss-120b,openrouter/openai/gpt-oss-120b,default,PB-Advanced-003,IMO-hard,1,competition-hard,False,1,9,9,0,0.0,0.0,0,0.0,0,0.0
scaling,scaling,gpt-oss-120b,openrouter/openai/gpt-oss-120b,default,PB-Advanced-003,IMO-hard,1,competition-hard,False,3,9,84,0,0.0,0.0,0,0.0,0,0.0
scaling,scaling,gpt-oss-120b,openrouter/openai/gpt-oss-120b,default,PB-Advanced-003,IMO-hard,1,competition-hard,False,5,9,126,0,0.0,0.0,0,0.0,0,0.0
scaling,scaling,gpt-oss-120b,openrouter/openai/gpt-oss-120b,default,PB-Advanced-003,IMO-hard,1,competition-hard,False,7,9,36,0,0.0,0.0,0.0,0.0,0.0,0.0
scaling,scaling,gpt-oss-120b,openrouter/openai/gpt-oss-120b,default,PB-Advanced-003,IMO-hard,1,competition-hard,False,9,9,1,0.0,0.0,0.0,,,,
scaling,scaling,gpt-oss-120b,openrouter/openai/gpt-oss-120b,default,PB-Advanced-004,IMO-easy,1,competition-hard,False,1,9,9,0,0.0,0.0,0.1429,0.3499,4,3.2071
scaling,scaling,gpt-oss-120b,openrouter/openai/gpt-oss-120b,default,PB-Advanced-004,IMO-easy,1,competition-hard,False,3,9,84,0,0.0,0.0,0.4286,0.4949,6.7429,1.0238
scaling,scaling,gpt-oss-120b,openrouter/openai/gpt-oss-120b,default,PB-Advanced-004,IMO-easy,1,competition-hard,False,5,9,126,0,0.0,0.0,0.7143,0.4518,7,0.0
scaling,scaling,gpt-oss-120b,openrouter/openai/gpt-oss-120b,default,PB-Advanced-004,IMO-easy,1,competition-hard,False,7,9,36,0,0.0,0.0,1.0,0.0,7.0,0.0
scaling,scaling,gpt-oss-120b,openrouter/openai/gpt-oss-120b,default,PB-Advanced-004,IMO-easy,1,competition-hard,False,9,9,1,0.0,0.0,0.0,,,,
scaling,scaling,gpt-oss-120b,openrouter/openai/gpt-oss-120b,default,PB-Advanced-005,IMO-medium,1,competition-hard,False,1,9,9,0,0.0,0.0,0,0.0,0,0.0
scaling,scaling,gpt-oss-120b,openrouter/openai/gpt-oss-120b,default,PB-Advanced-005,IMO-medium,1,competition-hard,False,3,9,84,0,0.0,0.0,0,0.0,0,0.0
scaling,scaling,gpt-oss-120b,openrouter/openai/gpt-oss-120b,default,PB-Advanced-005,IMO-medium,1,competition-hard,False,5,9,126,0,0.0,0.0,0,0.0,0,0.0
scaling,scaling,gpt-oss-120b,openrouter/openai/gpt-oss-120b,default,PB-Advanced-005,IMO-medium,1,competition-hard,False,7,9,36,0,0.0,0.0,0.0,0.0,0.0,0.0
scaling,scaling,gpt-oss-120b,openrouter/openai/gpt-oss-120b,default,PB-Advanced-005,IMO-medium,1,competition-hard,False,9,9,1,0.0,0.0,0.0,,,,
scaling,scaling,gpt-oss-120b,openrouter/openai/gpt-oss-120b,default,PB-Advanced-006,IMO-hard,1,competition-hard,False,1,9,9,0,0.0,0.0,0,0.0,1.4286,1.9166
scaling,scaling,gpt-oss-120b,openrouter/openai/gpt-oss-120b,default,PB-Advanced-006,IMO-hard,1,competition-hard,False,3,9,84,0,0.0,0.0,0,0.0,3.1429,2.4744
scaling,scaling,gpt-oss-120b,openrouter/openai/gpt-oss-120b,default,PB-Advanced-006,IMO-hard,1,competition-hard,False,5,9,126,0,0.0,0.0,0,0.0,4.5714,2.2588
scaling,scaling,gpt-oss-120b,openrouter/openai/gpt-oss-120b,default,PB-Advanced-006,IMO-hard,1,competition-hard,False,7,9,36,0,0.0,0.0,0.0,0.0,6.0,0.0
scaling,scaling,gpt-oss-120b,openrouter/openai/gpt-oss-120b,default,PB-Advanced-006,IMO-hard,1,competition-hard,False,9,9,1,0.0,0.0,0.0,,,,
scaling,scaling,gpt-oss-120b,openrouter/openai/gpt-oss-120b,default,PB-Advanced-007,IMO-easy,1,competition-hard,False,1,9,9,0,0.0,0.0,0,0.0,0,0.0
scaling,scaling,gpt-oss-120b,openrouter/openai/gpt-oss-120b,default,PB-Advanced-007,IMO-easy,1,competition-hard,False,3,9,84,0,0.0,0.0,0,0.0,0,0.0
scaling,scaling,gpt-oss-120b,openrouter/openai/gpt-oss-120b,default,PB-Advanced-007,IMO-easy,1,competition-hard,False,5,9,126,0,0.0,0.0,0,0.0,0,0.0
scaling,scaling,gpt-oss-120b,openrouter/openai/gpt-oss-120b,default,PB-Advanced-007,IMO-easy,1,competition-hard,False,7,9,36,0,0.0,0.0,0.0,0.0,0.0,0.0
scaling,scaling,gpt-oss-120b,openrouter/openai/gpt-oss-120b,default,PB-Advanced-007,IMO-easy,1,competition-hard,False,9,9,1,0.0,0.0,0.0,,,,
scaling,scaling,gpt-oss-120b,openrouter/openai/gpt-oss-120b,default,PB-Advanced-008,IMO-medium,1,competition-hard,False,1,9,9,0,0.0,0.0,0,0.0,0,0.0
scaling,scaling,gpt-oss-120b,openrouter/openai/gpt-oss-120b,default,PB-Advanced-008,IMO-medium,1,competition-hard,False,3,9,84,0,0.0,0.0,0,0.0,0,0.0
scaling,scaling,gpt-oss-120b,openrouter/openai/gpt-oss-120b,default,PB-Advanced-008,IMO-medium,1,competition-hard,False,5,9,126,0,0.0,0.0,0,0.0,0,0.0
scaling,scaling,gpt-oss-120b,openrouter/openai/gpt-oss-120b,default,PB-Advanced-008,IMO-medium,1,competition-hard,False,7,9,36,0,0.0,0.0,0.0,0.0,0.0,0.0
scaling,scaling,gpt-oss-120b,openrouter/openai/gpt-oss-120b,default,PB-Advanced-008,IMO-medium,1,competition-hard,False,9,9,1,0.0,0.0,0.0,,,,
scaling,scaling,gpt-oss-120b,openrouter/openai/gpt-oss-120b,default,PB-Advanced-009,IMO-hard,1,competition-hard,False,1,9,9,0,0.0,0.0,0,0.0,0,0.0
scaling,scaling,gpt-oss-120b,openrouter/openai/gpt-oss-120b,default,PB-Advanced-009,IMO-hard,1,competition-hard,False,3,9,84,0,0.0,0.0,0,0.0,0,0.0
scaling,scaling,gpt-oss-120b,openrouter/openai/gpt-oss-120b,default,PB-Advanced-009,IMO-hard,1,competition-hard,False,5,9,126,0,0.0,0.0,0,0.0,0,0.0
scaling,scaling,gpt-oss-120b,openrouter/openai/gpt-oss-120b,default,PB-Advanced-009,IMO-hard,1,competition-hard,False,7,9,36,0,0.0,0.0,0.0,0.0,0.0,0.0
scaling,scaling,gpt-oss-120b,openrouter/openai/gpt-oss-120b,default,PB-Advanced-009,IMO-hard,1,competition-hard,False,9,9,1,0.0,0.0,0.0,,,,
scaling,scaling,gpt-oss-120b,openrouter/openai/gpt-oss-120b,default,PB-Advanced-010,IMO-medium,1,competition-hard,False,1,9,9,0,0.0,0.0,0,0.0,0,0.0
scaling,scaling,gpt-oss-120b,openrouter/openai/gpt-oss-120b,default,PB-Advanced-010,IMO-medium,1,competition-hard,False,3,9,84,0,0.0,0.0,0,0.0,0,0.0
scaling,scaling,gpt-oss-120b,openrouter/openai/gpt-oss-120b,default,PB-Advanced-010,IMO-medium,1,competition-hard,False,5,9,126,0,0.0,0.0,0,0.0,0,0.0
scaling,scaling,gpt-oss-120b,openrouter/openai/gpt-oss-120b,default,PB-Advanced-010,IMO-medium,1,competition-hard,False,7,9,36,0,0.0,0.0,0.0,0.0,0.0,0.0
scaling,scaling,gpt-oss-120b,openrouter/openai/gpt-oss-120b,default,PB-Advanced-010,IMO-medium,1,competition-hard,False,9,9,1,0.0,0.0,0.0,,,,
scaling,scaling,gpt-oss-120b,openrouter/openai/gpt-oss-120b,default,PB-Advanced-011,IMO-medium,1,competition-hard,False,1,9,9,0,0.0,0.0,0,0.0,3.8571,3.3564
scaling,scaling,gpt-oss-120b,openrouter/openai/gpt-oss-120b,default,PB-Advanced-011,IMO-medium,1,competition-hard,False,3,9,84,0,0.0,0.0,0,0.0,6.7143,1.1849
scaling,scaling,gpt-oss-120b,openrouter/openai/gpt-oss-120b,default,PB-Advanced-011,IMO-medium,1,competition-hard,False,5,9,126,0,0.0,0.0,0,0.0,7,0.0
scaling,scaling,gpt-oss-120b,openrouter/openai/gpt-oss-120b,default,PB-Advanced-011,IMO-medium,1,competition-hard,False,7,9,36,0,0.0,0.0,0.0,0.0,7.0,0.0
scaling,scaling,gpt-oss-120b,openrouter/openai/gpt-oss-120b,default,PB-Advanced-011,IMO-medium,1,competition-hard,False,9,9,1,0.0,0.0,0.0,,,,
scaling,scaling,gpt-oss-120b,openrouter/openai/gpt-oss-120b,default,PB-Advanced-012,IMO-hard,1,competition-hard,False,1,9,9,0,0.0,0.0,0,0.0,0.2857,0.4518
scaling,scaling,gpt-oss-120b,openrouter/openai/gpt-oss-120b,default,PB-Advanced-012,IMO-hard,1,competition-hard,False,3,9,84,0,0.0,0.0,0,0.0,0.7143,0.4518
scaling,scaling,gpt-oss-120b,openrouter/openai/gpt-oss-120b,default,PB-Advanced-012,IMO-hard,1,competition-hard,False,5,9,126,0,0.0,0.0,0,0.0,0.9524,0.213
scaling,scaling,gpt-oss-120b,openrouter/openai/gpt-oss-120b,default,PB-Advanced-012,IMO-hard,1,competition-hard,False,7,9,36,0,0.0,0.0,0.0,0.0,1.0,0.0
scaling,scaling,gpt-oss-120b,openrouter/openai/gpt-oss-120b,default,PB-Advanced-012,IMO-hard,1,competition-hard,False,9,9,1,0.0,0.0,0.0,,,,
scaling,scaling,gpt-oss-120b,openrouter/openai/gpt-oss-120b,default,PB-Advanced-013,IMO-easy,1,competition-hard,False,1,9,9,0,0.0,0.0,0,0.0,0,0.0
scaling,scaling,gpt-oss-120b,openrouter/openai/gpt-oss-120b,default,PB-Advanced-013,IMO-easy,1,competition-hard,False,3,9,84,0,0.0,0.0,0,0.0,0,0.0
scaling,scaling,gpt-oss-120b,openrouter/openai/gpt-oss-120b,default,PB-Advanced-013,IMO-easy,1,competition-hard,False,5,9,126,0,0.0,0.0,0,0.0,0,0.0
scaling,scaling,gpt-oss-120b,openrouter/openai/gpt-oss-120b,default,PB-Advanced-013,IMO-easy,1,competition-hard,False,7,9,36,0,0.0,0.0,0.0,0.0,0.0,0.0
scaling,scaling,gpt-oss-120b,openrouter/openai/gpt-oss-120b,default,PB-Advanced-013,IMO-easy,1,competition-hard,False,9,9,1,0.0,0.0,0.0,,,,
scaling,scaling,gpt-oss-120b,openrouter/openai/gpt-oss-120b,default,PB-Advanced-014,IMO-medium,1,competition-hard,False,1,9,9,0,0.0,0.0,0,0.0,0,0.0
scaling,scaling,gpt-oss-120b,openrouter/openai/gpt-oss-120b,default,PB-Advanced-014,IMO-medium,1,competition-hard,False,3,9,84,0,0.0,0.0,0,0.0,0,0.0
scaling,scaling,gpt-oss-120b,openrouter/openai/gpt-oss-120b,default,PB-Advanced-014,IMO-medium,1,competition-hard,False,5,9,126,0,0.0,0.0,0,0.0,0,0.0
scaling,scaling,gpt-oss-120b,openrouter/openai/gpt-oss-120b,default,PB-Advanced-014,IMO-medium,1,competition-hard,False,7,9,36,0,0.0,0.0,0.0,0.0,0.0,0.0
scaling,scaling,gpt-oss-120b,openrouter/openai/gpt-oss-120b,default,PB-Advanced-014,IMO-medium,1,competition-hard,False,9,9,1,0.0,0.0,0.0,,,,
scaling,scaling,gpt-oss-120b,openrouter/openai/gpt-oss-120b,default,PB-Advanced-015,IMO-hard,1,competition-hard,False,1,9,9,0,0.0,0.0,0,0.0,0,0.0
scaling,scaling,gpt-oss-120b,openrouter/openai/gpt-oss-120b,default,PB-Advanced-015,IMO-hard,1,competition-hard,False,3,9,84,0,0.0,0.0,0,0.0,0,0.0
scaling,scaling,gpt-oss-120b,openrouter/openai/gpt-oss-120b,default,PB-Advanced-015,IMO-hard,1,competition-hard,False,5,9,126,0,0.0,0.0,0,0.0,0,0.0
scaling,scaling,gpt-oss-120b,openrouter/openai/gpt-oss-120b,default,PB-Advanced-015,IMO-hard,1,competition-hard,False,7,9,36,0,0.0,0.0,0.0,0.0,0.0,0.0
scaling,scaling,gpt-oss-120b,openrouter/openai/gpt-oss-120b,default,PB-Advanced-015,IMO-hard,1,competition-hard,False,9,9,1,0.0,0.0,0.0,,,,
scaling,scaling,gpt-oss-120b,openrouter/openai/gpt-oss-120b,default,PB-Advanced-016,IMO-easy,1,competition-hard,False,1,9,9,0,0.0,0.0,0,0.0,0,0.0
scaling,scaling,gpt-oss-120b,openrouter/openai/gpt-oss-120b,default,PB-Advanced-016,IMO-easy,1,competition-hard,False,3,9,84,0,0.0,0.0,0,0.0,0,0.0
scaling,scaling,gpt-oss-120b,openrouter/openai/gpt-oss-120b,default,PB-Advanced-016,IMO-easy,1,competition-hard,False,5,9,126,0,0.0,0.0,0,0.0,0,0.0
scaling,scaling,gpt-oss-120b,openrouter/openai/gpt-oss-120b,default,PB-Advanced-016,IMO-easy,1,competition-hard,False,7,9,36,0,0.0,0.0,0.0,0.0,0.0,0.0
scaling,scaling,gpt-oss-120b,openrouter/openai/gpt-oss-120b,default,PB-Advanced-016,IMO-easy,1,competition-hard,False,9,9,1,0.0,0.0,0.0,,,,
scaling,scaling,gpt-oss-120b,openrouter/openai/gpt-oss-120b,default,PB-Advanced-017,IMO-easy,1,competition-hard,False,1,9,9,0,0.0,0.0,0,0.0,5,2.8785
scaling,scaling,gpt-oss-120b,openrouter/openai/gpt-oss-120b,default,PB-Advanced-017,IMO-easy,1,competition-hard,False,3,9,84,0,0.0,0.0,0,0.0,6.9714,0.1666
scaling,scaling,gpt-oss-120b,openrouter/openai/gpt-oss-120b,default,PB-Advanced-017,IMO-easy,1,competition-hard,False,5,9,126,0,0.0,0.0,0,0.0,7,0.0
scaling,scaling,gpt-oss-120b,openrouter/openai/gpt-oss-120b,default,PB-Advanced-017,IMO-easy,1,competition-hard,False,7,9,36,0,0.0,0.0,0.0,0.0,7.0,0.0
scaling,scaling,gpt-oss-120b,openrouter/openai/gpt-oss-120b,default,PB-Advanced-017,IMO-easy,1,competition-hard,False,9,9,1,0.0,0.0,0.0,,,,
scaling,scaling,gpt-oss-120b,openrouter/openai/gpt-oss-120b,default,PB-Advanced-018,IMO-hard,1,competition-hard,False,1,9,9,0,0.0,0.0,0,0.0,0,0.0
scaling,scaling,gpt-oss-120b,openrouter/openai/gpt-oss-120b,default,PB-Advanced-018,IMO-hard,1,competition-hard,False,3,9,84,0,0.0,0.0,0,0.0,0,0.0
scaling,scaling,gpt-oss-120b,openrouter/openai/gpt-oss-120b,default,PB-Advanced-018,IMO-hard,1,competition-hard,False,5,9,126,0,0.0,0.0,0,0.0,0,0.0
scaling,scaling,gpt-oss-120b,openrouter/openai/gpt-oss-120b,default,PB-Advanced-018,IMO-hard,1,competition-hard,False,7,9,36,0,0.0,0.0,0.0,0.0,0.0,0.0
scaling,scaling,gpt-oss-120b,openrouter/openai/gpt-oss-120b,default,PB-Advanced-018,IMO-hard,1,competition-hard,False,9,9,1,0.0,0.0,0.0,,,,
scaling,scaling,gpt-oss-120b,openrouter/openai/gpt-oss-120b,default,PB-Advanced-019,IMO-easy,1,competition-hard,False,1,9,9,0.1111,0.3143,0.0,0.1429,0.3499,3.8571,2.7994
scaling,scaling,gpt-oss-120b,openrouter/openai/gpt-oss-120b,default,PB-Advanced-019,IMO-easy,1,competition-hard,False,3,9,84,0.3333,0.4714,0.0,0.4286,0.4949,6.2857,1.0302
scaling,scaling,gpt-oss-120b,openrouter/openai/gpt-oss-120b,default,PB-Advanced-019,IMO-easy,1,competition-hard,False,5,9,126,0.5556,0.4969,0.0,0.7143,0.4518,6.7143,0.4518
scaling,scaling,gpt-oss-120b,openrouter/openai/gpt-oss-120b,default,PB-Advanced-019,IMO-easy,1,competition-hard,False,7,9,36,0.7778,0.4157,0.0,1.0,0.0,7.0,0.0
scaling,scaling,gpt-oss-120b,openrouter/openai/gpt-oss-120b,default,PB-Advanced-019,IMO-easy,1,competition-hard,False,9,9,1,1.0,0.0,0.0,,,,
scaling,scaling,gpt-oss-120b,openrouter/openai/gpt-oss-120b,default,PB-Advanced-020,IMO-medium,1,competition-hard,False,1,9,9,0,0.0,0.0,0,0.0,0,0.0
scaling,scaling,gpt-oss-120b,openrouter/openai/gpt-oss-120b,default,PB-Advanced-020,IMO-medium,1,competition-hard,False,3,9,84,0,0.0,0.0,0,0.0,0,0.0
scaling,scaling,gpt-oss-120b,openrouter/openai/gpt-oss-120b,default,PB-Advanced-020,IMO-medium,1,competition-hard,False,5,9,126,0,0.0,0.0,0,0.0,0,0.0
scaling,scaling,gpt-oss-120b,openrouter/openai/gpt-oss-120b,default,PB-Advanced-020,IMO-medium,1,competition-hard,False,7,9,36,0,0.0,0.0,0.0,0.0,0.0,0.0
scaling,scaling,gpt-oss-120b,openrouter/openai/gpt-oss-120b,default,PB-Advanced-020,IMO-medium,1,competition-hard,False,9,9,1,0.0,0.0,0.0,,,,
scaling,scaling,gpt-oss-120b,openrouter/openai/gpt-oss-120b,default,PB-Advanced-021,IMO-hard,1,competition-hard,False,1,9,9,0,0.0,0.0,0,0.0,0,0.0
scaling,scaling,gpt-oss-120b,openrouter/openai/gpt-oss-120b,default,PB-Advanced-021,IMO-hard,1,competition-hard,False,3,9,84,0,0.0,0.0,0,0.0,0,0.0
scaling,scaling,gpt-oss-120b,openrouter/openai/gpt-oss-120b,default,PB-Advanced-021,IMO-hard,1,competition-hard,False,5,9,126,0,0.0,0.0,0,0.0,0,0.0
scaling,scaling,gpt-oss-120b,openrouter/openai/gpt-oss-120b,default,PB-Advanced-021,IMO-hard,1,competition-hard,False,7,9,36,0,0.0,0.0,0.0,0.0,0.0,0.0
scaling,scaling,gpt-oss-120b,openrouter/openai/gpt-oss-120b,default,PB-Advanced-021,IMO-hard,1,competition-hard,False,9,9,1,0.0,0.0,0.0,,,,
scaling,scaling,gpt-oss-120b,openrouter/openai/gpt-oss-120b,default,PB-Advanced-022,IMO-easy,1,competition-hard,False,1,9,9,0,0.0,0.0,0,0.0,0,0.0
scaling,scaling,gpt-oss-120b,openrouter/openai/gpt-oss-120b,default,PB-Advanced-022,IMO-easy,1,competition-hard,False,3,9,84,0,0.0,0.0,0,0.0,0,0.0
scaling,scaling,gpt-oss-120b,openrouter/openai/gpt-oss-120b,default,PB-Advanced-022,IMO-easy,1,competition-hard,False,5,9,126,0,0.0,0.0,0,0.0,0,0.0
scaling,scaling,gpt-oss-120b,openrouter/openai/gpt-oss-120b,default,PB-Advanced-022,IMO-easy,1,competition-hard,False,7,9,36,0,0.0,0.0,0.0,0.0,0.0,0.0
scaling,scaling,gpt-oss-120b,openrouter/openai/gpt-oss-120b,default,PB-Advanced-022,IMO-easy,1,competition-hard,False,9,9,1,0.0,0.0,0.0,,,,
scaling,scaling,gpt-oss-120b,openrouter/openai/gpt-oss-120b,default,PB-Advanced-023,IMO-medium,1,competition-hard,False,1,9,9,0,0.0,0.0,0,0.0,0,0.0
scaling,scaling,gpt-oss-120b,openrouter/openai/gpt-oss-120b,default,PB-Advanced-023,IMO-medium,1,competition-hard,False,3,9,84,0,0.0,0.0,0,0.0,0,0.0
scaling,scaling,gpt-oss-120b,openrouter/openai/gpt-oss-120b,default,PB-Advanced-023,IMO-medium,1,competition-hard,False,5,9,126,0,0.0,0.0,0,0.0,0,0.0
scaling,scaling,gpt-oss-120b,openrouter/openai/gpt-oss-120b,default,PB-Advanced-023,IMO-medium,1,competition-hard,False,7,9,36,0,0.0,0.0,0.0,0.0,0.0,0.0
scaling,scaling,gpt-oss-120b,openrouter/openai/gpt-oss-120b,default,PB-Advanced-023,IMO-medium,1,competition-hard,False,9,9,1,0.0,0.0,0.0,,,,
scaling,scaling,gpt-oss-120b,openrouter/openai/gpt-oss-120b,default,PB-Advanced-024,IMO-hard,1,competition-hard,False,1,9,9,0,0.0,0.0,0,0.0,0,0.0
scaling,scaling,gpt-oss-120b,openrouter/openai/gpt-oss-120b,default,PB-Advanced-024,IMO-hard,1,competition-hard,False,3,9,84,0,0.0,0.0,0,0.0,0,0.0
scaling,scaling,gpt-oss-120b,openrouter/openai/gpt-oss-120b,default,PB-Advanced-024,IMO-hard,1,competition-hard,False,5,9,126,0,0.0,0.0,0,0.0,0,0.0
scaling,scaling,gpt-oss-120b,openrouter/openai/gpt-oss-120b,default,PB-Advanced-024,IMO-hard,1,competition-hard,False,7,9,36,0,0.0,0.0,0.0,0.0,0.0,0.0
scaling,scaling,gpt-oss-120b,openrouter/openai/gpt-oss-120b,default,PB-Advanced-024,IMO-hard,1,competition-hard,False,9,9,1,0.0,0.0,0.0,,,,
scaling,scaling,gpt-oss-120b,openrouter/openai/gpt-oss-120b,default,PB-Advanced-025,IMO-easy,1,competition-hard,False,1,9,9,0,0.0,0.0,0,0.0,2,3.1623
scaling,scaling,gpt-oss-120b,openrouter/openai/gpt-oss-120b,default,PB-Advanced-025,IMO-easy,1,competition-hard,False,3,9,84,0,0.0,0.0,0,0.0,5,3.1623
scaling,scaling,gpt-oss-120b,openrouter/openai/gpt-oss-120b,default,PB-Advanced-025,IMO-easy,1,competition-hard,False,5,9,126,0,0.0,0.0,0,0.0,6.6667,1.4907
scaling,scaling,gpt-oss-120b,openrouter/openai/gpt-oss-120b,default,PB-Advanced-025,IMO-easy,1,competition-hard,False,7,9,36,0,0.0,0.0,0.0,0.0,7.0,0.0
scaling,scaling,gpt-oss-120b,openrouter/openai/gpt-oss-120b,default,PB-Advanced-025,IMO-easy,1,competition-hard,False,9,9,1,0.0,0.0,0.0,,,,
scaling,scaling,gpt-oss-120b,openrouter/openai/gpt-oss-120b,default,PB-Advanced-026,IMO-medium,1,competition-hard,False,1,9,9,0,0.0,0.0,0.1429,0.3499,0,0.0
scaling,scaling,gpt-oss-120b,openrouter/openai/gpt-oss-120b,default,PB-Advanced-026,IMO-medium,1,competition-hard,False,3,9,84,0,0.0,0.0,0.4286,0.4949,0,0.0
scaling,scaling,gpt-oss-120b,openrouter/openai/gpt-oss-120b,default,PB-Advanced-026,IMO-medium,1,competition-hard,False,5,9,126,0,0.0,0.0,0.7143,0.4518,0,0.0
scaling,scaling,gpt-oss-120b,openrouter/openai/gpt-oss-120b,default,PB-Advanced-026,IMO-medium,1,competition-hard,False,7,9,36,0,0.0,0.0,1.0,0.0,0.0,0.0
scaling,scaling,gpt-oss-120b,openrouter/openai/gpt-oss-120b,default,PB-Advanced-026,IMO-medium,1,competition-hard,False,9,9,1,0.0,0.0,0.0,,,,
scaling,scaling,gpt-oss-120b,openrouter/openai/gpt-oss-120b,default,PB-Advanced-027,IMO-hard,1,competition-hard,False,1,9,9,0,0.0,0.0,0,0.0,0,0.0
scaling,scaling,gpt-oss-120b,openrouter/openai/gpt-oss-120b,default,PB-Advanced-027,IMO-hard,1,competition-hard,False,3,9,84,0,0.0,0.0,0,0.0,0,0.0
scaling,scaling,gpt-oss-120b,openrouter/openai/gpt-oss-120b,default,PB-Advanced-027,IMO-hard,1,competition-hard,False,5,9,126,0,0.0,0.0,0,0.0,0,0.0
scaling,scaling,gpt-oss-120b,openrouter/openai/gpt-oss-120b,default,PB-Advanced-027,IMO-hard,1,competition-hard,False,7,9,36,0,0.0,0.0,0.0,0.0,0.0,0.0
scaling,scaling,gpt-oss-120b,openrouter/openai/gpt-oss-120b,default,PB-Advanced-027,IMO-hard,1,competition-hard,False,9,9,1,0.0,0.0,0.0,,,,
scaling,scaling,gpt-oss-120b,openrouter/openai/gpt-oss-120b,default,PB-Advanced-028,IMO-easy,1,competition-hard,False,1,9,9,1.5556,2.9102,0.2222,2,3.1623,3.1429,3.3564
scaling,scaling,gpt-oss-120b,openrouter/openai/gpt-oss-120b,default,PB-Advanced-028,IMO-easy,1,competition-hard,False,3,9,84,4.0833,3.451,0.5833,5,3.1623,6.2857,1.9939
scaling,scaling,gpt-oss-120b,openrouter/openai/gpt-oss-120b,default,PB-Advanced-028,IMO-easy,1,competition-hard,False,5,9,126,5.8333,2.6087,0.8333,6.6667,1.4907,7,0.0
scaling,scaling,gpt-oss-120b,openrouter/openai/gpt-oss-120b,default,PB-Advanced-028,IMO-easy,1,competition-hard,False,7,9,36,6.8056,1.1503,0.9722,7.0,0.0,7.0,0.0
scaling,scaling,gpt-oss-120b,openrouter/openai/gpt-oss-120b,default,PB-Advanced-028,IMO-easy,1,competition-hard,False,9,9,1,7.0,0.0,1.0,,,,
scaling,scaling,gpt-oss-120b,openrouter/openai/gpt-oss-120b,default,PB-Advanced-029,IMO-medium,1,competition-hard,False,1,9,9,0,0.0,0.0,0.1429,0.3499,1.1429,2.4159
scaling,scaling,gpt-oss-120b,openrouter/openai/gpt-oss-120b,default,PB-Advanced-029,IMO-medium,1,competition-hard,False,3,9,84,0,0.0,0.0,0.4286,0.4949,3.2857,3.2388
scaling,scaling,gpt-oss-120b,openrouter/openai/gpt-oss-120b,default,PB-Advanced-029,IMO-medium,1,competition-hard,False,5,9,126,0,0.0,0.0,0.7143,0.4518,5.2381,2.7929
scaling,scaling,gpt-oss-120b,openrouter/openai/gpt-oss-120b,default,PB-Advanced-029,IMO-medium,1,competition-hard,False,7,9,36,0,0.0,0.0,1.0,0.0,7.0,0.0
scaling,scaling,gpt-oss-120b,openrouter/openai/gpt-oss-120b,default,PB-Advanced-029,IMO-medium,1,competition-hard,False,9,9,1,0.0,0.0,0.0,,,,
scaling,scaling,gpt-oss-120b,openrouter/openai/gpt-oss-120b,default,PB-Advanced-030,IMO-hard,1,competition-hard,False,1,9,9,0,0.0,0.0,0,0.0,0,0.0
scaling,scaling,gpt-oss-120b,openrouter/openai/gpt-oss-120b,default,PB-Advanced-030,IMO-hard,1,competition-hard,False,3,9,84,0,0.0,0.0,0,0.0,0,0.0
scaling,scaling,gpt-oss-120b,openrouter/openai/gpt-oss-120b,default,PB-Advanced-030,IMO-hard,1,competition-hard,False,5,9,126,0,0.0,0.0,0,0.0,0,0.0
scaling,scaling,gpt-oss-120b,openrouter/openai/gpt-oss-120b,default,PB-Advanced-030,IMO-hard,1,competition-hard,False,7,9,36,0,0.0,0.0,0.0,0.0,0.0,0.0
scaling,scaling,gpt-oss-120b,openrouter/openai/gpt-oss-120b,default,PB-Advanced-030,IMO-hard,1,competition-hard,False,9,9,1,0.0,0.0,0.0,,,,
scaling,scaling,gpt-oss-120b,openrouter/openai/gpt-oss-120b,default,PB-Basic-001,IMO-easy,1,competition-hard,False,1,9,9,6.8889,0.3143,1.0,7,0.0,7,0.0
scaling,scaling,gpt-oss-120b,openrouter/openai/gpt-oss-120b,default,PB-Basic-001,IMO-easy,1,competition-hard,False,3,9,84,7,0.0,1.0,7.0,0.0,7.0,0.0
scaling,scaling,gpt-oss-120b,openrouter/openai/gpt-oss-120b,default,PB-Basic-001,IMO-easy,1,competition-hard,False,5,9,126,7,0.0,1.0,,,,
scaling,scaling,gpt-oss-120b,openrouter/openai/gpt-oss-120b,default,PB-Basic-001,IMO-easy,1,competition-hard,False,7,9,36,7,0.0,1.0,,,,
scaling,scaling,gpt-oss-120b,openrouter/openai/gpt-oss-120b,default,PB-Basic-001,IMO-easy,1,competition-hard,False,9,9,1,7.0,0.0,1.0,,,,
scaling,scaling,gpt-oss-120b,openrouter/openai/gpt-oss-120b,default,PB-Basic-002,pre-IMO,0,pre-competition,False,1,9,9,2.3333,3.2998,0.3333,4.6667,3.2998,7,0.0
scaling,scaling,gpt-oss-120b,openrouter/openai/gpt-oss-120b,default,PB-Basic-002,pre-IMO,0,pre-competition,False,3,9,84,5.3333,2.9814,0.7619,7.0,0.0,7.0,0.0
scaling,scaling,gpt-oss-120b,openrouter/openai/gpt-oss-120b,default,PB-Basic-002,pre-IMO,0,pre-competition,False,5,9,126,6.6667,1.4907,0.9524,,,,
scaling,scaling,gpt-oss-120b,openrouter/openai/gpt-oss-120b,default,PB-Basic-002,pre-IMO,0,pre-competition,False,7,9,36,7,0.0,1.0,,,,
scaling,scaling,gpt-oss-120b,openrouter/openai/gpt-oss-120b,default,PB-Basic-002,pre-IMO,0,pre-competition,False,9,9,1,7.0,0.0,1.0,,,,
scaling,scaling,gpt-oss-120b,openrouter/openai/gpt-oss-120b,default,PB-Basic-003,IMO-easy,1,competition-hard,False,1,9,9,1.2222,2.0964,0.1111,0.6667,0.4714,5,2.8284
scaling,scaling,gpt-oss-120b,openrouter/openai/gpt-oss-120b,default,PB-Basic-003,IMO-easy,1,competition-hard,False,3,9,84,2.9524,2.8698,0.3333,1.0,0.0,7.0,0.0
scaling,scaling,gpt-oss-120b,openrouter/openai/gpt-oss-120b,default,PB-Basic-003,IMO-easy,1,competition-hard,False,5,9,126,4.3333,2.9814,0.5556,,,,
scaling,scaling,gpt-oss-120b,openrouter/openai/gpt-oss-120b,default,PB-Basic-003,IMO-easy,1,competition-hard,False,7,9,36,5.6667,2.4944,0.7778,,,,
scaling,scaling,gpt-oss-120b,openrouter/openai/gpt-oss-120b,default,PB-Basic-003,IMO-easy,1,competition-hard,False,9,9,1,7.0,0.0,1.0,,,,
scaling,scaling,gpt-oss-120b,openrouter/openai/gpt-oss-120b,default,PB-Basic-004,IMO-easy,1,competition-hard,False,1,9,9,0,0.0,0.0,0,0.0,4.6667,3.2998
scaling,scaling,gpt-oss-120b,openrouter/openai/gpt-oss-120b,default,PB-Basic-004,IMO-easy,1,competition-hard,False,3,9,84,0,0.0,0.0,0.0,0.0,7.0,0.0
scaling,scaling,gpt-oss-120b,openrouter/openai/gpt-oss-120b,default,PB-Basic-004,IMO-easy,1,competition-hard,False,5,9,126,0,0.0,0.0,,,,
scaling,scaling,gpt-oss-120b,openrouter/openai/gpt-oss-120b,default,PB-Basic-004,IMO-easy,1,competition-hard,False,7,9,36,0,0.0,0.0,,,,
scaling,scaling,gpt-oss-120b,openrouter/openai/gpt-oss-120b,default,PB-Basic-004,IMO-easy,1,competition-hard,False,9,9,1,0.0,0.0,0.0,,,,
scaling,scaling,gpt-oss-120b,openrouter/openai/gpt-oss-120b,default,PB-Basic-005,IMO-easy,1,competition-hard,False,1,9,9,0,0.0,0.0,0,0.0,0.3333,0.4714
scaling,scaling,gpt-oss-120b,openrouter/openai/gpt-oss-120b,default,PB-Basic-005,IMO-easy,1,competition-hard,False,3,9,84,0,0.0,0.0,0.0,0.0,1.0,0.0
scaling,scaling,gpt-oss-120b,openrouter/openai/gpt-oss-120b,default,PB-Basic-005,IMO-easy,1,competition-hard,False,5,9,126,0,0.0,0.0,,,,
scaling,scaling,gpt-oss-120b,openrouter/openai/gpt-oss-120b,default,PB-Basic-005,IMO-easy,1,competition-hard,False,7,9,36,0,0.0,0.0,,,,
scaling,scaling,gpt-oss-120b,openrouter/openai/gpt-oss-120b,default,PB-Basic-005,IMO-easy,1,competition-hard,False,9,9,1,0.0,0.0,0.0,,,,
scaling,scaling,gpt-oss-120b,openrouter/openai/gpt-oss-120b,default,PB-Basic-006,IMO-medium,1,competition-hard,False,1,9,9,0,0.0,0.0,0,0.0,0,0.0
scaling,scaling,gpt-oss-120b,openrouter/openai/gpt-oss-120b,default,PB-Basic-006,IMO-medium,1,competition-hard,False,3,9,84,0,0.0,0.0,0.0,0.0,0.0,0.0
scaling,scaling,gpt-oss-120b,openrouter/openai/gpt-oss-120b,default,PB-Basic-006,IMO-medium,1,competition-hard,False,5,9,126,0,0.0,0.0,,,,
scaling,scaling,gpt-oss-120b,openrouter/openai/gpt-oss-120b,default,PB-Basic-006,IMO-medium,1,competition-hard,False,7,9,36,0,0.0,0.0,,,,
scaling,scaling,gpt-oss-120b,openrouter/openai/gpt-oss-120b,default,PB-Basic-006,IMO-medium,1,competition-hard,False,9,9,1,0.0,0.0,0.0,,,,
scaling,scaling,gpt-oss-120b,openrouter/openai/gpt-oss-120b,default,PB-Basic-007,IMO-medium,1,competition-hard,False,1,9,9,0,0.0,0.0,0,0.0,4.3333,3.0912
scaling,scaling,gpt-oss-120b,openrouter/openai/gpt-oss-120b,default,PB-Basic-007,IMO-medium,1,competition-hard,False,3,9,84,0,0.0,0.0,0.0,0.0,7.0,0.0
scaling,scaling,gpt-oss-120b,openrouter/openai/gpt-oss-120b,default,PB-Basic-007,IMO-medium,1,competition-hard,False,5,9,126,0,0.0,0.0,,,,
scaling,scaling,gpt-oss-120b,openrouter/openai/gpt-oss-120b,default,PB-Basic-007,IMO-medium,1,competition-hard,False,7,9,36,0,0.0,0.0,,,,
scaling,scaling,gpt-oss-120b,openrouter/openai/gpt-oss-120b,default,PB-Basic-007,IMO-medium,1,competition-hard,False,9,9,1,0.0,0.0,0.0,,,,
scaling,scaling,gpt-oss-120b,openrouter/openai/gpt-oss-120b,default,PB-Basic-008,pre-IMO,0,pre-competition,False,1,9,9,0.1111,0.3143,0.0,0,0.0,7,0.0
scaling,scaling,gpt-oss-120b,openrouter/openai/gpt-oss-120b,default,PB-Basic-008,pre-IMO,0,pre-competition,False,3,9,84,0.3333,0.4714,0.0,0.0,0.0,7.0,0.0
scaling,scaling,gpt-oss-120b,openrouter/openai/gpt-oss-120b,default,PB-Basic-008,pre-IMO,0,pre-competition,False,5,9,126,0.5556,0.4969,0.0,,,,
scaling,scaling,gpt-oss-120b,openrouter/openai/gpt-oss-120b,default,PB-Basic-008,pre-IMO,0,pre-competition,False,7,9,36,0.7778,0.4157,0.0,,,,
scaling,scaling,gpt-oss-120b,openrouter/openai/gpt-oss-120b,default,PB-Basic-008,pre-IMO,0,pre-competition,False,9,9,1,1.0,0.0,0.0,,,,
scaling,scaling,gpt-oss-120b,openrouter/openai/gpt-oss-120b,default,PB-Basic-009,IMO-easy,1,competition-hard,False,1,9,9,0,0.0,0.0,0,0.0,4.6667,3.2998
scaling,scaling,gpt-oss-120b,openrouter/openai/gpt-oss-120b,default,PB-Basic-009,IMO-easy,1,competition-hard,False,3,9,84,0,0.0,0.0,0.0,0.0,7.0,0.0
scaling,scaling,gpt-oss-120b,openrouter/openai/gpt-oss-120b,default,PB-Basic-009,IMO-easy,1,competition-hard,False,5,9,126,0,0.0,0.0,,,,
scaling,scaling,gpt-oss-120b,openrouter/openai/gpt-oss-120b,default,PB-Basic-009,IMO-easy,1,competition-hard,False,7,9,36,0,0.0,0.0,,,,
scaling,scaling,gpt-oss-120b,openrouter/openai/gpt-oss-120b,default,PB-Basic-009,IMO-easy,1,competition-hard,False,9,9,1,0.0,0.0,0.0,,,,
scaling,scaling,gpt-oss-120b,openrouter/openai/gpt-oss-120b,default,PB-Basic-010,IMO-easy,1,competition-hard,False,1,9,9,7,0.0,1.0,7,0.0,7,0.0
scaling,scaling,gpt-oss-120b,openrouter/openai/gpt-oss-120b,default,PB-Basic-010,IMO-easy,1,competition-hard,False,3,9,84,7,0.0,1.0,7.0,0.0,7.0,0.0
scaling,scaling,gpt-oss-120b,openrouter/openai/gpt-oss-120b,default,PB-Basic-010,IMO-easy,1,competition-hard,False,5,9,126,7,0.0,1.0,,,,
scaling,scaling,gpt-oss-120b,openrouter/openai/gpt-oss-120b,default,PB-Basic-010,IMO-easy,1,competition-hard,False,7,9,36,7,0.0,1.0,,,,
scaling,scaling,gpt-oss-120b,openrouter/openai/gpt-oss-120b,default,PB-Basic-010,IMO-easy,1,competition-hard,False,9,9,1,7.0,0.0,1.0,,,,
scaling,scaling,gpt-oss-120b,openrouter/openai/gpt-oss-120b,default,PB-Basic-011,IMO-easy,1,competition-hard,False,1,9,9,0.6667,1.8856,0.1111,0,0.0,0,0.0
scaling,scaling,gpt-oss-120b,openrouter/openai/gpt-oss-120b,default,PB-Basic-011,IMO-easy,1,competition-hard,False,3,9,84,2,2.8284,0.3333,0.0,0.0,0.0,0.0
scaling,scaling,gpt-oss-120b,openrouter/openai/gpt-oss-120b,default,PB-Basic-011,IMO-easy,1,competition-hard,False,5,9,126,3.3333,2.9814,0.5556,,,,
scaling,scaling,gpt-oss-120b,openrouter/openai/gpt-oss-120b,default,PB-Basic-011,IMO-easy,1,competition-hard,False,7,9,36,4.6667,2.4944,0.7778,,,,
scaling,scaling,gpt-oss-120b,openrouter/openai/gpt-oss-120b,default,PB-Basic-011,IMO-easy,1,competition-hard,False,9,9,1,6.0,0.0,1.0,,,,
scaling,scaling,gpt-oss-120b,openrouter/openai/gpt-oss-120b,default,PB-Basic-012,IMO-medium,1,competition-hard,False,1,9,9,4.6667,3.0912,0.6667,4.6667,3.2998,4.6667,3.2998
scaling,scaling,gpt-oss-120b,openrouter/openai/gpt-oss-120b,default,PB-Basic-012,IMO-medium,1,competition-hard,False,3,9,84,6.8929,0.6729,0.9881,7.0,0.0,7.0,0.0
scaling,scaling,gpt-oss-120b,openrouter/openai/gpt-oss-120b,default,PB-Basic-012,IMO-medium,1,competition-hard,False,5,9,126,7,0.0,1.0,,,,
scaling,scaling,gpt-oss-120b,openrouter/openai/gpt-oss-120b,default,PB-Basic-012,IMO-medium,1,competition-hard,False,7,9,36,7,0.0,1.0,,,,
scaling,scaling,gpt-oss-120b,openrouter/openai/gpt-oss-120b,default,PB-Basic-012,IMO-medium,1,competition-hard,False,9,9,1,7.0,0.0,1.0,,,,
scaling,scaling,gpt-oss-120b,openrouter/openai/gpt-oss-120b,default,PB-Basic-013,pre-IMO,0,pre-competition,False,1,9,9,4.6667,3.2998,0.6667,2.3333,3.2998,4.6667,3.2998
scaling,scaling,gpt-oss-120b,openrouter/openai/gpt-oss-120b,default,PB-Basic-013,pre-IMO,0,pre-competition,False,3,9,84,6.9167,0.7592,0.9881,7.0,0.0,7.0,0.0
scaling,scaling,gpt-oss-120b,openrouter/openai/gpt-oss-120b,default,PB-Basic-013,pre-IMO,0,pre-competition,False,5,9,126,7,0.0,1.0,,,,
scaling,scaling,gpt-oss-120b,openrouter/openai/gpt-oss-120b,default,PB-Basic-013,pre-IMO,0,pre-competition,False,7,9,36,7,0.0,1.0,,,,
scaling,scaling,gpt-oss-120b,openrouter/openai/gpt-oss-120b,default,PB-Basic-013,pre-IMO,0,pre-competition,False,9,9,1,7.0,0.0,1.0,,,,
scaling,scaling,gpt-oss-120b,openrouter/openai/gpt-oss-120b,default,PB-Basic-014,pre-IMO,0,pre-competition,False,1,9,9,5.8889,2.1315,0.8889,6.6667,0.4714,7,0.0
scaling,scaling,gpt-oss-120b,openrouter/openai/gpt-oss-120b,default,PB-Basic-014,pre-IMO,0,pre-competition,False,3,9,84,6.9524,0.213,1.0,7.0,0.0,7.0,0.0
scaling,scaling,gpt-oss-120b,openrouter/openai/gpt-oss-120b,default,PB-Basic-014,pre-IMO,0,pre-competition,False,5,9,126,7,0.0,1.0,,,,
scaling,scaling,gpt-oss-120b,openrouter/openai/gpt-oss-120b,default,PB-Basic-014,pre-IMO,0,pre-competition,False,7,9,36,7,0.0,1.0,,,,
scaling,scaling,gpt-oss-120b,openrouter/openai/gpt-oss-120b,default,PB-Basic-014,pre-IMO,0,pre-competition,False,9,9,1,7.0,0.0,1.0,,,,
scaling,scaling,gpt-oss-120b,openrouter/openai/gpt-oss-120b,default,PB-Basic-015,pre-IMO,0,pre-competition,False,1,9,9,0.4444,0.4969,0.0,0.6667,0.4714,0,0.0
scaling,scaling,gpt-oss-120b,openrouter/openai/gpt-oss-120b,default,PB-Basic-015,pre-IMO,0,pre-competition,False,3,9,84,0.881,0.3238,0.0,1.0,0.0,0.0,0.0
scaling,scaling,gpt-oss-120b,openrouter/openai/gpt-oss-120b,default,PB-Basic-015,pre-IMO,0,pre-competition,False,5,9,126,0.9921,0.0887,0.0,,,,
scaling,scaling,gpt-oss-120b,openrouter/openai/gpt-oss-120b,default,PB-Basic-015,pre-IMO,0,pre-competition,False,7,9,36,1,0.0,0.0,,,,
scaling,scaling,gpt-oss-120b,openrouter/openai/gpt-oss-120b,default,PB-Basic-015,pre-IMO,0,pre-competition,False,9,9,1,1.0,0.0,0.0,,,,
scaling,scaling,gpt-oss-120b,openrouter/openai/gpt-oss-120b,default,PB-Basic-016,pre-IMO,0,pre-competition,False,1,9,9,1.3333,2.4944,0.2222,2,2.8284,2.3333,3.2998
scaling,scaling,gpt-oss-120b,openrouter/openai/gpt-oss-120b,default,PB-Basic-016,pre-IMO,0,pre-competition,False,3,9,84,3.5,2.958,0.5833,6.0,0.0,7.0,0.0
scaling,scaling,gpt-oss-120b,openrouter/openai/gpt-oss-120b,default,PB-Basic-016,pre-IMO,0,pre-competition,False,5,9,126,5,2.2361,0.8333,,,,
scaling,scaling,gpt-oss-120b,openrouter/openai/gpt-oss-120b,default,PB-Basic-016,pre-IMO,0,pre-competition,False,7,9,36,5.8333,0.986,0.9722,,,,
scaling,scaling,gpt-oss-120b,openrouter/openai/gpt-oss-120b,default,PB-Basic-016,pre-IMO,0,pre-competition,False,9,9,1,6.0,0.0,1.0,,,,
scaling,scaling,gpt-oss-120b,openrouter/openai/gpt-oss-120b,default,PB-Basic-017,pre-IMO,0,pre-competition,False,1,9,9,5.4444,2.9102,0.7778,5,2.8284,4.6667,3.2998
scaling,scaling,gpt-oss-120b,openrouter/openai/gpt-oss-120b,default,PB-Basic-017,pre-IMO,0,pre-competition,False,3,9,84,7,0.0,1.0,7.0,0.0,7.0,0.0
scaling,scaling,gpt-oss-120b,openrouter/openai/gpt-oss-120b,default,PB-Basic-017,pre-IMO,0,pre-competition,False,5,9,126,7,0.0,1.0,,,,
scaling,scaling,gpt-oss-120b,openrouter/openai/gpt-oss-120b,default,PB-Basic-017,pre-IMO,0,pre-competition,False,7,9,36,7,0.0,1.0,,,,
scaling,scaling,gpt-oss-120b,openrouter/openai/gpt-oss-120b,default,PB-Basic-017,pre-IMO,0,pre-competition,False,9,9,1,7.0,0.0,1.0,,,,
scaling,scaling,gpt-oss-120b,openrouter/openai/gpt-oss-120b,default,PB-Basic-018,pre-IMO,0,pre-competition,False,1,9,9,0.7778,2.1999,0.1111,2,2.8284,2.3333,3.2998
scaling,scaling,gpt-oss-120b,openrouter/openai/gpt-oss-120b,default,PB-Basic-018,pre-IMO,0,pre-competition,False,3,9,84,2.3333,3.2998,0.3333,6.0,0.0,7.0,0.0
scaling,scaling,gpt-oss-120b,openrouter/openai/gpt-oss-120b,default,PB-Basic-018,pre-IMO,0,pre-competition,False,5,9,126,3.8889,3.4783,0.5556,,,,
scaling,scaling,gpt-oss-120b,openrouter/openai/gpt-oss-120b,default,PB-Basic-018,pre-IMO,0,pre-competition,False,7,9,36,5.4444,2.9102,0.7778,,,,
scaling,scaling,gpt-oss-120b,openrouter/openai/gpt-oss-120b,default,PB-Basic-018,pre-IMO,0,pre-competition,False,9,9,1,7.0,0.0,1.0,,,,
scaling,scaling,gpt-oss-120b,openrouter/openai/gpt-oss-120b,default,PB-Basic-019,IMO-easy,1,competition-hard,False,1,9,9,5.3333,2.8674,0.7778,6.3333,0.4714,7,0.0
scaling,scaling,gpt-oss-120b,openrouter/openai/gpt-oss-120b,default,PB-Basic-019,IMO-easy,1,competition-hard,False,3,9,84,6.9881,0.1085,1.0,7.0,0.0,7.0,0.0
scaling,scaling,gpt-oss-120b,openrouter/openai/gpt-oss-120b,default,PB-Basic-019,IMO-easy,1,competition-hard,False,5,9,126,7,0.0,1.0,,,,
scaling,scaling,gpt-oss-120b,openrouter/openai/gpt-oss-120b,default,PB-Basic-019,IMO-easy,1,competition-hard,False,7,9,36,7,0.0,1.0,,,,
scaling,scaling,gpt-oss-120b,openrouter/openai/gpt-oss-120b,default,PB-Basic-019,IMO-easy,1,competition-hard,False,9,9,1,7.0,0.0,1.0,,,,
scaling,scaling,gpt-oss-120b,openrouter/openai/gpt-oss-120b,default,PB-Basic-020,IMO-easy,1,competition-hard,False,1,9,9,3,3.1623,0.4444,2,2.8284,6.6667,0.4714
scaling,scaling,gpt-oss-120b,openrouter/openai/gpt-oss-120b,default,PB-Basic-020,IMO-easy,1,competition-hard,False,3,9,84,5.9405,2.0198,0.881,6.0,0.0,7.0,0.0
scaling,scaling,gpt-oss-120b,openrouter/openai/gpt-oss-120b,default,PB-Basic-020,IMO-easy,1,competition-hard,False,5,9,126,6.7937,0.6339,0.9921,,,,
scaling,scaling,gpt-oss-120b,openrouter/openai/gpt-oss-120b,default,PB-Basic-020,IMO-easy,1,competition-hard,False,7,9,36,6.9722,0.1643,1.0,,,,
scaling,scaling,gpt-oss-120b,openrouter/openai/gpt-oss-120b,default,PB-Basic-020,IMO-easy,1,competition-hard,False,9,9,1,7.0,0.0,1.0,,,,
scaling,scaling,gpt-oss-120b,openrouter/openai/gpt-oss-120b,default,PB-Basic-021,IMO-easy,1,competition-hard,False,1,9,9,0,0.0,0.0,0,0.0,2.3333,3.2998
scaling,scaling,gpt-oss-120b,openrouter/openai/gpt-oss-120b,default,PB-Basic-021,IMO-easy,1,competition-hard,False,3,9,84,0,0.0,0.0,0.0,0.0,7.0,0.0
scaling,scaling,gpt-oss-120b,openrouter/openai/gpt-oss-120b,default,PB-Basic-021,IMO-easy,1,competition-hard,False,5,9,126,0,0.0,0.0,,,,
scaling,scaling,gpt-oss-120b,openrouter/openai/gpt-oss-120b,default,PB-Basic-021,IMO-easy,1,competition-hard,False,7,9,36,0,0.0,0.0,,,,
scaling,scaling,gpt-oss-120b,openrouter/openai/gpt-oss-120b,default,PB-Basic-021,IMO-easy,1,competition-hard,False,9,9,1,0.0,0.0,0.0,,,,
scaling,scaling,gpt-oss-120b,openrouter/openai/gpt-oss-120b,default,PB-Basic-022,IMO-easy,1,competition-hard,False,1,9,9,0,0.0,0.0,0,0.0,0.3333,0.4714
scaling,scaling,gpt-oss-120b,openrouter/openai/gpt-oss-120b,default,PB-Basic-022,IMO-easy,1,competition-hard,False,3,9,84,0,0.0,0.0,0.0,0.0,1.0,0.0
scaling,scaling,gpt-oss-120b,openrouter/openai/gpt-oss-120b,default,PB-Basic-022,IMO-easy,1,competition-hard,False,5,9,126,0,0.0,0.0,,,,
scaling,scaling,gpt-oss-120b,openrouter/openai/gpt-oss-120b,default,PB-Basic-022,IMO-easy,1,competition-hard,False,7,9,36,0,0.0,0.0,,,,
scaling,scaling,gpt-oss-120b,openrouter/openai/gpt-oss-120b,default,PB-Basic-022,IMO-easy,1,competition-hard,False,9,9,1,0.0,0.0,0.0,,,,
scaling,scaling,gpt-oss-120b,openrouter/openai/gpt-oss-120b,default,PB-Basic-023,IMO-medium,1,competition-hard,False,1,9,9,0.1111,0.3143,0.0,0.3333,0.4714,6.6667,0.4714
scaling,scaling,gpt-oss-120b,openrouter/openai/gpt-oss-120b,default,PB-Basic-023,IMO-medium,1,competition-hard,False,3,9,84,0.3333,0.4714,0.0,1.0,0.0,7.0,0.0
scaling,scaling,gpt-oss-120b,openrouter/openai/gpt-oss-120b,default,PB-Basic-023,IMO-medium,1,competition-hard,False,5,9,126,0.5556,0.4969,0.0,,,,
scaling,scaling,gpt-oss-120b,openrouter/openai/gpt-oss-120b,default,PB-Basic-023,IMO-medium,1,competition-hard,False,7,9,36,0.7778,0.4157,0.0,,,,
scaling,scaling,gpt-oss-120b,openrouter/openai/gpt-oss-120b,default,PB-Basic-023,IMO-medium,1,competition-hard,False,9,9,1,1.0,0.0,0.0,,,,
scaling,scaling,gpt-oss-120b,openrouter/openai/gpt-oss-120b,default,PB-Basic-024,IMO-medium,1,competition-hard,False,1,9,9,3.8889,3.4783,0.5556,4.6667,3.2998,7,0.0
scaling,scaling,gpt-oss-120b,openrouter/openai/gpt-oss-120b,default,PB-Basic-024,IMO-medium,1,competition-hard,False,3,9,84,6.6667,1.4907,0.9524,7.0,0.0,7.0,0.0
scaling,scaling,gpt-oss-120b,openrouter/openai/gpt-oss-120b,default,PB-Basic-024,IMO-medium,1,competition-hard,False,5,9,126,7,0.0,1.0,,,,
scaling,scaling,gpt-oss-120b,openrouter/openai/gpt-oss-120b,default,PB-Basic-024,IMO-medium,1,competition-hard,False,7,9,36,7,0.0,1.0,,,,
scaling,scaling,gpt-oss-120b,openrouter/openai/gpt-oss-120b,default,PB-Basic-024,IMO-medium,1,competition-hard,False,9,9,1,7.0,0.0,1.0,,,,
scaling,scaling,gpt-oss-120b,openrouter/openai/gpt-oss-120b,default,PB-Basic-025,IMO-easy,1,competition-hard,False,1,9,9,0.1111,0.3143,0.0,0,0.0,2.3333,3.2998
scaling,scaling,gpt-oss-120b,openrouter/openai/gpt-oss-120b,default,PB-Basic-025,IMO-easy,1,competition-hard,False,3,9,84,0.3333,0.4714,0.0,0.0,0.0,7.0,0.0
scaling,scaling,gpt-oss-120b,openrouter/openai/gpt-oss-120b,default,PB-Basic-025,IMO-easy,1,competition-hard,False,5,9,126,0.5556,0.4969,0.0,,,,
scaling,scaling,gpt-oss-120b,openrouter/openai/gpt-oss-120b,default,PB-Basic-025,IMO-easy,1,competition-hard,False,7,9,36,0.7778,0.4157,0.0,,,,
scaling,scaling,gpt-oss-120b,openrouter/openai/gpt-oss-120b,default,PB-Basic-025,IMO-easy,1,competition-hard,False,9,9,1,1.0,0.0,0.0,,,,
scaling,scaling,gpt-oss-120b,openrouter/openai/gpt-oss-120b,default,PB-Basic-026,IMO-medium,1,competition-hard,False,1,9,9,0,0.0,0.0,0,0.0,0,0.0
scaling,scaling,gpt-oss-120b,openrouter/openai/gpt-oss-120b,default,PB-Basic-026,IMO-medium,1,competition-hard,False,3,9,84,0,0.0,0.0,0.0,0.0,0.0,0.0
scaling,scaling,gpt-oss-120b,openrouter/openai/gpt-oss-120b,default,PB-Basic-026,IMO-medium,1,competition-hard,False,5,9,126,0,0.0,0.0,,,,
scaling,scaling,gpt-oss-120b,openrouter/openai/gpt-oss-120b,default,PB-Basic-026,IMO-medium,1,competition-hard,False,7,9,36,0,0.0,0.0,,,,
scaling,scaling,gpt-oss-120b,openrouter/openai/gpt-oss-120b,default,PB-Basic-026,IMO-medium,1,competition-hard,False,9,9,1,0.0,0.0,0.0,,,,
scaling,scaling,gpt-oss-120b,openrouter/openai/gpt-oss-120b,default,PB-Basic-027,IMO-easy,1,competition-hard,False,1,9,9,0,0.0,0.0,0,0.0,0,0.0
scaling,scaling,gpt-oss-120b,openrouter/openai/gpt-oss-120b,default,PB-Basic-027,IMO-easy,1,competition-hard,False,3,9,84,0,0.0,0.0,0.0,0.0,0.0,0.0
scaling,scaling,gpt-oss-120b,openrouter/openai/gpt-oss-120b,default,PB-Basic-027,IMO-easy,1,competition-hard,False,5,9,126,0,0.0,0.0,,,,
scaling,scaling,gpt-oss-120b,openrouter/openai/gpt-oss-120b,default,PB-Basic-027,IMO-easy,1,competition-hard,False,7,9,36,0,0.0,0.0,,,,
scaling,scaling,gpt-oss-120b,openrouter/openai/gpt-oss-120b,default,PB-Basic-027,IMO-easy,1,competition-hard,False,9,9,1,0.0,0.0,0.0,,,,
scaling,scaling,gpt-oss-120b,openrouter/openai/gpt-oss-120b,default,PB-Basic-028,IMO-medium,1,competition-hard,False,1,9,9,0,0.0,0.0,0,0.0,0,0.0
scaling,scaling,gpt-oss-120b,openrouter/openai/gpt-oss-120b,default,PB-Basic-028,IMO-medium,1,competition-hard,False,3,9,84,0,0.0,0.0,0.0,0.0,0.0,0.0
scaling,scaling,gpt-oss-120b,openrouter/openai/gpt-oss-120b,default,PB-Basic-028,IMO-medium,1,competition-hard,False,5,9,126,0,0.0,0.0,,,,
scaling,scaling,gpt-oss-120b,openrouter/openai/gpt-oss-120b,default,PB-Basic-028,IMO-medium,1,competition-hard,False,7,9,36,0,0.0,0.0,,,,
scaling,scaling,gpt-oss-120b,openrouter/openai/gpt-oss-120b,default,PB-Basic-028,IMO-medium,1,competition-hard,False,9,9,1,0.0,0.0,0.0,,,,
scaling,scaling,gpt-oss-120b,openrouter/openai/gpt-oss-120b,default,PB-Basic-029,IMO-medium,1,competition-hard,False,1,9,9,0,0.0,0.0,0,0.0,2.6667,3.0912
scaling,scaling,gpt-oss-120b,openrouter/openai/gpt-oss-120b,default,PB-Basic-029,IMO-medium,1,competition-hard,False,3,9,84,0,0.0,0.0,0.0,0.0,7.0,0.0
scaling,scaling,gpt-oss-120b,openrouter/openai/gpt-oss-120b,default,PB-Basic-029,IMO-medium,1,competition-hard,False,5,9,126,0,0.0,0.0,,,,
scaling,scaling,gpt-oss-120b,openrouter/openai/gpt-oss-120b,default,PB-Basic-029,IMO-medium,1,competition-hard,False,7,9,36,0,0.0,0.0,,,,
scaling,scaling,gpt-oss-120b,openrouter/openai/gpt-oss-120b,default,PB-Basic-029,IMO-medium,1,competition-hard,False,9,9,1,0.0,0.0,0.0,,,,
scaling,scaling,gpt-oss-120b,openrouter/openai/gpt-oss-120b,default,PB-Basic-030,IMO-easy,1,competition-hard,False,1,9,9,0,0.0,0.0,0,0.0,0,0.0
scaling,scaling,gpt-oss-120b,openrouter/openai/gpt-oss-120b,default,PB-Basic-030,IMO-easy,1,competition-hard,False,3,9,84,0,0.0,0.0,0.0,0.0,0.0,0.0
scaling,scaling,gpt-oss-120b,openrouter/openai/gpt-oss-120b,default,PB-Basic-030,IMO-easy,1,competition-hard,False,5,9,126,0,0.0,0.0,,,,
scaling,scaling,gpt-oss-120b,openrouter/openai/gpt-oss-120b,default,PB-Basic-030,IMO-easy,1,competition-hard,False,7,9,36,0,0.0,0.0,,,,
scaling,scaling,gpt-oss-120b,openrouter/openai/gpt-oss-120b,default,PB-Basic-030,IMO-easy,1,competition-hard,False,9,9,1,0.0,0.0,0.0,,,,
scaling,scaling,gpt-oss-120b,openrouter/openai/gpt-oss-120b,default,erdos-1051,Minor Novelty,3,research-medium,True,1,9,9,0,0.0,0.0,0,0.0,2,2.8284
scaling,scaling,gpt-oss-120b,openrouter/openai/gpt-oss-120b,default,erdos-1051,Minor Novelty,3,research-medium,True,3,9,84,0,0.0,0.0,0.0,0.0,6.0,0.0
scaling,scaling,gpt-oss-120b,openrouter/openai/gpt-oss-120b,default,erdos-1051,Minor Novelty,3,research-medium,True,5,9,126,0,0.0,0.0,,,,
scaling,scaling,gpt-oss-120b,openrouter/openai/gpt-oss-120b,default,erdos-1051,Minor Novelty,3,research-medium,True,7,9,36,0,0.0,0.0,,,,
scaling,scaling,gpt-oss-120b,openrouter/openai/gpt-oss-120b,default,erdos-1051,Minor Novelty,3,research-medium,True,9,9,1,0.0,0.0,0.0,,,,
scaling,scaling,gpt-oss-120b,openrouter/openai/gpt-oss-120b,default,erdos-333,Literature Identification,2,research-easy,True,1,9,9,0,0.0,0.0,0,0.0,0,0.0
scaling,scaling,gpt-oss-120b,openrouter/openai/gpt-oss-120b,default,erdos-333,Literature Identification,2,research-easy,True,3,9,84,0,0.0,0.0,0.0,0.0,0.0,0.0
scaling,scaling,gpt-oss-120b,openrouter/openai/gpt-oss-120b,default,erdos-333,Literature Identification,2,research-easy,True,5,9,126,0,0.0,0.0,,,,
scaling,scaling,gpt-oss-120b,openrouter/openai/gpt-oss-120b,default,erdos-333,Literature Identification,2,research-easy,True,7,9,36,0,0.0,0.0,,,,
scaling,scaling,gpt-oss-120b,openrouter/openai/gpt-oss-120b,default,erdos-333,Literature Identification,2,research-easy,True,9,9,1,0.0,0.0,0.0,,,,
scaling,scaling,gpt-oss-120b,openrouter/openai/gpt-oss-120b,default,erdos-397,Independent Rediscovery,1,competition-hard,True,1,9,9,0,0.0,0.0,0,0.0,0,0.0
scaling,scaling,gpt-oss-120b,openrouter/openai/gpt-oss-120b,default,erdos-397,Independent Rediscovery,1,competition-hard,True,3,9,84,0,0.0,0.0,0.0,0.0,0.0,0.0
scaling,scaling,gpt-oss-120b,openrouter/openai/gpt-oss-120b,default,erdos-397,Independent Rediscovery,1,competition-hard,True,5,9,126,0,0.0,0.0,,,,
scaling,scaling,gpt-oss-120b,openrouter/openai/gpt-oss-120b,default,erdos-397,Independent Rediscovery,1,competition-hard,True,7,9,36,0,0.0,0.0,,,,
scaling,scaling,gpt-oss-120b,openrouter/openai/gpt-oss-120b,default,erdos-397,Independent Rediscovery,1,competition-hard,True,9,9,1,0.0,0.0,0.0,,,,
scaling,scaling,gpt-oss-120b,openrouter/openai/gpt-oss-120b,default,erdos-654,Negligible Novelty,2,research-easy,True,1,9,9,0,0.0,0.0,0,0.0,0,0.0
scaling,scaling,gpt-oss-120b,openrouter/openai/gpt-oss-120b,default,erdos-654,Negligible Novelty,2,research-easy,True,3,9,84,0,0.0,0.0,0.0,0.0,0.0,0.0
scaling,scaling,gpt-oss-120b,openrouter/openai/gpt-oss-120b,default,erdos-654,Negligible Novelty,2,research-easy,True,5,9,126,0,0.0,0.0,,,,
scaling,scaling,gpt-oss-120b,openrouter/openai/gpt-oss-120b,default,erdos-654,Negligible Novelty,2,research-easy,True,7,9,36,0,0.0,0.0,,,,
scaling,scaling,gpt-oss-120b,openrouter/openai/gpt-oss-120b,default,erdos-654,Negligible Novelty,2,research-easy,True,9,9,1,0.0,0.0,0.0,,,,
scaling,scaling,gpt-oss-120b,openrouter/openai/gpt-oss-120b,default,erdos-659,Negligible Novelty,2,research-easy,True,1,9,9,0,0.0,0.0,0,0.0,0,0.0
scaling,scaling,gpt-oss-120b,openrouter/openai/gpt-oss-120b,default,erdos-659,Negligible Novelty,2,research-easy,True,3,9,84,0,0.0,0.0,0.0,0.0,0.0,0.0
scaling,scaling,gpt-oss-120b,openrouter/openai/gpt-oss-120b,default,erdos-659,Negligible Novelty,2,research-easy,True,5,9,126,0,0.0,0.0,,,,
scaling,scaling,gpt-oss-120b,openrouter/openai/gpt-oss-120b,default,erdos-659,Negligible Novelty,2,research-easy,True,7,9,36,0,0.0,0.0,,,,
scaling,scaling,gpt-oss-120b,openrouter/openai/gpt-oss-120b,default,erdos-659,Negligible Novelty,2,research-easy,True,9,9,1,0.0,0.0,0.0,,,,
scaling,scaling,gpt-oss-120b,openrouter/openai/gpt-oss-120b,default,first-proof-10-official,1,2,research-easy,True,1,9,9,1.3333,2.2608,0.1111,2,2.8284,2.6667,2.357
scaling,scaling,gpt-oss-120b,openrouter/openai/gpt-oss-120b,default,first-proof-10-official,1,2,research-easy,True,3,9,84,3.4286,2.5833,0.3333,6.0,0.0,6.0,0.0
scaling,scaling,gpt-oss-120b,openrouter/openai/gpt-oss-120b,default,first-proof-10-official,1,2,research-easy,True,5,9,126,4.8413,1.9041,0.5556,,,,
scaling,scaling,gpt-oss-120b,openrouter/openai/gpt-oss-120b,default,first-proof-10-official,1,2,research-easy,True,7,9,36,5.6667,0.8819,0.7778,,,,
scaling,scaling,gpt-oss-120b,openrouter/openai/gpt-oss-120b,default,first-proof-10-official,1,2,research-easy,True,9,9,1,6.0,0.0,1.0,,,,
scaling,scaling,gpt-oss-120b,openrouter/openai/gpt-oss-120b,default,first-proof-4-official,3,4,research-hard,True,1,9,9,0,0.0,0.0,0,0.0,0,0.0
scaling,scaling,gpt-oss-120b,openrouter/openai/gpt-oss-120b,default,first-proof-4-official,3,4,research-hard,True,3,9,84,0,0.0,0.0,0.0,0.0,0.0,0.0
scaling,scaling,gpt-oss-120b,openrouter/openai/gpt-oss-120b,default,first-proof-4-official,3,4,research-hard,True,5,9,126,0,0.0,0.0,,,,
scaling,scaling,gpt-oss-120b,openrouter/openai/gpt-oss-120b,default,first-proof-4-official,3,4,research-hard,True,7,9,36,0,0.0,0.0,,,,
scaling,scaling,gpt-oss-120b,openrouter/openai/gpt-oss-120b,default,first-proof-4-official,3,4,research-hard,True,9,9,1,0.0,0.0,0.0,,,,
scaling,scaling,gpt-oss-120b,openrouter/openai/gpt-oss-120b,default,first-proof-5-official,2,3,research-medium,True,1,9,9,0,0.0,0.0,0,0.0,0.6667,0.4714
scaling,scaling,gpt-oss-120b,openrouter/openai/gpt-oss-120b,default,first-proof-5-official,2,3,research-medium,True,3,9,84,0,0.0,0.0,0.0,0.0,1.0,0.0
scaling,scaling,gpt-oss-120b,openrouter/openai/gpt-oss-120b,default,first-proof-5-official,2,3,research-medium,True,5,9,126,0,0.0,0.0,,,,
scaling,scaling,gpt-oss-120b,openrouter/openai/gpt-oss-120b,default,first-proof-5-official,2,3,research-medium,True,7,9,36,0,0.0,0.0,,,,
scaling,scaling,gpt-oss-120b,openrouter/openai/gpt-oss-120b,default,first-proof-5-official,2,3,research-medium,True,9,9,1,0.0,0.0,0.0,,,,
scaling,scaling,gpt-oss-120b,openrouter/openai/gpt-oss-120b,default,first-proof-6-official,3,4,research-hard,True,1,9,9,0,0.0,0.0,0,0.0,0,0.0
scaling,scaling,gpt-oss-120b,openrouter/openai/gpt-oss-120b,default,first-proof-6-official,3,4,research-hard,True,3,9,84,0,0.0,0.0,0.0,0.0,0.0,0.0
scaling,scaling,gpt-oss-120b,openrouter/openai/gpt-oss-120b,default,first-proof-6-official,3,4,research-hard,True,5,9,126,0,0.0,0.0,,,,
scaling,scaling,gpt-oss-120b,openrouter/openai/gpt-oss-120b,default,first-proof-6-official,3,4,research-hard,True,7,9,36,0,0.0,0.0,,,,
scaling,scaling,gpt-oss-120b,openrouter/openai/gpt-oss-120b,default,first-proof-6-official,3,4,research-hard,True,9,9,1,0.0,0.0,0.0,,,,
scaling,scaling,gpt-oss-120b,openrouter/openai/gpt-oss-120b,default,ramsey-hypergraphs,Moderately Interesting,5,research-frontier,True,1,9,9,0,0.0,0.0,0,0.0,4.6667,3.2998
scaling,scaling,gpt-oss-120b,openrouter/openai/gpt-oss-120b,default,ramsey-hypergraphs,Moderately Interesting,5,research-frontier,True,3,9,84,0,0.0,0.0,0.0,0.0,7.0,0.0
scaling,scaling,gpt-oss-120b,openrouter/openai/gpt-oss-120b,default,ramsey-hypergraphs,Moderately Interesting,5,research-frontier,True,5,9,126,0,0.0,0.0,,,,
scaling,scaling,gpt-oss-120b,openrouter/openai/gpt-oss-120b,default,ramsey-hypergraphs,Moderately Interesting,5,research-frontier,True,7,9,36,0,0.0,0.0,,,,
scaling,scaling,gpt-oss-120b,openrouter/openai/gpt-oss-120b,default,ramsey-hypergraphs,Moderately Interesting,5,research-frontier,True,9,9,1,0.0,0.0,0.0,,,,
scaling,scaling_reasoning,gemma-4-31b-it,openrouter/google/gemma-4-31b-it,max,PB-Advanced-001,IMO-easy,1,competition-hard,False,1,9,9,5.5556,2.4545,0.7778,,,,
scaling,scaling_reasoning,gemma-4-31b-it,openrouter/google/gemma-4-31b-it,max,PB-Advanced-001,IMO-easy,1,competition-hard,False,3,9,84,6.9881,0.1085,1.0,,,,
scaling,scaling_reasoning,gemma-4-31b-it,openrouter/google/gemma-4-31b-it,max,PB-Advanced-001,IMO-easy,1,competition-hard,False,5,9,126,7,0.0,1.0,,,,
scaling,scaling_reasoning,gemma-4-31b-it,openrouter/google/gemma-4-31b-it,max,PB-Advanced-001,IMO-easy,1,competition-hard,False,7,9,36,7,0.0,1.0,,,,
scaling,scaling_reasoning,gemma-4-31b-it,openrouter/google/gemma-4-31b-it,max,PB-Advanced-001,IMO-easy,1,competition-hard,False,9,9,1,7.0,0.0,1.0,,,,
scaling,scaling_reasoning,gemma-4-31b-it,openrouter/google/gemma-4-31b-it,max,PB-Advanced-002,IMO-medium,1,competition-hard,False,1,9,9,0,0.0,0.0,,,,
scaling,scaling_reasoning,gemma-4-31b-it,openrouter/google/gemma-4-31b-it,max,PB-Advanced-002,IMO-medium,1,competition-hard,False,3,9,84,0,0.0,0.0,,,,
scaling,scaling_reasoning,gemma-4-31b-it,openrouter/google/gemma-4-31b-it,max,PB-Advanced-002,IMO-medium,1,competition-hard,False,5,9,126,0,0.0,0.0,,,,
scaling,scaling_reasoning,gemma-4-31b-it,openrouter/google/gemma-4-31b-it,max,PB-Advanced-002,IMO-medium,1,competition-hard,False,7,9,36,0,0.0,0.0,,,,
scaling,scaling_reasoning,gemma-4-31b-it,openrouter/google/gemma-4-31b-it,max,PB-Advanced-002,IMO-medium,1,competition-hard,False,9,9,1,0.0,0.0,0.0,,,,
scaling,scaling_reasoning,gemma-4-31b-it,openrouter/google/gemma-4-31b-it,max,PB-Advanced-003,IMO-hard,1,competition-hard,False,1,9,9,0,0.0,0.0,,,,
scaling,scaling_reasoning,gemma-4-31b-it,openrouter/google/gemma-4-31b-it,max,PB-Advanced-003,IMO-hard,1,competition-hard,False,3,9,84,0,0.0,0.0,,,,
scaling,scaling_reasoning,gemma-4-31b-it,openrouter/google/gemma-4-31b-it,max,PB-Advanced-003,IMO-hard,1,competition-hard,False,5,9,126,0,0.0,0.0,,,,
scaling,scaling_reasoning,gemma-4-31b-it,openrouter/google/gemma-4-31b-it,max,PB-Advanced-003,IMO-hard,1,competition-hard,False,7,9,36,0,0.0,0.0,,,,
scaling,scaling_reasoning,gemma-4-31b-it,openrouter/google/gemma-4-31b-it,max,PB-Advanced-003,IMO-hard,1,competition-hard,False,9,9,1,0.0,0.0,0.0,,,,
scaling,scaling_reasoning,gemma-4-31b-it,openrouter/google/gemma-4-31b-it,max,PB-Advanced-004,IMO-easy,1,competition-hard,False,1,9,9,4,3.3665,0.5556,,,,
scaling,scaling_reasoning,gemma-4-31b-it,openrouter/google/gemma-4-31b-it,max,PB-Advanced-004,IMO-easy,1,competition-hard,False,3,9,84,6.7024,1.3343,0.9524,,,,
scaling,scaling_reasoning,gemma-4-31b-it,openrouter/google/gemma-4-31b-it,max,PB-Advanced-004,IMO-easy,1,competition-hard,False,5,9,126,7,0.0,1.0,,,,
scaling,scaling_reasoning,gemma-4-31b-it,openrouter/google/gemma-4-31b-it,max,PB-Advanced-004,IMO-easy,1,competition-hard,False,7,9,36,7,0.0,1.0,,,,
scaling,scaling_reasoning,gemma-4-31b-it,openrouter/google/gemma-4-31b-it,max,PB-Advanced-004,IMO-easy,1,competition-hard,False,9,9,1,7.0,0.0,1.0,,,,
scaling,scaling_reasoning,gemma-4-31b-it,openrouter/google/gemma-4-31b-it,max,PB-Advanced-005,IMO-medium,1,competition-hard,False,1,9,9,0,0.0,0.0,,,,
scaling,scaling_reasoning,gemma-4-31b-it,openrouter/google/gemma-4-31b-it,max,PB-Advanced-005,IMO-medium,1,competition-hard,False,3,9,84,0,0.0,0.0,,,,
scaling,scaling_reasoning,gemma-4-31b-it,openrouter/google/gemma-4-31b-it,max,PB-Advanced-005,IMO-medium,1,competition-hard,False,5,9,126,0,0.0,0.0,,,,
scaling,scaling_reasoning,gemma-4-31b-it,openrouter/google/gemma-4-31b-it,max,PB-Advanced-005,IMO-medium,1,competition-hard,False,7,9,36,0,0.0,0.0,,,,
scaling,scaling_reasoning,gemma-4-31b-it,openrouter/google/gemma-4-31b-it,max,PB-Advanced-005,IMO-medium,1,competition-hard,False,9,9,1,0.0,0.0,0.0,,,,
scaling,scaling_reasoning,gemma-4-31b-it,openrouter/google/gemma-4-31b-it,max,PB-Advanced-006,IMO-hard,1,competition-hard,False,1,9,9,0.1111,0.3143,0.0,,,,
scaling,scaling_reasoning,gemma-4-31b-it,openrouter/google/gemma-4-31b-it,max,PB-Advanced-006,IMO-hard,1,competition-hard,False,3,9,84,0.3333,0.4714,0.0,,,,
scaling,scaling_reasoning,gemma-4-31b-it,openrouter/google/gemma-4-31b-it,max,PB-Advanced-006,IMO-hard,1,competition-hard,False,5,9,126,0.5556,0.4969,0.0,,,,
scaling,scaling_reasoning,gemma-4-31b-it,openrouter/google/gemma-4-31b-it,max,PB-Advanced-006,IMO-hard,1,competition-hard,False,7,9,36,0.7778,0.4157,0.0,,,,
scaling,scaling_reasoning,gemma-4-31b-it,openrouter/google/gemma-4-31b-it,max,PB-Advanced-006,IMO-hard,1,competition-hard,False,9,9,1,1.0,0.0,0.0,,,,
scaling,scaling_reasoning,gemma-4-31b-it,openrouter/google/gemma-4-31b-it,max,PB-Advanced-007,IMO-easy,1,competition-hard,False,1,9,9,1.6667,2.8674,0.2222,,,,
scaling,scaling_reasoning,gemma-4-31b-it,openrouter/google/gemma-4-31b-it,max,PB-Advanced-007,IMO-easy,1,competition-hard,False,3,9,84,4.2619,3.2555,0.5833,,,,
scaling,scaling_reasoning,gemma-4-31b-it,openrouter/google/gemma-4-31b-it,max,PB-Advanced-007,IMO-easy,1,competition-hard,False,5,9,126,5.9524,2.3498,0.8333,,,,
scaling,scaling_reasoning,gemma-4-31b-it,openrouter/google/gemma-4-31b-it,max,PB-Advanced-007,IMO-easy,1,competition-hard,False,7,9,36,6.8333,0.986,0.9722,,,,
scaling,scaling_reasoning,gemma-4-31b-it,openrouter/google/gemma-4-31b-it,max,PB-Advanced-007,IMO-easy,1,competition-hard,False,9,9,1,7.0,0.0,1.0,,,,
scaling,scaling_reasoning,gemma-4-31b-it,openrouter/google/gemma-4-31b-it,max,PB-Advanced-008,IMO-medium,1,competition-hard,False,1,9,9,0,0.0,0.0,,,,
scaling,scaling_reasoning,gemma-4-31b-it,openrouter/google/gemma-4-31b-it,max,PB-Advanced-008,IMO-medium,1,competition-hard,False,3,9,84,0,0.0,0.0,,,,
scaling,scaling_reasoning,gemma-4-31b-it,openrouter/google/gemma-4-31b-it,max,PB-Advanced-008,IMO-medium,1,competition-hard,False,5,9,126,0,0.0,0.0,,,,
scaling,scaling_reasoning,gemma-4-31b-it,openrouter/google/gemma-4-31b-it,max,PB-Advanced-008,IMO-medium,1,competition-hard,False,7,9,36,0,0.0,0.0,,,,
scaling,scaling_reasoning,gemma-4-31b-it,openrouter/google/gemma-4-31b-it,max,PB-Advanced-008,IMO-medium,1,competition-hard,False,9,9,1,0.0,0.0,0.0,,,,
scaling,scaling_reasoning,gemma-4-31b-it,openrouter/google/gemma-4-31b-it,max,PB-Advanced-009,IMO-hard,1,competition-hard,False,1,9,9,0,0.0,0.0,,,,
scaling,scaling_reasoning,gemma-4-31b-it,openrouter/google/gemma-4-31b-it,max,PB-Advanced-009,IMO-hard,1,competition-hard,False,3,9,84,0,0.0,0.0,,,,
scaling,scaling_reasoning,gemma-4-31b-it,openrouter/google/gemma-4-31b-it,max,PB-Advanced-009,IMO-hard,1,competition-hard,False,5,9,126,0,0.0,0.0,,,,
scaling,scaling_reasoning,gemma-4-31b-it,openrouter/google/gemma-4-31b-it,max,PB-Advanced-009,IMO-hard,1,competition-hard,False,7,9,36,0,0.0,0.0,,,,
scaling,scaling_reasoning,gemma-4-31b-it,openrouter/google/gemma-4-31b-it,max,PB-Advanced-009,IMO-hard,1,competition-hard,False,9,9,1,0.0,0.0,0.0,,,,
scaling,scaling_reasoning,gemma-4-31b-it,openrouter/google/gemma-4-31b-it,max,PB-Advanced-010,IMO-medium,1,competition-hard,False,1,9,9,0,0.0,0.0,,,,
scaling,scaling_reasoning,gemma-4-31b-it,openrouter/google/gemma-4-31b-it,max,PB-Advanced-010,IMO-medium,1,competition-hard,False,3,9,84,0,0.0,0.0,,,,
scaling,scaling_reasoning,gemma-4-31b-it,openrouter/google/gemma-4-31b-it,max,PB-Advanced-010,IMO-medium,1,competition-hard,False,5,9,126,0,0.0,0.0,,,,
scaling,scaling_reasoning,gemma-4-31b-it,openrouter/google/gemma-4-31b-it,max,PB-Advanced-010,IMO-medium,1,competition-hard,False,7,9,36,0,0.0,0.0,,,,
scaling,scaling_reasoning,gemma-4-31b-it,openrouter/google/gemma-4-31b-it,max,PB-Advanced-010,IMO-medium,1,competition-hard,False,9,9,1,0.0,0.0,0.0,,,,
scaling,scaling_reasoning,gemma-4-31b-it,openrouter/google/gemma-4-31b-it,max,PB-Advanced-011,IMO-medium,1,competition-hard,False,1,9,9,0,0.0,0.0,,,,
scaling,scaling_reasoning,gemma-4-31b-it,openrouter/google/gemma-4-31b-it,max,PB-Advanced-011,IMO-medium,1,competition-hard,False,3,9,84,0,0.0,0.0,,,,
scaling,scaling_reasoning,gemma-4-31b-it,openrouter/google/gemma-4-31b-it,max,PB-Advanced-011,IMO-medium,1,competition-hard,False,5,9,126,0,0.0,0.0,,,,
scaling,scaling_reasoning,gemma-4-31b-it,openrouter/google/gemma-4-31b-it,max,PB-Advanced-011,IMO-medium,1,competition-hard,False,7,9,36,0,0.0,0.0,,,,
scaling,scaling_reasoning,gemma-4-31b-it,openrouter/google/gemma-4-31b-it,max,PB-Advanced-011,IMO-medium,1,competition-hard,False,9,9,1,0.0,0.0,0.0,,,,
scaling,scaling_reasoning,gemma-4-31b-it,openrouter/google/gemma-4-31b-it,max,PB-Advanced-012,IMO-hard,1,competition-hard,False,1,9,9,0,0.0,0.0,,,,
scaling,scaling_reasoning,gemma-4-31b-it,openrouter/google/gemma-4-31b-it,max,PB-Advanced-012,IMO-hard,1,competition-hard,False,3,9,84,0,0.0,0.0,,,,
scaling,scaling_reasoning,gemma-4-31b-it,openrouter/google/gemma-4-31b-it,max,PB-Advanced-012,IMO-hard,1,competition-hard,False,5,9,126,0,0.0,0.0,,,,
scaling,scaling_reasoning,gemma-4-31b-it,openrouter/google/gemma-4-31b-it,max,PB-Advanced-012,IMO-hard,1,competition-hard,False,7,9,36,0,0.0,0.0,,,,
scaling,scaling_reasoning,gemma-4-31b-it,openrouter/google/gemma-4-31b-it,max,PB-Advanced-012,IMO-hard,1,competition-hard,False,9,9,1,0.0,0.0,0.0,,,,
scaling,scaling_reasoning,gemma-4-31b-it,openrouter/google/gemma-4-31b-it,max,PB-Advanced-013,IMO-easy,1,competition-hard,False,1,9,9,0,0.0,0.0,,,,
scaling,scaling_reasoning,gemma-4-31b-it,openrouter/google/gemma-4-31b-it,max,PB-Advanced-013,IMO-easy,1,competition-hard,False,3,9,84,0,0.0,0.0,,,,
scaling,scaling_reasoning,gemma-4-31b-it,openrouter/google/gemma-4-31b-it,max,PB-Advanced-013,IMO-easy,1,competition-hard,False,5,9,126,0,0.0,0.0,,,,
scaling,scaling_reasoning,gemma-4-31b-it,openrouter/google/gemma-4-31b-it,max,PB-Advanced-013,IMO-easy,1,competition-hard,False,7,9,36,0,0.0,0.0,,,,
scaling,scaling_reasoning,gemma-4-31b-it,openrouter/google/gemma-4-31b-it,max,PB-Advanced-013,IMO-easy,1,competition-hard,False,9,9,1,0.0,0.0,0.0,,,,
scaling,scaling_reasoning,gemma-4-31b-it,openrouter/google/gemma-4-31b-it,max,PB-Advanced-014,IMO-medium,1,competition-hard,False,1,9,9,1,0.0,0.0,,,,
scaling,scaling_reasoning,gemma-4-31b-it,openrouter/google/gemma-4-31b-it,max,PB-Advanced-014,IMO-medium,1,competition-hard,False,3,9,84,1,0.0,0.0,,,,
scaling,scaling_reasoning,gemma-4-31b-it,openrouter/google/gemma-4-31b-it,max,PB-Advanced-014,IMO-medium,1,competition-hard,False,5,9,126,1,0.0,0.0,,,,
scaling,scaling_reasoning,gemma-4-31b-it,openrouter/google/gemma-4-31b-it,max,PB-Advanced-014,IMO-medium,1,competition-hard,False,7,9,36,1,0.0,0.0,,,,
scaling,scaling_reasoning,gemma-4-31b-it,openrouter/google/gemma-4-31b-it,max,PB-Advanced-014,IMO-medium,1,competition-hard,False,9,9,1,1.0,0.0,0.0,,,,
scaling,scaling_reasoning,gemma-4-31b-it,openrouter/google/gemma-4-31b-it,max,PB-Advanced-015,IMO-hard,1,competition-hard,False,1,9,9,0,0.0,0.0,,,,
scaling,scaling_reasoning,gemma-4-31b-it,openrouter/google/gemma-4-31b-it,max,PB-Advanced-015,IMO-hard,1,competition-hard,False,3,9,84,0,0.0,0.0,,,,
scaling,scaling_reasoning,gemma-4-31b-it,openrouter/google/gemma-4-31b-it,max,PB-Advanced-015,IMO-hard,1,competition-hard,False,5,9,126,0,0.0,0.0,,,,
scaling,scaling_reasoning,gemma-4-31b-it,openrouter/google/gemma-4-31b-it,max,PB-Advanced-015,IMO-hard,1,competition-hard,False,7,9,36,0,0.0,0.0,,,,
scaling,scaling_reasoning,gemma-4-31b-it,openrouter/google/gemma-4-31b-it,max,PB-Advanced-015,IMO-hard,1,competition-hard,False,9,9,1,0.0,0.0,0.0,,,,
scaling,scaling_reasoning,gemma-4-31b-it,openrouter/google/gemma-4-31b-it,max,PB-Advanced-016,IMO-easy,1,competition-hard,False,1,9,9,0,0.0,0.0,,,,
scaling,scaling_reasoning,gemma-4-31b-it,openrouter/google/gemma-4-31b-it,max,PB-Advanced-016,IMO-easy,1,competition-hard,False,3,9,84,0,0.0,0.0,,,,
scaling,scaling_reasoning,gemma-4-31b-it,openrouter/google/gemma-4-31b-it,max,PB-Advanced-016,IMO-easy,1,competition-hard,False,5,9,126,0,0.0,0.0,,,,
scaling,scaling_reasoning,gemma-4-31b-it,openrouter/google/gemma-4-31b-it,max,PB-Advanced-016,IMO-easy,1,competition-hard,False,7,9,36,0,0.0,0.0,,,,
scaling,scaling_reasoning,gemma-4-31b-it,openrouter/google/gemma-4-31b-it,max,PB-Advanced-016,IMO-easy,1,competition-hard,False,9,9,1,0.0,0.0,0.0,,,,
scaling,scaling_reasoning,gemma-4-31b-it,openrouter/google/gemma-4-31b-it,max,PB-Advanced-017,IMO-easy,1,competition-hard,False,1,9,9,1.3333,2.4944,0.2222,,,,
scaling,scaling_reasoning,gemma-4-31b-it,openrouter/google/gemma-4-31b-it,max,PB-Advanced-017,IMO-easy,1,competition-hard,False,3,9,84,3.5,2.958,0.5833,,,,
scaling,scaling_reasoning,gemma-4-31b-it,openrouter/google/gemma-4-31b-it,max,PB-Advanced-017,IMO-easy,1,competition-hard,False,5,9,126,5,2.2361,0.8333,,,,
scaling,scaling_reasoning,gemma-4-31b-it,openrouter/google/gemma-4-31b-it,max,PB-Advanced-017,IMO-easy,1,competition-hard,False,7,9,36,5.8333,0.986,0.9722,,,,
scaling,scaling_reasoning,gemma-4-31b-it,openrouter/google/gemma-4-31b-it,max,PB-Advanced-017,IMO-easy,1,competition-hard,False,9,9,1,6.0,0.0,1.0,,,,
scaling,scaling_reasoning,gemma-4-31b-it,openrouter/google/gemma-4-31b-it,max,PB-Advanced-018,IMO-hard,1,competition-hard,False,1,9,9,0,0.0,0.0,,,,
scaling,scaling_reasoning,gemma-4-31b-it,openrouter/google/gemma-4-31b-it,max,PB-Advanced-018,IMO-hard,1,competition-hard,False,3,9,84,0,0.0,0.0,,,,
scaling,scaling_reasoning,gemma-4-31b-it,openrouter/google/gemma-4-31b-it,max,PB-Advanced-018,IMO-hard,1,competition-hard,False,5,9,126,0,0.0,0.0,,,,
scaling,scaling_reasoning,gemma-4-31b-it,openrouter/google/gemma-4-31b-it,max,PB-Advanced-018,IMO-hard,1,competition-hard,False,7,9,36,0,0.0,0.0,,,,
scaling,scaling_reasoning,gemma-4-31b-it,openrouter/google/gemma-4-31b-it,max,PB-Advanced-018,IMO-hard,1,competition-hard,False,9,9,1,0.0,0.0,0.0,,,,
scaling,scaling_reasoning,gemma-4-31b-it,openrouter/google/gemma-4-31b-it,max,PB-Advanced-019,IMO-easy,1,competition-hard,False,1,9,9,1.7778,2.8197,0.2222,,,,
scaling,scaling_reasoning,gemma-4-31b-it,openrouter/google/gemma-4-31b-it,max,PB-Advanced-019,IMO-easy,1,competition-hard,False,3,9,84,4.381,3.1126,0.5833,,,,
scaling,scaling_reasoning,gemma-4-31b-it,openrouter/google/gemma-4-31b-it,max,PB-Advanced-019,IMO-easy,1,competition-hard,False,5,9,126,5.9921,2.2555,0.8333,,,,
scaling,scaling_reasoning,gemma-4-31b-it,openrouter/google/gemma-4-31b-it,max,PB-Advanced-019,IMO-easy,1,competition-hard,False,7,9,36,6.8333,0.986,0.9722,,,,
scaling,scaling_reasoning,gemma-4-31b-it,openrouter/google/gemma-4-31b-it,max,PB-Advanced-019,IMO-easy,1,competition-hard,False,9,9,1,7.0,0.0,1.0,,,,
scaling,scaling_reasoning,gemma-4-31b-it,openrouter/google/gemma-4-31b-it,max,PB-Advanced-020,IMO-medium,1,competition-hard,False,1,9,9,0.1111,0.3143,0.0,,,,
scaling,scaling_reasoning,gemma-4-31b-it,openrouter/google/gemma-4-31b-it,max,PB-Advanced-020,IMO-medium,1,competition-hard,False,3,9,84,0.3333,0.4714,0.0,,,,
scaling,scaling_reasoning,gemma-4-31b-it,openrouter/google/gemma-4-31b-it,max,PB-Advanced-020,IMO-medium,1,competition-hard,False,5,9,126,0.5556,0.4969,0.0,,,,
scaling,scaling_reasoning,gemma-4-31b-it,openrouter/google/gemma-4-31b-it,max,PB-Advanced-020,IMO-medium,1,competition-hard,False,7,9,36,0.7778,0.4157,0.0,,,,
scaling,scaling_reasoning,gemma-4-31b-it,openrouter/google/gemma-4-31b-it,max,PB-Advanced-020,IMO-medium,1,competition-hard,False,9,9,1,1.0,0.0,0.0,,,,
scaling,scaling_reasoning,gemma-4-31b-it,openrouter/google/gemma-4-31b-it,max,PB-Advanced-021,IMO-hard,1,competition-hard,False,1,9,9,0,0.0,0.0,,,,
scaling,scaling_reasoning,gemma-4-31b-it,openrouter/google/gemma-4-31b-it,max,PB-Advanced-021,IMO-hard,1,competition-hard,False,3,9,84,0,0.0,0.0,,,,
scaling,scaling_reasoning,gemma-4-31b-it,openrouter/google/gemma-4-31b-it,max,PB-Advanced-021,IMO-hard,1,competition-hard,False,5,9,126,0,0.0,0.0,,,,
scaling,scaling_reasoning,gemma-4-31b-it,openrouter/google/gemma-4-31b-it,max,PB-Advanced-021,IMO-hard,1,competition-hard,False,7,9,36,0,0.0,0.0,,,,
scaling,scaling_reasoning,gemma-4-31b-it,openrouter/google/gemma-4-31b-it,max,PB-Advanced-021,IMO-hard,1,competition-hard,False,9,9,1,0.0,0.0,0.0,,,,
scaling,scaling_reasoning,gemma-4-31b-it,openrouter/google/gemma-4-31b-it,max,PB-Advanced-022,IMO-easy,1,competition-hard,False,1,9,9,0,0.0,0.0,,,,
scaling,scaling_reasoning,gemma-4-31b-it,openrouter/google/gemma-4-31b-it,max,PB-Advanced-022,IMO-easy,1,competition-hard,False,3,9,84,0,0.0,0.0,,,,
scaling,scaling_reasoning,gemma-4-31b-it,openrouter/google/gemma-4-31b-it,max,PB-Advanced-022,IMO-easy,1,competition-hard,False,5,9,126,0,0.0,0.0,,,,
scaling,scaling_reasoning,gemma-4-31b-it,openrouter/google/gemma-4-31b-it,max,PB-Advanced-022,IMO-easy,1,competition-hard,False,7,9,36,0,0.0,0.0,,,,
scaling,scaling_reasoning,gemma-4-31b-it,openrouter/google/gemma-4-31b-it,max,PB-Advanced-022,IMO-easy,1,competition-hard,False,9,9,1,0.0,0.0,0.0,,,,
scaling,scaling_reasoning,gemma-4-31b-it,openrouter/google/gemma-4-31b-it,max,PB-Advanced-023,IMO-medium,1,competition-hard,False,1,9,9,0.2222,0.4157,0.0,,,,
scaling,scaling_reasoning,gemma-4-31b-it,openrouter/google/gemma-4-31b-it,max,PB-Advanced-023,IMO-medium,1,competition-hard,False,3,9,84,0.5833,0.493,0.0,,,,
scaling,scaling_reasoning,gemma-4-31b-it,openrouter/google/gemma-4-31b-it,max,PB-Advanced-023,IMO-medium,1,competition-hard,False,5,9,126,0.8333,0.3727,0.0,,,,
scaling,scaling_reasoning,gemma-4-31b-it,openrouter/google/gemma-4-31b-it,max,PB-Advanced-023,IMO-medium,1,competition-hard,False,7,9,36,0.9722,0.1643,0.0,,,,
scaling,scaling_reasoning,gemma-4-31b-it,openrouter/google/gemma-4-31b-it,max,PB-Advanced-023,IMO-medium,1,competition-hard,False,9,9,1,1.0,0.0,0.0,,,,
scaling,scaling_reasoning,gemma-4-31b-it,openrouter/google/gemma-4-31b-it,max,PB-Advanced-024,IMO-hard,1,competition-hard,False,1,9,9,0,0.0,0.0,,,,
scaling,scaling_reasoning,gemma-4-31b-it,openrouter/google/gemma-4-31b-it,max,PB-Advanced-024,IMO-hard,1,competition-hard,False,3,9,84,0,0.0,0.0,,,,
scaling,scaling_reasoning,gemma-4-31b-it,openrouter/google/gemma-4-31b-it,max,PB-Advanced-024,IMO-hard,1,competition-hard,False,5,9,126,0,0.0,0.0,,,,
scaling,scaling_reasoning,gemma-4-31b-it,openrouter/google/gemma-4-31b-it,max,PB-Advanced-024,IMO-hard,1,competition-hard,False,7,9,36,0,0.0,0.0,,,,
scaling,scaling_reasoning,gemma-4-31b-it,openrouter/google/gemma-4-31b-it,max,PB-Advanced-024,IMO-hard,1,competition-hard,False,9,9,1,0.0,0.0,0.0,,,,
scaling,scaling_reasoning,gemma-4-31b-it,openrouter/google/gemma-4-31b-it,max,PB-Advanced-025,IMO-easy,1,competition-hard,False,1,9,9,3.1111,3.4783,0.4444,,,,
scaling,scaling_reasoning,gemma-4-31b-it,openrouter/google/gemma-4-31b-it,max,PB-Advanced-025,IMO-easy,1,competition-hard,False,3,9,84,6.1667,2.2669,0.881,,,,
scaling,scaling_reasoning,gemma-4-31b-it,openrouter/google/gemma-4-31b-it,max,PB-Advanced-025,IMO-easy,1,competition-hard,False,5,9,126,6.9444,0.6211,0.9921,,,,
scaling,scaling_reasoning,gemma-4-31b-it,openrouter/google/gemma-4-31b-it,max,PB-Advanced-025,IMO-easy,1,competition-hard,False,7,9,36,7,0.0,1.0,,,,
scaling,scaling_reasoning,gemma-4-31b-it,openrouter/google/gemma-4-31b-it,max,PB-Advanced-025,IMO-easy,1,competition-hard,False,9,9,1,7.0,0.0,1.0,,,,
scaling,scaling_reasoning,gemma-4-31b-it,openrouter/google/gemma-4-31b-it,max,PB-Advanced-026,IMO-medium,1,competition-hard,False,1,9,9,0.2222,0.4157,0.0,,,,
scaling,scaling_reasoning,gemma-4-31b-it,openrouter/google/gemma-4-31b-it,max,PB-Advanced-026,IMO-medium,1,competition-hard,False,3,9,84,0.5833,0.493,0.0,,,,
scaling,scaling_reasoning,gemma-4-31b-it,openrouter/google/gemma-4-31b-it,max,PB-Advanced-026,IMO-medium,1,competition-hard,False,5,9,126,0.8333,0.3727,0.0,,,,
scaling,scaling_reasoning,gemma-4-31b-it,openrouter/google/gemma-4-31b-it,max,PB-Advanced-026,IMO-medium,1,competition-hard,False,7,9,36,0.9722,0.1643,0.0,,,,
scaling,scaling_reasoning,gemma-4-31b-it,openrouter/google/gemma-4-31b-it,max,PB-Advanced-026,IMO-medium,1,competition-hard,False,9,9,1,1.0,0.0,0.0,,,,
scaling,scaling_reasoning,gemma-4-31b-it,openrouter/google/gemma-4-31b-it,max,PB-Advanced-027,IMO-hard,1,competition-hard,False,1,9,9,0,0.0,0.0,,,,
scaling,scaling_reasoning,gemma-4-31b-it,openrouter/google/gemma-4-31b-it,max,PB-Advanced-027,IMO-hard,1,competition-hard,False,3,9,84,0,0.0,0.0,,,,
scaling,scaling_reasoning,gemma-4-31b-it,openrouter/google/gemma-4-31b-it,max,PB-Advanced-027,IMO-hard,1,competition-hard,False,5,9,126,0,0.0,0.0,,,,
scaling,scaling_reasoning,gemma-4-31b-it,openrouter/google/gemma-4-31b-it,max,PB-Advanced-027,IMO-hard,1,competition-hard,False,7,9,36,0,0.0,0.0,,,,
scaling,scaling_reasoning,gemma-4-31b-it,openrouter/google/gemma-4-31b-it,max,PB-Advanced-027,IMO-hard,1,competition-hard,False,9,9,1,0.0,0.0,0.0,,,,
scaling,scaling_reasoning,gemma-4-31b-it,openrouter/google/gemma-4-31b-it,max,PB-Advanced-028,IMO-easy,1,competition-hard,False,1,9,9,4.6667,3.2998,0.6667,,,,
scaling,scaling_reasoning,gemma-4-31b-it,openrouter/google/gemma-4-31b-it,max,PB-Advanced-028,IMO-easy,1,competition-hard,False,3,9,84,6.9167,0.7592,0.9881,,,,
scaling,scaling_reasoning,gemma-4-31b-it,openrouter/google/gemma-4-31b-it,max,PB-Advanced-028,IMO-easy,1,competition-hard,False,5,9,126,7,0.0,1.0,,,,
scaling,scaling_reasoning,gemma-4-31b-it,openrouter/google/gemma-4-31b-it,max,PB-Advanced-028,IMO-easy,1,competition-hard,False,7,9,36,7,0.0,1.0,,,,
scaling,scaling_reasoning,gemma-4-31b-it,openrouter/google/gemma-4-31b-it,max,PB-Advanced-028,IMO-easy,1,competition-hard,False,9,9,1,7.0,0.0,1.0,,,,
scaling,scaling_reasoning,gemma-4-31b-it,openrouter/google/gemma-4-31b-it,max,PB-Advanced-029,IMO-medium,1,competition-hard,False,1,9,9,1.4444,2.0062,0.1111,,,,
scaling,scaling_reasoning,gemma-4-31b-it,openrouter/google/gemma-4-31b-it,max,PB-Advanced-029,IMO-medium,1,competition-hard,False,3,9,84,3,2.8284,0.3333,,,,
scaling,scaling_reasoning,gemma-4-31b-it,openrouter/google/gemma-4-31b-it,max,PB-Advanced-029,IMO-medium,1,competition-hard,False,5,9,126,4.3333,2.9814,0.5556,,,,
scaling,scaling_reasoning,gemma-4-31b-it,openrouter/google/gemma-4-31b-it,max,PB-Advanced-029,IMO-medium,1,competition-hard,False,7,9,36,5.6667,2.4944,0.7778,,,,
scaling,scaling_reasoning,gemma-4-31b-it,openrouter/google/gemma-4-31b-it,max,PB-Advanced-029,IMO-medium,1,competition-hard,False,9,9,1,7.0,0.0,1.0,,,,
scaling,scaling_reasoning,gemma-4-31b-it,openrouter/google/gemma-4-31b-it,max,PB-Advanced-030,IMO-hard,1,competition-hard,False,1,9,9,0,0.0,0.0,,,,
scaling,scaling_reasoning,gemma-4-31b-it,openrouter/google/gemma-4-31b-it,max,PB-Advanced-030,IMO-hard,1,competition-hard,False,3,9,84,0,0.0,0.0,,,,
scaling,scaling_reasoning,gemma-4-31b-it,openrouter/google/gemma-4-31b-it,max,PB-Advanced-030,IMO-hard,1,competition-hard,False,5,9,126,0,0.0,0.0,,,,
scaling,scaling_reasoning,gemma-4-31b-it,openrouter/google/gemma-4-31b-it,max,PB-Advanced-030,IMO-hard,1,competition-hard,False,7,9,36,0,0.0,0.0,,,,
scaling,scaling_reasoning,gemma-4-31b-it,openrouter/google/gemma-4-31b-it,max,PB-Advanced-030,IMO-hard,1,competition-hard,False,9,9,1,0.0,0.0,0.0,,,,
scaling,scaling_reasoning,gemma-4-31b-it,openrouter/google/gemma-4-31b-it,max,PB-Basic-001,IMO-easy,1,competition-hard,False,1,9,9,7,0.0,1.0,,,,
scaling,scaling_reasoning,gemma-4-31b-it,openrouter/google/gemma-4-31b-it,max,PB-Basic-001,IMO-easy,1,competition-hard,False,3,9,84,7,0.0,1.0,,,,
scaling,scaling_reasoning,gemma-4-31b-it,openrouter/google/gemma-4-31b-it,max,PB-Basic-001,IMO-easy,1,competition-hard,False,5,9,126,7,0.0,1.0,,,,
scaling,scaling_reasoning,gemma-4-31b-it,openrouter/google/gemma-4-31b-it,max,PB-Basic-001,IMO-easy,1,competition-hard,False,7,9,36,7,0.0,1.0,,,,
scaling,scaling_reasoning,gemma-4-31b-it,openrouter/google/gemma-4-31b-it,max,PB-Basic-001,IMO-easy,1,competition-hard,False,9,9,1,7.0,0.0,1.0,,,,
scaling,scaling_reasoning,gemma-4-31b-it,openrouter/google/gemma-4-31b-it,max,PB-Basic-002,pre-IMO,0,pre-competition,False,1,9,9,6.2222,2.1999,0.8889,,,,
scaling,scaling_reasoning,gemma-4-31b-it,openrouter/google/gemma-4-31b-it,max,PB-Basic-002,pre-IMO,0,pre-competition,False,3,9,84,7,0.0,1.0,,,,
scaling,scaling_reasoning,gemma-4-31b-it,openrouter/google/gemma-4-31b-it,max,PB-Basic-002,pre-IMO,0,pre-competition,False,5,9,126,7,0.0,1.0,,,,
scaling,scaling_reasoning,gemma-4-31b-it,openrouter/google/gemma-4-31b-it,max,PB-Basic-002,pre-IMO,0,pre-competition,False,7,9,36,7,0.0,1.0,,,,
scaling,scaling_reasoning,gemma-4-31b-it,openrouter/google/gemma-4-31b-it,max,PB-Basic-002,pre-IMO,0,pre-competition,False,9,9,1,7.0,0.0,1.0,,,,
scaling,scaling_reasoning,gemma-4-31b-it,openrouter/google/gemma-4-31b-it,max,PB-Basic-003,IMO-easy,1,competition-hard,False,1,9,9,1.7778,2.8197,0.2222,,,,
scaling,scaling_reasoning,gemma-4-31b-it,openrouter/google/gemma-4-31b-it,max,PB-Basic-003,IMO-easy,1,competition-hard,False,3,9,84,4.381,3.1126,0.5833,,,,
scaling,scaling_reasoning,gemma-4-31b-it,openrouter/google/gemma-4-31b-it,max,PB-Basic-003,IMO-easy,1,competition-hard,False,5,9,126,5.9921,2.2555,0.8333,,,,
scaling,scaling_reasoning,gemma-4-31b-it,openrouter/google/gemma-4-31b-it,max,PB-Basic-003,IMO-easy,1,competition-hard,False,7,9,36,6.8333,0.986,0.9722,,,,
scaling,scaling_reasoning,gemma-4-31b-it,openrouter/google/gemma-4-31b-it,max,PB-Basic-003,IMO-easy,1,competition-hard,False,9,9,1,7.0,0.0,1.0,,,,
scaling,scaling_reasoning,gemma-4-31b-it,openrouter/google/gemma-4-31b-it,max,PB-Basic-004,IMO-easy,1,competition-hard,False,1,9,9,3.1111,3.4783,0.4444,,,,
scaling,scaling_reasoning,gemma-4-31b-it,openrouter/google/gemma-4-31b-it,max,PB-Basic-004,IMO-easy,1,competition-hard,False,3,9,84,6.1667,2.2669,0.881,,,,
scaling,scaling_reasoning,gemma-4-31b-it,openrouter/google/gemma-4-31b-it,max,PB-Basic-004,IMO-easy,1,competition-hard,False,5,9,126,6.9444,0.6211,0.9921,,,,
scaling,scaling_reasoning,gemma-4-31b-it,openrouter/google/gemma-4-31b-it,max,PB-Basic-004,IMO-easy,1,competition-hard,False,7,9,36,7,0.0,1.0,,,,
scaling,scaling_reasoning,gemma-4-31b-it,openrouter/google/gemma-4-31b-it,max,PB-Basic-004,IMO-easy,1,competition-hard,False,9,9,1,7.0,0.0,1.0,,,,
scaling,scaling_reasoning,gemma-4-31b-it,openrouter/google/gemma-4-31b-it,max,PB-Basic-005,IMO-easy,1,competition-hard,False,1,9,9,2.8889,3.247,0.4444,,,,
scaling,scaling_reasoning,gemma-4-31b-it,openrouter/google/gemma-4-31b-it,max,PB-Basic-005,IMO-easy,1,competition-hard,False,3,9,84,5.869,2.2027,0.881,,,,
scaling,scaling_reasoning,gemma-4-31b-it,openrouter/google/gemma-4-31b-it,max,PB-Basic-005,IMO-easy,1,competition-hard,False,5,9,126,6.7857,0.7083,0.9921,,,,
scaling,scaling_reasoning,gemma-4-31b-it,openrouter/google/gemma-4-31b-it,max,PB-Basic-005,IMO-easy,1,competition-hard,False,7,9,36,6.9722,0.1643,1.0,,,,
scaling,scaling_reasoning,gemma-4-31b-it,openrouter/google/gemma-4-31b-it,max,PB-Basic-005,IMO-easy,1,competition-hard,False,9,9,1,7.0,0.0,1.0,,,,
scaling,scaling_reasoning,gemma-4-31b-it,openrouter/google/gemma-4-31b-it,max,PB-Basic-006,IMO-medium,1,competition-hard,False,1,9,9,0,0.0,0.0,,,,
scaling,scaling_reasoning,gemma-4-31b-it,openrouter/google/gemma-4-31b-it,max,PB-Basic-006,IMO-medium,1,competition-hard,False,3,9,84,0,0.0,0.0,,,,
scaling,scaling_reasoning,gemma-4-31b-it,openrouter/google/gemma-4-31b-it,max,PB-Basic-006,IMO-medium,1,competition-hard,False,5,9,126,0,0.0,0.0,,,,
scaling,scaling_reasoning,gemma-4-31b-it,openrouter/google/gemma-4-31b-it,max,PB-Basic-006,IMO-medium,1,competition-hard,False,7,9,36,0,0.0,0.0,,,,
scaling,scaling_reasoning,gemma-4-31b-it,openrouter/google/gemma-4-31b-it,max,PB-Basic-006,IMO-medium,1,competition-hard,False,9,9,1,0.0,0.0,0.0,,,,
scaling,scaling_reasoning,gemma-4-31b-it,openrouter/google/gemma-4-31b-it,max,PB-Basic-007,IMO-medium,1,competition-hard,False,1,9,9,0,0.0,0.0,,,,
scaling,scaling_reasoning,gemma-4-31b-it,openrouter/google/gemma-4-31b-it,max,PB-Basic-007,IMO-medium,1,competition-hard,False,3,9,84,0,0.0,0.0,,,,
scaling,scaling_reasoning,gemma-4-31b-it,openrouter/google/gemma-4-31b-it,max,PB-Basic-007,IMO-medium,1,competition-hard,False,5,9,126,0,0.0,0.0,,,,
scaling,scaling_reasoning,gemma-4-31b-it,openrouter/google/gemma-4-31b-it,max,PB-Basic-007,IMO-medium,1,competition-hard,False,7,9,36,0,0.0,0.0,,,,
scaling,scaling_reasoning,gemma-4-31b-it,openrouter/google/gemma-4-31b-it,max,PB-Basic-007,IMO-medium,1,competition-hard,False,9,9,1,0.0,0.0,0.0,,,,
scaling,scaling_reasoning,gemma-4-31b-it,openrouter/google/gemma-4-31b-it,max,PB-Basic-008,pre-IMO,0,pre-competition,False,1,9,9,1.5556,2.4088,0.2222,,,,
scaling,scaling_reasoning,gemma-4-31b-it,openrouter/google/gemma-4-31b-it,max,PB-Basic-008,pre-IMO,0,pre-competition,False,3,9,84,3.7976,2.6222,0.5833,,,,
scaling,scaling_reasoning,gemma-4-31b-it,openrouter/google/gemma-4-31b-it,max,PB-Basic-008,pre-IMO,0,pre-competition,False,5,9,126,5.1587,1.8831,0.8333,,,,
scaling,scaling_reasoning,gemma-4-31b-it,openrouter/google/gemma-4-31b-it,max,PB-Basic-008,pre-IMO,0,pre-competition,False,7,9,36,5.8611,0.8217,0.9722,,,,
scaling,scaling_reasoning,gemma-4-31b-it,openrouter/google/gemma-4-31b-it,max,PB-Basic-008,pre-IMO,0,pre-competition,False,9,9,1,6.0,0.0,1.0,,,,
scaling,scaling_reasoning,gemma-4-31b-it,openrouter/google/gemma-4-31b-it,max,PB-Basic-009,IMO-easy,1,competition-hard,False,1,9,9,0.1111,0.3143,0.0,,,,
scaling,scaling_reasoning,gemma-4-31b-it,openrouter/google/gemma-4-31b-it,max,PB-Basic-009,IMO-easy,1,competition-hard,False,3,9,84,0.3333,0.4714,0.0,,,,
scaling,scaling_reasoning,gemma-4-31b-it,openrouter/google/gemma-4-31b-it,max,PB-Basic-009,IMO-easy,1,competition-hard,False,5,9,126,0.5556,0.4969,0.0,,,,
scaling,scaling_reasoning,gemma-4-31b-it,openrouter/google/gemma-4-31b-it,max,PB-Basic-009,IMO-easy,1,competition-hard,False,7,9,36,0.7778,0.4157,0.0,,,,
scaling,scaling_reasoning,gemma-4-31b-it,openrouter/google/gemma-4-31b-it,max,PB-Basic-009,IMO-easy,1,competition-hard,False,9,9,1,1.0,0.0,0.0,,,,
scaling,scaling_reasoning,gemma-4-31b-it,openrouter/google/gemma-4-31b-it,max,PB-Basic-010,IMO-easy,1,competition-hard,False,1,9,9,7,0.0,1.0,,,,
scaling,scaling_reasoning,gemma-4-31b-it,openrouter/google/gemma-4-31b-it,max,PB-Basic-010,IMO-easy,1,competition-hard,False,3,9,84,7,0.0,1.0,,,,
scaling,scaling_reasoning,gemma-4-31b-it,openrouter/google/gemma-4-31b-it,max,PB-Basic-010,IMO-easy,1,competition-hard,False,5,9,126,7,0.0,1.0,,,,
scaling,scaling_reasoning,gemma-4-31b-it,openrouter/google/gemma-4-31b-it,max,PB-Basic-010,IMO-easy,1,competition-hard,False,7,9,36,7,0.0,1.0,,,,
scaling,scaling_reasoning,gemma-4-31b-it,openrouter/google/gemma-4-31b-it,max,PB-Basic-010,IMO-easy,1,competition-hard,False,9,9,1,7.0,0.0,1.0,,,,
scaling,scaling_reasoning,gemma-4-31b-it,openrouter/google/gemma-4-31b-it,max,PB-Basic-011,IMO-easy,1,competition-hard,False,1,9,9,5.4444,2.6713,0.7778,,,,
scaling,scaling_reasoning,gemma-4-31b-it,openrouter/google/gemma-4-31b-it,max,PB-Basic-011,IMO-easy,1,competition-hard,False,3,9,84,6.9881,0.1085,1.0,,,,
scaling,scaling_reasoning,gemma-4-31b-it,openrouter/google/gemma-4-31b-it,max,PB-Basic-011,IMO-easy,1,competition-hard,False,5,9,126,7,0.0,1.0,,,,
scaling,scaling_reasoning,gemma-4-31b-it,openrouter/google/gemma-4-31b-it,max,PB-Basic-011,IMO-easy,1,competition-hard,False,7,9,36,7,0.0,1.0,,,,
scaling,scaling_reasoning,gemma-4-31b-it,openrouter/google/gemma-4-31b-it,max,PB-Basic-011,IMO-easy,1,competition-hard,False,9,9,1,7.0,0.0,1.0,,,,
scaling,scaling_reasoning,gemma-4-31b-it,openrouter/google/gemma-4-31b-it,max,PB-Basic-012,IMO-medium,1,competition-hard,False,1,9,9,3.6667,3.2998,0.5556,,,,
scaling,scaling_reasoning,gemma-4-31b-it,openrouter/google/gemma-4-31b-it,max,PB-Basic-012,IMO-medium,1,competition-hard,False,3,9,84,6.4762,1.4998,0.9524,,,,
scaling,scaling_reasoning,gemma-4-31b-it,openrouter/google/gemma-4-31b-it,max,PB-Basic-012,IMO-medium,1,competition-hard,False,5,9,126,6.9524,0.213,1.0,,,,
scaling,scaling_reasoning,gemma-4-31b-it,openrouter/google/gemma-4-31b-it,max,PB-Basic-012,IMO-medium,1,competition-hard,False,7,9,36,7,0.0,1.0,,,,
scaling,scaling_reasoning,gemma-4-31b-it,openrouter/google/gemma-4-31b-it,max,PB-Basic-012,IMO-medium,1,competition-hard,False,9,9,1,7.0,0.0,1.0,,,,
scaling,scaling_reasoning,gemma-4-31b-it,openrouter/google/gemma-4-31b-it,max,PB-Basic-013,pre-IMO,0,pre-competition,False,1,9,9,6.2222,2.1999,0.8889,,,,
scaling,scaling_reasoning,gemma-4-31b-it,openrouter/google/gemma-4-31b-it,max,PB-Basic-013,pre-IMO,0,pre-competition,False,3,9,84,7,0.0,1.0,,,,
scaling,scaling_reasoning,gemma-4-31b-it,openrouter/google/gemma-4-31b-it,max,PB-Basic-013,pre-IMO,0,pre-competition,False,5,9,126,7,0.0,1.0,,,,
scaling,scaling_reasoning,gemma-4-31b-it,openrouter/google/gemma-4-31b-it,max,PB-Basic-013,pre-IMO,0,pre-competition,False,7,9,36,7,0.0,1.0,,,,
scaling,scaling_reasoning,gemma-4-31b-it,openrouter/google/gemma-4-31b-it,max,PB-Basic-013,pre-IMO,0,pre-competition,False,9,9,1,7.0,0.0,1.0,,,,
scaling,scaling_reasoning,gemma-4-31b-it,openrouter/google/gemma-4-31b-it,max,PB-Basic-014,pre-IMO,0,pre-competition,False,1,9,9,6.7778,0.4157,1.0,,,,
scaling,scaling_reasoning,gemma-4-31b-it,openrouter/google/gemma-4-31b-it,max,PB-Basic-014,pre-IMO,0,pre-competition,False,3,9,84,7,0.0,1.0,,,,
scaling,scaling_reasoning,gemma-4-31b-it,openrouter/google/gemma-4-31b-it,max,PB-Basic-014,pre-IMO,0,pre-competition,False,5,9,126,7,0.0,1.0,,,,
scaling,scaling_reasoning,gemma-4-31b-it,openrouter/google/gemma-4-31b-it,max,PB-Basic-014,pre-IMO,0,pre-competition,False,7,9,36,7,0.0,1.0,,,,
scaling,scaling_reasoning,gemma-4-31b-it,openrouter/google/gemma-4-31b-it,max,PB-Basic-014,pre-IMO,0,pre-competition,False,9,9,1,7.0,0.0,1.0,,,,
scaling,scaling_reasoning,gemma-4-31b-it,openrouter/google/gemma-4-31b-it,max,PB-Basic-015,pre-IMO,0,pre-competition,False,1,9,9,5,2.8284,0.6667,,,,
scaling,scaling_reasoning,gemma-4-31b-it,openrouter/google/gemma-4-31b-it,max,PB-Basic-015,pre-IMO,0,pre-competition,False,3,9,84,6.9286,0.6507,0.9881,,,,
scaling,scaling_reasoning,gemma-4-31b-it,openrouter/google/gemma-4-31b-it,max,PB-Basic-015,pre-IMO,0,pre-competition,False,5,9,126,7,0.0,1.0,,,,
scaling,scaling_reasoning,gemma-4-31b-it,openrouter/google/gemma-4-31b-it,max,PB-Basic-015,pre-IMO,0,pre-competition,False,7,9,36,7,0.0,1.0,,,,
scaling,scaling_reasoning,gemma-4-31b-it,openrouter/google/gemma-4-31b-it,max,PB-Basic-015,pre-IMO,0,pre-competition,False,9,9,1,7.0,0.0,1.0,,,,
scaling,scaling_reasoning,gemma-4-31b-it,openrouter/google/gemma-4-31b-it,max,PB-Basic-016,pre-IMO,0,pre-competition,False,1,9,9,7,0.0,1.0,,,,
scaling,scaling_reasoning,gemma-4-31b-it,openrouter/google/gemma-4-31b-it,max,PB-Basic-016,pre-IMO,0,pre-competition,False,3,9,84,7,0.0,1.0,,,,
scaling,scaling_reasoning,gemma-4-31b-it,openrouter/google/gemma-4-31b-it,max,PB-Basic-016,pre-IMO,0,pre-competition,False,5,9,126,7,0.0,1.0,,,,
scaling,scaling_reasoning,gemma-4-31b-it,openrouter/google/gemma-4-31b-it,max,PB-Basic-016,pre-IMO,0,pre-competition,False,7,9,36,7,0.0,1.0,,,,
scaling,scaling_reasoning,gemma-4-31b-it,openrouter/google/gemma-4-31b-it,max,PB-Basic-016,pre-IMO,0,pre-competition,False,9,9,1,7.0,0.0,1.0,,,,
scaling,scaling_reasoning,gemma-4-31b-it,openrouter/google/gemma-4-31b-it,max,PB-Basic-017,pre-IMO,0,pre-competition,False,1,9,9,7,0.0,1.0,,,,
scaling,scaling_reasoning,gemma-4-31b-it,openrouter/google/gemma-4-31b-it,max,PB-Basic-017,pre-IMO,0,pre-competition,False,3,9,84,7,0.0,1.0,,,,
scaling,scaling_reasoning,gemma-4-31b-it,openrouter/google/gemma-4-31b-it,max,PB-Basic-017,pre-IMO,0,pre-competition,False,5,9,126,7,0.0,1.0,,,,
scaling,scaling_reasoning,gemma-4-31b-it,openrouter/google/gemma-4-31b-it,max,PB-Basic-017,pre-IMO,0,pre-competition,False,7,9,36,7,0.0,1.0,,,,
scaling,scaling_reasoning,gemma-4-31b-it,openrouter/google/gemma-4-31b-it,max,PB-Basic-017,pre-IMO,0,pre-competition,False,9,9,1,7.0,0.0,1.0,,,,
scaling,scaling_reasoning,gemma-4-31b-it,openrouter/google/gemma-4-31b-it,max,PB-Basic-018,pre-IMO,0,pre-competition,False,1,9,9,4.5556,2.5434,0.6667,,,,
scaling,scaling_reasoning,gemma-4-31b-it,openrouter/google/gemma-4-31b-it,max,PB-Basic-018,pre-IMO,0,pre-competition,False,3,9,84,6.5238,0.7788,0.9881,,,,
scaling,scaling_reasoning,gemma-4-31b-it,openrouter/google/gemma-4-31b-it,max,PB-Basic-018,pre-IMO,0,pre-competition,False,5,9,126,6.8333,0.3727,1.0,,,,
scaling,scaling_reasoning,gemma-4-31b-it,openrouter/google/gemma-4-31b-it,max,PB-Basic-018,pre-IMO,0,pre-competition,False,7,9,36,6.9722,0.1643,1.0,,,,
scaling,scaling_reasoning,gemma-4-31b-it,openrouter/google/gemma-4-31b-it,max,PB-Basic-018,pre-IMO,0,pre-competition,False,9,9,1,7.0,0.0,1.0,,,,
scaling,scaling_reasoning,gemma-4-31b-it,openrouter/google/gemma-4-31b-it,max,PB-Basic-019,IMO-easy,1,competition-hard,False,1,9,9,7,0.0,1.0,,,,
scaling,scaling_reasoning,gemma-4-31b-it,openrouter/google/gemma-4-31b-it,max,PB-Basic-019,IMO-easy,1,competition-hard,False,3,9,84,7,0.0,1.0,,,,
scaling,scaling_reasoning,gemma-4-31b-it,openrouter/google/gemma-4-31b-it,max,PB-Basic-019,IMO-easy,1,competition-hard,False,5,9,126,7,0.0,1.0,,,,
scaling,scaling_reasoning,gemma-4-31b-it,openrouter/google/gemma-4-31b-it,max,PB-Basic-019,IMO-easy,1,competition-hard,False,7,9,36,7,0.0,1.0,,,,
scaling,scaling_reasoning,gemma-4-31b-it,openrouter/google/gemma-4-31b-it,max,PB-Basic-019,IMO-easy,1,competition-hard,False,9,9,1,7.0,0.0,1.0,,,,
scaling,scaling_reasoning,gemma-4-31b-it,openrouter/google/gemma-4-31b-it,max,PB-Basic-020,IMO-easy,1,competition-hard,False,1,9,9,5.2222,2.8197,0.7778,,,,
scaling,scaling_reasoning,gemma-4-31b-it,openrouter/google/gemma-4-31b-it,max,PB-Basic-020,IMO-easy,1,competition-hard,False,3,9,84,6.9524,0.213,1.0,,,,
scaling,scaling_reasoning,gemma-4-31b-it,openrouter/google/gemma-4-31b-it,max,PB-Basic-020,IMO-easy,1,competition-hard,False,5,9,126,7,0.0,1.0,,,,
scaling,scaling_reasoning,gemma-4-31b-it,openrouter/google/gemma-4-31b-it,max,PB-Basic-020,IMO-easy,1,competition-hard,False,7,9,36,7,0.0,1.0,,,,
scaling,scaling_reasoning,gemma-4-31b-it,openrouter/google/gemma-4-31b-it,max,PB-Basic-020,IMO-easy,1,competition-hard,False,9,9,1,7.0,0.0,1.0,,,,
scaling,scaling_reasoning,gemma-4-31b-it,openrouter/google/gemma-4-31b-it,max,PB-Basic-021,IMO-easy,1,competition-hard,False,1,9,9,3.7778,3.3921,0.5556,,,,
scaling,scaling_reasoning,gemma-4-31b-it,openrouter/google/gemma-4-31b-it,max,PB-Basic-021,IMO-easy,1,competition-hard,False,3,9,84,6.5952,1.497,0.9524,,,,
scaling,scaling_reasoning,gemma-4-31b-it,openrouter/google/gemma-4-31b-it,max,PB-Basic-021,IMO-easy,1,competition-hard,False,5,9,126,6.9921,0.0887,1.0,,,,
scaling,scaling_reasoning,gemma-4-31b-it,openrouter/google/gemma-4-31b-it,max,PB-Basic-021,IMO-easy,1,competition-hard,False,7,9,36,7,0.0,1.0,,,,
scaling,scaling_reasoning,gemma-4-31b-it,openrouter/google/gemma-4-31b-it,max,PB-Basic-021,IMO-easy,1,competition-hard,False,9,9,1,7.0,0.0,1.0,,,,
scaling,scaling_reasoning,gemma-4-31b-it,openrouter/google/gemma-4-31b-it,max,PB-Basic-022,IMO-easy,1,competition-hard,False,1,9,9,0.6667,1.8856,0.1111,,,,
scaling,scaling_reasoning,gemma-4-31b-it,openrouter/google/gemma-4-31b-it,max,PB-Basic-022,IMO-easy,1,competition-hard,False,3,9,84,2,2.8284,0.3333,,,,
scaling,scaling_reasoning,gemma-4-31b-it,openrouter/google/gemma-4-31b-it,max,PB-Basic-022,IMO-easy,1,competition-hard,False,5,9,126,3.3333,2.9814,0.5556,,,,
scaling,scaling_reasoning,gemma-4-31b-it,openrouter/google/gemma-4-31b-it,max,PB-Basic-022,IMO-easy,1,competition-hard,False,7,9,36,4.6667,2.4944,0.7778,,,,
scaling,scaling_reasoning,gemma-4-31b-it,openrouter/google/gemma-4-31b-it,max,PB-Basic-022,IMO-easy,1,competition-hard,False,9,9,1,6.0,0.0,1.0,,,,
scaling,scaling_reasoning,gemma-4-31b-it,openrouter/google/gemma-4-31b-it,max,PB-Basic-023,IMO-medium,1,competition-hard,False,1,9,9,0.1111,0.3143,0.0,,,,
scaling,scaling_reasoning,gemma-4-31b-it,openrouter/google/gemma-4-31b-it,max,PB-Basic-023,IMO-medium,1,competition-hard,False,3,9,84,0.3333,0.4714,0.0,,,,
scaling,scaling_reasoning,gemma-4-31b-it,openrouter/google/gemma-4-31b-it,max,PB-Basic-023,IMO-medium,1,competition-hard,False,5,9,126,0.5556,0.4969,0.0,,,,
scaling,scaling_reasoning,gemma-4-31b-it,openrouter/google/gemma-4-31b-it,max,PB-Basic-023,IMO-medium,1,competition-hard,False,7,9,36,0.7778,0.4157,0.0,,,,
scaling,scaling_reasoning,gemma-4-31b-it,openrouter/google/gemma-4-31b-it,max,PB-Basic-023,IMO-medium,1,competition-hard,False,9,9,1,1.0,0.0,0.0,,,,
scaling,scaling_reasoning,gemma-4-31b-it,openrouter/google/gemma-4-31b-it,max,PB-Basic-024,IMO-medium,1,competition-hard,False,1,9,9,1.8889,2.5142,0.2222,,,,
scaling,scaling_reasoning,gemma-4-31b-it,openrouter/google/gemma-4-31b-it,max,PB-Basic-024,IMO-medium,1,competition-hard,False,3,9,84,4.2381,2.7887,0.5833,,,,
scaling,scaling_reasoning,gemma-4-31b-it,openrouter/google/gemma-4-31b-it,max,PB-Basic-024,IMO-medium,1,competition-hard,False,5,9,126,5.7222,2.1552,0.8333,,,,
scaling,scaling_reasoning,gemma-4-31b-it,openrouter/google/gemma-4-31b-it,max,PB-Basic-024,IMO-medium,1,competition-hard,False,7,9,36,6.6389,1.0315,0.9722,,,,
scaling,scaling_reasoning,gemma-4-31b-it,openrouter/google/gemma-4-31b-it,max,PB-Basic-024,IMO-medium,1,competition-hard,False,9,9,1,7.0,0.0,1.0,,,,
scaling,scaling_reasoning,gemma-4-31b-it,openrouter/google/gemma-4-31b-it,max,PB-Basic-025,IMO-easy,1,competition-hard,False,1,9,9,4.5556,3.2356,0.6667,,,,
scaling,scaling_reasoning,gemma-4-31b-it,openrouter/google/gemma-4-31b-it,max,PB-Basic-025,IMO-easy,1,competition-hard,False,3,9,84,6.881,0.7777,0.9881,,,,
scaling,scaling_reasoning,gemma-4-31b-it,openrouter/google/gemma-4-31b-it,max,PB-Basic-025,IMO-easy,1,competition-hard,False,5,9,126,7,0.0,1.0,,,,
scaling,scaling_reasoning,gemma-4-31b-it,openrouter/google/gemma-4-31b-it,max,PB-Basic-025,IMO-easy,1,competition-hard,False,7,9,36,7,0.0,1.0,,,,
scaling,scaling_reasoning,gemma-4-31b-it,openrouter/google/gemma-4-31b-it,max,PB-Basic-025,IMO-easy,1,competition-hard,False,9,9,1,7.0,0.0,1.0,,,,
scaling,scaling_reasoning,gemma-4-31b-it,openrouter/google/gemma-4-31b-it,max,PB-Basic-026,IMO-medium,1,competition-hard,False,1,9,9,0,0.0,0.0,,,,
scaling,scaling_reasoning,gemma-4-31b-it,openrouter/google/gemma-4-31b-it,max,PB-Basic-026,IMO-medium,1,competition-hard,False,3,9,84,0,0.0,0.0,,,,
scaling,scaling_reasoning,gemma-4-31b-it,openrouter/google/gemma-4-31b-it,max,PB-Basic-026,IMO-medium,1,competition-hard,False,5,9,126,0,0.0,0.0,,,,
scaling,scaling_reasoning,gemma-4-31b-it,openrouter/google/gemma-4-31b-it,max,PB-Basic-026,IMO-medium,1,competition-hard,False,7,9,36,0,0.0,0.0,,,,
scaling,scaling_reasoning,gemma-4-31b-it,openrouter/google/gemma-4-31b-it,max,PB-Basic-026,IMO-medium,1,competition-hard,False,9,9,1,0.0,0.0,0.0,,,,
scaling,scaling_reasoning,gemma-4-31b-it,openrouter/google/gemma-4-31b-it,max,PB-Basic-027,IMO-easy,1,competition-hard,False,1,9,9,5.4444,2.9102,0.7778,,,,
scaling,scaling_reasoning,gemma-4-31b-it,openrouter/google/gemma-4-31b-it,max,PB-Basic-027,IMO-easy,1,competition-hard,False,3,9,84,7,0.0,1.0,,,,
scaling,scaling_reasoning,gemma-4-31b-it,openrouter/google/gemma-4-31b-it,max,PB-Basic-027,IMO-easy,1,competition-hard,False,5,9,126,7,0.0,1.0,,,,
scaling,scaling_reasoning,gemma-4-31b-it,openrouter/google/gemma-4-31b-it,max,PB-Basic-027,IMO-easy,1,competition-hard,False,7,9,36,7,0.0,1.0,,,,
scaling,scaling_reasoning,gemma-4-31b-it,openrouter/google/gemma-4-31b-it,max,PB-Basic-027,IMO-easy,1,competition-hard,False,9,9,1,7.0,0.0,1.0,,,,
scaling,scaling_reasoning,gemma-4-31b-it,openrouter/google/gemma-4-31b-it,max,PB-Basic-028,IMO-medium,1,competition-hard,False,1,9,9,0.1111,0.3143,0.0,,,,
scaling,scaling_reasoning,gemma-4-31b-it,openrouter/google/gemma-4-31b-it,max,PB-Basic-028,IMO-medium,1,competition-hard,False,3,9,84,0.3333,0.4714,0.0,,,,
scaling,scaling_reasoning,gemma-4-31b-it,openrouter/google/gemma-4-31b-it,max,PB-Basic-028,IMO-medium,1,competition-hard,False,5,9,126,0.5556,0.4969,0.0,,,,
scaling,scaling_reasoning,gemma-4-31b-it,openrouter/google/gemma-4-31b-it,max,PB-Basic-028,IMO-medium,1,competition-hard,False,7,9,36,0.7778,0.4157,0.0,,,,
scaling,scaling_reasoning,gemma-4-31b-it,openrouter/google/gemma-4-31b-it,max,PB-Basic-028,IMO-medium,1,competition-hard,False,9,9,1,1.0,0.0,0.0,,,,
scaling,scaling_reasoning,gemma-4-31b-it,openrouter/google/gemma-4-31b-it,max,PB-Basic-029,IMO-medium,1,competition-hard,False,1,9,9,0,0.0,0.0,,,,
scaling,scaling_reasoning,gemma-4-31b-it,openrouter/google/gemma-4-31b-it,max,PB-Basic-029,IMO-medium,1,competition-hard,False,3,9,84,0,0.0,0.0,,,,
scaling,scaling_reasoning,gemma-4-31b-it,openrouter/google/gemma-4-31b-it,max,PB-Basic-029,IMO-medium,1,competition-hard,False,5,9,126,0,0.0,0.0,,,,
scaling,scaling_reasoning,gemma-4-31b-it,openrouter/google/gemma-4-31b-it,max,PB-Basic-029,IMO-medium,1,competition-hard,False,7,9,36,0,0.0,0.0,,,,
scaling,scaling_reasoning,gemma-4-31b-it,openrouter/google/gemma-4-31b-it,max,PB-Basic-029,IMO-medium,1,competition-hard,False,9,9,1,0.0,0.0,0.0,,,,
scaling,scaling_reasoning,gemma-4-31b-it,openrouter/google/gemma-4-31b-it,max,PB-Basic-030,IMO-easy,1,competition-hard,False,1,9,9,1.4444,2.7126,0.2222,,,,
scaling,scaling_reasoning,gemma-4-31b-it,openrouter/google/gemma-4-31b-it,max,PB-Basic-030,IMO-easy,1,competition-hard,False,3,9,84,3.8333,3.2617,0.5833,,,,
scaling,scaling_reasoning,gemma-4-31b-it,openrouter/google/gemma-4-31b-it,max,PB-Basic-030,IMO-easy,1,competition-hard,False,5,9,126,5.5556,2.5215,0.8333,,,,
scaling,scaling_reasoning,gemma-4-31b-it,openrouter/google/gemma-4-31b-it,max,PB-Basic-030,IMO-easy,1,competition-hard,False,7,9,36,6.6111,1.185,0.9722,,,,
scaling,scaling_reasoning,gemma-4-31b-it,openrouter/google/gemma-4-31b-it,max,PB-Basic-030,IMO-easy,1,competition-hard,False,9,9,1,7.0,0.0,1.0,,,,
scaling,scaling_reasoning,gemma-4-31b-it,openrouter/google/gemma-4-31b-it,max,erdos-1051,Minor Novelty,3,research-medium,True,1,9,9,0.1111,0.3143,0.0,,,,
scaling,scaling_reasoning,gemma-4-31b-it,openrouter/google/gemma-4-31b-it,max,erdos-1051,Minor Novelty,3,research-medium,True,3,9,84,0.3333,0.4714,0.0,,,,
scaling,scaling_reasoning,gemma-4-31b-it,openrouter/google/gemma-4-31b-it,max,erdos-1051,Minor Novelty,3,research-medium,True,5,9,126,0.5556,0.4969,0.0,,,,
scaling,scaling_reasoning,gemma-4-31b-it,openrouter/google/gemma-4-31b-it,max,erdos-1051,Minor Novelty,3,research-medium,True,7,9,36,0.7778,0.4157,0.0,,,,
scaling,scaling_reasoning,gemma-4-31b-it,openrouter/google/gemma-4-31b-it,max,erdos-1051,Minor Novelty,3,research-medium,True,9,9,1,1.0,0.0,0.0,,,,
scaling,scaling_reasoning,gemma-4-31b-it,openrouter/google/gemma-4-31b-it,max,erdos-333,Literature Identification,2,research-easy,True,1,9,9,0,0.0,0.0,,,,
scaling,scaling_reasoning,gemma-4-31b-it,openrouter/google/gemma-4-31b-it,max,erdos-333,Literature Identification,2,research-easy,True,3,9,84,0,0.0,0.0,,,,
scaling,scaling_reasoning,gemma-4-31b-it,openrouter/google/gemma-4-31b-it,max,erdos-333,Literature Identification,2,research-easy,True,5,9,126,0,0.0,0.0,,,,
scaling,scaling_reasoning,gemma-4-31b-it,openrouter/google/gemma-4-31b-it,max,erdos-333,Literature Identification,2,research-easy,True,7,9,36,0,0.0,0.0,,,,
scaling,scaling_reasoning,gemma-4-31b-it,openrouter/google/gemma-4-31b-it,max,erdos-333,Literature Identification,2,research-easy,True,9,9,1,0.0,0.0,0.0,,,,
scaling,scaling_reasoning,gemma-4-31b-it,openrouter/google/gemma-4-31b-it,max,erdos-397,Independent Rediscovery,1,competition-hard,True,1,9,9,0,0.0,0.0,,,,
scaling,scaling_reasoning,gemma-4-31b-it,openrouter/google/gemma-4-31b-it,max,erdos-397,Independent Rediscovery,1,competition-hard,True,3,9,84,0,0.0,0.0,,,,
scaling,scaling_reasoning,gemma-4-31b-it,openrouter/google/gemma-4-31b-it,max,erdos-397,Independent Rediscovery,1,competition-hard,True,5,9,126,0,0.0,0.0,,,,
scaling,scaling_reasoning,gemma-4-31b-it,openrouter/google/gemma-4-31b-it,max,erdos-397,Independent Rediscovery,1,competition-hard,True,7,9,36,0,0.0,0.0,,,,
scaling,scaling_reasoning,gemma-4-31b-it,openrouter/google/gemma-4-31b-it,max,erdos-397,Independent Rediscovery,1,competition-hard,True,9,9,1,0.0,0.0,0.0,,,,
scaling,scaling_reasoning,gemma-4-31b-it,openrouter/google/gemma-4-31b-it,max,erdos-654,Negligible Novelty,2,research-easy,True,1,9,9,0,0.0,0.0,,,,
scaling,scaling_reasoning,gemma-4-31b-it,openrouter/google/gemma-4-31b-it,max,erdos-654,Negligible Novelty,2,research-easy,True,3,9,84,0,0.0,0.0,,,,
scaling,scaling_reasoning,gemma-4-31b-it,openrouter/google/gemma-4-31b-it,max,erdos-654,Negligible Novelty,2,research-easy,True,5,9,126,0,0.0,0.0,,,,
scaling,scaling_reasoning,gemma-4-31b-it,openrouter/google/gemma-4-31b-it,max,erdos-654,Negligible Novelty,2,research-easy,True,7,9,36,0,0.0,0.0,,,,
scaling,scaling_reasoning,gemma-4-31b-it,openrouter/google/gemma-4-31b-it,max,erdos-654,Negligible Novelty,2,research-easy,True,9,9,1,0.0,0.0,0.0,,,,
scaling,scaling_reasoning,gemma-4-31b-it,openrouter/google/gemma-4-31b-it,max,erdos-659,Negligible Novelty,2,research-easy,True,1,9,9,0,0.0,0.0,,,,
scaling,scaling_reasoning,gemma-4-31b-it,openrouter/google/gemma-4-31b-it,max,erdos-659,Negligible Novelty,2,research-easy,True,3,9,84,0,0.0,0.0,,,,
scaling,scaling_reasoning,gemma-4-31b-it,openrouter/google/gemma-4-31b-it,max,erdos-659,Negligible Novelty,2,research-easy,True,5,9,126,0,0.0,0.0,,,,
scaling,scaling_reasoning,gemma-4-31b-it,openrouter/google/gemma-4-31b-it,max,erdos-659,Negligible Novelty,2,research-easy,True,7,9,36,0,0.0,0.0,,,,
scaling,scaling_reasoning,gemma-4-31b-it,openrouter/google/gemma-4-31b-it,max,erdos-659,Negligible Novelty,2,research-easy,True,9,9,1,0.0,0.0,0.0,,,,
scaling,scaling_reasoning,gemma-4-31b-it,openrouter/google/gemma-4-31b-it,max,first-proof-10-official,1,2,research-easy,True,1,9,9,3.6667,3.2998,0.5556,,,,
scaling,scaling_reasoning,gemma-4-31b-it,openrouter/google/gemma-4-31b-it,max,first-proof-10-official,1,2,research-easy,True,3,9,84,6.4762,1.4998,0.9524,,,,
scaling,scaling_reasoning,gemma-4-31b-it,openrouter/google/gemma-4-31b-it,max,first-proof-10-official,1,2,research-easy,True,5,9,126,6.9524,0.213,1.0,,,,
scaling,scaling_reasoning,gemma-4-31b-it,openrouter/google/gemma-4-31b-it,max,first-proof-10-official,1,2,research-easy,True,7,9,36,7,0.0,1.0,,,,
scaling,scaling_reasoning,gemma-4-31b-it,openrouter/google/gemma-4-31b-it,max,first-proof-10-official,1,2,research-easy,True,9,9,1,7.0,0.0,1.0,,,,
scaling,scaling_reasoning,gemma-4-31b-it,openrouter/google/gemma-4-31b-it,max,first-proof-4-official,3,4,research-hard,True,1,9,9,0,0.0,0.0,,,,
scaling,scaling_reasoning,gemma-4-31b-it,openrouter/google/gemma-4-31b-it,max,first-proof-4-official,3,4,research-hard,True,3,9,84,0,0.0,0.0,,,,
scaling,scaling_reasoning,gemma-4-31b-it,openrouter/google/gemma-4-31b-it,max,first-proof-4-official,3,4,research-hard,True,5,9,126,0,0.0,0.0,,,,
scaling,scaling_reasoning,gemma-4-31b-it,openrouter/google/gemma-4-31b-it,max,first-proof-4-official,3,4,research-hard,True,7,9,36,0,0.0,0.0,,,,
scaling,scaling_reasoning,gemma-4-31b-it,openrouter/google/gemma-4-31b-it,max,first-proof-4-official,3,4,research-hard,True,9,9,1,0.0,0.0,0.0,,,,
scaling,scaling_reasoning,gemma-4-31b-it,openrouter/google/gemma-4-31b-it,max,first-proof-5-official,2,3,research-medium,True,1,9,9,0,0.0,0.0,,,,
scaling,scaling_reasoning,gemma-4-31b-it,openrouter/google/gemma-4-31b-it,max,first-proof-5-official,2,3,research-medium,True,3,9,84,0,0.0,0.0,,,,
scaling,scaling_reasoning,gemma-4-31b-it,openrouter/google/gemma-4-31b-it,max,first-proof-5-official,2,3,research-medium,True,5,9,126,0,0.0,0.0,,,,
scaling,scaling_reasoning,gemma-4-31b-it,openrouter/google/gemma-4-31b-it,max,first-proof-5-official,2,3,research-medium,True,7,9,36,0,0.0,0.0,,,,
scaling,scaling_reasoning,gemma-4-31b-it,openrouter/google/gemma-4-31b-it,max,first-proof-5-official,2,3,research-medium,True,9,9,1,0.0,0.0,0.0,,,,
scaling,scaling_reasoning,gemma-4-31b-it,openrouter/google/gemma-4-31b-it,max,first-proof-6-official,3,4,research-hard,True,1,9,9,0,0.0,0.0,,,,
scaling,scaling_reasoning,gemma-4-31b-it,openrouter/google/gemma-4-31b-it,max,first-proof-6-official,3,4,research-hard,True,3,9,84,0,0.0,0.0,,,,
scaling,scaling_reasoning,gemma-4-31b-it,openrouter/google/gemma-4-31b-it,max,first-proof-6-official,3,4,research-hard,True,5,9,126,0,0.0,0.0,,,,
scaling,scaling_reasoning,gemma-4-31b-it,openrouter/google/gemma-4-31b-it,max,first-proof-6-official,3,4,research-hard,True,7,9,36,0,0.0,0.0,,,,
scaling,scaling_reasoning,gemma-4-31b-it,openrouter/google/gemma-4-31b-it,max,first-proof-6-official,3,4,research-hard,True,9,9,1,0.0,0.0,0.0,,,,
scaling,scaling_reasoning,gemma-4-31b-it,openrouter/google/gemma-4-31b-it,max,ramsey-hypergraphs,Moderately Interesting,5,research-frontier,True,1,9,9,0,0.0,0.0,,,,
scaling,scaling_reasoning,gemma-4-31b-it,openrouter/google/gemma-4-31b-it,max,ramsey-hypergraphs,Moderately Interesting,5,research-frontier,True,3,9,84,0,0.0,0.0,,,,
scaling,scaling_reasoning,gemma-4-31b-it,openrouter/google/gemma-4-31b-it,max,ramsey-hypergraphs,Moderately Interesting,5,research-frontier,True,5,9,126,0,0.0,0.0,,,,
scaling,scaling_reasoning,gemma-4-31b-it,openrouter/google/gemma-4-31b-it,max,ramsey-hypergraphs,Moderately Interesting,5,research-frontier,True,7,9,36,0,0.0,0.0,,,,
scaling,scaling_reasoning,gemma-4-31b-it,openrouter/google/gemma-4-31b-it,max,ramsey-hypergraphs,Moderately Interesting,5,research-frontier,True,9,9,1,0.0,0.0,0.0,,,,
scaling,scaling_reasoning,gpt-oss-120b,openrouter/openai/gpt-oss-120b,max,PB-Advanced-001,IMO-easy,1,competition-hard,False,1,9,9,2.6667,2.9814,0.4444,,,,
scaling,scaling_reasoning,gpt-oss-120b,openrouter/openai/gpt-oss-120b,max,PB-Advanced-001,IMO-easy,1,competition-hard,False,3,9,84,5.2857,1.9431,0.881,,,,
scaling,scaling_reasoning,gpt-oss-120b,openrouter/openai/gpt-oss-120b,max,PB-Advanced-001,IMO-easy,1,competition-hard,False,5,9,126,5.9524,0.5324,0.9921,,,,
scaling,scaling_reasoning,gpt-oss-120b,openrouter/openai/gpt-oss-120b,max,PB-Advanced-001,IMO-easy,1,competition-hard,False,7,9,36,6,0.0,1.0,,,,
scaling,scaling_reasoning,gpt-oss-120b,openrouter/openai/gpt-oss-120b,max,PB-Advanced-001,IMO-easy,1,competition-hard,False,9,9,1,6.0,0.0,1.0,,,,
scaling,scaling_reasoning,gpt-oss-120b,openrouter/openai/gpt-oss-120b,max,PB-Advanced-002,IMO-medium,1,competition-hard,False,1,9,9,0,0.0,0.0,,,,
scaling,scaling_reasoning,gpt-oss-120b,openrouter/openai/gpt-oss-120b,max,PB-Advanced-002,IMO-medium,1,competition-hard,False,3,9,84,0,0.0,0.0,,,,
scaling,scaling_reasoning,gpt-oss-120b,openrouter/openai/gpt-oss-120b,max,PB-Advanced-002,IMO-medium,1,competition-hard,False,5,9,126,0,0.0,0.0,,,,
scaling,scaling_reasoning,gpt-oss-120b,openrouter/openai/gpt-oss-120b,max,PB-Advanced-002,IMO-medium,1,competition-hard,False,7,9,36,0,0.0,0.0,,,,
scaling,scaling_reasoning,gpt-oss-120b,openrouter/openai/gpt-oss-120b,max,PB-Advanced-002,IMO-medium,1,competition-hard,False,9,9,1,0.0,0.0,0.0,,,,
scaling,scaling_reasoning,gpt-oss-120b,openrouter/openai/gpt-oss-120b,max,PB-Advanced-003,IMO-hard,1,competition-hard,False,1,9,9,0,0.0,0.0,,,,
scaling,scaling_reasoning,gpt-oss-120b,openrouter/openai/gpt-oss-120b,max,PB-Advanced-003,IMO-hard,1,competition-hard,False,3,9,84,0,0.0,0.0,,,,
scaling,scaling_reasoning,gpt-oss-120b,openrouter/openai/gpt-oss-120b,max,PB-Advanced-003,IMO-hard,1,competition-hard,False,5,9,126,0,0.0,0.0,,,,
scaling,scaling_reasoning,gpt-oss-120b,openrouter/openai/gpt-oss-120b,max,PB-Advanced-003,IMO-hard,1,competition-hard,False,7,9,36,0,0.0,0.0,,,,
scaling,scaling_reasoning,gpt-oss-120b,openrouter/openai/gpt-oss-120b,max,PB-Advanced-003,IMO-hard,1,competition-hard,False,9,9,1,0.0,0.0,0.0,,,,
scaling,scaling_reasoning,gpt-oss-120b,openrouter/openai/gpt-oss-120b,max,PB-Advanced-004,IMO-easy,1,competition-hard,False,1,9,9,3.7778,3.1895,0.5556,,,,
scaling,scaling_reasoning,gpt-oss-120b,openrouter/openai/gpt-oss-120b,max,PB-Advanced-004,IMO-easy,1,competition-hard,False,3,9,84,6.5119,1.3496,0.9524,,,,
scaling,scaling_reasoning,gpt-oss-120b,openrouter/openai/gpt-oss-120b,max,PB-Advanced-004,IMO-easy,1,competition-hard,False,5,9,126,6.9524,0.213,1.0,,,,
scaling,scaling_reasoning,gpt-oss-120b,openrouter/openai/gpt-oss-120b,max,PB-Advanced-004,IMO-easy,1,competition-hard,False,7,9,36,7,0.0,1.0,,,,
scaling,scaling_reasoning,gpt-oss-120b,openrouter/openai/gpt-oss-120b,max,PB-Advanced-004,IMO-easy,1,competition-hard,False,9,9,1,7.0,0.0,1.0,,,,
scaling,scaling_reasoning,gpt-oss-120b,openrouter/openai/gpt-oss-120b,max,PB-Advanced-005,IMO-medium,1,competition-hard,False,1,9,9,0.1111,0.3143,0.0,,,,
scaling,scaling_reasoning,gpt-oss-120b,openrouter/openai/gpt-oss-120b,max,PB-Advanced-005,IMO-medium,1,competition-hard,False,3,9,84,0.3333,0.4714,0.0,,,,
scaling,scaling_reasoning,gpt-oss-120b,openrouter/openai/gpt-oss-120b,max,PB-Advanced-005,IMO-medium,1,competition-hard,False,5,9,126,0.5556,0.4969,0.0,,,,
scaling,scaling_reasoning,gpt-oss-120b,openrouter/openai/gpt-oss-120b,max,PB-Advanced-005,IMO-medium,1,competition-hard,False,7,9,36,0.7778,0.4157,0.0,,,,
scaling,scaling_reasoning,gpt-oss-120b,openrouter/openai/gpt-oss-120b,max,PB-Advanced-005,IMO-medium,1,competition-hard,False,9,9,1,1.0,0.0,0.0,,,,
scaling,scaling_reasoning,gpt-oss-120b,openrouter/openai/gpt-oss-120b,max,PB-Advanced-006,IMO-hard,1,competition-hard,False,1,9,9,0.1111,0.3143,0.0,,,,
scaling,scaling_reasoning,gpt-oss-120b,openrouter/openai/gpt-oss-120b,max,PB-Advanced-006,IMO-hard,1,competition-hard,False,3,9,84,0.3333,0.4714,0.0,,,,
scaling,scaling_reasoning,gpt-oss-120b,openrouter/openai/gpt-oss-120b,max,PB-Advanced-006,IMO-hard,1,competition-hard,False,5,9,126,0.5556,0.4969,0.0,,,,
scaling,scaling_reasoning,gpt-oss-120b,openrouter/openai/gpt-oss-120b,max,PB-Advanced-006,IMO-hard,1,competition-hard,False,7,9,36,0.7778,0.4157,0.0,,,,
scaling,scaling_reasoning,gpt-oss-120b,openrouter/openai/gpt-oss-120b,max,PB-Advanced-006,IMO-hard,1,competition-hard,False,9,9,1,1.0,0.0,0.0,,,,
scaling,scaling_reasoning,gpt-oss-120b,openrouter/openai/gpt-oss-120b,max,PB-Advanced-007,IMO-easy,1,competition-hard,False,1,9,9,4.6667,3.2998,0.6667,,,,
scaling,scaling_reasoning,gpt-oss-120b,openrouter/openai/gpt-oss-120b,max,PB-Advanced-007,IMO-easy,1,competition-hard,False,3,9,84,6.9167,0.7592,0.9881,,,,
scaling,scaling_reasoning,gpt-oss-120b,openrouter/openai/gpt-oss-120b,max,PB-Advanced-007,IMO-easy,1,competition-hard,False,5,9,126,7,0.0,1.0,,,,
scaling,scaling_reasoning,gpt-oss-120b,openrouter/openai/gpt-oss-120b,max,PB-Advanced-007,IMO-easy,1,competition-hard,False,7,9,36,7,0.0,1.0,,,,
scaling,scaling_reasoning,gpt-oss-120b,openrouter/openai/gpt-oss-120b,max,PB-Advanced-007,IMO-easy,1,competition-hard,False,9,9,1,7.0,0.0,1.0,,,,
scaling,scaling_reasoning,gpt-oss-120b,openrouter/openai/gpt-oss-120b,max,PB-Advanced-008,IMO-medium,1,competition-hard,False,1,9,9,0,0.0,0.0,,,,
scaling,scaling_reasoning,gpt-oss-120b,openrouter/openai/gpt-oss-120b,max,PB-Advanced-008,IMO-medium,1,competition-hard,False,3,9,84,0,0.0,0.0,,,,
scaling,scaling_reasoning,gpt-oss-120b,openrouter/openai/gpt-oss-120b,max,PB-Advanced-008,IMO-medium,1,competition-hard,False,5,9,126,0,0.0,0.0,,,,
scaling,scaling_reasoning,gpt-oss-120b,openrouter/openai/gpt-oss-120b,max,PB-Advanced-008,IMO-medium,1,competition-hard,False,7,9,36,0,0.0,0.0,,,,
scaling,scaling_reasoning,gpt-oss-120b,openrouter/openai/gpt-oss-120b,max,PB-Advanced-008,IMO-medium,1,competition-hard,False,9,9,1,0.0,0.0,0.0,,,,
scaling,scaling_reasoning,gpt-oss-120b,openrouter/openai/gpt-oss-120b,max,PB-Advanced-009,IMO-hard,1,competition-hard,False,1,9,9,0,0.0,0.0,,,,
scaling,scaling_reasoning,gpt-oss-120b,openrouter/openai/gpt-oss-120b,max,PB-Advanced-009,IMO-hard,1,competition-hard,False,3,9,84,0,0.0,0.0,,,,
scaling,scaling_reasoning,gpt-oss-120b,openrouter/openai/gpt-oss-120b,max,PB-Advanced-009,IMO-hard,1,competition-hard,False,5,9,126,0,0.0,0.0,,,,
scaling,scaling_reasoning,gpt-oss-120b,openrouter/openai/gpt-oss-120b,max,PB-Advanced-009,IMO-hard,1,competition-hard,False,7,9,36,0,0.0,0.0,,,,
scaling,scaling_reasoning,gpt-oss-120b,openrouter/openai/gpt-oss-120b,max,PB-Advanced-009,IMO-hard,1,competition-hard,False,9,9,1,0.0,0.0,0.0,,,,
scaling,scaling_reasoning,gpt-oss-120b,openrouter/openai/gpt-oss-120b,max,PB-Advanced-010,IMO-medium,1,competition-hard,False,1,9,9,0,0.0,0.0,,,,
scaling,scaling_reasoning,gpt-oss-120b,openrouter/openai/gpt-oss-120b,max,PB-Advanced-010,IMO-medium,1,competition-hard,False,3,9,84,0,0.0,0.0,,,,
scaling,scaling_reasoning,gpt-oss-120b,openrouter/openai/gpt-oss-120b,max,PB-Advanced-010,IMO-medium,1,competition-hard,False,5,9,126,0,0.0,0.0,,,,
scaling,scaling_reasoning,gpt-oss-120b,openrouter/openai/gpt-oss-120b,max,PB-Advanced-010,IMO-medium,1,competition-hard,False,7,9,36,0,0.0,0.0,,,,
scaling,scaling_reasoning,gpt-oss-120b,openrouter/openai/gpt-oss-120b,max,PB-Advanced-010,IMO-medium,1,competition-hard,False,9,9,1,0.0,0.0,0.0,,,,
scaling,scaling_reasoning,gpt-oss-120b,openrouter/openai/gpt-oss-120b,max,PB-Advanced-011,IMO-medium,1,competition-hard,False,1,9,9,0,0.0,0.0,,,,
scaling,scaling_reasoning,gpt-oss-120b,openrouter/openai/gpt-oss-120b,max,PB-Advanced-011,IMO-medium,1,competition-hard,False,3,9,84,0,0.0,0.0,,,,
scaling,scaling_reasoning,gpt-oss-120b,openrouter/openai/gpt-oss-120b,max,PB-Advanced-011,IMO-medium,1,competition-hard,False,5,9,126,0,0.0,0.0,,,,
scaling,scaling_reasoning,gpt-oss-120b,openrouter/openai/gpt-oss-120b,max,PB-Advanced-011,IMO-medium,1,competition-hard,False,7,9,36,0,0.0,0.0,,,,
scaling,scaling_reasoning,gpt-oss-120b,openrouter/openai/gpt-oss-120b,max,PB-Advanced-011,IMO-medium,1,competition-hard,False,9,9,1,0.0,0.0,0.0,,,,
scaling,scaling_reasoning,gpt-oss-120b,openrouter/openai/gpt-oss-120b,max,PB-Advanced-012,IMO-hard,1,competition-hard,False,1,9,9,0,0.0,0.0,,,,
scaling,scaling_reasoning,gpt-oss-120b,openrouter/openai/gpt-oss-120b,max,PB-Advanced-012,IMO-hard,1,competition-hard,False,3,9,84,0,0.0,0.0,,,,
scaling,scaling_reasoning,gpt-oss-120b,openrouter/openai/gpt-oss-120b,max,PB-Advanced-012,IMO-hard,1,competition-hard,False,5,9,126,0,0.0,0.0,,,,
scaling,scaling_reasoning,gpt-oss-120b,openrouter/openai/gpt-oss-120b,max,PB-Advanced-012,IMO-hard,1,competition-hard,False,7,9,36,0,0.0,0.0,,,,
scaling,scaling_reasoning,gpt-oss-120b,openrouter/openai/gpt-oss-120b,max,PB-Advanced-012,IMO-hard,1,competition-hard,False,9,9,1,0.0,0.0,0.0,,,,
scaling,scaling_reasoning,gpt-oss-120b,openrouter/openai/gpt-oss-120b,max,PB-Advanced-013,IMO-easy,1,competition-hard,False,1,9,9,0,0.0,0.0,,,,
scaling,scaling_reasoning,gpt-oss-120b,openrouter/openai/gpt-oss-120b,max,PB-Advanced-013,IMO-easy,1,competition-hard,False,3,9,84,0,0.0,0.0,,,,
scaling,scaling_reasoning,gpt-oss-120b,openrouter/openai/gpt-oss-120b,max,PB-Advanced-013,IMO-easy,1,competition-hard,False,5,9,126,0,0.0,0.0,,,,
scaling,scaling_reasoning,gpt-oss-120b,openrouter/openai/gpt-oss-120b,max,PB-Advanced-013,IMO-easy,1,competition-hard,False,7,9,36,0,0.0,0.0,,,,
scaling,scaling_reasoning,gpt-oss-120b,openrouter/openai/gpt-oss-120b,max,PB-Advanced-013,IMO-easy,1,competition-hard,False,9,9,1,0.0,0.0,0.0,,,,
scaling,scaling_reasoning,gpt-oss-120b,openrouter/openai/gpt-oss-120b,max,PB-Advanced-014,IMO-medium,1,competition-hard,False,1,9,9,0.1111,0.3143,0.0,,,,
scaling,scaling_reasoning,gpt-oss-120b,openrouter/openai/gpt-oss-120b,max,PB-Advanced-014,IMO-medium,1,competition-hard,False,3,9,84,0.3333,0.4714,0.0,,,,
scaling,scaling_reasoning,gpt-oss-120b,openrouter/openai/gpt-oss-120b,max,PB-Advanced-014,IMO-medium,1,competition-hard,False,5,9,126,0.5556,0.4969,0.0,,,,
scaling,scaling_reasoning,gpt-oss-120b,openrouter/openai/gpt-oss-120b,max,PB-Advanced-014,IMO-medium,1,competition-hard,False,7,9,36,0.7778,0.4157,0.0,,,,
scaling,scaling_reasoning,gpt-oss-120b,openrouter/openai/gpt-oss-120b,max,PB-Advanced-014,IMO-medium,1,competition-hard,False,9,9,1,1.0,0.0,0.0,,,,
scaling,scaling_reasoning,gpt-oss-120b,openrouter/openai/gpt-oss-120b,max,PB-Advanced-015,IMO-hard,1,competition-hard,False,1,9,9,0,0.0,0.0,,,,
scaling,scaling_reasoning,gpt-oss-120b,openrouter/openai/gpt-oss-120b,max,PB-Advanced-015,IMO-hard,1,competition-hard,False,3,9,84,0,0.0,0.0,,,,
scaling,scaling_reasoning,gpt-oss-120b,openrouter/openai/gpt-oss-120b,max,PB-Advanced-015,IMO-hard,1,competition-hard,False,5,9,126,0,0.0,0.0,,,,
scaling,scaling_reasoning,gpt-oss-120b,openrouter/openai/gpt-oss-120b,max,PB-Advanced-015,IMO-hard,1,competition-hard,False,7,9,36,0,0.0,0.0,,,,
scaling,scaling_reasoning,gpt-oss-120b,openrouter/openai/gpt-oss-120b,max,PB-Advanced-015,IMO-hard,1,competition-hard,False,9,9,1,0.0,0.0,0.0,,,,
scaling,scaling_reasoning,gpt-oss-120b,openrouter/openai/gpt-oss-120b,max,PB-Advanced-016,IMO-easy,1,competition-hard,False,1,9,9,0,0.0,0.0,,,,
scaling,scaling_reasoning,gpt-oss-120b,openrouter/openai/gpt-oss-120b,max,PB-Advanced-016,IMO-easy,1,competition-hard,False,3,9,84,0,0.0,0.0,,,,
scaling,scaling_reasoning,gpt-oss-120b,openrouter/openai/gpt-oss-120b,max,PB-Advanced-016,IMO-easy,1,competition-hard,False,5,9,126,0,0.0,0.0,,,,
scaling,scaling_reasoning,gpt-oss-120b,openrouter/openai/gpt-oss-120b,max,PB-Advanced-016,IMO-easy,1,competition-hard,False,7,9,36,0,0.0,0.0,,,,
scaling,scaling_reasoning,gpt-oss-120b,openrouter/openai/gpt-oss-120b,max,PB-Advanced-016,IMO-easy,1,competition-hard,False,9,9,1,0.0,0.0,0.0,,,,
scaling,scaling_reasoning,gpt-oss-120b,openrouter/openai/gpt-oss-120b,max,PB-Advanced-017,IMO-easy,1,competition-hard,False,1,9,9,0.7778,2.1999,0.1111,,,,
scaling,scaling_reasoning,gpt-oss-120b,openrouter/openai/gpt-oss-120b,max,PB-Advanced-017,IMO-easy,1,competition-hard,False,3,9,84,2.3333,3.2998,0.3333,,,,
scaling,scaling_reasoning,gpt-oss-120b,openrouter/openai/gpt-oss-120b,max,PB-Advanced-017,IMO-easy,1,competition-hard,False,5,9,126,3.8889,3.4783,0.5556,,,,
scaling,scaling_reasoning,gpt-oss-120b,openrouter/openai/gpt-oss-120b,max,PB-Advanced-017,IMO-easy,1,competition-hard,False,7,9,36,5.4444,2.9102,0.7778,,,,
scaling,scaling_reasoning,gpt-oss-120b,openrouter/openai/gpt-oss-120b,max,PB-Advanced-017,IMO-easy,1,competition-hard,False,9,9,1,7.0,0.0,1.0,,,,
scaling,scaling_reasoning,gpt-oss-120b,openrouter/openai/gpt-oss-120b,max,PB-Advanced-018,IMO-hard,1,competition-hard,False,1,9,9,0,0.0,0.0,,,,
scaling,scaling_reasoning,gpt-oss-120b,openrouter/openai/gpt-oss-120b,max,PB-Advanced-018,IMO-hard,1,competition-hard,False,3,9,84,0,0.0,0.0,,,,
scaling,scaling_reasoning,gpt-oss-120b,openrouter/openai/gpt-oss-120b,max,PB-Advanced-018,IMO-hard,1,competition-hard,False,5,9,126,0,0.0,0.0,,,,
scaling,scaling_reasoning,gpt-oss-120b,openrouter/openai/gpt-oss-120b,max,PB-Advanced-018,IMO-hard,1,competition-hard,False,7,9,36,0,0.0,0.0,,,,
scaling,scaling_reasoning,gpt-oss-120b,openrouter/openai/gpt-oss-120b,max,PB-Advanced-018,IMO-hard,1,competition-hard,False,9,9,1,0.0,0.0,0.0,,,,
scaling,scaling_reasoning,gpt-oss-120b,openrouter/openai/gpt-oss-120b,max,PB-Advanced-019,IMO-easy,1,competition-hard,False,1,9,9,0,0.0,0.0,,,,
scaling,scaling_reasoning,gpt-oss-120b,openrouter/openai/gpt-oss-120b,max,PB-Advanced-019,IMO-easy,1,competition-hard,False,3,9,84,0,0.0,0.0,,,,
scaling,scaling_reasoning,gpt-oss-120b,openrouter/openai/gpt-oss-120b,max,PB-Advanced-019,IMO-easy,1,competition-hard,False,5,9,126,0,0.0,0.0,,,,
scaling,scaling_reasoning,gpt-oss-120b,openrouter/openai/gpt-oss-120b,max,PB-Advanced-019,IMO-easy,1,competition-hard,False,7,9,36,0,0.0,0.0,,,,
scaling,scaling_reasoning,gpt-oss-120b,openrouter/openai/gpt-oss-120b,max,PB-Advanced-019,IMO-easy,1,competition-hard,False,9,9,1,0.0,0.0,0.0,,,,
scaling,scaling_reasoning,gpt-oss-120b,openrouter/openai/gpt-oss-120b,max,PB-Advanced-020,IMO-medium,1,competition-hard,False,1,9,9,0.1111,0.3143,0.0,,,,
scaling,scaling_reasoning,gpt-oss-120b,openrouter/openai/gpt-oss-120b,max,PB-Advanced-020,IMO-medium,1,competition-hard,False,3,9,84,0.3333,0.4714,0.0,,,,
scaling,scaling_reasoning,gpt-oss-120b,openrouter/openai/gpt-oss-120b,max,PB-Advanced-020,IMO-medium,1,competition-hard,False,5,9,126,0.5556,0.4969,0.0,,,,
scaling,scaling_reasoning,gpt-oss-120b,openrouter/openai/gpt-oss-120b,max,PB-Advanced-020,IMO-medium,1,competition-hard,False,7,9,36,0.7778,0.4157,0.0,,,,
scaling,scaling_reasoning,gpt-oss-120b,openrouter/openai/gpt-oss-120b,max,PB-Advanced-020,IMO-medium,1,competition-hard,False,9,9,1,1.0,0.0,0.0,,,,
scaling,scaling_reasoning,gpt-oss-120b,openrouter/openai/gpt-oss-120b,max,PB-Advanced-021,IMO-hard,1,competition-hard,False,1,9,9,0.1111,0.3143,0.0,,,,
scaling,scaling_reasoning,gpt-oss-120b,openrouter/openai/gpt-oss-120b,max,PB-Advanced-021,IMO-hard,1,competition-hard,False,3,9,84,0.3333,0.4714,0.0,,,,
scaling,scaling_reasoning,gpt-oss-120b,openrouter/openai/gpt-oss-120b,max,PB-Advanced-021,IMO-hard,1,competition-hard,False,5,9,126,0.5556,0.4969,0.0,,,,
scaling,scaling_reasoning,gpt-oss-120b,openrouter/openai/gpt-oss-120b,max,PB-Advanced-021,IMO-hard,1,competition-hard,False,7,9,36,0.7778,0.4157,0.0,,,,
scaling,scaling_reasoning,gpt-oss-120b,openrouter/openai/gpt-oss-120b,max,PB-Advanced-021,IMO-hard,1,competition-hard,False,9,9,1,1.0,0.0,0.0,,,,
scaling,scaling_reasoning,gpt-oss-120b,openrouter/openai/gpt-oss-120b,max,PB-Advanced-022,IMO-easy,1,competition-hard,False,1,9,9,0.1111,0.3143,0.0,,,,
scaling,scaling_reasoning,gpt-oss-120b,openrouter/openai/gpt-oss-120b,max,PB-Advanced-022,IMO-easy,1,competition-hard,False,3,9,84,0.3333,0.4714,0.0,,,,
scaling,scaling_reasoning,gpt-oss-120b,openrouter/openai/gpt-oss-120b,max,PB-Advanced-022,IMO-easy,1,competition-hard,False,5,9,126,0.5556,0.4969,0.0,,,,
scaling,scaling_reasoning,gpt-oss-120b,openrouter/openai/gpt-oss-120b,max,PB-Advanced-022,IMO-easy,1,competition-hard,False,7,9,36,0.7778,0.4157,0.0,,,,
scaling,scaling_reasoning,gpt-oss-120b,openrouter/openai/gpt-oss-120b,max,PB-Advanced-022,IMO-easy,1,competition-hard,False,9,9,1,1.0,0.0,0.0,,,,
scaling,scaling_reasoning,gpt-oss-120b,openrouter/openai/gpt-oss-120b,max,PB-Advanced-023,IMO-medium,1,competition-hard,False,1,9,9,0,0.0,0.0,,,,
scaling,scaling_reasoning,gpt-oss-120b,openrouter/openai/gpt-oss-120b,max,PB-Advanced-023,IMO-medium,1,competition-hard,False,3,9,84,0,0.0,0.0,,,,
scaling,scaling_reasoning,gpt-oss-120b,openrouter/openai/gpt-oss-120b,max,PB-Advanced-023,IMO-medium,1,competition-hard,False,5,9,126,0,0.0,0.0,,,,
scaling,scaling_reasoning,gpt-oss-120b,openrouter/openai/gpt-oss-120b,max,PB-Advanced-023,IMO-medium,1,competition-hard,False,7,9,36,0,0.0,0.0,,,,
scaling,scaling_reasoning,gpt-oss-120b,openrouter/openai/gpt-oss-120b,max,PB-Advanced-023,IMO-medium,1,competition-hard,False,9,9,1,0.0,0.0,0.0,,,,
scaling,scaling_reasoning,gpt-oss-120b,openrouter/openai/gpt-oss-120b,max,PB-Advanced-024,IMO-hard,1,competition-hard,False,1,9,9,0,0.0,0.0,,,,
scaling,scaling_reasoning,gpt-oss-120b,openrouter/openai/gpt-oss-120b,max,PB-Advanced-024,IMO-hard,1,competition-hard,False,3,9,84,0,0.0,0.0,,,,
scaling,scaling_reasoning,gpt-oss-120b,openrouter/openai/gpt-oss-120b,max,PB-Advanced-024,IMO-hard,1,competition-hard,False,5,9,126,0,0.0,0.0,,,,
scaling,scaling_reasoning,gpt-oss-120b,openrouter/openai/gpt-oss-120b,max,PB-Advanced-024,IMO-hard,1,competition-hard,False,7,9,36,0,0.0,0.0,,,,
scaling,scaling_reasoning,gpt-oss-120b,openrouter/openai/gpt-oss-120b,max,PB-Advanced-024,IMO-hard,1,competition-hard,False,9,9,1,0.0,0.0,0.0,,,,
scaling,scaling_reasoning,gpt-oss-120b,openrouter/openai/gpt-oss-120b,max,PB-Advanced-025,IMO-easy,1,competition-hard,False,1,9,9,5.1111,2.7666,0.7778,,,,
scaling,scaling_reasoning,gpt-oss-120b,openrouter/openai/gpt-oss-120b,max,PB-Advanced-025,IMO-easy,1,competition-hard,False,3,9,84,6.881,0.3238,1.0,,,,
scaling,scaling_reasoning,gpt-oss-120b,openrouter/openai/gpt-oss-120b,max,PB-Advanced-025,IMO-easy,1,competition-hard,False,5,9,126,6.9921,0.0887,1.0,,,,
scaling,scaling_reasoning,gpt-oss-120b,openrouter/openai/gpt-oss-120b,max,PB-Advanced-025,IMO-easy,1,competition-hard,False,7,9,36,7,0.0,1.0,,,,
scaling,scaling_reasoning,gpt-oss-120b,openrouter/openai/gpt-oss-120b,max,PB-Advanced-025,IMO-easy,1,competition-hard,False,9,9,1,7.0,0.0,1.0,,,,
scaling,scaling_reasoning,gpt-oss-120b,openrouter/openai/gpt-oss-120b,max,PB-Advanced-026,IMO-medium,1,competition-hard,False,1,9,9,0,0.0,0.0,,,,
scaling,scaling_reasoning,gpt-oss-120b,openrouter/openai/gpt-oss-120b,max,PB-Advanced-026,IMO-medium,1,competition-hard,False,3,9,84,0,0.0,0.0,,,,
scaling,scaling_reasoning,gpt-oss-120b,openrouter/openai/gpt-oss-120b,max,PB-Advanced-026,IMO-medium,1,competition-hard,False,5,9,126,0,0.0,0.0,,,,
scaling,scaling_reasoning,gpt-oss-120b,openrouter/openai/gpt-oss-120b,max,PB-Advanced-026,IMO-medium,1,competition-hard,False,7,9,36,0,0.0,0.0,,,,
scaling,scaling_reasoning,gpt-oss-120b,openrouter/openai/gpt-oss-120b,max,PB-Advanced-026,IMO-medium,1,competition-hard,False,9,9,1,0.0,0.0,0.0,,,,
scaling,scaling_reasoning,gpt-oss-120b,openrouter/openai/gpt-oss-120b,max,PB-Advanced-027,IMO-hard,1,competition-hard,False,1,9,9,0,0.0,0.0,,,,
scaling,scaling_reasoning,gpt-oss-120b,openrouter/openai/gpt-oss-120b,max,PB-Advanced-027,IMO-hard,1,competition-hard,False,3,9,84,0,0.0,0.0,,,,
scaling,scaling_reasoning,gpt-oss-120b,openrouter/openai/gpt-oss-120b,max,PB-Advanced-027,IMO-hard,1,competition-hard,False,5,9,126,0,0.0,0.0,,,,
scaling,scaling_reasoning,gpt-oss-120b,openrouter/openai/gpt-oss-120b,max,PB-Advanced-027,IMO-hard,1,competition-hard,False,7,9,36,0,0.0,0.0,,,,
scaling,scaling_reasoning,gpt-oss-120b,openrouter/openai/gpt-oss-120b,max,PB-Advanced-027,IMO-hard,1,competition-hard,False,9,9,1,0.0,0.0,0.0,,,,
scaling,scaling_reasoning,gpt-oss-120b,openrouter/openai/gpt-oss-120b,max,PB-Advanced-028,IMO-easy,1,competition-hard,False,1,9,9,3.8889,3.2811,0.5556,,,,
scaling,scaling_reasoning,gpt-oss-120b,openrouter/openai/gpt-oss-120b,max,PB-Advanced-028,IMO-easy,1,competition-hard,False,3,9,84,6.631,1.3432,0.9524,,,,
scaling,scaling_reasoning,gpt-oss-120b,openrouter/openai/gpt-oss-120b,max,PB-Advanced-028,IMO-easy,1,competition-hard,False,5,9,126,6.9921,0.0887,1.0,,,,
scaling,scaling_reasoning,gpt-oss-120b,openrouter/openai/gpt-oss-120b,max,PB-Advanced-028,IMO-easy,1,competition-hard,False,7,9,36,7,0.0,1.0,,,,
scaling,scaling_reasoning,gpt-oss-120b,openrouter/openai/gpt-oss-120b,max,PB-Advanced-028,IMO-easy,1,competition-hard,False,9,9,1,7.0,0.0,1.0,,,,
scaling,scaling_reasoning,gpt-oss-120b,openrouter/openai/gpt-oss-120b,max,PB-Advanced-029,IMO-medium,1,competition-hard,False,1,9,9,0.1111,0.3143,0.0,,,,
scaling,scaling_reasoning,gpt-oss-120b,openrouter/openai/gpt-oss-120b,max,PB-Advanced-029,IMO-medium,1,competition-hard,False,3,9,84,0.3333,0.4714,0.0,,,,
scaling,scaling_reasoning,gpt-oss-120b,openrouter/openai/gpt-oss-120b,max,PB-Advanced-029,IMO-medium,1,competition-hard,False,5,9,126,0.5556,0.4969,0.0,,,,
scaling,scaling_reasoning,gpt-oss-120b,openrouter/openai/gpt-oss-120b,max,PB-Advanced-029,IMO-medium,1,competition-hard,False,7,9,36,0.7778,0.4157,0.0,,,,
scaling,scaling_reasoning,gpt-oss-120b,openrouter/openai/gpt-oss-120b,max,PB-Advanced-029,IMO-medium,1,competition-hard,False,9,9,1,1.0,0.0,0.0,,,,
scaling,scaling_reasoning,gpt-oss-120b,openrouter/openai/gpt-oss-120b,max,PB-Advanced-030,IMO-hard,1,competition-hard,False,1,9,9,0.6667,1.8856,0.1111,,,,
scaling,scaling_reasoning,gpt-oss-120b,openrouter/openai/gpt-oss-120b,max,PB-Advanced-030,IMO-hard,1,competition-hard,False,3,9,84,2,2.8284,0.3333,,,,
scaling,scaling_reasoning,gpt-oss-120b,openrouter/openai/gpt-oss-120b,max,PB-Advanced-030,IMO-hard,1,competition-hard,False,5,9,126,3.3333,2.9814,0.5556,,,,
scaling,scaling_reasoning,gpt-oss-120b,openrouter/openai/gpt-oss-120b,max,PB-Advanced-030,IMO-hard,1,competition-hard,False,7,9,36,4.6667,2.4944,0.7778,,,,
scaling,scaling_reasoning,gpt-oss-120b,openrouter/openai/gpt-oss-120b,max,PB-Advanced-030,IMO-hard,1,competition-hard,False,9,9,1,6.0,0.0,1.0,,,,
scaling,scaling_reasoning,gpt-oss-120b,openrouter/openai/gpt-oss-120b,max,PB-Basic-001,IMO-easy,1,competition-hard,False,1,9,9,7,0.0,1.0,,,,
scaling,scaling_reasoning,gpt-oss-120b,openrouter/openai/gpt-oss-120b,max,PB-Basic-001,IMO-easy,1,competition-hard,False,3,9,84,7,0.0,1.0,,,,
scaling,scaling_reasoning,gpt-oss-120b,openrouter/openai/gpt-oss-120b,max,PB-Basic-001,IMO-easy,1,competition-hard,False,5,9,126,7,0.0,1.0,,,,
scaling,scaling_reasoning,gpt-oss-120b,openrouter/openai/gpt-oss-120b,max,PB-Basic-001,IMO-easy,1,competition-hard,False,7,9,36,7,0.0,1.0,,,,
scaling,scaling_reasoning,gpt-oss-120b,openrouter/openai/gpt-oss-120b,max,PB-Basic-001,IMO-easy,1,competition-hard,False,9,9,1,7.0,0.0,1.0,,,,
scaling,scaling_reasoning,gpt-oss-120b,openrouter/openai/gpt-oss-120b,max,PB-Basic-002,pre-IMO,0,pre-competition,False,1,9,9,6.2222,2.1999,0.8889,,,,
scaling,scaling_reasoning,gpt-oss-120b,openrouter/openai/gpt-oss-120b,max,PB-Basic-002,pre-IMO,0,pre-competition,False,3,9,84,7,0.0,1.0,,,,
scaling,scaling_reasoning,gpt-oss-120b,openrouter/openai/gpt-oss-120b,max,PB-Basic-002,pre-IMO,0,pre-competition,False,5,9,126,7,0.0,1.0,,,,
scaling,scaling_reasoning,gpt-oss-120b,openrouter/openai/gpt-oss-120b,max,PB-Basic-002,pre-IMO,0,pre-competition,False,7,9,36,7,0.0,1.0,,,,
scaling,scaling_reasoning,gpt-oss-120b,openrouter/openai/gpt-oss-120b,max,PB-Basic-002,pre-IMO,0,pre-competition,False,9,9,1,7.0,0.0,1.0,,,,
scaling,scaling_reasoning,gpt-oss-120b,openrouter/openai/gpt-oss-120b,max,PB-Basic-003,IMO-easy,1,competition-hard,False,1,9,9,2.3333,2.8674,0.3333,,,,
scaling,scaling_reasoning,gpt-oss-120b,openrouter/openai/gpt-oss-120b,max,PB-Basic-003,IMO-easy,1,competition-hard,False,3,9,84,5.0952,2.4476,0.7619,,,,
scaling,scaling_reasoning,gpt-oss-120b,openrouter/openai/gpt-oss-120b,max,PB-Basic-003,IMO-easy,1,competition-hard,False,5,9,126,6.3175,1.2827,0.9524,,,,
scaling,scaling_reasoning,gpt-oss-120b,openrouter/openai/gpt-oss-120b,max,PB-Basic-003,IMO-easy,1,competition-hard,False,7,9,36,6.7778,0.4157,1.0,,,,
scaling,scaling_reasoning,gpt-oss-120b,openrouter/openai/gpt-oss-120b,max,PB-Basic-003,IMO-easy,1,competition-hard,False,9,9,1,7.0,0.0,1.0,,,,
scaling,scaling_reasoning,gpt-oss-120b,openrouter/openai/gpt-oss-120b,max,PB-Basic-004,IMO-easy,1,competition-hard,False,1,9,9,2.2222,3.1545,0.3333,,,,
scaling,scaling_reasoning,gpt-oss-120b,openrouter/openai/gpt-oss-120b,max,PB-Basic-004,IMO-easy,1,competition-hard,False,3,9,84,5.1548,2.9052,0.7619,,,,
scaling,scaling_reasoning,gpt-oss-120b,openrouter/openai/gpt-oss-120b,max,PB-Basic-004,IMO-easy,1,competition-hard,False,5,9,126,6.5476,1.4992,0.9524,,,,
scaling,scaling_reasoning,gpt-oss-120b,openrouter/openai/gpt-oss-120b,max,PB-Basic-004,IMO-easy,1,competition-hard,False,7,9,36,6.9722,0.1643,1.0,,,,
scaling,scaling_reasoning,gpt-oss-120b,openrouter/openai/gpt-oss-120b,max,PB-Basic-004,IMO-easy,1,competition-hard,False,9,9,1,7.0,0.0,1.0,,,,
scaling,scaling_reasoning,gpt-oss-120b,openrouter/openai/gpt-oss-120b,max,PB-Basic-005,IMO-easy,1,competition-hard,False,1,9,9,4.3333,2.8674,0.6667,,,,
scaling,scaling_reasoning,gpt-oss-120b,openrouter/openai/gpt-oss-120b,max,PB-Basic-005,IMO-easy,1,competition-hard,False,3,9,84,6.5238,0.7788,0.9881,,,,
scaling,scaling_reasoning,gpt-oss-120b,openrouter/openai/gpt-oss-120b,max,PB-Basic-005,IMO-easy,1,competition-hard,False,5,9,126,6.8333,0.3727,1.0,,,,
scaling,scaling_reasoning,gpt-oss-120b,openrouter/openai/gpt-oss-120b,max,PB-Basic-005,IMO-easy,1,competition-hard,False,7,9,36,6.9722,0.1643,1.0,,,,
scaling,scaling_reasoning,gpt-oss-120b,openrouter/openai/gpt-oss-120b,max,PB-Basic-005,IMO-easy,1,competition-hard,False,9,9,1,7.0,0.0,1.0,,,,
scaling,scaling_reasoning,gpt-oss-120b,openrouter/openai/gpt-oss-120b,max,PB-Basic-006,IMO-medium,1,competition-hard,False,1,9,9,1.5556,2.9102,0.2222,,,,
scaling,scaling_reasoning,gpt-oss-120b,openrouter/openai/gpt-oss-120b,max,PB-Basic-006,IMO-medium,1,competition-hard,False,3,9,84,4.0833,3.451,0.5833,,,,
scaling,scaling_reasoning,gpt-oss-120b,openrouter/openai/gpt-oss-120b,max,PB-Basic-006,IMO-medium,1,competition-hard,False,5,9,126,5.8333,2.6087,0.8333,,,,
scaling,scaling_reasoning,gpt-oss-120b,openrouter/openai/gpt-oss-120b,max,PB-Basic-006,IMO-medium,1,competition-hard,False,7,9,36,6.8056,1.1503,0.9722,,,,
scaling,scaling_reasoning,gpt-oss-120b,openrouter/openai/gpt-oss-120b,max,PB-Basic-006,IMO-medium,1,competition-hard,False,9,9,1,7.0,0.0,1.0,,,,
scaling,scaling_reasoning,gpt-oss-120b,openrouter/openai/gpt-oss-120b,max,PB-Basic-007,IMO-medium,1,competition-hard,False,1,9,9,0,0.0,0.0,,,,
scaling,scaling_reasoning,gpt-oss-120b,openrouter/openai/gpt-oss-120b,max,PB-Basic-007,IMO-medium,1,competition-hard,False,3,9,84,0,0.0,0.0,,,,
scaling,scaling_reasoning,gpt-oss-120b,openrouter/openai/gpt-oss-120b,max,PB-Basic-007,IMO-medium,1,competition-hard,False,5,9,126,0,0.0,0.0,,,,
scaling,scaling_reasoning,gpt-oss-120b,openrouter/openai/gpt-oss-120b,max,PB-Basic-007,IMO-medium,1,competition-hard,False,7,9,36,0,0.0,0.0,,,,
scaling,scaling_reasoning,gpt-oss-120b,openrouter/openai/gpt-oss-120b,max,PB-Basic-007,IMO-medium,1,competition-hard,False,9,9,1,0.0,0.0,0.0,,,,
scaling,scaling_reasoning,gpt-oss-120b,openrouter/openai/gpt-oss-120b,max,PB-Basic-008,pre-IMO,0,pre-competition,False,1,9,9,0.8889,2.183,0.1111,,,,
scaling,scaling_reasoning,gpt-oss-120b,openrouter/openai/gpt-oss-120b,max,PB-Basic-008,pre-IMO,0,pre-competition,False,3,9,84,2.5833,3.148,0.3333,,,,
scaling,scaling_reasoning,gpt-oss-120b,openrouter/openai/gpt-oss-120b,max,PB-Basic-008,pre-IMO,0,pre-competition,False,5,9,126,4.1667,3.1842,0.5556,,,,
scaling,scaling_reasoning,gpt-oss-120b,openrouter/openai/gpt-oss-120b,max,PB-Basic-008,pre-IMO,0,pre-competition,False,7,9,36,5.6389,2.5512,0.7778,,,,
scaling,scaling_reasoning,gpt-oss-120b,openrouter/openai/gpt-oss-120b,max,PB-Basic-008,pre-IMO,0,pre-competition,False,9,9,1,7.0,0.0,1.0,,,,
scaling,scaling_reasoning,gpt-oss-120b,openrouter/openai/gpt-oss-120b,max,PB-Basic-009,IMO-easy,1,competition-hard,False,1,9,9,0.7778,2.1999,0.1111,,,,
scaling,scaling_reasoning,gpt-oss-120b,openrouter/openai/gpt-oss-120b,max,PB-Basic-009,IMO-easy,1,competition-hard,False,3,9,84,2.3333,3.2998,0.3333,,,,
scaling,scaling_reasoning,gpt-oss-120b,openrouter/openai/gpt-oss-120b,max,PB-Basic-009,IMO-easy,1,competition-hard,False,5,9,126,3.8889,3.4783,0.5556,,,,
scaling,scaling_reasoning,gpt-oss-120b,openrouter/openai/gpt-oss-120b,max,PB-Basic-009,IMO-easy,1,competition-hard,False,7,9,36,5.4444,2.9102,0.7778,,,,
scaling,scaling_reasoning,gpt-oss-120b,openrouter/openai/gpt-oss-120b,max,PB-Basic-009,IMO-easy,1,competition-hard,False,9,9,1,7.0,0.0,1.0,,,,
scaling,scaling_reasoning,gpt-oss-120b,openrouter/openai/gpt-oss-120b,max,PB-Basic-010,IMO-easy,1,competition-hard,False,1,9,9,7,0.0,1.0,,,,
scaling,scaling_reasoning,gpt-oss-120b,openrouter/openai/gpt-oss-120b,max,PB-Basic-010,IMO-easy,1,competition-hard,False,3,9,84,7,0.0,1.0,,,,
scaling,scaling_reasoning,gpt-oss-120b,openrouter/openai/gpt-oss-120b,max,PB-Basic-010,IMO-easy,1,competition-hard,False,5,9,126,7,0.0,1.0,,,,
scaling,scaling_reasoning,gpt-oss-120b,openrouter/openai/gpt-oss-120b,max,PB-Basic-010,IMO-easy,1,competition-hard,False,7,9,36,7,0.0,1.0,,,,
scaling,scaling_reasoning,gpt-oss-120b,openrouter/openai/gpt-oss-120b,max,PB-Basic-010,IMO-easy,1,competition-hard,False,9,9,1,7.0,0.0,1.0,,,,
scaling,scaling_reasoning,gpt-oss-120b,openrouter/openai/gpt-oss-120b,max,PB-Basic-011,IMO-easy,1,competition-hard,False,1,9,9,2.3333,2.6247,0.3333,,,,
scaling,scaling_reasoning,gpt-oss-120b,openrouter/openai/gpt-oss-120b,max,PB-Basic-011,IMO-easy,1,competition-hard,False,3,9,84,4.7976,2.1535,0.7619,,,,
scaling,scaling_reasoning,gpt-oss-120b,openrouter/openai/gpt-oss-120b,max,PB-Basic-011,IMO-easy,1,competition-hard,False,5,9,126,5.7619,1.0648,0.9524,,,,
scaling,scaling_reasoning,gpt-oss-120b,openrouter/openai/gpt-oss-120b,max,PB-Basic-011,IMO-easy,1,competition-hard,False,7,9,36,6,0.0,1.0,,,,
scaling,scaling_reasoning,gpt-oss-120b,openrouter/openai/gpt-oss-120b,max,PB-Basic-011,IMO-easy,1,competition-hard,False,9,9,1,6.0,0.0,1.0,,,,
scaling,scaling_reasoning,gpt-oss-120b,openrouter/openai/gpt-oss-120b,max,PB-Basic-012,IMO-medium,1,competition-hard,False,1,9,9,4.6667,2.8674,0.6667,,,,
scaling,scaling_reasoning,gpt-oss-120b,openrouter/openai/gpt-oss-120b,max,PB-Basic-012,IMO-medium,1,competition-hard,False,3,9,84,6.8214,0.7098,0.9881,,,,
scaling,scaling_reasoning,gpt-oss-120b,openrouter/openai/gpt-oss-120b,max,PB-Basic-012,IMO-medium,1,competition-hard,False,5,9,126,6.9921,0.0887,1.0,,,,
scaling,scaling_reasoning,gpt-oss-120b,openrouter/openai/gpt-oss-120b,max,PB-Basic-012,IMO-medium,1,competition-hard,False,7,9,36,7,0.0,1.0,,,,
scaling,scaling_reasoning,gpt-oss-120b,openrouter/openai/gpt-oss-120b,max,PB-Basic-012,IMO-medium,1,competition-hard,False,9,9,1,7.0,0.0,1.0,,,,
scaling,scaling_reasoning,gpt-oss-120b,openrouter/openai/gpt-oss-120b,max,PB-Basic-013,pre-IMO,0,pre-competition,False,1,9,9,6.1111,2.183,0.8889,,,,
scaling,scaling_reasoning,gpt-oss-120b,openrouter/openai/gpt-oss-120b,max,PB-Basic-013,pre-IMO,0,pre-competition,False,3,9,84,7,0.0,1.0,,,,
scaling,scaling_reasoning,gpt-oss-120b,openrouter/openai/gpt-oss-120b,max,PB-Basic-013,pre-IMO,0,pre-competition,False,5,9,126,7,0.0,1.0,,,,
scaling,scaling_reasoning,gpt-oss-120b,openrouter/openai/gpt-oss-120b,max,PB-Basic-013,pre-IMO,0,pre-competition,False,7,9,36,7,0.0,1.0,,,,
scaling,scaling_reasoning,gpt-oss-120b,openrouter/openai/gpt-oss-120b,max,PB-Basic-013,pre-IMO,0,pre-competition,False,9,9,1,7.0,0.0,1.0,,,,
scaling,scaling_reasoning,gpt-oss-120b,openrouter/openai/gpt-oss-120b,max,PB-Basic-014,pre-IMO,0,pre-competition,False,1,9,9,7,0.0,1.0,,,,
scaling,scaling_reasoning,gpt-oss-120b,openrouter/openai/gpt-oss-120b,max,PB-Basic-014,pre-IMO,0,pre-competition,False,3,9,84,7,0.0,1.0,,,,
scaling,scaling_reasoning,gpt-oss-120b,openrouter/openai/gpt-oss-120b,max,PB-Basic-014,pre-IMO,0,pre-competition,False,5,9,126,7,0.0,1.0,,,,
scaling,scaling_reasoning,gpt-oss-120b,openrouter/openai/gpt-oss-120b,max,PB-Basic-014,pre-IMO,0,pre-competition,False,7,9,36,7,0.0,1.0,,,,
scaling,scaling_reasoning,gpt-oss-120b,openrouter/openai/gpt-oss-120b,max,PB-Basic-014,pre-IMO,0,pre-competition,False,9,9,1,7.0,0.0,1.0,,,,
scaling,scaling_reasoning,gpt-oss-120b,openrouter/openai/gpt-oss-120b,max,PB-Basic-015,pre-IMO,0,pre-competition,False,1,9,9,2.8889,2.6851,0.3333,,,,
scaling,scaling_reasoning,gpt-oss-120b,openrouter/openai/gpt-oss-120b,max,PB-Basic-015,pre-IMO,0,pre-competition,False,3,9,84,5.3929,2.4834,0.7619,,,,
scaling,scaling_reasoning,gpt-oss-120b,openrouter/openai/gpt-oss-120b,max,PB-Basic-015,pre-IMO,0,pre-competition,False,5,9,126,6.5952,1.2921,0.9524,,,,
scaling,scaling_reasoning,gpt-oss-120b,openrouter/openai/gpt-oss-120b,max,PB-Basic-015,pre-IMO,0,pre-competition,False,7,9,36,6.9722,0.1643,1.0,,,,
scaling,scaling_reasoning,gpt-oss-120b,openrouter/openai/gpt-oss-120b,max,PB-Basic-015,pre-IMO,0,pre-competition,False,9,9,1,7.0,0.0,1.0,,,,
scaling,scaling_reasoning,gpt-oss-120b,openrouter/openai/gpt-oss-120b,max,PB-Basic-016,pre-IMO,0,pre-competition,False,1,9,9,7,0.0,1.0,,,,
scaling,scaling_reasoning,gpt-oss-120b,openrouter/openai/gpt-oss-120b,max,PB-Basic-016,pre-IMO,0,pre-competition,False,3,9,84,7,0.0,1.0,,,,
scaling,scaling_reasoning,gpt-oss-120b,openrouter/openai/gpt-oss-120b,max,PB-Basic-016,pre-IMO,0,pre-competition,False,5,9,126,7,0.0,1.0,,,,
scaling,scaling_reasoning,gpt-oss-120b,openrouter/openai/gpt-oss-120b,max,PB-Basic-016,pre-IMO,0,pre-competition,False,7,9,36,7,0.0,1.0,,,,
scaling,scaling_reasoning,gpt-oss-120b,openrouter/openai/gpt-oss-120b,max,PB-Basic-016,pre-IMO,0,pre-competition,False,9,9,1,7.0,0.0,1.0,,,,
scaling,scaling_reasoning,gpt-oss-120b,openrouter/openai/gpt-oss-120b,max,PB-Basic-017,pre-IMO,0,pre-competition,False,1,9,9,7,0.0,1.0,,,,
scaling,scaling_reasoning,gpt-oss-120b,openrouter/openai/gpt-oss-120b,max,PB-Basic-017,pre-IMO,0,pre-competition,False,3,9,84,7,0.0,1.0,,,,
scaling,scaling_reasoning,gpt-oss-120b,openrouter/openai/gpt-oss-120b,max,PB-Basic-017,pre-IMO,0,pre-competition,False,5,9,126,7,0.0,1.0,,,,
scaling,scaling_reasoning,gpt-oss-120b,openrouter/openai/gpt-oss-120b,max,PB-Basic-017,pre-IMO,0,pre-competition,False,7,9,36,7,0.0,1.0,,,,
scaling,scaling_reasoning,gpt-oss-120b,openrouter/openai/gpt-oss-120b,max,PB-Basic-017,pre-IMO,0,pre-competition,False,9,9,1,7.0,0.0,1.0,,,,
scaling,scaling_reasoning,gpt-oss-120b,openrouter/openai/gpt-oss-120b,max,PB-Basic-018,pre-IMO,0,pre-competition,False,1,9,9,1.4444,2.4545,0.2222,,,,
scaling,scaling_reasoning,gpt-oss-120b,openrouter/openai/gpt-oss-120b,max,PB-Basic-018,pre-IMO,0,pre-competition,False,3,9,84,3.6786,2.7653,0.5833,,,,
scaling,scaling_reasoning,gpt-oss-120b,openrouter/openai/gpt-oss-120b,max,PB-Basic-018,pre-IMO,0,pre-competition,False,5,9,126,5.119,1.9785,0.8333,,,,
scaling,scaling_reasoning,gpt-oss-120b,openrouter/openai/gpt-oss-120b,max,PB-Basic-018,pre-IMO,0,pre-competition,False,7,9,36,5.8611,0.8217,0.9722,,,,
scaling,scaling_reasoning,gpt-oss-120b,openrouter/openai/gpt-oss-120b,max,PB-Basic-018,pre-IMO,0,pre-competition,False,9,9,1,6.0,0.0,1.0,,,,
scaling,scaling_reasoning,gpt-oss-120b,openrouter/openai/gpt-oss-120b,max,PB-Basic-019,IMO-easy,1,competition-hard,False,1,9,9,6.8889,0.3143,1.0,,,,
scaling,scaling_reasoning,gpt-oss-120b,openrouter/openai/gpt-oss-120b,max,PB-Basic-019,IMO-easy,1,competition-hard,False,3,9,84,7,0.0,1.0,,,,
scaling,scaling_reasoning,gpt-oss-120b,openrouter/openai/gpt-oss-120b,max,PB-Basic-019,IMO-easy,1,competition-hard,False,5,9,126,7,0.0,1.0,,,,
scaling,scaling_reasoning,gpt-oss-120b,openrouter/openai/gpt-oss-120b,max,PB-Basic-019,IMO-easy,1,competition-hard,False,7,9,36,7,0.0,1.0,,,,
scaling,scaling_reasoning,gpt-oss-120b,openrouter/openai/gpt-oss-120b,max,PB-Basic-019,IMO-easy,1,competition-hard,False,9,9,1,7.0,0.0,1.0,,,,
scaling,scaling_reasoning,gpt-oss-120b,openrouter/openai/gpt-oss-120b,max,PB-Basic-020,IMO-easy,1,competition-hard,False,1,9,9,3.5556,3.2011,0.5556,,,,
scaling,scaling_reasoning,gpt-oss-120b,openrouter/openai/gpt-oss-120b,max,PB-Basic-020,IMO-easy,1,competition-hard,False,3,9,84,6.2976,1.4863,0.9524,,,,
scaling,scaling_reasoning,gpt-oss-120b,openrouter/openai/gpt-oss-120b,max,PB-Basic-020,IMO-easy,1,competition-hard,False,5,9,126,6.8333,0.3727,1.0,,,,
scaling,scaling_reasoning,gpt-oss-120b,openrouter/openai/gpt-oss-120b,max,PB-Basic-020,IMO-easy,1,competition-hard,False,7,9,36,6.9722,0.1643,1.0,,,,
scaling,scaling_reasoning,gpt-oss-120b,openrouter/openai/gpt-oss-120b,max,PB-Basic-020,IMO-easy,1,competition-hard,False,9,9,1,7.0,0.0,1.0,,,,
scaling,scaling_reasoning,gpt-oss-120b,openrouter/openai/gpt-oss-120b,max,PB-Basic-021,IMO-easy,1,competition-hard,False,1,9,9,0.1111,0.3143,0.0,,,,
scaling,scaling_reasoning,gpt-oss-120b,openrouter/openai/gpt-oss-120b,max,PB-Basic-021,IMO-easy,1,competition-hard,False,3,9,84,0.3333,0.4714,0.0,,,,
scaling,scaling_reasoning,gpt-oss-120b,openrouter/openai/gpt-oss-120b,max,PB-Basic-021,IMO-easy,1,competition-hard,False,5,9,126,0.5556,0.4969,0.0,,,,
scaling,scaling_reasoning,gpt-oss-120b,openrouter/openai/gpt-oss-120b,max,PB-Basic-021,IMO-easy,1,competition-hard,False,7,9,36,0.7778,0.4157,0.0,,,,
scaling,scaling_reasoning,gpt-oss-120b,openrouter/openai/gpt-oss-120b,max,PB-Basic-021,IMO-easy,1,competition-hard,False,9,9,1,1.0,0.0,0.0,,,,
scaling,scaling_reasoning,gpt-oss-120b,openrouter/openai/gpt-oss-120b,max,PB-Basic-022,IMO-easy,1,competition-hard,False,1,9,9,1.3333,2.4944,0.2222,,,,
scaling,scaling_reasoning,gpt-oss-120b,openrouter/openai/gpt-oss-120b,max,PB-Basic-022,IMO-easy,1,competition-hard,False,3,9,84,3.5,2.958,0.5833,,,,
scaling,scaling_reasoning,gpt-oss-120b,openrouter/openai/gpt-oss-120b,max,PB-Basic-022,IMO-easy,1,competition-hard,False,5,9,126,5,2.2361,0.8333,,,,
scaling,scaling_reasoning,gpt-oss-120b,openrouter/openai/gpt-oss-120b,max,PB-Basic-022,IMO-easy,1,competition-hard,False,7,9,36,5.8333,0.986,0.9722,,,,
scaling,scaling_reasoning,gpt-oss-120b,openrouter/openai/gpt-oss-120b,max,PB-Basic-022,IMO-easy,1,competition-hard,False,9,9,1,6.0,0.0,1.0,,,,
scaling,scaling_reasoning,gpt-oss-120b,openrouter/openai/gpt-oss-120b,max,PB-Basic-023,IMO-medium,1,competition-hard,False,1,9,9,0.8889,2.183,0.1111,,,,
scaling,scaling_reasoning,gpt-oss-120b,openrouter/openai/gpt-oss-120b,max,PB-Basic-023,IMO-medium,1,competition-hard,False,3,9,84,2.5833,3.148,0.3333,,,,
scaling,scaling_reasoning,gpt-oss-120b,openrouter/openai/gpt-oss-120b,max,PB-Basic-023,IMO-medium,1,competition-hard,False,5,9,126,4.1667,3.1842,0.5556,,,,
scaling,scaling_reasoning,gpt-oss-120b,openrouter/openai/gpt-oss-120b,max,PB-Basic-023,IMO-medium,1,competition-hard,False,7,9,36,5.6389,2.5512,0.7778,,,,
scaling,scaling_reasoning,gpt-oss-120b,openrouter/openai/gpt-oss-120b,max,PB-Basic-023,IMO-medium,1,competition-hard,False,9,9,1,7.0,0.0,1.0,,,,
scaling,scaling_reasoning,gpt-oss-120b,openrouter/openai/gpt-oss-120b,max,PB-Basic-024,IMO-medium,1,competition-hard,False,1,9,9,3.2222,3.3921,0.4444,,,,
scaling,scaling_reasoning,gpt-oss-120b,openrouter/openai/gpt-oss-120b,max,PB-Basic-024,IMO-medium,1,competition-hard,False,3,9,84,6.2381,2.0795,0.881,,,,
scaling,scaling_reasoning,gpt-oss-120b,openrouter/openai/gpt-oss-120b,max,PB-Basic-024,IMO-medium,1,competition-hard,False,5,9,126,6.9524,0.5324,0.9921,,,,
scaling,scaling_reasoning,gpt-oss-120b,openrouter/openai/gpt-oss-120b,max,PB-Basic-024,IMO-medium,1,competition-hard,False,7,9,36,7,0.0,1.0,,,,
scaling,scaling_reasoning,gpt-oss-120b,openrouter/openai/gpt-oss-120b,max,PB-Basic-024,IMO-medium,1,competition-hard,False,9,9,1,7.0,0.0,1.0,,,,
scaling,scaling_reasoning,gpt-oss-120b,openrouter/openai/gpt-oss-120b,max,PB-Basic-025,IMO-easy,1,competition-hard,False,1,9,9,0.7778,1.8725,0.1111,,,,
scaling,scaling_reasoning,gpt-oss-120b,openrouter/openai/gpt-oss-120b,max,PB-Basic-025,IMO-easy,1,competition-hard,False,3,9,84,2.25,2.681,0.3333,,,,
scaling,scaling_reasoning,gpt-oss-120b,openrouter/openai/gpt-oss-120b,max,PB-Basic-025,IMO-easy,1,competition-hard,False,5,9,126,3.6111,2.6903,0.5556,,,,
scaling,scaling_reasoning,gpt-oss-120b,openrouter/openai/gpt-oss-120b,max,PB-Basic-025,IMO-easy,1,competition-hard,False,7,9,36,4.8611,2.1364,0.7778,,,,
scaling,scaling_reasoning,gpt-oss-120b,openrouter/openai/gpt-oss-120b,max,PB-Basic-025,IMO-easy,1,competition-hard,False,9,9,1,6.0,0.0,1.0,,,,
scaling,scaling_reasoning,gpt-oss-120b,openrouter/openai/gpt-oss-120b,max,PB-Basic-026,IMO-medium,1,competition-hard,False,1,9,9,0,0.0,0.0,,,,
scaling,scaling_reasoning,gpt-oss-120b,openrouter/openai/gpt-oss-120b,max,PB-Basic-026,IMO-medium,1,competition-hard,False,3,9,84,0,0.0,0.0,,,,
scaling,scaling_reasoning,gpt-oss-120b,openrouter/openai/gpt-oss-120b,max,PB-Basic-026,IMO-medium,1,competition-hard,False,5,9,126,0,0.0,0.0,,,,
scaling,scaling_reasoning,gpt-oss-120b,openrouter/openai/gpt-oss-120b,max,PB-Basic-026,IMO-medium,1,competition-hard,False,7,9,36,0,0.0,0.0,,,,
scaling,scaling_reasoning,gpt-oss-120b,openrouter/openai/gpt-oss-120b,max,PB-Basic-026,IMO-medium,1,competition-hard,False,9,9,1,0.0,0.0,0.0,,,,
scaling,scaling_reasoning,gpt-oss-120b,openrouter/openai/gpt-oss-120b,max,PB-Basic-027,IMO-easy,1,competition-hard,False,1,9,9,0.6667,1.8856,0.1111,,,,
scaling,scaling_reasoning,gpt-oss-120b,openrouter/openai/gpt-oss-120b,max,PB-Basic-027,IMO-easy,1,competition-hard,False,3,9,84,2,2.8284,0.3333,,,,
scaling,scaling_reasoning,gpt-oss-120b,openrouter/openai/gpt-oss-120b,max,PB-Basic-027,IMO-easy,1,competition-hard,False,5,9,126,3.3333,2.9814,0.5556,,,,
scaling,scaling_reasoning,gpt-oss-120b,openrouter/openai/gpt-oss-120b,max,PB-Basic-027,IMO-easy,1,competition-hard,False,7,9,36,4.6667,2.4944,0.7778,,,,
scaling,scaling_reasoning,gpt-oss-120b,openrouter/openai/gpt-oss-120b,max,PB-Basic-027,IMO-easy,1,competition-hard,False,9,9,1,6.0,0.0,1.0,,,,
scaling,scaling_reasoning,gpt-oss-120b,openrouter/openai/gpt-oss-120b,max,PB-Basic-028,IMO-medium,1,competition-hard,False,1,9,9,0,0.0,0.0,,,,
scaling,scaling_reasoning,gpt-oss-120b,openrouter/openai/gpt-oss-120b,max,PB-Basic-028,IMO-medium,1,competition-hard,False,3,9,84,0,0.0,0.0,,,,
scaling,scaling_reasoning,gpt-oss-120b,openrouter/openai/gpt-oss-120b,max,PB-Basic-028,IMO-medium,1,competition-hard,False,5,9,126,0,0.0,0.0,,,,
scaling,scaling_reasoning,gpt-oss-120b,openrouter/openai/gpt-oss-120b,max,PB-Basic-028,IMO-medium,1,competition-hard,False,7,9,36,0,0.0,0.0,,,,
scaling,scaling_reasoning,gpt-oss-120b,openrouter/openai/gpt-oss-120b,max,PB-Basic-028,IMO-medium,1,competition-hard,False,9,9,1,0.0,0.0,0.0,,,,
scaling,scaling_reasoning,gpt-oss-120b,openrouter/openai/gpt-oss-120b,max,PB-Basic-029,IMO-medium,1,competition-hard,False,1,9,9,0,0.0,0.0,,,,
scaling,scaling_reasoning,gpt-oss-120b,openrouter/openai/gpt-oss-120b,max,PB-Basic-029,IMO-medium,1,competition-hard,False,3,9,84,0,0.0,0.0,,,,
scaling,scaling_reasoning,gpt-oss-120b,openrouter/openai/gpt-oss-120b,max,PB-Basic-029,IMO-medium,1,competition-hard,False,5,9,126,0,0.0,0.0,,,,
scaling,scaling_reasoning,gpt-oss-120b,openrouter/openai/gpt-oss-120b,max,PB-Basic-029,IMO-medium,1,competition-hard,False,7,9,36,0,0.0,0.0,,,,
scaling,scaling_reasoning,gpt-oss-120b,openrouter/openai/gpt-oss-120b,max,PB-Basic-029,IMO-medium,1,competition-hard,False,9,9,1,0.0,0.0,0.0,,,,
scaling,scaling_reasoning,gpt-oss-120b,openrouter/openai/gpt-oss-120b,max,PB-Basic-030,IMO-easy,1,competition-hard,False,1,9,9,0.1111,0.3143,0.0,,,,
scaling,scaling_reasoning,gpt-oss-120b,openrouter/openai/gpt-oss-120b,max,PB-Basic-030,IMO-easy,1,competition-hard,False,3,9,84,0.3333,0.4714,0.0,,,,
scaling,scaling_reasoning,gpt-oss-120b,openrouter/openai/gpt-oss-120b,max,PB-Basic-030,IMO-easy,1,competition-hard,False,5,9,126,0.5556,0.4969,0.0,,,,
scaling,scaling_reasoning,gpt-oss-120b,openrouter/openai/gpt-oss-120b,max,PB-Basic-030,IMO-easy,1,competition-hard,False,7,9,36,0.7778,0.4157,0.0,,,,
scaling,scaling_reasoning,gpt-oss-120b,openrouter/openai/gpt-oss-120b,max,PB-Basic-030,IMO-easy,1,competition-hard,False,9,9,1,1.0,0.0,0.0,,,,
scaling,scaling_reasoning,gpt-oss-120b,openrouter/openai/gpt-oss-120b,max,erdos-1051,Minor Novelty,3,research-medium,True,1,9,9,0,0.0,0.0,,,,
scaling,scaling_reasoning,gpt-oss-120b,openrouter/openai/gpt-oss-120b,max,erdos-1051,Minor Novelty,3,research-medium,True,3,9,84,0,0.0,0.0,,,,
scaling,scaling_reasoning,gpt-oss-120b,openrouter/openai/gpt-oss-120b,max,erdos-1051,Minor Novelty,3,research-medium,True,5,9,126,0,0.0,0.0,,,,
scaling,scaling_reasoning,gpt-oss-120b,openrouter/openai/gpt-oss-120b,max,erdos-1051,Minor Novelty,3,research-medium,True,7,9,36,0,0.0,0.0,,,,
scaling,scaling_reasoning,gpt-oss-120b,openrouter/openai/gpt-oss-120b,max,erdos-1051,Minor Novelty,3,research-medium,True,9,9,1,0.0,0.0,0.0,,,,
scaling,scaling_reasoning,gpt-oss-120b,openrouter/openai/gpt-oss-120b,max,erdos-333,Literature Identification,2,research-easy,True,1,9,9,0,0.0,0.0,,,,
scaling,scaling_reasoning,gpt-oss-120b,openrouter/openai/gpt-oss-120b,max,erdos-333,Literature Identification,2,research-easy,True,3,9,84,0,0.0,0.0,,,,
scaling,scaling_reasoning,gpt-oss-120b,openrouter/openai/gpt-oss-120b,max,erdos-333,Literature Identification,2,research-easy,True,5,9,126,0,0.0,0.0,,,,
scaling,scaling_reasoning,gpt-oss-120b,openrouter/openai/gpt-oss-120b,max,erdos-333,Literature Identification,2,research-easy,True,7,9,36,0,0.0,0.0,,,,
scaling,scaling_reasoning,gpt-oss-120b,openrouter/openai/gpt-oss-120b,max,erdos-333,Literature Identification,2,research-easy,True,9,9,1,0.0,0.0,0.0,,,,
scaling,scaling_reasoning,gpt-oss-120b,openrouter/openai/gpt-oss-120b,max,erdos-397,Independent Rediscovery,1,competition-hard,True,1,9,9,0,0.0,0.0,,,,
scaling,scaling_reasoning,gpt-oss-120b,openrouter/openai/gpt-oss-120b,max,erdos-397,Independent Rediscovery,1,competition-hard,True,3,9,84,0,0.0,0.0,,,,
scaling,scaling_reasoning,gpt-oss-120b,openrouter/openai/gpt-oss-120b,max,erdos-397,Independent Rediscovery,1,competition-hard,True,5,9,126,0,0.0,0.0,,,,
scaling,scaling_reasoning,gpt-oss-120b,openrouter/openai/gpt-oss-120b,max,erdos-397,Independent Rediscovery,1,competition-hard,True,7,9,36,0,0.0,0.0,,,,
scaling,scaling_reasoning,gpt-oss-120b,openrouter/openai/gpt-oss-120b,max,erdos-397,Independent Rediscovery,1,competition-hard,True,9,9,1,0.0,0.0,0.0,,,,
scaling,scaling_reasoning,gpt-oss-120b,openrouter/openai/gpt-oss-120b,max,erdos-654,Negligible Novelty,2,research-easy,True,1,9,9,0,0.0,0.0,,,,
scaling,scaling_reasoning,gpt-oss-120b,openrouter/openai/gpt-oss-120b,max,erdos-654,Negligible Novelty,2,research-easy,True,3,9,84,0,0.0,0.0,,,,
scaling,scaling_reasoning,gpt-oss-120b,openrouter/openai/gpt-oss-120b,max,erdos-654,Negligible Novelty,2,research-easy,True,5,9,126,0,0.0,0.0,,,,
scaling,scaling_reasoning,gpt-oss-120b,openrouter/openai/gpt-oss-120b,max,erdos-654,Negligible Novelty,2,research-easy,True,7,9,36,0,0.0,0.0,,,,
scaling,scaling_reasoning,gpt-oss-120b,openrouter/openai/gpt-oss-120b,max,erdos-654,Negligible Novelty,2,research-easy,True,9,9,1,0.0,0.0,0.0,,,,
scaling,scaling_reasoning,gpt-oss-120b,openrouter/openai/gpt-oss-120b,max,erdos-659,Negligible Novelty,2,research-easy,True,1,9,9,0,0.0,0.0,,,,
scaling,scaling_reasoning,gpt-oss-120b,openrouter/openai/gpt-oss-120b,max,erdos-659,Negligible Novelty,2,research-easy,True,3,9,84,0,0.0,0.0,,,,
scaling,scaling_reasoning,gpt-oss-120b,openrouter/openai/gpt-oss-120b,max,erdos-659,Negligible Novelty,2,research-easy,True,5,9,126,0,0.0,0.0,,,,
scaling,scaling_reasoning,gpt-oss-120b,openrouter/openai/gpt-oss-120b,max,erdos-659,Negligible Novelty,2,research-easy,True,7,9,36,0,0.0,0.0,,,,
scaling,scaling_reasoning,gpt-oss-120b,openrouter/openai/gpt-oss-120b,max,erdos-659,Negligible Novelty,2,research-easy,True,9,9,1,0.0,0.0,0.0,,,,
scaling,scaling_reasoning,gpt-oss-120b,openrouter/openai/gpt-oss-120b,max,first-proof-10-official,1,2,research-easy,True,1,9,9,3.6667,3.2998,0.5556,,,,
scaling,scaling_reasoning,gpt-oss-120b,openrouter/openai/gpt-oss-120b,max,first-proof-10-official,1,2,research-easy,True,3,9,84,6.4762,1.4998,0.9524,,,,
scaling,scaling_reasoning,gpt-oss-120b,openrouter/openai/gpt-oss-120b,max,first-proof-10-official,1,2,research-easy,True,5,9,126,6.9524,0.213,1.0,,,,
scaling,scaling_reasoning,gpt-oss-120b,openrouter/openai/gpt-oss-120b,max,first-proof-10-official,1,2,research-easy,True,7,9,36,7,0.0,1.0,,,,
scaling,scaling_reasoning,gpt-oss-120b,openrouter/openai/gpt-oss-120b,max,first-proof-10-official,1,2,research-easy,True,9,9,1,7.0,0.0,1.0,,,,
scaling,scaling_reasoning,gpt-oss-120b,openrouter/openai/gpt-oss-120b,max,first-proof-4-official,3,4,research-hard,True,1,9,9,0,0.0,0.0,,,,
scaling,scaling_reasoning,gpt-oss-120b,openrouter/openai/gpt-oss-120b,max,first-proof-4-official,3,4,research-hard,True,3,9,84,0,0.0,0.0,,,,
scaling,scaling_reasoning,gpt-oss-120b,openrouter/openai/gpt-oss-120b,max,first-proof-4-official,3,4,research-hard,True,5,9,126,0,0.0,0.0,,,,
scaling,scaling_reasoning,gpt-oss-120b,openrouter/openai/gpt-oss-120b,max,first-proof-4-official,3,4,research-hard,True,7,9,36,0,0.0,0.0,,,,
scaling,scaling_reasoning,gpt-oss-120b,openrouter/openai/gpt-oss-120b,max,first-proof-4-official,3,4,research-hard,True,9,9,1,0.0,0.0,0.0,,,,
scaling,scaling_reasoning,gpt-oss-120b,openrouter/openai/gpt-oss-120b,max,first-proof-5-official,2,3,research-medium,True,1,9,9,0,0.0,0.0,,,,
scaling,scaling_reasoning,gpt-oss-120b,openrouter/openai/gpt-oss-120b,max,first-proof-5-official,2,3,research-medium,True,3,9,84,0,0.0,0.0,,,,
scaling,scaling_reasoning,gpt-oss-120b,openrouter/openai/gpt-oss-120b,max,first-proof-5-official,2,3,research-medium,True,5,9,126,0,0.0,0.0,,,,
scaling,scaling_reasoning,gpt-oss-120b,openrouter/openai/gpt-oss-120b,max,first-proof-5-official,2,3,research-medium,True,7,9,36,0,0.0,0.0,,,,
scaling,scaling_reasoning,gpt-oss-120b,openrouter/openai/gpt-oss-120b,max,first-proof-5-official,2,3,research-medium,True,9,9,1,0.0,0.0,0.0,,,,
scaling,scaling_reasoning,gpt-oss-120b,openrouter/openai/gpt-oss-120b,max,first-proof-6-official,3,4,research-hard,True,1,9,9,0,0.0,0.0,,,,
scaling,scaling_reasoning,gpt-oss-120b,openrouter/openai/gpt-oss-120b,max,first-proof-6-official,3,4,research-hard,True,3,9,84,0,0.0,0.0,,,,
scaling,scaling_reasoning,gpt-oss-120b,openrouter/openai/gpt-oss-120b,max,first-proof-6-official,3,4,research-hard,True,5,9,126,0,0.0,0.0,,,,
scaling,scaling_reasoning,gpt-oss-120b,openrouter/openai/gpt-oss-120b,max,first-proof-6-official,3,4,research-hard,True,7,9,36,0,0.0,0.0,,,,
scaling,scaling_reasoning,gpt-oss-120b,openrouter/openai/gpt-oss-120b,max,first-proof-6-official,3,4,research-hard,True,9,9,1,0.0,0.0,0.0,,,,
scaling,scaling_reasoning,gpt-oss-120b,openrouter/openai/gpt-oss-120b,max,ramsey-hypergraphs,Moderately Interesting,5,research-frontier,True,1,9,9,0,0.0,0.0,,,,
scaling,scaling_reasoning,gpt-oss-120b,openrouter/openai/gpt-oss-120b,max,ramsey-hypergraphs,Moderately Interesting,5,research-frontier,True,3,9,84,0,0.0,0.0,,,,
scaling,scaling_reasoning,gpt-oss-120b,openrouter/openai/gpt-oss-120b,max,ramsey-hypergraphs,Moderately Interesting,5,research-frontier,True,5,9,126,0,0.0,0.0,,,,
scaling,scaling_reasoning,gpt-oss-120b,openrouter/openai/gpt-oss-120b,max,ramsey-hypergraphs,Moderately Interesting,5,research-frontier,True,7,9,36,0,0.0,0.0,,,,
scaling,scaling_reasoning,gpt-oss-120b,openrouter/openai/gpt-oss-120b,max,ramsey-hypergraphs,Moderately Interesting,5,research-frontier,True,9,9,1,0.0,0.0,0.0,,,,
scaling,scaling_v4flash,deepseek-v4-flash,openrouter/deepseek/deepseek-v4-flash,default,PB-Advanced-001,IMO-easy,1,competition-hard,False,1,9,9,5.5556,2.7126,0.7778,,,,
scaling,scaling_v4flash,deepseek-v4-flash,openrouter/deepseek/deepseek-v4-flash,default,PB-Advanced-001,IMO-easy,1,competition-hard,False,3,9,84,7,0.0,1.0,,,,
scaling,scaling_v4flash,deepseek-v4-flash,openrouter/deepseek/deepseek-v4-flash,default,PB-Advanced-001,IMO-easy,1,competition-hard,False,5,9,126,7,0.0,1.0,,,,
scaling,scaling_v4flash,deepseek-v4-flash,openrouter/deepseek/deepseek-v4-flash,default,PB-Advanced-001,IMO-easy,1,competition-hard,False,7,9,36,7,0.0,1.0,,,,
scaling,scaling_v4flash,deepseek-v4-flash,openrouter/deepseek/deepseek-v4-flash,default,PB-Advanced-001,IMO-easy,1,competition-hard,False,9,9,1,7.0,0.0,1.0,,,,
scaling,scaling_v4flash,deepseek-v4-flash,openrouter/deepseek/deepseek-v4-flash,default,PB-Advanced-002,IMO-medium,1,competition-hard,False,1,9,9,0,0.0,0.0,,,,
scaling,scaling_v4flash,deepseek-v4-flash,openrouter/deepseek/deepseek-v4-flash,default,PB-Advanced-002,IMO-medium,1,competition-hard,False,3,9,84,0,0.0,0.0,,,,
scaling,scaling_v4flash,deepseek-v4-flash,openrouter/deepseek/deepseek-v4-flash,default,PB-Advanced-002,IMO-medium,1,competition-hard,False,5,9,126,0,0.0,0.0,,,,
scaling,scaling_v4flash,deepseek-v4-flash,openrouter/deepseek/deepseek-v4-flash,default,PB-Advanced-002,IMO-medium,1,competition-hard,False,7,9,36,0,0.0,0.0,,,,
scaling,scaling_v4flash,deepseek-v4-flash,openrouter/deepseek/deepseek-v4-flash,default,PB-Advanced-002,IMO-medium,1,competition-hard,False,9,9,1,0.0,0.0,0.0,,,,
scaling,scaling_v4flash,deepseek-v4-flash,openrouter/deepseek/deepseek-v4-flash,default,PB-Advanced-003,IMO-hard,1,competition-hard,False,1,9,9,0,0.0,0.0,,,,
scaling,scaling_v4flash,deepseek-v4-flash,openrouter/deepseek/deepseek-v4-flash,default,PB-Advanced-003,IMO-hard,1,competition-hard,False,3,9,84,0,0.0,0.0,,,,
scaling,scaling_v4flash,deepseek-v4-flash,openrouter/deepseek/deepseek-v4-flash,default,PB-Advanced-003,IMO-hard,1,competition-hard,False,5,9,126,0,0.0,0.0,,,,
scaling,scaling_v4flash,deepseek-v4-flash,openrouter/deepseek/deepseek-v4-flash,default,PB-Advanced-003,IMO-hard,1,competition-hard,False,7,9,36,0,0.0,0.0,,,,
scaling,scaling_v4flash,deepseek-v4-flash,openrouter/deepseek/deepseek-v4-flash,default,PB-Advanced-003,IMO-hard,1,competition-hard,False,9,9,1,0.0,0.0,0.0,,,,
scaling,scaling_v4flash,deepseek-v4-flash,openrouter/deepseek/deepseek-v4-flash,default,PB-Advanced-004,IMO-easy,1,competition-hard,False,1,9,9,6.2222,2.1999,0.8889,,,,
scaling,scaling_v4flash,deepseek-v4-flash,openrouter/deepseek/deepseek-v4-flash,default,PB-Advanced-004,IMO-easy,1,competition-hard,False,3,9,84,7,0.0,1.0,,,,
scaling,scaling_v4flash,deepseek-v4-flash,openrouter/deepseek/deepseek-v4-flash,default,PB-Advanced-004,IMO-easy,1,competition-hard,False,5,9,126,7,0.0,1.0,,,,
scaling,scaling_v4flash,deepseek-v4-flash,openrouter/deepseek/deepseek-v4-flash,default,PB-Advanced-004,IMO-easy,1,competition-hard,False,7,9,36,7,0.0,1.0,,,,
scaling,scaling_v4flash,deepseek-v4-flash,openrouter/deepseek/deepseek-v4-flash,default,PB-Advanced-004,IMO-easy,1,competition-hard,False,9,9,1,7.0,0.0,1.0,,,,
scaling,scaling_v4flash,deepseek-v4-flash,openrouter/deepseek/deepseek-v4-flash,default,PB-Advanced-005,IMO-medium,1,competition-hard,False,1,9,9,1.5556,2.9102,0.2222,,,,
scaling,scaling_v4flash,deepseek-v4-flash,openrouter/deepseek/deepseek-v4-flash,default,PB-Advanced-005,IMO-medium,1,competition-hard,False,3,9,84,4.0833,3.451,0.5833,,,,
scaling,scaling_v4flash,deepseek-v4-flash,openrouter/deepseek/deepseek-v4-flash,default,PB-Advanced-005,IMO-medium,1,competition-hard,False,5,9,126,5.8333,2.6087,0.8333,,,,
scaling,scaling_v4flash,deepseek-v4-flash,openrouter/deepseek/deepseek-v4-flash,default,PB-Advanced-005,IMO-medium,1,competition-hard,False,7,9,36,6.8056,1.1503,0.9722,,,,
scaling,scaling_v4flash,deepseek-v4-flash,openrouter/deepseek/deepseek-v4-flash,default,PB-Advanced-005,IMO-medium,1,competition-hard,False,9,9,1,7.0,0.0,1.0,,,,
scaling,scaling_v4flash,deepseek-v4-flash,openrouter/deepseek/deepseek-v4-flash,default,PB-Advanced-006,IMO-hard,1,competition-hard,False,1,9,9,0.2222,0.4157,0.0,,,,
scaling,scaling_v4flash,deepseek-v4-flash,openrouter/deepseek/deepseek-v4-flash,default,PB-Advanced-006,IMO-hard,1,competition-hard,False,3,9,84,0.5833,0.493,0.0,,,,
scaling,scaling_v4flash,deepseek-v4-flash,openrouter/deepseek/deepseek-v4-flash,default,PB-Advanced-006,IMO-hard,1,competition-hard,False,5,9,126,0.8333,0.3727,0.0,,,,
scaling,scaling_v4flash,deepseek-v4-flash,openrouter/deepseek/deepseek-v4-flash,default,PB-Advanced-006,IMO-hard,1,competition-hard,False,7,9,36,0.9722,0.1643,0.0,,,,
scaling,scaling_v4flash,deepseek-v4-flash,openrouter/deepseek/deepseek-v4-flash,default,PB-Advanced-006,IMO-hard,1,competition-hard,False,9,9,1,1.0,0.0,0.0,,,,
scaling,scaling_v4flash,deepseek-v4-flash,openrouter/deepseek/deepseek-v4-flash,default,PB-Advanced-007,IMO-easy,1,competition-hard,False,1,9,9,7,0.0,1.0,,,,
scaling,scaling_v4flash,deepseek-v4-flash,openrouter/deepseek/deepseek-v4-flash,default,PB-Advanced-007,IMO-easy,1,competition-hard,False,3,9,84,7,0.0,1.0,,,,
scaling,scaling_v4flash,deepseek-v4-flash,openrouter/deepseek/deepseek-v4-flash,default,PB-Advanced-007,IMO-easy,1,competition-hard,False,5,9,126,7,0.0,1.0,,,,
scaling,scaling_v4flash,deepseek-v4-flash,openrouter/deepseek/deepseek-v4-flash,default,PB-Advanced-007,IMO-easy,1,competition-hard,False,7,9,36,7,0.0,1.0,,,,
scaling,scaling_v4flash,deepseek-v4-flash,openrouter/deepseek/deepseek-v4-flash,default,PB-Advanced-007,IMO-easy,1,competition-hard,False,9,9,1,7.0,0.0,1.0,,,,
scaling,scaling_v4flash,deepseek-v4-flash,openrouter/deepseek/deepseek-v4-flash,default,PB-Advanced-008,IMO-medium,1,competition-hard,False,1,9,9,0.1111,0.3143,0.0,,,,
scaling,scaling_v4flash,deepseek-v4-flash,openrouter/deepseek/deepseek-v4-flash,default,PB-Advanced-008,IMO-medium,1,competition-hard,False,3,9,84,0.3333,0.4714,0.0,,,,
scaling,scaling_v4flash,deepseek-v4-flash,openrouter/deepseek/deepseek-v4-flash,default,PB-Advanced-008,IMO-medium,1,competition-hard,False,5,9,126,0.5556,0.4969,0.0,,,,
scaling,scaling_v4flash,deepseek-v4-flash,openrouter/deepseek/deepseek-v4-flash,default,PB-Advanced-008,IMO-medium,1,competition-hard,False,7,9,36,0.7778,0.4157,0.0,,,,
scaling,scaling_v4flash,deepseek-v4-flash,openrouter/deepseek/deepseek-v4-flash,default,PB-Advanced-008,IMO-medium,1,competition-hard,False,9,9,1,1.0,0.0,0.0,,,,
scaling,scaling_v4flash,deepseek-v4-flash,openrouter/deepseek/deepseek-v4-flash,default,PB-Advanced-009,IMO-hard,1,competition-hard,False,1,9,9,0,0.0,0.0,,,,
scaling,scaling_v4flash,deepseek-v4-flash,openrouter/deepseek/deepseek-v4-flash,default,PB-Advanced-009,IMO-hard,1,competition-hard,False,3,9,84,0,0.0,0.0,,,,
scaling,scaling_v4flash,deepseek-v4-flash,openrouter/deepseek/deepseek-v4-flash,default,PB-Advanced-009,IMO-hard,1,competition-hard,False,5,9,126,0,0.0,0.0,,,,
scaling,scaling_v4flash,deepseek-v4-flash,openrouter/deepseek/deepseek-v4-flash,default,PB-Advanced-009,IMO-hard,1,competition-hard,False,7,9,36,0,0.0,0.0,,,,
scaling,scaling_v4flash,deepseek-v4-flash,openrouter/deepseek/deepseek-v4-flash,default,PB-Advanced-009,IMO-hard,1,competition-hard,False,9,9,1,0.0,0.0,0.0,,,,
scaling,scaling_v4flash,deepseek-v4-flash,openrouter/deepseek/deepseek-v4-flash,default,PB-Advanced-010,IMO-medium,1,competition-hard,False,1,9,9,0,0.0,0.0,,,,
scaling,scaling_v4flash,deepseek-v4-flash,openrouter/deepseek/deepseek-v4-flash,default,PB-Advanced-010,IMO-medium,1,competition-hard,False,3,9,84,0,0.0,0.0,,,,
scaling,scaling_v4flash,deepseek-v4-flash,openrouter/deepseek/deepseek-v4-flash,default,PB-Advanced-010,IMO-medium,1,competition-hard,False,5,9,126,0,0.0,0.0,,,,
scaling,scaling_v4flash,deepseek-v4-flash,openrouter/deepseek/deepseek-v4-flash,default,PB-Advanced-010,IMO-medium,1,competition-hard,False,7,9,36,0,0.0,0.0,,,,
scaling,scaling_v4flash,deepseek-v4-flash,openrouter/deepseek/deepseek-v4-flash,default,PB-Advanced-010,IMO-medium,1,competition-hard,False,9,9,1,0.0,0.0,0.0,,,,
scaling,scaling_v4flash,deepseek-v4-flash,openrouter/deepseek/deepseek-v4-flash,default,PB-Advanced-011,IMO-medium,1,competition-hard,False,1,9,9,0.1111,0.3143,0.0,,,,
scaling,scaling_v4flash,deepseek-v4-flash,openrouter/deepseek/deepseek-v4-flash,default,PB-Advanced-011,IMO-medium,1,competition-hard,False,3,9,84,0.3333,0.4714,0.0,,,,
scaling,scaling_v4flash,deepseek-v4-flash,openrouter/deepseek/deepseek-v4-flash,default,PB-Advanced-011,IMO-medium,1,competition-hard,False,5,9,126,0.5556,0.4969,0.0,,,,
scaling,scaling_v4flash,deepseek-v4-flash,openrouter/deepseek/deepseek-v4-flash,default,PB-Advanced-011,IMO-medium,1,competition-hard,False,7,9,36,0.7778,0.4157,0.0,,,,
scaling,scaling_v4flash,deepseek-v4-flash,openrouter/deepseek/deepseek-v4-flash,default,PB-Advanced-011,IMO-medium,1,competition-hard,False,9,9,1,1.0,0.0,0.0,,,,
scaling,scaling_v4flash,deepseek-v4-flash,openrouter/deepseek/deepseek-v4-flash,default,PB-Advanced-012,IMO-hard,1,competition-hard,False,1,9,9,0.3333,0.4714,0.0,,,,
scaling,scaling_v4flash,deepseek-v4-flash,openrouter/deepseek/deepseek-v4-flash,default,PB-Advanced-012,IMO-hard,1,competition-hard,False,3,9,84,0.7619,0.4259,0.0,,,,
scaling,scaling_v4flash,deepseek-v4-flash,openrouter/deepseek/deepseek-v4-flash,default,PB-Advanced-012,IMO-hard,1,competition-hard,False,5,9,126,0.9524,0.213,0.0,,,,
scaling,scaling_v4flash,deepseek-v4-flash,openrouter/deepseek/deepseek-v4-flash,default,PB-Advanced-012,IMO-hard,1,competition-hard,False,7,9,36,1,0.0,0.0,,,,
scaling,scaling_v4flash,deepseek-v4-flash,openrouter/deepseek/deepseek-v4-flash,default,PB-Advanced-012,IMO-hard,1,competition-hard,False,9,9,1,1.0,0.0,0.0,,,,
scaling,scaling_v4flash,deepseek-v4-flash,openrouter/deepseek/deepseek-v4-flash,default,PB-Advanced-013,IMO-easy,1,competition-hard,False,1,9,9,0.7778,2.1999,0.1111,,,,
scaling,scaling_v4flash,deepseek-v4-flash,openrouter/deepseek/deepseek-v4-flash,default,PB-Advanced-013,IMO-easy,1,competition-hard,False,3,9,84,2.3333,3.2998,0.3333,,,,
scaling,scaling_v4flash,deepseek-v4-flash,openrouter/deepseek/deepseek-v4-flash,default,PB-Advanced-013,IMO-easy,1,competition-hard,False,5,9,126,3.8889,3.4783,0.5556,,,,
scaling,scaling_v4flash,deepseek-v4-flash,openrouter/deepseek/deepseek-v4-flash,default,PB-Advanced-013,IMO-easy,1,competition-hard,False,7,9,36,5.4444,2.9102,0.7778,,,,
scaling,scaling_v4flash,deepseek-v4-flash,openrouter/deepseek/deepseek-v4-flash,default,PB-Advanced-013,IMO-easy,1,competition-hard,False,9,9,1,7.0,0.0,1.0,,,,
scaling,scaling_v4flash,deepseek-v4-flash,openrouter/deepseek/deepseek-v4-flash,default,PB-Advanced-014,IMO-medium,1,competition-hard,False,1,9,9,3,3.3665,0.4444,,,,
scaling,scaling_v4flash,deepseek-v4-flash,openrouter/deepseek/deepseek-v4-flash,default,PB-Advanced-014,IMO-medium,1,competition-hard,False,3,9,84,6.0476,2.2462,0.881,,,,
scaling,scaling_v4flash,deepseek-v4-flash,openrouter/deepseek/deepseek-v4-flash,default,PB-Advanced-014,IMO-medium,1,competition-hard,False,5,9,126,6.9048,0.6477,0.9921,,,,
scaling,scaling_v4flash,deepseek-v4-flash,openrouter/deepseek/deepseek-v4-flash,default,PB-Advanced-014,IMO-medium,1,competition-hard,False,7,9,36,7,0.0,1.0,,,,
scaling,scaling_v4flash,deepseek-v4-flash,openrouter/deepseek/deepseek-v4-flash,default,PB-Advanced-014,IMO-medium,1,competition-hard,False,9,9,1,7.0,0.0,1.0,,,,
scaling,scaling_v4flash,deepseek-v4-flash,openrouter/deepseek/deepseek-v4-flash,default,PB-Advanced-015,IMO-hard,1,competition-hard,False,1,9,9,0,0.0,0.0,,,,
scaling,scaling_v4flash,deepseek-v4-flash,openrouter/deepseek/deepseek-v4-flash,default,PB-Advanced-015,IMO-hard,1,competition-hard,False,3,9,84,0,0.0,0.0,,,,
scaling,scaling_v4flash,deepseek-v4-flash,openrouter/deepseek/deepseek-v4-flash,default,PB-Advanced-015,IMO-hard,1,competition-hard,False,5,9,126,0,0.0,0.0,,,,
scaling,scaling_v4flash,deepseek-v4-flash,openrouter/deepseek/deepseek-v4-flash,default,PB-Advanced-015,IMO-hard,1,competition-hard,False,7,9,36,0,0.0,0.0,,,,
scaling,scaling_v4flash,deepseek-v4-flash,openrouter/deepseek/deepseek-v4-flash,default,PB-Advanced-015,IMO-hard,1,competition-hard,False,9,9,1,0.0,0.0,0.0,,,,
scaling,scaling_v4flash,deepseek-v4-flash,openrouter/deepseek/deepseek-v4-flash,default,PB-Advanced-016,IMO-easy,1,competition-hard,False,1,9,9,0,0.0,0.0,,,,
scaling,scaling_v4flash,deepseek-v4-flash,openrouter/deepseek/deepseek-v4-flash,default,PB-Advanced-016,IMO-easy,1,competition-hard,False,3,9,84,0,0.0,0.0,,,,
scaling,scaling_v4flash,deepseek-v4-flash,openrouter/deepseek/deepseek-v4-flash,default,PB-Advanced-016,IMO-easy,1,competition-hard,False,5,9,126,0,0.0,0.0,,,,
scaling,scaling_v4flash,deepseek-v4-flash,openrouter/deepseek/deepseek-v4-flash,default,PB-Advanced-016,IMO-easy,1,competition-hard,False,7,9,36,0,0.0,0.0,,,,
scaling,scaling_v4flash,deepseek-v4-flash,openrouter/deepseek/deepseek-v4-flash,default,PB-Advanced-016,IMO-easy,1,competition-hard,False,9,9,1,0.0,0.0,0.0,,,,
scaling,scaling_v4flash,deepseek-v4-flash,openrouter/deepseek/deepseek-v4-flash,default,PB-Advanced-017,IMO-easy,1,competition-hard,False,1,9,9,1.1111,2.1315,0.1111,,,,
scaling,scaling_v4flash,deepseek-v4-flash,openrouter/deepseek/deepseek-v4-flash,default,PB-Advanced-017,IMO-easy,1,competition-hard,False,3,9,84,2.881,2.9293,0.3333,,,,
scaling,scaling_v4flash,deepseek-v4-flash,openrouter/deepseek/deepseek-v4-flash,default,PB-Advanced-017,IMO-easy,1,competition-hard,False,5,9,126,4.3254,2.9916,0.5556,,,,
scaling,scaling_v4flash,deepseek-v4-flash,openrouter/deepseek/deepseek-v4-flash,default,PB-Advanced-017,IMO-easy,1,competition-hard,False,7,9,36,5.6667,2.4944,0.7778,,,,
scaling,scaling_v4flash,deepseek-v4-flash,openrouter/deepseek/deepseek-v4-flash,default,PB-Advanced-017,IMO-easy,1,competition-hard,False,9,9,1,7.0,0.0,1.0,,,,
scaling,scaling_v4flash,deepseek-v4-flash,openrouter/deepseek/deepseek-v4-flash,default,PB-Advanced-018,IMO-hard,1,competition-hard,False,1,9,9,0,0.0,0.0,,,,
scaling,scaling_v4flash,deepseek-v4-flash,openrouter/deepseek/deepseek-v4-flash,default,PB-Advanced-018,IMO-hard,1,competition-hard,False,3,9,84,0,0.0,0.0,,,,
scaling,scaling_v4flash,deepseek-v4-flash,openrouter/deepseek/deepseek-v4-flash,default,PB-Advanced-018,IMO-hard,1,competition-hard,False,5,9,126,0,0.0,0.0,,,,
scaling,scaling_v4flash,deepseek-v4-flash,openrouter/deepseek/deepseek-v4-flash,default,PB-Advanced-018,IMO-hard,1,competition-hard,False,7,9,36,0,0.0,0.0,,,,
scaling,scaling_v4flash,deepseek-v4-flash,openrouter/deepseek/deepseek-v4-flash,default,PB-Advanced-018,IMO-hard,1,competition-hard,False,9,9,1,0.0,0.0,0.0,,,,
scaling,scaling_v4flash,deepseek-v4-flash,openrouter/deepseek/deepseek-v4-flash,default,PB-Advanced-019,IMO-easy,1,competition-hard,False,1,9,9,6.2222,1.8725,0.8889,,,,
scaling,scaling_v4flash,deepseek-v4-flash,openrouter/deepseek/deepseek-v4-flash,default,PB-Advanced-019,IMO-easy,1,competition-hard,False,3,9,84,7,0.0,1.0,,,,
scaling,scaling_v4flash,deepseek-v4-flash,openrouter/deepseek/deepseek-v4-flash,default,PB-Advanced-019,IMO-easy,1,competition-hard,False,5,9,126,7,0.0,1.0,,,,
scaling,scaling_v4flash,deepseek-v4-flash,openrouter/deepseek/deepseek-v4-flash,default,PB-Advanced-019,IMO-easy,1,competition-hard,False,7,9,36,7,0.0,1.0,,,,
scaling,scaling_v4flash,deepseek-v4-flash,openrouter/deepseek/deepseek-v4-flash,default,PB-Advanced-019,IMO-easy,1,competition-hard,False,9,9,1,7.0,0.0,1.0,,,,
scaling,scaling_v4flash,deepseek-v4-flash,openrouter/deepseek/deepseek-v4-flash,default,PB-Advanced-020,IMO-medium,1,competition-hard,False,1,9,9,0.2222,0.4157,0.0,,,,
scaling,scaling_v4flash,deepseek-v4-flash,openrouter/deepseek/deepseek-v4-flash,default,PB-Advanced-020,IMO-medium,1,competition-hard,False,3,9,84,0.5833,0.493,0.0,,,,
scaling,scaling_v4flash,deepseek-v4-flash,openrouter/deepseek/deepseek-v4-flash,default,PB-Advanced-020,IMO-medium,1,competition-hard,False,5,9,126,0.8333,0.3727,0.0,,,,
scaling,scaling_v4flash,deepseek-v4-flash,openrouter/deepseek/deepseek-v4-flash,default,PB-Advanced-020,IMO-medium,1,competition-hard,False,7,9,36,0.9722,0.1643,0.0,,,,
scaling,scaling_v4flash,deepseek-v4-flash,openrouter/deepseek/deepseek-v4-flash,default,PB-Advanced-020,IMO-medium,1,competition-hard,False,9,9,1,1.0,0.0,0.0,,,,
scaling,scaling_v4flash,deepseek-v4-flash,openrouter/deepseek/deepseek-v4-flash,default,PB-Advanced-021,IMO-hard,1,competition-hard,False,1,9,9,0,0.0,0.0,,,,
scaling,scaling_v4flash,deepseek-v4-flash,openrouter/deepseek/deepseek-v4-flash,default,PB-Advanced-021,IMO-hard,1,competition-hard,False,3,9,84,0,0.0,0.0,,,,
scaling,scaling_v4flash,deepseek-v4-flash,openrouter/deepseek/deepseek-v4-flash,default,PB-Advanced-021,IMO-hard,1,competition-hard,False,5,9,126,0,0.0,0.0,,,,
scaling,scaling_v4flash,deepseek-v4-flash,openrouter/deepseek/deepseek-v4-flash,default,PB-Advanced-021,IMO-hard,1,competition-hard,False,7,9,36,0,0.0,0.0,,,,
scaling,scaling_v4flash,deepseek-v4-flash,openrouter/deepseek/deepseek-v4-flash,default,PB-Advanced-021,IMO-hard,1,competition-hard,False,9,9,1,0.0,0.0,0.0,,,,
scaling,scaling_v4flash,deepseek-v4-flash,openrouter/deepseek/deepseek-v4-flash,default,PB-Advanced-022,IMO-easy,1,competition-hard,False,1,9,9,0.3333,0.4714,0.0,,,,
scaling,scaling_v4flash,deepseek-v4-flash,openrouter/deepseek/deepseek-v4-flash,default,PB-Advanced-022,IMO-easy,1,competition-hard,False,3,9,84,0.7619,0.4259,0.0,,,,
scaling,scaling_v4flash,deepseek-v4-flash,openrouter/deepseek/deepseek-v4-flash,default,PB-Advanced-022,IMO-easy,1,competition-hard,False,5,9,126,0.9524,0.213,0.0,,,,
scaling,scaling_v4flash,deepseek-v4-flash,openrouter/deepseek/deepseek-v4-flash,default,PB-Advanced-022,IMO-easy,1,competition-hard,False,7,9,36,1,0.0,0.0,,,,
scaling,scaling_v4flash,deepseek-v4-flash,openrouter/deepseek/deepseek-v4-flash,default,PB-Advanced-022,IMO-easy,1,competition-hard,False,9,9,1,1.0,0.0,0.0,,,,
scaling,scaling_v4flash,deepseek-v4-flash,openrouter/deepseek/deepseek-v4-flash,default,PB-Advanced-023,IMO-medium,1,competition-hard,False,1,9,9,0,0.0,0.0,,,,
scaling,scaling_v4flash,deepseek-v4-flash,openrouter/deepseek/deepseek-v4-flash,default,PB-Advanced-023,IMO-medium,1,competition-hard,False,3,9,84,0,0.0,0.0,,,,
scaling,scaling_v4flash,deepseek-v4-flash,openrouter/deepseek/deepseek-v4-flash,default,PB-Advanced-023,IMO-medium,1,competition-hard,False,5,9,126,0,0.0,0.0,,,,
scaling,scaling_v4flash,deepseek-v4-flash,openrouter/deepseek/deepseek-v4-flash,default,PB-Advanced-023,IMO-medium,1,competition-hard,False,7,9,36,0,0.0,0.0,,,,
scaling,scaling_v4flash,deepseek-v4-flash,openrouter/deepseek/deepseek-v4-flash,default,PB-Advanced-023,IMO-medium,1,competition-hard,False,9,9,1,0.0,0.0,0.0,,,,
scaling,scaling_v4flash,deepseek-v4-flash,openrouter/deepseek/deepseek-v4-flash,default,PB-Advanced-024,IMO-hard,1,competition-hard,False,1,9,9,0,0.0,0.0,,,,
scaling,scaling_v4flash,deepseek-v4-flash,openrouter/deepseek/deepseek-v4-flash,default,PB-Advanced-024,IMO-hard,1,competition-hard,False,3,9,84,0,0.0,0.0,,,,
scaling,scaling_v4flash,deepseek-v4-flash,openrouter/deepseek/deepseek-v4-flash,default,PB-Advanced-024,IMO-hard,1,competition-hard,False,5,9,126,0,0.0,0.0,,,,
scaling,scaling_v4flash,deepseek-v4-flash,openrouter/deepseek/deepseek-v4-flash,default,PB-Advanced-024,IMO-hard,1,competition-hard,False,7,9,36,0,0.0,0.0,,,,
scaling,scaling_v4flash,deepseek-v4-flash,openrouter/deepseek/deepseek-v4-flash,default,PB-Advanced-024,IMO-hard,1,competition-hard,False,9,9,1,0.0,0.0,0.0,,,,
scaling,scaling_v4flash,deepseek-v4-flash,openrouter/deepseek/deepseek-v4-flash,default,PB-Advanced-025,IMO-easy,1,competition-hard,False,1,9,9,3.6667,3.2998,0.5556,,,,
scaling,scaling_v4flash,deepseek-v4-flash,openrouter/deepseek/deepseek-v4-flash,default,PB-Advanced-025,IMO-easy,1,competition-hard,False,3,9,84,6.4762,1.4998,0.9524,,,,
scaling,scaling_v4flash,deepseek-v4-flash,openrouter/deepseek/deepseek-v4-flash,default,PB-Advanced-025,IMO-easy,1,competition-hard,False,5,9,126,6.9524,0.213,1.0,,,,
scaling,scaling_v4flash,deepseek-v4-flash,openrouter/deepseek/deepseek-v4-flash,default,PB-Advanced-025,IMO-easy,1,competition-hard,False,7,9,36,7,0.0,1.0,,,,
scaling,scaling_v4flash,deepseek-v4-flash,openrouter/deepseek/deepseek-v4-flash,default,PB-Advanced-025,IMO-easy,1,competition-hard,False,9,9,1,7.0,0.0,1.0,,,,
scaling,scaling_v4flash,deepseek-v4-flash,openrouter/deepseek/deepseek-v4-flash,default,PB-Advanced-026,IMO-medium,1,competition-hard,False,1,9,9,0.7778,2.1999,0.1111,,,,
scaling,scaling_v4flash,deepseek-v4-flash,openrouter/deepseek/deepseek-v4-flash,default,PB-Advanced-026,IMO-medium,1,competition-hard,False,3,9,84,2.3333,3.2998,0.3333,,,,
scaling,scaling_v4flash,deepseek-v4-flash,openrouter/deepseek/deepseek-v4-flash,default,PB-Advanced-026,IMO-medium,1,competition-hard,False,5,9,126,3.8889,3.4783,0.5556,,,,
scaling,scaling_v4flash,deepseek-v4-flash,openrouter/deepseek/deepseek-v4-flash,default,PB-Advanced-026,IMO-medium,1,competition-hard,False,7,9,36,5.4444,2.9102,0.7778,,,,
scaling,scaling_v4flash,deepseek-v4-flash,openrouter/deepseek/deepseek-v4-flash,default,PB-Advanced-026,IMO-medium,1,competition-hard,False,9,9,1,7.0,0.0,1.0,,,,
scaling,scaling_v4flash,deepseek-v4-flash,openrouter/deepseek/deepseek-v4-flash,default,PB-Advanced-027,IMO-hard,1,competition-hard,False,1,9,9,0.2222,0.4157,0.0,,,,
scaling,scaling_v4flash,deepseek-v4-flash,openrouter/deepseek/deepseek-v4-flash,default,PB-Advanced-027,IMO-hard,1,competition-hard,False,3,9,84,0.5833,0.493,0.0,,,,
scaling,scaling_v4flash,deepseek-v4-flash,openrouter/deepseek/deepseek-v4-flash,default,PB-Advanced-027,IMO-hard,1,competition-hard,False,5,9,126,0.8333,0.3727,0.0,,,,
scaling,scaling_v4flash,deepseek-v4-flash,openrouter/deepseek/deepseek-v4-flash,default,PB-Advanced-027,IMO-hard,1,competition-hard,False,7,9,36,0.9722,0.1643,0.0,,,,
scaling,scaling_v4flash,deepseek-v4-flash,openrouter/deepseek/deepseek-v4-flash,default,PB-Advanced-027,IMO-hard,1,competition-hard,False,9,9,1,1.0,0.0,0.0,,,,
scaling,scaling_v4flash,deepseek-v4-flash,openrouter/deepseek/deepseek-v4-flash,default,PB-Advanced-028,IMO-easy,1,competition-hard,False,1,9,9,7,0.0,1.0,,,,
scaling,scaling_v4flash,deepseek-v4-flash,openrouter/deepseek/deepseek-v4-flash,default,PB-Advanced-028,IMO-easy,1,competition-hard,False,3,9,84,7,0.0,1.0,,,,
scaling,scaling_v4flash,deepseek-v4-flash,openrouter/deepseek/deepseek-v4-flash,default,PB-Advanced-028,IMO-easy,1,competition-hard,False,5,9,126,7,0.0,1.0,,,,
scaling,scaling_v4flash,deepseek-v4-flash,openrouter/deepseek/deepseek-v4-flash,default,PB-Advanced-028,IMO-easy,1,competition-hard,False,7,9,36,7,0.0,1.0,,,,
scaling,scaling_v4flash,deepseek-v4-flash,openrouter/deepseek/deepseek-v4-flash,default,PB-Advanced-028,IMO-easy,1,competition-hard,False,9,9,1,7.0,0.0,1.0,,,,
scaling,scaling_v4flash,deepseek-v4-flash,openrouter/deepseek/deepseek-v4-flash,default,PB-Advanced-029,IMO-medium,1,competition-hard,False,1,9,9,0.6667,0.4714,0.0,,,,
scaling,scaling_v4flash,deepseek-v4-flash,openrouter/deepseek/deepseek-v4-flash,default,PB-Advanced-029,IMO-medium,1,competition-hard,False,3,9,84,0.9881,0.1085,0.0,,,,
scaling,scaling_v4flash,deepseek-v4-flash,openrouter/deepseek/deepseek-v4-flash,default,PB-Advanced-029,IMO-medium,1,competition-hard,False,5,9,126,1,0.0,0.0,,,,
scaling,scaling_v4flash,deepseek-v4-flash,openrouter/deepseek/deepseek-v4-flash,default,PB-Advanced-029,IMO-medium,1,competition-hard,False,7,9,36,1,0.0,0.0,,,,
scaling,scaling_v4flash,deepseek-v4-flash,openrouter/deepseek/deepseek-v4-flash,default,PB-Advanced-029,IMO-medium,1,competition-hard,False,9,9,1,1.0,0.0,0.0,,,,
scaling,scaling_v4flash,deepseek-v4-flash,openrouter/deepseek/deepseek-v4-flash,default,PB-Advanced-030,IMO-hard,1,competition-hard,False,1,9,9,0.7778,2.1999,0.1111,,,,
scaling,scaling_v4flash,deepseek-v4-flash,openrouter/deepseek/deepseek-v4-flash,default,PB-Advanced-030,IMO-hard,1,competition-hard,False,3,9,84,2.3333,3.2998,0.3333,,,,
scaling,scaling_v4flash,deepseek-v4-flash,openrouter/deepseek/deepseek-v4-flash,default,PB-Advanced-030,IMO-hard,1,competition-hard,False,5,9,126,3.8889,3.4783,0.5556,,,,
scaling,scaling_v4flash,deepseek-v4-flash,openrouter/deepseek/deepseek-v4-flash,default,PB-Advanced-030,IMO-hard,1,competition-hard,False,7,9,36,5.4444,2.9102,0.7778,,,,
scaling,scaling_v4flash,deepseek-v4-flash,openrouter/deepseek/deepseek-v4-flash,default,PB-Advanced-030,IMO-hard,1,competition-hard,False,9,9,1,7.0,0.0,1.0,,,,
scaling,scaling_v4flash,deepseek-v4-flash,openrouter/deepseek/deepseek-v4-flash,default,PB-Basic-001,IMO-easy,1,competition-hard,False,1,9,9,6.8889,0.3143,1.0,,,,
scaling,scaling_v4flash,deepseek-v4-flash,openrouter/deepseek/deepseek-v4-flash,default,PB-Basic-001,IMO-easy,1,competition-hard,False,3,9,84,7,0.0,1.0,,,,
scaling,scaling_v4flash,deepseek-v4-flash,openrouter/deepseek/deepseek-v4-flash,default,PB-Basic-001,IMO-easy,1,competition-hard,False,5,9,126,7,0.0,1.0,,,,
scaling,scaling_v4flash,deepseek-v4-flash,openrouter/deepseek/deepseek-v4-flash,default,PB-Basic-001,IMO-easy,1,competition-hard,False,7,9,36,7,0.0,1.0,,,,
scaling,scaling_v4flash,deepseek-v4-flash,openrouter/deepseek/deepseek-v4-flash,default,PB-Basic-001,IMO-easy,1,competition-hard,False,9,9,1,7.0,0.0,1.0,,,,
scaling,scaling_v4flash,deepseek-v4-flash,openrouter/deepseek/deepseek-v4-flash,default,PB-Basic-002,pre-IMO,0,pre-competition,False,1,9,9,7,0.0,1.0,,,,
scaling,scaling_v4flash,deepseek-v4-flash,openrouter/deepseek/deepseek-v4-flash,default,PB-Basic-002,pre-IMO,0,pre-competition,False,3,9,84,7,0.0,1.0,,,,
scaling,scaling_v4flash,deepseek-v4-flash,openrouter/deepseek/deepseek-v4-flash,default,PB-Basic-002,pre-IMO,0,pre-competition,False,5,9,126,7,0.0,1.0,,,,
scaling,scaling_v4flash,deepseek-v4-flash,openrouter/deepseek/deepseek-v4-flash,default,PB-Basic-002,pre-IMO,0,pre-competition,False,7,9,36,7,0.0,1.0,,,,
scaling,scaling_v4flash,deepseek-v4-flash,openrouter/deepseek/deepseek-v4-flash,default,PB-Basic-002,pre-IMO,0,pre-competition,False,9,9,1,7.0,0.0,1.0,,,,
scaling,scaling_v4flash,deepseek-v4-flash,openrouter/deepseek/deepseek-v4-flash,default,PB-Basic-003,IMO-easy,1,competition-hard,False,1,9,9,5.4444,2.9102,0.7778,,,,
scaling,scaling_v4flash,deepseek-v4-flash,openrouter/deepseek/deepseek-v4-flash,default,PB-Basic-003,IMO-easy,1,competition-hard,False,3,9,84,7,0.0,1.0,,,,
scaling,scaling_v4flash,deepseek-v4-flash,openrouter/deepseek/deepseek-v4-flash,default,PB-Basic-003,IMO-easy,1,competition-hard,False,5,9,126,7,0.0,1.0,,,,
scaling,scaling_v4flash,deepseek-v4-flash,openrouter/deepseek/deepseek-v4-flash,default,PB-Basic-003,IMO-easy,1,competition-hard,False,7,9,36,7,0.0,1.0,,,,
scaling,scaling_v4flash,deepseek-v4-flash,openrouter/deepseek/deepseek-v4-flash,default,PB-Basic-003,IMO-easy,1,competition-hard,False,9,9,1,7.0,0.0,1.0,,,,
scaling,scaling_v4flash,deepseek-v4-flash,openrouter/deepseek/deepseek-v4-flash,default,PB-Basic-004,IMO-easy,1,competition-hard,False,1,9,9,6.8889,0.3143,1.0,,,,
scaling,scaling_v4flash,deepseek-v4-flash,openrouter/deepseek/deepseek-v4-flash,default,PB-Basic-004,IMO-easy,1,competition-hard,False,3,9,84,7,0.0,1.0,,,,
scaling,scaling_v4flash,deepseek-v4-flash,openrouter/deepseek/deepseek-v4-flash,default,PB-Basic-004,IMO-easy,1,competition-hard,False,5,9,126,7,0.0,1.0,,,,
scaling,scaling_v4flash,deepseek-v4-flash,openrouter/deepseek/deepseek-v4-flash,default,PB-Basic-004,IMO-easy,1,competition-hard,False,7,9,36,7,0.0,1.0,,,,
scaling,scaling_v4flash,deepseek-v4-flash,openrouter/deepseek/deepseek-v4-flash,default,PB-Basic-004,IMO-easy,1,competition-hard,False,9,9,1,7.0,0.0,1.0,,,,
scaling,scaling_v4flash,deepseek-v4-flash,openrouter/deepseek/deepseek-v4-flash,default,PB-Basic-005,IMO-easy,1,competition-hard,False,1,9,9,6.7778,0.4157,1.0,,,,
scaling,scaling_v4flash,deepseek-v4-flash,openrouter/deepseek/deepseek-v4-flash,default,PB-Basic-005,IMO-easy,1,competition-hard,False,3,9,84,7,0.0,1.0,,,,
scaling,scaling_v4flash,deepseek-v4-flash,openrouter/deepseek/deepseek-v4-flash,default,PB-Basic-005,IMO-easy,1,competition-hard,False,5,9,126,7,0.0,1.0,,,,
scaling,scaling_v4flash,deepseek-v4-flash,openrouter/deepseek/deepseek-v4-flash,default,PB-Basic-005,IMO-easy,1,competition-hard,False,7,9,36,7,0.0,1.0,,,,
scaling,scaling_v4flash,deepseek-v4-flash,openrouter/deepseek/deepseek-v4-flash,default,PB-Basic-005,IMO-easy,1,competition-hard,False,9,9,1,7.0,0.0,1.0,,,,
scaling,scaling_v4flash,deepseek-v4-flash,openrouter/deepseek/deepseek-v4-flash,default,PB-Basic-006,IMO-medium,1,competition-hard,False,1,9,9,3.7778,3.3921,0.5556,,,,
scaling,scaling_v4flash,deepseek-v4-flash,openrouter/deepseek/deepseek-v4-flash,default,PB-Basic-006,IMO-medium,1,competition-hard,False,3,9,84,6.5952,1.497,0.9524,,,,
scaling,scaling_v4flash,deepseek-v4-flash,openrouter/deepseek/deepseek-v4-flash,default,PB-Basic-006,IMO-medium,1,competition-hard,False,5,9,126,6.9921,0.0887,1.0,,,,
scaling,scaling_v4flash,deepseek-v4-flash,openrouter/deepseek/deepseek-v4-flash,default,PB-Basic-006,IMO-medium,1,competition-hard,False,7,9,36,7,0.0,1.0,,,,
scaling,scaling_v4flash,deepseek-v4-flash,openrouter/deepseek/deepseek-v4-flash,default,PB-Basic-006,IMO-medium,1,competition-hard,False,9,9,1,7.0,0.0,1.0,,,,
scaling,scaling_v4flash,deepseek-v4-flash,openrouter/deepseek/deepseek-v4-flash,default,PB-Basic-007,IMO-medium,1,competition-hard,False,1,9,9,0.1111,0.3143,0.0,,,,
scaling,scaling_v4flash,deepseek-v4-flash,openrouter/deepseek/deepseek-v4-flash,default,PB-Basic-007,IMO-medium,1,competition-hard,False,3,9,84,0.3333,0.4714,0.0,,,,
scaling,scaling_v4flash,deepseek-v4-flash,openrouter/deepseek/deepseek-v4-flash,default,PB-Basic-007,IMO-medium,1,competition-hard,False,5,9,126,0.5556,0.4969,0.0,,,,
scaling,scaling_v4flash,deepseek-v4-flash,openrouter/deepseek/deepseek-v4-flash,default,PB-Basic-007,IMO-medium,1,competition-hard,False,7,9,36,0.7778,0.4157,0.0,,,,
scaling,scaling_v4flash,deepseek-v4-flash,openrouter/deepseek/deepseek-v4-flash,default,PB-Basic-007,IMO-medium,1,competition-hard,False,9,9,1,1.0,0.0,0.0,,,,
scaling,scaling_v4flash,deepseek-v4-flash,openrouter/deepseek/deepseek-v4-flash,default,PB-Basic-008,pre-IMO,0,pre-competition,False,1,9,9,5.3333,2.8674,0.7778,,,,
scaling,scaling_v4flash,deepseek-v4-flash,openrouter/deepseek/deepseek-v4-flash,default,PB-Basic-008,pre-IMO,0,pre-competition,False,3,9,84,6.9881,0.1085,1.0,,,,
scaling,scaling_v4flash,deepseek-v4-flash,openrouter/deepseek/deepseek-v4-flash,default,PB-Basic-008,pre-IMO,0,pre-competition,False,5,9,126,7,0.0,1.0,,,,
scaling,scaling_v4flash,deepseek-v4-flash,openrouter/deepseek/deepseek-v4-flash,default,PB-Basic-008,pre-IMO,0,pre-competition,False,7,9,36,7,0.0,1.0,,,,
scaling,scaling_v4flash,deepseek-v4-flash,openrouter/deepseek/deepseek-v4-flash,default,PB-Basic-008,pre-IMO,0,pre-competition,False,9,9,1,7.0,0.0,1.0,,,,
scaling,scaling_v4flash,deepseek-v4-flash,openrouter/deepseek/deepseek-v4-flash,default,PB-Basic-009,IMO-easy,1,competition-hard,False,1,9,9,0.8889,2.183,0.1111,,,,
scaling,scaling_v4flash,deepseek-v4-flash,openrouter/deepseek/deepseek-v4-flash,default,PB-Basic-009,IMO-easy,1,competition-hard,False,3,9,84,2.5833,3.148,0.3333,,,,
scaling,scaling_v4flash,deepseek-v4-flash,openrouter/deepseek/deepseek-v4-flash,default,PB-Basic-009,IMO-easy,1,competition-hard,False,5,9,126,4.1667,3.1842,0.5556,,,,
scaling,scaling_v4flash,deepseek-v4-flash,openrouter/deepseek/deepseek-v4-flash,default,PB-Basic-009,IMO-easy,1,competition-hard,False,7,9,36,5.6389,2.5512,0.7778,,,,
scaling,scaling_v4flash,deepseek-v4-flash,openrouter/deepseek/deepseek-v4-flash,default,PB-Basic-009,IMO-easy,1,competition-hard,False,9,9,1,7.0,0.0,1.0,,,,
scaling,scaling_v4flash,deepseek-v4-flash,openrouter/deepseek/deepseek-v4-flash,default,PB-Basic-010,IMO-easy,1,competition-hard,False,1,9,9,7,0.0,1.0,,,,
scaling,scaling_v4flash,deepseek-v4-flash,openrouter/deepseek/deepseek-v4-flash,default,PB-Basic-010,IMO-easy,1,competition-hard,False,3,9,84,7,0.0,1.0,,,,
scaling,scaling_v4flash,deepseek-v4-flash,openrouter/deepseek/deepseek-v4-flash,default,PB-Basic-010,IMO-easy,1,competition-hard,False,5,9,126,7,0.0,1.0,,,,
scaling,scaling_v4flash,deepseek-v4-flash,openrouter/deepseek/deepseek-v4-flash,default,PB-Basic-010,IMO-easy,1,competition-hard,False,7,9,36,7,0.0,1.0,,,,
scaling,scaling_v4flash,deepseek-v4-flash,openrouter/deepseek/deepseek-v4-flash,default,PB-Basic-010,IMO-easy,1,competition-hard,False,9,9,1,7.0,0.0,1.0,,,,
scaling,scaling_v4flash,deepseek-v4-flash,openrouter/deepseek/deepseek-v4-flash,default,PB-Basic-011,IMO-easy,1,competition-hard,False,1,9,9,3.3333,3.2998,0.4444,,,,
scaling,scaling_v4flash,deepseek-v4-flash,openrouter/deepseek/deepseek-v4-flash,default,PB-Basic-011,IMO-easy,1,competition-hard,False,3,9,84,6.2738,1.9782,0.881,,,,
scaling,scaling_v4flash,deepseek-v4-flash,openrouter/deepseek/deepseek-v4-flash,default,PB-Basic-011,IMO-easy,1,competition-hard,False,5,9,126,6.9524,0.5324,0.9921,,,,
scaling,scaling_v4flash,deepseek-v4-flash,openrouter/deepseek/deepseek-v4-flash,default,PB-Basic-011,IMO-easy,1,competition-hard,False,7,9,36,7,0.0,1.0,,,,
scaling,scaling_v4flash,deepseek-v4-flash,openrouter/deepseek/deepseek-v4-flash,default,PB-Basic-011,IMO-easy,1,competition-hard,False,9,9,1,7.0,0.0,1.0,,,,
scaling,scaling_v4flash,deepseek-v4-flash,openrouter/deepseek/deepseek-v4-flash,default,PB-Basic-012,IMO-medium,1,competition-hard,False,1,9,9,5.2222,2.5724,0.7778,,,,
scaling,scaling_v4flash,deepseek-v4-flash,openrouter/deepseek/deepseek-v4-flash,default,PB-Basic-012,IMO-medium,1,competition-hard,False,3,9,84,6.881,0.3238,1.0,,,,
scaling,scaling_v4flash,deepseek-v4-flash,openrouter/deepseek/deepseek-v4-flash,default,PB-Basic-012,IMO-medium,1,competition-hard,False,5,9,126,6.9921,0.0887,1.0,,,,
scaling,scaling_v4flash,deepseek-v4-flash,openrouter/deepseek/deepseek-v4-flash,default,PB-Basic-012,IMO-medium,1,competition-hard,False,7,9,36,7,0.0,1.0,,,,
scaling,scaling_v4flash,deepseek-v4-flash,openrouter/deepseek/deepseek-v4-flash,default,PB-Basic-012,IMO-medium,1,competition-hard,False,9,9,1,7.0,0.0,1.0,,,,
scaling,scaling_v4flash,deepseek-v4-flash,openrouter/deepseek/deepseek-v4-flash,default,PB-Basic-013,pre-IMO,0,pre-competition,False,1,9,9,6.1111,1.8526,0.8889,,,,
scaling,scaling_v4flash,deepseek-v4-flash,openrouter/deepseek/deepseek-v4-flash,default,PB-Basic-013,pre-IMO,0,pre-competition,False,3,9,84,6.9881,0.1085,1.0,,,,
scaling,scaling_v4flash,deepseek-v4-flash,openrouter/deepseek/deepseek-v4-flash,default,PB-Basic-013,pre-IMO,0,pre-competition,False,5,9,126,7,0.0,1.0,,,,
scaling,scaling_v4flash,deepseek-v4-flash,openrouter/deepseek/deepseek-v4-flash,default,PB-Basic-013,pre-IMO,0,pre-competition,False,7,9,36,7,0.0,1.0,,,,
scaling,scaling_v4flash,deepseek-v4-flash,openrouter/deepseek/deepseek-v4-flash,default,PB-Basic-013,pre-IMO,0,pre-competition,False,9,9,1,7.0,0.0,1.0,,,,
scaling,scaling_v4flash,deepseek-v4-flash,openrouter/deepseek/deepseek-v4-flash,default,PB-Basic-014,pre-IMO,0,pre-competition,False,1,9,9,6.2222,2.1999,0.8889,,,,
scaling,scaling_v4flash,deepseek-v4-flash,openrouter/deepseek/deepseek-v4-flash,default,PB-Basic-014,pre-IMO,0,pre-competition,False,3,9,84,7,0.0,1.0,,,,
scaling,scaling_v4flash,deepseek-v4-flash,openrouter/deepseek/deepseek-v4-flash,default,PB-Basic-014,pre-IMO,0,pre-competition,False,5,9,126,7,0.0,1.0,,,,
scaling,scaling_v4flash,deepseek-v4-flash,openrouter/deepseek/deepseek-v4-flash,default,PB-Basic-014,pre-IMO,0,pre-competition,False,7,9,36,7,0.0,1.0,,,,
scaling,scaling_v4flash,deepseek-v4-flash,openrouter/deepseek/deepseek-v4-flash,default,PB-Basic-014,pre-IMO,0,pre-competition,False,9,9,1,7.0,0.0,1.0,,,,
scaling,scaling_v4flash,deepseek-v4-flash,openrouter/deepseek/deepseek-v4-flash,default,PB-Basic-015,pre-IMO,0,pre-competition,False,1,9,9,6.3333,1.8856,0.8889,,,,
scaling,scaling_v4flash,deepseek-v4-flash,openrouter/deepseek/deepseek-v4-flash,default,PB-Basic-015,pre-IMO,0,pre-competition,False,3,9,84,7,0.0,1.0,,,,
scaling,scaling_v4flash,deepseek-v4-flash,openrouter/deepseek/deepseek-v4-flash,default,PB-Basic-015,pre-IMO,0,pre-competition,False,5,9,126,7,0.0,1.0,,,,
scaling,scaling_v4flash,deepseek-v4-flash,openrouter/deepseek/deepseek-v4-flash,default,PB-Basic-015,pre-IMO,0,pre-competition,False,7,9,36,7,0.0,1.0,,,,
scaling,scaling_v4flash,deepseek-v4-flash,openrouter/deepseek/deepseek-v4-flash,default,PB-Basic-015,pre-IMO,0,pre-competition,False,9,9,1,7.0,0.0,1.0,,,,
scaling,scaling_v4flash,deepseek-v4-flash,openrouter/deepseek/deepseek-v4-flash,default,PB-Basic-016,pre-IMO,0,pre-competition,False,1,9,9,6,2.1602,0.8889,,,,
scaling,scaling_v4flash,deepseek-v4-flash,openrouter/deepseek/deepseek-v4-flash,default,PB-Basic-016,pre-IMO,0,pre-competition,False,3,9,84,6.9881,0.1085,1.0,,,,
scaling,scaling_v4flash,deepseek-v4-flash,openrouter/deepseek/deepseek-v4-flash,default,PB-Basic-016,pre-IMO,0,pre-competition,False,5,9,126,7,0.0,1.0,,,,
scaling,scaling_v4flash,deepseek-v4-flash,openrouter/deepseek/deepseek-v4-flash,default,PB-Basic-016,pre-IMO,0,pre-competition,False,7,9,36,7,0.0,1.0,,,,
scaling,scaling_v4flash,deepseek-v4-flash,openrouter/deepseek/deepseek-v4-flash,default,PB-Basic-016,pre-IMO,0,pre-competition,False,9,9,1,7.0,0.0,1.0,,,,
scaling,scaling_v4flash,deepseek-v4-flash,openrouter/deepseek/deepseek-v4-flash,default,PB-Basic-017,pre-IMO,0,pre-competition,False,1,9,9,6.2222,2.1999,0.8889,,,,
scaling,scaling_v4flash,deepseek-v4-flash,openrouter/deepseek/deepseek-v4-flash,default,PB-Basic-017,pre-IMO,0,pre-competition,False,3,9,84,7,0.0,1.0,,,,
scaling,scaling_v4flash,deepseek-v4-flash,openrouter/deepseek/deepseek-v4-flash,default,PB-Basic-017,pre-IMO,0,pre-competition,False,5,9,126,7,0.0,1.0,,,,
scaling,scaling_v4flash,deepseek-v4-flash,openrouter/deepseek/deepseek-v4-flash,default,PB-Basic-017,pre-IMO,0,pre-competition,False,7,9,36,7,0.0,1.0,,,,
scaling,scaling_v4flash,deepseek-v4-flash,openrouter/deepseek/deepseek-v4-flash,default,PB-Basic-017,pre-IMO,0,pre-competition,False,9,9,1,7.0,0.0,1.0,,,,
scaling,scaling_v4flash,deepseek-v4-flash,openrouter/deepseek/deepseek-v4-flash,default,PB-Basic-018,pre-IMO,0,pre-competition,False,1,9,9,7,0.0,1.0,,,,
scaling,scaling_v4flash,deepseek-v4-flash,openrouter/deepseek/deepseek-v4-flash,default,PB-Basic-018,pre-IMO,0,pre-competition,False,3,9,84,7,0.0,1.0,,,,
scaling,scaling_v4flash,deepseek-v4-flash,openrouter/deepseek/deepseek-v4-flash,default,PB-Basic-018,pre-IMO,0,pre-competition,False,5,9,126,7,0.0,1.0,,,,
scaling,scaling_v4flash,deepseek-v4-flash,openrouter/deepseek/deepseek-v4-flash,default,PB-Basic-018,pre-IMO,0,pre-competition,False,7,9,36,7,0.0,1.0,,,,
scaling,scaling_v4flash,deepseek-v4-flash,openrouter/deepseek/deepseek-v4-flash,default,PB-Basic-018,pre-IMO,0,pre-competition,False,9,9,1,7.0,0.0,1.0,,,,
scaling,scaling_v4flash,deepseek-v4-flash,openrouter/deepseek/deepseek-v4-flash,default,PB-Basic-019,IMO-easy,1,competition-hard,False,1,9,9,7,0.0,1.0,,,,
scaling,scaling_v4flash,deepseek-v4-flash,openrouter/deepseek/deepseek-v4-flash,default,PB-Basic-019,IMO-easy,1,competition-hard,False,3,9,84,7,0.0,1.0,,,,
scaling,scaling_v4flash,deepseek-v4-flash,openrouter/deepseek/deepseek-v4-flash,default,PB-Basic-019,IMO-easy,1,competition-hard,False,5,9,126,7,0.0,1.0,,,,
scaling,scaling_v4flash,deepseek-v4-flash,openrouter/deepseek/deepseek-v4-flash,default,PB-Basic-019,IMO-easy,1,competition-hard,False,7,9,36,7,0.0,1.0,,,,
scaling,scaling_v4flash,deepseek-v4-flash,openrouter/deepseek/deepseek-v4-flash,default,PB-Basic-019,IMO-easy,1,competition-hard,False,9,9,1,7.0,0.0,1.0,,,,
scaling,scaling_v4flash,deepseek-v4-flash,openrouter/deepseek/deepseek-v4-flash,default,PB-Basic-020,IMO-easy,1,competition-hard,False,1,9,9,6,2.1602,0.8889,,,,
scaling,scaling_v4flash,deepseek-v4-flash,openrouter/deepseek/deepseek-v4-flash,default,PB-Basic-020,IMO-easy,1,competition-hard,False,3,9,84,6.9881,0.1085,1.0,,,,
scaling,scaling_v4flash,deepseek-v4-flash,openrouter/deepseek/deepseek-v4-flash,default,PB-Basic-020,IMO-easy,1,competition-hard,False,5,9,126,7,0.0,1.0,,,,
scaling,scaling_v4flash,deepseek-v4-flash,openrouter/deepseek/deepseek-v4-flash,default,PB-Basic-020,IMO-easy,1,competition-hard,False,7,9,36,7,0.0,1.0,,,,
scaling,scaling_v4flash,deepseek-v4-flash,openrouter/deepseek/deepseek-v4-flash,default,PB-Basic-020,IMO-easy,1,competition-hard,False,9,9,1,7.0,0.0,1.0,,,,
scaling,scaling_v4flash,deepseek-v4-flash,openrouter/deepseek/deepseek-v4-flash,default,PB-Basic-021,IMO-easy,1,competition-hard,False,1,9,9,4.7778,2.9355,0.6667,,,,
scaling,scaling_v4flash,deepseek-v4-flash,openrouter/deepseek/deepseek-v4-flash,default,PB-Basic-021,IMO-easy,1,competition-hard,False,3,9,84,6.8929,0.6729,0.9881,,,,
scaling,scaling_v4flash,deepseek-v4-flash,openrouter/deepseek/deepseek-v4-flash,default,PB-Basic-021,IMO-easy,1,competition-hard,False,5,9,126,7,0.0,1.0,,,,
scaling,scaling_v4flash,deepseek-v4-flash,openrouter/deepseek/deepseek-v4-flash,default,PB-Basic-021,IMO-easy,1,competition-hard,False,7,9,36,7,0.0,1.0,,,,
scaling,scaling_v4flash,deepseek-v4-flash,openrouter/deepseek/deepseek-v4-flash,default,PB-Basic-021,IMO-easy,1,competition-hard,False,9,9,1,7.0,0.0,1.0,,,,
scaling,scaling_v4flash,deepseek-v4-flash,openrouter/deepseek/deepseek-v4-flash,default,PB-Basic-022,IMO-easy,1,competition-hard,False,1,9,9,3.6667,3.2998,0.5556,,,,
scaling,scaling_v4flash,deepseek-v4-flash,openrouter/deepseek/deepseek-v4-flash,default,PB-Basic-022,IMO-easy,1,competition-hard,False,3,9,84,6.4762,1.4998,0.9524,,,,
scaling,scaling_v4flash,deepseek-v4-flash,openrouter/deepseek/deepseek-v4-flash,default,PB-Basic-022,IMO-easy,1,competition-hard,False,5,9,126,6.9524,0.213,1.0,,,,
scaling,scaling_v4flash,deepseek-v4-flash,openrouter/deepseek/deepseek-v4-flash,default,PB-Basic-022,IMO-easy,1,competition-hard,False,7,9,36,7,0.0,1.0,,,,
scaling,scaling_v4flash,deepseek-v4-flash,openrouter/deepseek/deepseek-v4-flash,default,PB-Basic-022,IMO-easy,1,competition-hard,False,9,9,1,7.0,0.0,1.0,,,,
scaling,scaling_v4flash,deepseek-v4-flash,openrouter/deepseek/deepseek-v4-flash,default,PB-Basic-023,IMO-medium,1,competition-hard,False,1,9,9,1.1111,1.7916,0.1111,,,,
scaling,scaling_v4flash,deepseek-v4-flash,openrouter/deepseek/deepseek-v4-flash,default,PB-Basic-023,IMO-medium,1,competition-hard,False,3,9,84,2.619,2.3999,0.3333,,,,
scaling,scaling_v4flash,deepseek-v4-flash,openrouter/deepseek/deepseek-v4-flash,default,PB-Basic-023,IMO-medium,1,competition-hard,False,5,9,126,3.7778,2.4845,0.5556,,,,
scaling,scaling_v4flash,deepseek-v4-flash,openrouter/deepseek/deepseek-v4-flash,default,PB-Basic-023,IMO-medium,1,competition-hard,False,7,9,36,4.8889,2.0787,0.7778,,,,
scaling,scaling_v4flash,deepseek-v4-flash,openrouter/deepseek/deepseek-v4-flash,default,PB-Basic-023,IMO-medium,1,competition-hard,False,9,9,1,6.0,0.0,1.0,,,,
scaling,scaling_v4flash,deepseek-v4-flash,openrouter/deepseek/deepseek-v4-flash,default,PB-Basic-024,IMO-medium,1,competition-hard,False,1,9,9,2.8889,3.247,0.4444,,,,
scaling,scaling_v4flash,deepseek-v4-flash,openrouter/deepseek/deepseek-v4-flash,default,PB-Basic-024,IMO-medium,1,competition-hard,False,3,9,84,5.869,2.2027,0.881,,,,
scaling,scaling_v4flash,deepseek-v4-flash,openrouter/deepseek/deepseek-v4-flash,default,PB-Basic-024,IMO-medium,1,competition-hard,False,5,9,126,6.7857,0.7083,0.9921,,,,
scaling,scaling_v4flash,deepseek-v4-flash,openrouter/deepseek/deepseek-v4-flash,default,PB-Basic-024,IMO-medium,1,competition-hard,False,7,9,36,6.9722,0.1643,1.0,,,,
scaling,scaling_v4flash,deepseek-v4-flash,openrouter/deepseek/deepseek-v4-flash,default,PB-Basic-024,IMO-medium,1,competition-hard,False,9,9,1,7.0,0.0,1.0,,,,
scaling,scaling_v4flash,deepseek-v4-flash,openrouter/deepseek/deepseek-v4-flash,default,PB-Basic-025,IMO-easy,1,competition-hard,False,1,9,9,6.8889,0.3143,1.0,,,,
scaling,scaling_v4flash,deepseek-v4-flash,openrouter/deepseek/deepseek-v4-flash,default,PB-Basic-025,IMO-easy,1,competition-hard,False,3,9,84,7,0.0,1.0,,,,
scaling,scaling_v4flash,deepseek-v4-flash,openrouter/deepseek/deepseek-v4-flash,default,PB-Basic-025,IMO-easy,1,competition-hard,False,5,9,126,7,0.0,1.0,,,,
scaling,scaling_v4flash,deepseek-v4-flash,openrouter/deepseek/deepseek-v4-flash,default,PB-Basic-025,IMO-easy,1,competition-hard,False,7,9,36,7,0.0,1.0,,,,
scaling,scaling_v4flash,deepseek-v4-flash,openrouter/deepseek/deepseek-v4-flash,default,PB-Basic-025,IMO-easy,1,competition-hard,False,9,9,1,7.0,0.0,1.0,,,,
scaling,scaling_v4flash,deepseek-v4-flash,openrouter/deepseek/deepseek-v4-flash,default,PB-Basic-026,IMO-medium,1,competition-hard,False,1,9,9,0,0.0,0.0,,,,
scaling,scaling_v4flash,deepseek-v4-flash,openrouter/deepseek/deepseek-v4-flash,default,PB-Basic-026,IMO-medium,1,competition-hard,False,3,9,84,0,0.0,0.0,,,,
scaling,scaling_v4flash,deepseek-v4-flash,openrouter/deepseek/deepseek-v4-flash,default,PB-Basic-026,IMO-medium,1,competition-hard,False,5,9,126,0,0.0,0.0,,,,
scaling,scaling_v4flash,deepseek-v4-flash,openrouter/deepseek/deepseek-v4-flash,default,PB-Basic-026,IMO-medium,1,competition-hard,False,7,9,36,0,0.0,0.0,,,,
scaling,scaling_v4flash,deepseek-v4-flash,openrouter/deepseek/deepseek-v4-flash,default,PB-Basic-026,IMO-medium,1,competition-hard,False,9,9,1,0.0,0.0,0.0,,,,
scaling,scaling_v4flash,deepseek-v4-flash,openrouter/deepseek/deepseek-v4-flash,default,PB-Basic-027,IMO-easy,1,competition-hard,False,1,9,9,5.4444,2.9102,0.7778,,,,
scaling,scaling_v4flash,deepseek-v4-flash,openrouter/deepseek/deepseek-v4-flash,default,PB-Basic-027,IMO-easy,1,competition-hard,False,3,9,84,7,0.0,1.0,,,,
scaling,scaling_v4flash,deepseek-v4-flash,openrouter/deepseek/deepseek-v4-flash,default,PB-Basic-027,IMO-easy,1,competition-hard,False,5,9,126,7,0.0,1.0,,,,
scaling,scaling_v4flash,deepseek-v4-flash,openrouter/deepseek/deepseek-v4-flash,default,PB-Basic-027,IMO-easy,1,competition-hard,False,7,9,36,7,0.0,1.0,,,,
scaling,scaling_v4flash,deepseek-v4-flash,openrouter/deepseek/deepseek-v4-flash,default,PB-Basic-027,IMO-easy,1,competition-hard,False,9,9,1,7.0,0.0,1.0,,,,
scaling,scaling_v4flash,deepseek-v4-flash,openrouter/deepseek/deepseek-v4-flash,default,PB-Basic-028,IMO-medium,1,competition-hard,False,1,9,9,3,2.9439,0.4444,,,,
scaling,scaling_v4flash,deepseek-v4-flash,openrouter/deepseek/deepseek-v4-flash,default,PB-Basic-028,IMO-medium,1,competition-hard,False,3,9,84,5.7262,1.8345,0.881,,,,
scaling,scaling_v4flash,deepseek-v4-flash,openrouter/deepseek/deepseek-v4-flash,default,PB-Basic-028,IMO-medium,1,competition-hard,False,5,9,126,6.5159,0.6985,0.9921,,,,
scaling,scaling_v4flash,deepseek-v4-flash,openrouter/deepseek/deepseek-v4-flash,default,PB-Basic-028,IMO-medium,1,competition-hard,False,7,9,36,6.7778,0.4157,1.0,,,,
scaling,scaling_v4flash,deepseek-v4-flash,openrouter/deepseek/deepseek-v4-flash,default,PB-Basic-028,IMO-medium,1,competition-hard,False,9,9,1,7.0,0.0,1.0,,,,
scaling,scaling_v4flash,deepseek-v4-flash,openrouter/deepseek/deepseek-v4-flash,default,PB-Basic-029,IMO-medium,1,competition-hard,False,1,9,9,0.8889,1.8526,0.1111,,,,
scaling,scaling_v4flash,deepseek-v4-flash,openrouter/deepseek/deepseek-v4-flash,default,PB-Basic-029,IMO-medium,1,competition-hard,False,3,9,84,2.4286,2.5555,0.3333,,,,
scaling,scaling_v4flash,deepseek-v4-flash,openrouter/deepseek/deepseek-v4-flash,default,PB-Basic-029,IMO-medium,1,competition-hard,False,5,9,126,3.7302,2.5461,0.5556,,,,
scaling,scaling_v4flash,deepseek-v4-flash,openrouter/deepseek/deepseek-v4-flash,default,PB-Basic-029,IMO-medium,1,competition-hard,False,7,9,36,4.8889,2.0787,0.7778,,,,
scaling,scaling_v4flash,deepseek-v4-flash,openrouter/deepseek/deepseek-v4-flash,default,PB-Basic-029,IMO-medium,1,competition-hard,False,9,9,1,6.0,0.0,1.0,,,,
scaling,scaling_v4flash,deepseek-v4-flash,openrouter/deepseek/deepseek-v4-flash,default,PB-Basic-030,IMO-easy,1,competition-hard,False,1,9,9,3,3.3665,0.4444,,,,
scaling,scaling_v4flash,deepseek-v4-flash,openrouter/deepseek/deepseek-v4-flash,default,PB-Basic-030,IMO-easy,1,competition-hard,False,3,9,84,6.0476,2.2462,0.881,,,,
scaling,scaling_v4flash,deepseek-v4-flash,openrouter/deepseek/deepseek-v4-flash,default,PB-Basic-030,IMO-easy,1,competition-hard,False,5,9,126,6.9048,0.6477,0.9921,,,,
scaling,scaling_v4flash,deepseek-v4-flash,openrouter/deepseek/deepseek-v4-flash,default,PB-Basic-030,IMO-easy,1,competition-hard,False,7,9,36,7,0.0,1.0,,,,
scaling,scaling_v4flash,deepseek-v4-flash,openrouter/deepseek/deepseek-v4-flash,default,PB-Basic-030,IMO-easy,1,competition-hard,False,9,9,1,7.0,0.0,1.0,,,,
scaling,scaling_v4flash,deepseek-v4-flash,openrouter/deepseek/deepseek-v4-flash,default,erdos-1051,Minor Novelty,3,research-medium,True,1,9,9,0.6667,1.8856,0.1111,,,,
scaling,scaling_v4flash,deepseek-v4-flash,openrouter/deepseek/deepseek-v4-flash,default,erdos-1051,Minor Novelty,3,research-medium,True,3,9,84,2,2.8284,0.3333,,,,
scaling,scaling_v4flash,deepseek-v4-flash,openrouter/deepseek/deepseek-v4-flash,default,erdos-1051,Minor Novelty,3,research-medium,True,5,9,126,3.3333,2.9814,0.5556,,,,
scaling,scaling_v4flash,deepseek-v4-flash,openrouter/deepseek/deepseek-v4-flash,default,erdos-1051,Minor Novelty,3,research-medium,True,7,9,36,4.6667,2.4944,0.7778,,,,
scaling,scaling_v4flash,deepseek-v4-flash,openrouter/deepseek/deepseek-v4-flash,default,erdos-1051,Minor Novelty,3,research-medium,True,9,9,1,6.0,0.0,1.0,,,,
scaling,scaling_v4flash,deepseek-v4-flash,openrouter/deepseek/deepseek-v4-flash,default,erdos-333,Literature Identification,2,research-easy,True,1,9,9,0,0.0,0.0,,,,
scaling,scaling_v4flash,deepseek-v4-flash,openrouter/deepseek/deepseek-v4-flash,default,erdos-333,Literature Identification,2,research-easy,True,3,9,84,0,0.0,0.0,,,,
scaling,scaling_v4flash,deepseek-v4-flash,openrouter/deepseek/deepseek-v4-flash,default,erdos-333,Literature Identification,2,research-easy,True,5,9,126,0,0.0,0.0,,,,
scaling,scaling_v4flash,deepseek-v4-flash,openrouter/deepseek/deepseek-v4-flash,default,erdos-333,Literature Identification,2,research-easy,True,7,9,36,0,0.0,0.0,,,,
scaling,scaling_v4flash,deepseek-v4-flash,openrouter/deepseek/deepseek-v4-flash,default,erdos-333,Literature Identification,2,research-easy,True,9,9,1,0.0,0.0,0.0,,,,
scaling,scaling_v4flash,deepseek-v4-flash,openrouter/deepseek/deepseek-v4-flash,default,erdos-397,Independent Rediscovery,1,competition-hard,True,1,9,9,0,0.0,0.0,,,,
scaling,scaling_v4flash,deepseek-v4-flash,openrouter/deepseek/deepseek-v4-flash,default,erdos-397,Independent Rediscovery,1,competition-hard,True,3,9,84,0,0.0,0.0,,,,
scaling,scaling_v4flash,deepseek-v4-flash,openrouter/deepseek/deepseek-v4-flash,default,erdos-397,Independent Rediscovery,1,competition-hard,True,5,9,126,0,0.0,0.0,,,,
scaling,scaling_v4flash,deepseek-v4-flash,openrouter/deepseek/deepseek-v4-flash,default,erdos-397,Independent Rediscovery,1,competition-hard,True,7,9,36,0,0.0,0.0,,,,
scaling,scaling_v4flash,deepseek-v4-flash,openrouter/deepseek/deepseek-v4-flash,default,erdos-397,Independent Rediscovery,1,competition-hard,True,9,9,1,0.0,0.0,0.0,,,,
scaling,scaling_v4flash,deepseek-v4-flash,openrouter/deepseek/deepseek-v4-flash,default,erdos-654,Negligible Novelty,2,research-easy,True,1,9,9,0,0.0,0.0,,,,
scaling,scaling_v4flash,deepseek-v4-flash,openrouter/deepseek/deepseek-v4-flash,default,erdos-654,Negligible Novelty,2,research-easy,True,3,9,84,0,0.0,0.0,,,,
scaling,scaling_v4flash,deepseek-v4-flash,openrouter/deepseek/deepseek-v4-flash,default,erdos-654,Negligible Novelty,2,research-easy,True,5,9,126,0,0.0,0.0,,,,
scaling,scaling_v4flash,deepseek-v4-flash,openrouter/deepseek/deepseek-v4-flash,default,erdos-654,Negligible Novelty,2,research-easy,True,7,9,36,0,0.0,0.0,,,,
scaling,scaling_v4flash,deepseek-v4-flash,openrouter/deepseek/deepseek-v4-flash,default,erdos-654,Negligible Novelty,2,research-easy,True,9,9,1,0.0,0.0,0.0,,,,
scaling,scaling_v4flash,deepseek-v4-flash,openrouter/deepseek/deepseek-v4-flash,default,erdos-659,Negligible Novelty,2,research-easy,True,1,9,9,0.6667,1.8856,0.1111,,,,
scaling,scaling_v4flash,deepseek-v4-flash,openrouter/deepseek/deepseek-v4-flash,default,erdos-659,Negligible Novelty,2,research-easy,True,3,9,84,2,2.8284,0.3333,,,,
scaling,scaling_v4flash,deepseek-v4-flash,openrouter/deepseek/deepseek-v4-flash,default,erdos-659,Negligible Novelty,2,research-easy,True,5,9,126,3.3333,2.9814,0.5556,,,,
scaling,scaling_v4flash,deepseek-v4-flash,openrouter/deepseek/deepseek-v4-flash,default,erdos-659,Negligible Novelty,2,research-easy,True,7,9,36,4.6667,2.4944,0.7778,,,,
scaling,scaling_v4flash,deepseek-v4-flash,openrouter/deepseek/deepseek-v4-flash,default,erdos-659,Negligible Novelty,2,research-easy,True,9,9,1,6.0,0.0,1.0,,,,
scaling,scaling_v4flash,deepseek-v4-flash,openrouter/deepseek/deepseek-v4-flash,default,first-proof-10-official,1,2,research-easy,True,1,9,9,2.2222,2.6989,0.3333,,,,
scaling,scaling_v4flash,deepseek-v4-flash,openrouter/deepseek/deepseek-v4-flash,default,first-proof-10-official,1,2,research-easy,True,3,9,84,4.7619,2.2234,0.7619,,,,
scaling,scaling_v4flash,deepseek-v4-flash,openrouter/deepseek/deepseek-v4-flash,default,first-proof-10-official,1,2,research-easy,True,5,9,126,5.7619,1.0648,0.9524,,,,
scaling,scaling_v4flash,deepseek-v4-flash,openrouter/deepseek/deepseek-v4-flash,default,first-proof-10-official,1,2,research-easy,True,7,9,36,6,0.0,1.0,,,,
scaling,scaling_v4flash,deepseek-v4-flash,openrouter/deepseek/deepseek-v4-flash,default,first-proof-10-official,1,2,research-easy,True,9,9,1,6.0,0.0,1.0,,,,
scaling,scaling_v4flash,deepseek-v4-flash,openrouter/deepseek/deepseek-v4-flash,default,first-proof-4-official,3,4,research-hard,True,1,9,9,0.1111,0.3143,0.0,,,,
scaling,scaling_v4flash,deepseek-v4-flash,openrouter/deepseek/deepseek-v4-flash,default,first-proof-4-official,3,4,research-hard,True,3,9,84,0.3333,0.4714,0.0,,,,
scaling,scaling_v4flash,deepseek-v4-flash,openrouter/deepseek/deepseek-v4-flash,default,first-proof-4-official,3,4,research-hard,True,5,9,126,0.5556,0.4969,0.0,,,,
scaling,scaling_v4flash,deepseek-v4-flash,openrouter/deepseek/deepseek-v4-flash,default,first-proof-4-official,3,4,research-hard,True,7,9,36,0.7778,0.4157,0.0,,,,
scaling,scaling_v4flash,deepseek-v4-flash,openrouter/deepseek/deepseek-v4-flash,default,first-proof-4-official,3,4,research-hard,True,9,9,1,1.0,0.0,0.0,,,,
scaling,scaling_v4flash,deepseek-v4-flash,openrouter/deepseek/deepseek-v4-flash,default,first-proof-5-official,2,3,research-medium,True,1,9,9,0,0.0,0.0,,,,
scaling,scaling_v4flash,deepseek-v4-flash,openrouter/deepseek/deepseek-v4-flash,default,first-proof-5-official,2,3,research-medium,True,3,9,84,0,0.0,0.0,,,,
scaling,scaling_v4flash,deepseek-v4-flash,openrouter/deepseek/deepseek-v4-flash,default,first-proof-5-official,2,3,research-medium,True,5,9,126,0,0.0,0.0,,,,
scaling,scaling_v4flash,deepseek-v4-flash,openrouter/deepseek/deepseek-v4-flash,default,first-proof-5-official,2,3,research-medium,True,7,9,36,0,0.0,0.0,,,,
scaling,scaling_v4flash,deepseek-v4-flash,openrouter/deepseek/deepseek-v4-flash,default,first-proof-5-official,2,3,research-medium,True,9,9,1,0.0,0.0,0.0,,,,
scaling,scaling_v4flash,deepseek-v4-flash,openrouter/deepseek/deepseek-v4-flash,default,first-proof-6-official,3,4,research-hard,True,1,9,9,0.7778,2.1999,0.1111,,,,
scaling,scaling_v4flash,deepseek-v4-flash,openrouter/deepseek/deepseek-v4-flash,default,first-proof-6-official,3,4,research-hard,True,3,9,84,2.3333,3.2998,0.3333,,,,
scaling,scaling_v4flash,deepseek-v4-flash,openrouter/deepseek/deepseek-v4-flash,default,first-proof-6-official,3,4,research-hard,True,5,9,126,3.8889,3.4783,0.5556,,,,
scaling,scaling_v4flash,deepseek-v4-flash,openrouter/deepseek/deepseek-v4-flash,default,first-proof-6-official,3,4,research-hard,True,7,9,36,5.4444,2.9102,0.7778,,,,
scaling,scaling_v4flash,deepseek-v4-flash,openrouter/deepseek/deepseek-v4-flash,default,first-proof-6-official,3,4,research-hard,True,9,9,1,7.0,0.0,1.0,,,,
scaling,scaling_v4flash,deepseek-v4-flash,openrouter/deepseek/deepseek-v4-flash,default,ramsey-hypergraphs,Moderately Interesting,5,research-frontier,True,1,9,9,0,0.0,0.0,,,,
scaling,scaling_v4flash,deepseek-v4-flash,openrouter/deepseek/deepseek-v4-flash,default,ramsey-hypergraphs,Moderately Interesting,5,research-frontier,True,3,9,84,0,0.0,0.0,,,,
scaling,scaling_v4flash,deepseek-v4-flash,openrouter/deepseek/deepseek-v4-flash,default,ramsey-hypergraphs,Moderately Interesting,5,research-frontier,True,5,9,126,0,0.0,0.0,,,,
scaling,scaling_v4flash,deepseek-v4-flash,openrouter/deepseek/deepseek-v4-flash,default,ramsey-hypergraphs,Moderately Interesting,5,research-frontier,True,7,9,36,0,0.0,0.0,,,,
scaling,scaling_v4flash,deepseek-v4-flash,openrouter/deepseek/deepseek-v4-flash,default,ramsey-hypergraphs,Moderately Interesting,5,research-frontier,True,9,9,1,0.0,0.0,0.0,,,,
