experiment,source_experiment,mode,condition,model_short,model_id,reasoning,problem_id,level,difficulty,difficulty_label,is_26_research,v4flash_score,v4flash_pass,v4pro_score,gemini_score,pass_at_1_v4flash,n_branches,cost_usd,elapsed_s,error
architecture,phase1,generate,generate,deepseek-v4-flash,openrouter/deepseek/deepseek-v4-flash,default,PB-Advanced-001,IMO-easy,1,competition-hard,False,7,True,7,7,7,3,0.081383,2612.01,
architecture,phase1,generate,generate,deepseek-v4-flash,openrouter/deepseek/deepseek-v4-flash,default,PB-Advanced-002,IMO-medium,1,competition-hard,False,0,False,0,7,0,3,0.137356,5139.12,
architecture,phase1,generate,generate,deepseek-v4-flash,openrouter/deepseek/deepseek-v4-flash,default,PB-Advanced-003,IMO-hard,1,competition-hard,False,1,False,0,0,0,3,0.186345,4180.84,
architecture,phase1,generate,generate,deepseek-v4-flash,openrouter/deepseek/deepseek-v4-flash,default,PB-Advanced-004,IMO-easy,1,competition-hard,False,7,True,7,7,7,3,0.151029,3685.8,
architecture,phase1,generate,generate,deepseek-v4-flash,openrouter/deepseek/deepseek-v4-flash,default,PB-Advanced-005,IMO-medium,1,competition-hard,False,0,False,0,0,0,3,0.222843,7440.01,
architecture,phase1,generate,generate,deepseek-v4-flash,openrouter/deepseek/deepseek-v4-flash,default,PB-Advanced-006,IMO-hard,1,competition-hard,False,0,False,1,0,1,3,0.226428,3457.6,
architecture,phase1,generate,generate,deepseek-v4-flash,openrouter/deepseek/deepseek-v4-flash,default,PB-Advanced-007,IMO-easy,1,competition-hard,False,7,True,7,7,7,3,0.081318,2077.45,
architecture,phase1,generate,generate,deepseek-v4-flash,openrouter/deepseek/deepseek-v4-flash,default,PB-Advanced-008,IMO-medium,1,competition-hard,False,0,False,1,7,0,3,0.165757,3495.45,
architecture,phase1,generate,generate,deepseek-v4-flash,openrouter/deepseek/deepseek-v4-flash,default,PB-Advanced-009,IMO-hard,1,competition-hard,False,0,False,0,6,0,3,0.218462,3592.59,
architecture,phase1,generate,generate,deepseek-v4-flash,openrouter/deepseek/deepseek-v4-flash,default,PB-Advanced-010,IMO-medium,1,competition-hard,False,0,False,1,7,0,3,0.249892,5271.95,
architecture,phase1,generate,generate,deepseek-v4-flash,openrouter/deepseek/deepseek-v4-flash,default,PB-Advanced-011,IMO-medium,1,competition-hard,False,0,False,0,0,,3,0.19093,4054.53,
architecture,phase1,generate,generate,deepseek-v4-flash,openrouter/deepseek/deepseek-v4-flash,default,PB-Advanced-012,IMO-hard,1,competition-hard,False,0,False,1,7,0,3,0.080581,4424.76,
architecture,phase1,generate,generate,deepseek-v4-flash,openrouter/deepseek/deepseek-v4-flash,default,PB-Advanced-013,IMO-easy,1,competition-hard,False,0,False,1,0,0,3,0.225798,4960.12,
architecture,phase1,generate,generate,deepseek-v4-flash,openrouter/deepseek/deepseek-v4-flash,default,PB-Advanced-014,IMO-medium,1,competition-hard,False,6,True,6,7,6,3,0.168075,3764.5,
architecture,phase1,generate,generate,deepseek-v4-flash,openrouter/deepseek/deepseek-v4-flash,default,PB-Advanced-015,IMO-hard,1,competition-hard,False,0,False,0,0,0,3,0.233342,2564.52,
architecture,phase1,generate,generate,deepseek-v4-flash,openrouter/deepseek/deepseek-v4-flash,default,PB-Advanced-016,IMO-easy,1,competition-hard,False,0,False,0,7,0,3,0.23067,2643.21,
architecture,phase1,generate,generate,deepseek-v4-flash,openrouter/deepseek/deepseek-v4-flash,default,PB-Advanced-017,IMO-easy,1,competition-hard,False,1,False,1,7,6,3,0.064435,1758.89,
architecture,phase1,generate,generate,deepseek-v4-flash,openrouter/deepseek/deepseek-v4-flash,default,PB-Advanced-018,IMO-hard,1,competition-hard,False,0,False,0,0,0,3,0.087114,3257.89,
architecture,phase1,generate,generate,deepseek-v4-flash,openrouter/deepseek/deepseek-v4-flash,default,PB-Advanced-019,IMO-easy,1,competition-hard,False,7,True,7,7,7,3,0.07821,2304.78,
architecture,phase1,generate,generate,deepseek-v4-flash,openrouter/deepseek/deepseek-v4-flash,default,PB-Advanced-020,IMO-medium,1,competition-hard,False,1,False,1,7,0,3,0.278232,4693.64,
architecture,phase1,generate,generate,deepseek-v4-flash,openrouter/deepseek/deepseek-v4-flash,default,PB-Advanced-021,IMO-hard,1,competition-hard,False,0,False,0,0,0,3,0.211292,4613.19,
architecture,phase1,generate,generate,deepseek-v4-flash,openrouter/deepseek/deepseek-v4-flash,default,PB-Advanced-022,IMO-easy,1,competition-hard,False,0,False,0,7,0,3,0.206837,4183.01,
architecture,phase1,generate,generate,deepseek-v4-flash,openrouter/deepseek/deepseek-v4-flash,default,PB-Advanced-023,IMO-medium,1,competition-hard,False,0,False,0,0,0,3,0.154157,3581.34,
architecture,phase1,generate,generate,deepseek-v4-flash,openrouter/deepseek/deepseek-v4-flash,default,PB-Advanced-024,IMO-hard,1,competition-hard,False,7,True,0,0,0,3,0.187865,5111.63,
architecture,phase1,generate,generate,deepseek-v4-flash,openrouter/deepseek/deepseek-v4-flash,default,PB-Advanced-025,IMO-easy,1,competition-hard,False,7,True,7,7,7,3,0.085246,2759.14,
architecture,phase1,generate,generate,deepseek-v4-flash,openrouter/deepseek/deepseek-v4-flash,default,PB-Advanced-026,IMO-medium,1,competition-hard,False,0,False,0,0,0,3,0.232362,4173.97,
architecture,phase1,generate,generate,deepseek-v4-flash,openrouter/deepseek/deepseek-v4-flash,default,PB-Advanced-027,IMO-hard,1,competition-hard,False,0,False,0,0,0,3,0.164993,4439.14,
architecture,phase1,generate,generate,deepseek-v4-flash,openrouter/deepseek/deepseek-v4-flash,default,PB-Advanced-028,IMO-easy,1,competition-hard,False,7,True,7,7,7,3,0.058382,1893.06,
architecture,phase1,generate,generate,deepseek-v4-flash,openrouter/deepseek/deepseek-v4-flash,default,PB-Advanced-029,IMO-medium,1,competition-hard,False,1,False,1,0,0,3,0.232252,4169.67,
architecture,phase1,generate,generate,deepseek-v4-flash,openrouter/deepseek/deepseek-v4-flash,default,PB-Advanced-030,IMO-hard,1,competition-hard,False,7,True,0,7,7,3,0.168824,5006.6,
architecture,phase1,generate,generate,deepseek-v4-flash,openrouter/deepseek/deepseek-v4-flash,default,PB-Basic-001,IMO-easy,1,competition-hard,False,7,True,7,7,7,3,0.043192,1381.93,
architecture,phase1,generate,generate,deepseek-v4-flash,openrouter/deepseek/deepseek-v4-flash,default,PB-Basic-002,pre-IMO,0,pre-competition,False,7,True,7,7,7,3,0.023616,957.47,
architecture,phase1,generate,generate,deepseek-v4-flash,openrouter/deepseek/deepseek-v4-flash,default,PB-Basic-003,IMO-easy,1,competition-hard,False,7,True,7,7,7,3,0.040212,1301.15,
architecture,phase1,generate,generate,deepseek-v4-flash,openrouter/deepseek/deepseek-v4-flash,default,PB-Basic-004,IMO-easy,1,competition-hard,False,7,True,7,7,7,3,0.108158,1824.55,
architecture,phase1,generate,generate,deepseek-v4-flash,openrouter/deepseek/deepseek-v4-flash,default,PB-Basic-005,IMO-easy,1,competition-hard,False,7,True,7,7,7,3,0.064487,2250.43,
architecture,phase1,generate,generate,deepseek-v4-flash,openrouter/deepseek/deepseek-v4-flash,default,PB-Basic-006,IMO-medium,1,competition-hard,False,0,False,1,7,7,3,0.269887,7450.62,
architecture,phase1,generate,generate,deepseek-v4-flash,openrouter/deepseek/deepseek-v4-flash,default,PB-Basic-007,IMO-medium,1,competition-hard,False,0,False,1,0,0,3,0.202591,3445.65,
architecture,phase1,generate,generate,deepseek-v4-flash,openrouter/deepseek/deepseek-v4-flash,default,PB-Basic-008,pre-IMO,0,pre-competition,False,7,True,7,7,7,3,0.04734,1540.1,
architecture,phase1,generate,generate,deepseek-v4-flash,openrouter/deepseek/deepseek-v4-flash,default,PB-Basic-009,IMO-easy,1,competition-hard,False,0,False,0,7,7,3,0.189713,3282.31,
architecture,phase1,generate,generate,deepseek-v4-flash,openrouter/deepseek/deepseek-v4-flash,default,PB-Basic-010,IMO-easy,1,competition-hard,False,7,True,7,7,7,3,0.017968,649.88,
architecture,phase1,generate,generate,deepseek-v4-flash,openrouter/deepseek/deepseek-v4-flash,default,PB-Basic-011,IMO-easy,1,competition-hard,False,7,True,6,7,7,3,0.058971,2205.17,
architecture,phase1,generate,generate,deepseek-v4-flash,openrouter/deepseek/deepseek-v4-flash,default,PB-Basic-012,IMO-medium,1,competition-hard,False,7,True,7,0,,3,0.047828,1444.76,
architecture,phase1,generate,generate,deepseek-v4-flash,openrouter/deepseek/deepseek-v4-flash,default,PB-Basic-013,pre-IMO,0,pre-competition,False,7,True,7,7,6,3,0.037473,1375.09,
architecture,phase1,generate,generate,deepseek-v4-flash,openrouter/deepseek/deepseek-v4-flash,default,PB-Basic-014,pre-IMO,0,pre-competition,False,7,True,7,7,7,3,0.044433,2243.8,
architecture,phase1,generate,generate,deepseek-v4-flash,openrouter/deepseek/deepseek-v4-flash,default,PB-Basic-015,pre-IMO,0,pre-competition,False,7,True,7,7,7,3,0.0409,1579.21,
architecture,phase1,generate,generate,deepseek-v4-flash,openrouter/deepseek/deepseek-v4-flash,default,PB-Basic-016,pre-IMO,0,pre-competition,False,7,True,7,7,7,3,0.041684,1421.84,
architecture,phase1,generate,generate,deepseek-v4-flash,openrouter/deepseek/deepseek-v4-flash,default,PB-Basic-017,pre-IMO,0,pre-competition,False,7,True,7,7,7,3,0.01995,911.55,
architecture,phase1,generate,generate,deepseek-v4-flash,openrouter/deepseek/deepseek-v4-flash,default,PB-Basic-018,pre-IMO,0,pre-competition,False,7,True,7,7,7,3,0.022587,1026.15,
architecture,phase1,generate,generate,deepseek-v4-flash,openrouter/deepseek/deepseek-v4-flash,default,PB-Basic-019,IMO-easy,1,competition-hard,False,7,True,7,7,7,3,0.033112,954.13,
architecture,phase1,generate,generate,deepseek-v4-flash,openrouter/deepseek/deepseek-v4-flash,default,PB-Basic-020,IMO-easy,1,competition-hard,False,,,7,7,7,3,0.049687,1922.08,
architecture,phase1,generate,generate,deepseek-v4-flash,openrouter/deepseek/deepseek-v4-flash,default,PB-Basic-021,IMO-easy,1,competition-hard,False,0,False,6,7,,3,0.279763,4397.73,
architecture,phase1,generate,generate,deepseek-v4-flash,openrouter/deepseek/deepseek-v4-flash,default,PB-Basic-022,IMO-easy,1,competition-hard,False,7,True,7,7,1,3,0.178981,7479.5,
architecture,phase1,generate,generate,deepseek-v4-flash,openrouter/deepseek/deepseek-v4-flash,default,PB-Basic-023,IMO-medium,1,competition-hard,False,6,True,6,7,1,3,0.156178,3668.09,
architecture,phase1,generate,generate,deepseek-v4-flash,openrouter/deepseek/deepseek-v4-flash,default,PB-Basic-024,IMO-medium,1,competition-hard,False,7,True,7,7,7,3,0.081888,3809.2,
architecture,phase1,generate,generate,deepseek-v4-flash,openrouter/deepseek/deepseek-v4-flash,default,PB-Basic-025,IMO-easy,1,competition-hard,False,7,True,7,7,7,3,0.061262,1831.49,
architecture,phase1,generate,generate,deepseek-v4-flash,openrouter/deepseek/deepseek-v4-flash,default,PB-Basic-026,IMO-medium,1,competition-hard,False,0,False,0,0,0,3,0.271177,3960.39,
architecture,phase1,generate,generate,deepseek-v4-flash,openrouter/deepseek/deepseek-v4-flash,default,PB-Basic-027,IMO-easy,1,competition-hard,False,7,True,7,7,7,3,0.071595,2275.04,
architecture,phase1,generate,generate,deepseek-v4-flash,openrouter/deepseek/deepseek-v4-flash,default,PB-Basic-028,IMO-medium,1,competition-hard,False,7,True,6,7,7,3,0.103002,8233.84,
architecture,phase1,generate,generate,deepseek-v4-flash,openrouter/deepseek/deepseek-v4-flash,default,PB-Basic-029,IMO-medium,1,competition-hard,False,0,False,1,7,0,3,0.245941,4700.36,
architecture,phase1,generate,generate,deepseek-v4-flash,openrouter/deepseek/deepseek-v4-flash,default,PB-Basic-030,IMO-easy,1,competition-hard,False,0,False,0,7,7,3,0.146275,4936.5,
architecture,phase1,generate,generate,deepseek-v4-flash,openrouter/deepseek/deepseek-v4-flash,default,erdos-1051,Minor Novelty,3,research-medium,True,0,False,0,7,0,3,0.118435,3501.18,
architecture,phase1,generate,generate,deepseek-v4-flash,openrouter/deepseek/deepseek-v4-flash,default,erdos-333,Literature Identification,2,research-easy,True,0,False,0,0,0,3,0.301063,5059.92,
architecture,phase1,generate,generate,deepseek-v4-flash,openrouter/deepseek/deepseek-v4-flash,default,erdos-397,Independent Rediscovery,1,competition-hard,True,0,False,0,0,0,3,0.129872,2484.36,
architecture,phase1,generate,generate,deepseek-v4-flash,openrouter/deepseek/deepseek-v4-flash,default,erdos-654,Negligible Novelty,2,research-easy,True,0,False,1,7,0,3,0.247967,3637.79,
architecture,phase1,generate,generate,deepseek-v4-flash,openrouter/deepseek/deepseek-v4-flash,default,erdos-659,Negligible Novelty,2,research-easy,True,0,False,6,7,0,3,0.158511,3464.76,
architecture,phase1,generate,generate,deepseek-v4-flash,openrouter/deepseek/deepseek-v4-flash,default,first-proof-10-official,1,2,research-easy,True,,,6,1,7,3,0.075581,2453.22,
architecture,phase1,generate,generate,deepseek-v4-flash,openrouter/deepseek/deepseek-v4-flash,default,first-proof-4-official,3,4,research-hard,True,0,False,1,0,0,3,0.244308,2819.62,
architecture,phase1,generate,generate,deepseek-v4-flash,openrouter/deepseek/deepseek-v4-flash,default,first-proof-5-official,2,3,research-medium,True,0,False,0,1,0,3,0.063324,1602.82,
architecture,phase1,generate,generate,deepseek-v4-flash,openrouter/deepseek/deepseek-v4-flash,default,first-proof-6-official,3,4,research-hard,True,0,False,0,7,0,3,0.210871,2997.16,
architecture,phase1,generate,generate,deepseek-v4-flash,openrouter/deepseek/deepseek-v4-flash,default,ramsey-hypergraphs,Moderately Interesting,5,research-frontier,True,0,False,0,0,0,3,0.180385,3979.35,
architecture,phase1,generate,generate,deepseek-v4-pro,openrouter/deepseek/deepseek-v4-pro,default,PB-Advanced-001,IMO-easy,1,competition-hard,False,,,7,7,,3,0.100714,3477.24,
architecture,phase1,generate,generate,deepseek-v4-pro,openrouter/deepseek/deepseek-v4-pro,default,PB-Advanced-002,IMO-medium,1,competition-hard,False,0,False,0,7,0,3,0.351213,5898.4,
architecture,phase1,generate,generate,deepseek-v4-pro,openrouter/deepseek/deepseek-v4-pro,default,PB-Advanced-003,IMO-hard,1,competition-hard,False,0,False,0,7,0,3,0.351964,8320.17,
architecture,phase1,generate,generate,deepseek-v4-pro,openrouter/deepseek/deepseek-v4-pro,default,PB-Advanced-004,IMO-easy,1,competition-hard,False,7,True,7,7,7,3,0.179597,6271.08,
architecture,phase1,generate,generate,deepseek-v4-pro,openrouter/deepseek/deepseek-v4-pro,default,PB-Advanced-005,IMO-medium,1,competition-hard,False,0,False,0,0,0,3,0.353001,8073.32,
architecture,phase1,generate,generate,deepseek-v4-pro,openrouter/deepseek/deepseek-v4-pro,default,PB-Advanced-006,IMO-hard,1,competition-hard,False,1,False,1,6,0,3,0.379259,7515.69,
architecture,phase1,generate,generate,deepseek-v4-pro,openrouter/deepseek/deepseek-v4-pro,default,PB-Advanced-007,IMO-easy,1,competition-hard,False,7,True,1,7,0,3,0.351006,6036.51,
architecture,phase1,generate,generate,deepseek-v4-pro,openrouter/deepseek/deepseek-v4-pro,default,PB-Advanced-008,IMO-medium,1,competition-hard,False,0,False,0,7,0,3,0.351601,6116.54,
architecture,phase1,generate,generate,deepseek-v4-pro,openrouter/deepseek/deepseek-v4-pro,default,PB-Advanced-009,IMO-hard,1,competition-hard,False,0,False,0,7,0,3,0.349835,5996.61,
architecture,phase1,generate,generate,deepseek-v4-pro,openrouter/deepseek/deepseek-v4-pro,default,PB-Advanced-010,IMO-medium,1,competition-hard,False,0,False,0,7,0,3,0.316075,6403.65,
architecture,phase1,generate,generate,deepseek-v4-pro,openrouter/deepseek/deepseek-v4-pro,default,PB-Advanced-011,IMO-medium,1,competition-hard,False,0,False,0,0,0,3,0.054858,1137.81,
architecture,phase1,generate,generate,deepseek-v4-pro,openrouter/deepseek/deepseek-v4-pro,default,PB-Advanced-012,IMO-hard,1,competition-hard,False,0,False,7,7,0,3,0.264337,3815.79,
architecture,phase1,generate,generate,deepseek-v4-pro,openrouter/deepseek/deepseek-v4-pro,default,PB-Advanced-013,IMO-easy,1,competition-hard,False,0,False,0,0,7,3,0.349492,9457.39,
architecture,phase1,generate,generate,deepseek-v4-pro,openrouter/deepseek/deepseek-v4-pro,default,PB-Advanced-014,IMO-medium,1,competition-hard,False,7,True,6,7,7,3,0.343686,8440.29,
architecture,phase1,generate,generate,deepseek-v4-pro,openrouter/deepseek/deepseek-v4-pro,default,PB-Advanced-015,IMO-hard,1,competition-hard,False,0,False,1,0,0,3,0.351885,7533.03,
architecture,phase1,generate,generate,deepseek-v4-pro,openrouter/deepseek/deepseek-v4-pro,default,PB-Advanced-016,IMO-easy,1,competition-hard,False,1,False,1,7,0,3,0.349787,7664.02,
architecture,phase1,generate,generate,deepseek-v4-pro,openrouter/deepseek/deepseek-v4-pro,default,PB-Advanced-017,IMO-easy,1,competition-hard,False,6,True,6,7,6,3,0.171539,5375.85,
architecture,phase1,generate,generate,deepseek-v4-pro,openrouter/deepseek/deepseek-v4-pro,default,PB-Advanced-018,IMO-hard,1,competition-hard,False,0,False,0,0,0,3,0.351992,6502.39,
architecture,phase1,generate,generate,deepseek-v4-pro,openrouter/deepseek/deepseek-v4-pro,default,PB-Advanced-019,IMO-easy,1,competition-hard,False,7,True,7,7,7,3,0.150391,4656.38,
architecture,phase1,generate,generate,deepseek-v4-pro,openrouter/deepseek/deepseek-v4-pro,default,PB-Advanced-020,IMO-medium,1,competition-hard,False,0,False,0,7,0,3,0.351249,8188.07,
architecture,phase1,generate,generate,deepseek-v4-pro,openrouter/deepseek/deepseek-v4-pro,default,PB-Advanced-021,IMO-hard,1,competition-hard,False,0,False,0,7,1,3,0.353784,5894.86,
architecture,phase1,generate,generate,deepseek-v4-pro,openrouter/deepseek/deepseek-v4-pro,default,PB-Advanced-022,IMO-easy,1,competition-hard,False,7,True,7,7,7,3,0.264146,4732.66,
architecture,phase1,generate,generate,deepseek-v4-pro,openrouter/deepseek/deepseek-v4-pro,default,PB-Advanced-023,IMO-medium,1,competition-hard,False,0,False,0,7,0,3,0.265926,6604.15,
architecture,phase1,generate,generate,deepseek-v4-pro,openrouter/deepseek/deepseek-v4-pro,default,PB-Advanced-024,IMO-hard,1,competition-hard,False,0,False,1,0,0,3,0.173805,4955.23,
architecture,phase1,generate,generate,deepseek-v4-pro,openrouter/deepseek/deepseek-v4-pro,default,PB-Advanced-025,IMO-easy,1,competition-hard,False,7,True,7,7,7,3,0.111732,4923.66,
architecture,phase1,generate,generate,deepseek-v4-pro,openrouter/deepseek/deepseek-v4-pro,default,PB-Advanced-026,IMO-medium,1,competition-hard,False,,,0,7,0,3,0.331471,6069.27,
architecture,phase1,generate,generate,deepseek-v4-pro,openrouter/deepseek/deepseek-v4-pro,default,PB-Advanced-027,IMO-hard,1,competition-hard,False,7,True,0,7,0,3,0.257652,4561.42,
architecture,phase1,generate,generate,deepseek-v4-pro,openrouter/deepseek/deepseek-v4-pro,default,PB-Advanced-028,IMO-easy,1,competition-hard,False,7,True,7,7,7,3,0.08507,2637.29,
architecture,phase1,generate,generate,deepseek-v4-pro,openrouter/deepseek/deepseek-v4-pro,default,PB-Advanced-029,IMO-medium,1,competition-hard,False,0,False,1,0,0,3,0.35039,7125.69,
architecture,phase1,generate,generate,deepseek-v4-pro,openrouter/deepseek/deepseek-v4-pro,default,PB-Advanced-030,IMO-hard,1,competition-hard,False,0,False,0,7,0,3,0.348305,5839.21,
architecture,phase1,generate,generate,deepseek-v4-pro,openrouter/deepseek/deepseek-v4-pro,default,PB-Basic-001,IMO-easy,1,competition-hard,False,7,True,7,7,7,3,0.021122,550.17,
architecture,phase1,generate,generate,deepseek-v4-pro,openrouter/deepseek/deepseek-v4-pro,default,PB-Basic-002,pre-IMO,0,pre-competition,False,7,True,7,7,7,3,0.035149,1074.31,
architecture,phase1,generate,generate,deepseek-v4-pro,openrouter/deepseek/deepseek-v4-pro,default,PB-Basic-003,IMO-easy,1,competition-hard,False,,,7,7,7,3,0.071146,2162.85,
architecture,phase1,generate,generate,deepseek-v4-pro,openrouter/deepseek/deepseek-v4-pro,default,PB-Basic-004,IMO-easy,1,competition-hard,False,7,True,7,7,7,3,0.080987,2048.72,
architecture,phase1,generate,generate,deepseek-v4-pro,openrouter/deepseek/deepseek-v4-pro,default,PB-Basic-005,IMO-easy,1,competition-hard,False,0,False,0,1,0,3,0.05507,1496.84,
architecture,phase1,generate,generate,deepseek-v4-pro,openrouter/deepseek/deepseek-v4-pro,default,PB-Basic-006,IMO-medium,1,competition-hard,False,0,False,1,7,7,3,0.267669,4724.13,
architecture,phase1,generate,generate,deepseek-v4-pro,openrouter/deepseek/deepseek-v4-pro,default,PB-Basic-007,IMO-medium,1,competition-hard,False,7,True,7,7,7,3,0.161541,2731.2,
architecture,phase1,generate,generate,deepseek-v4-pro,openrouter/deepseek/deepseek-v4-pro,default,PB-Basic-008,pre-IMO,0,pre-competition,False,7,True,7,7,7,3,0.083346,2772.71,
architecture,phase1,generate,generate,deepseek-v4-pro,openrouter/deepseek/deepseek-v4-pro,default,PB-Basic-009,IMO-easy,1,competition-hard,False,0,False,0,7,0,3,0.355777,7396.67,
architecture,phase1,generate,generate,deepseek-v4-pro,openrouter/deepseek/deepseek-v4-pro,default,PB-Basic-010,IMO-easy,1,competition-hard,False,7,True,7,7,7,3,0.018502,714.74,
architecture,phase1,generate,generate,deepseek-v4-pro,openrouter/deepseek/deepseek-v4-pro,default,PB-Basic-011,IMO-easy,1,competition-hard,False,7,True,7,7,7,3,0.08765,2716.46,
architecture,phase1,generate,generate,deepseek-v4-pro,openrouter/deepseek/deepseek-v4-pro,default,PB-Basic-012,IMO-medium,1,competition-hard,False,7,True,7,7,7,3,0.125341,4286.27,
architecture,phase1,generate,generate,deepseek-v4-pro,openrouter/deepseek/deepseek-v4-pro,default,PB-Basic-013,pre-IMO,0,pre-competition,False,7,True,7,7,7,3,0.03609,1101.05,
architecture,phase1,generate,generate,deepseek-v4-pro,openrouter/deepseek/deepseek-v4-pro,default,PB-Basic-014,pre-IMO,0,pre-competition,False,7,True,7,7,,3,0.059661,1741.6,
architecture,phase1,generate,generate,deepseek-v4-pro,openrouter/deepseek/deepseek-v4-pro,default,PB-Basic-015,pre-IMO,0,pre-competition,False,7,True,7,7,7,3,0.120398,3556.89,
architecture,phase1,generate,generate,deepseek-v4-pro,openrouter/deepseek/deepseek-v4-pro,default,PB-Basic-016,pre-IMO,0,pre-competition,False,7,True,7,7,7,3,0.069024,2334.5,
architecture,phase1,generate,generate,deepseek-v4-pro,openrouter/deepseek/deepseek-v4-pro,default,PB-Basic-017,pre-IMO,0,pre-competition,False,7,True,7,7,7,3,0.029843,850.65,
architecture,phase1,generate,generate,deepseek-v4-pro,openrouter/deepseek/deepseek-v4-pro,default,PB-Basic-018,pre-IMO,0,pre-competition,False,7,True,7,7,7,3,0.145004,6086.12,
architecture,phase1,generate,generate,deepseek-v4-pro,openrouter/deepseek/deepseek-v4-pro,default,PB-Basic-019,IMO-easy,1,competition-hard,False,7,True,7,7,7,3,0.041305,1298.25,
architecture,phase1,generate,generate,deepseek-v4-pro,openrouter/deepseek/deepseek-v4-pro,default,PB-Basic-020,IMO-easy,1,competition-hard,False,7,True,7,7,7,3,0.073473,2519.68,
architecture,phase1,generate,generate,deepseek-v4-pro,openrouter/deepseek/deepseek-v4-pro,default,PB-Basic-021,IMO-easy,1,competition-hard,False,0,False,0,0,0,3,0.381878,9730.68,
architecture,phase1,generate,generate,deepseek-v4-pro,openrouter/deepseek/deepseek-v4-pro,default,PB-Basic-022,IMO-easy,1,competition-hard,False,7,True,6,7,7,3,0.174134,5254.88,
architecture,phase1,generate,generate,deepseek-v4-pro,openrouter/deepseek/deepseek-v4-pro,default,PB-Basic-023,IMO-medium,1,competition-hard,False,1,False,1,7,0,3,0.270245,4963.91,
architecture,phase1,generate,generate,deepseek-v4-pro,openrouter/deepseek/deepseek-v4-pro,default,PB-Basic-024,IMO-medium,1,competition-hard,False,,,7,7,7,3,0.075438,3012.69,
architecture,phase1,generate,generate,deepseek-v4-pro,openrouter/deepseek/deepseek-v4-pro,default,PB-Basic-025,IMO-easy,1,competition-hard,False,7,True,7,7,0,3,0.074383,2319.38,
architecture,phase1,generate,generate,deepseek-v4-pro,openrouter/deepseek/deepseek-v4-pro,default,PB-Basic-026,IMO-medium,1,competition-hard,False,0,False,0,0,0,3,0.331897,6432.53,
architecture,phase1,generate,generate,deepseek-v4-pro,openrouter/deepseek/deepseek-v4-pro,default,PB-Basic-027,IMO-easy,1,competition-hard,False,7,True,7,7,7,3,0.124768,4065.26,
architecture,phase1,generate,generate,deepseek-v4-pro,openrouter/deepseek/deepseek-v4-pro,default,PB-Basic-028,IMO-medium,1,competition-hard,False,7,True,7,7,,3,0.200791,7053.44,
architecture,phase1,generate,generate,deepseek-v4-pro,openrouter/deepseek/deepseek-v4-pro,default,PB-Basic-029,IMO-medium,1,competition-hard,False,7,True,1,7,0,3,0.297277,8979.21,
architecture,phase1,generate,generate,deepseek-v4-pro,openrouter/deepseek/deepseek-v4-pro,default,erdos-1051,Minor Novelty,3,research-medium,True,0,False,0,7,0,3,0.35323,7903.86,
architecture,phase1,generate,generate,deepseek-v4-pro,openrouter/deepseek/deepseek-v4-pro,default,erdos-333,Literature Identification,2,research-easy,True,0,False,0,0,0,3,0.202308,6475.71,
architecture,phase1,generate,generate,deepseek-v4-pro,openrouter/deepseek/deepseek-v4-pro,default,erdos-397,Independent Rediscovery,1,competition-hard,True,0,False,0,0,0,3,0.298089,6876.13,
architecture,phase1,generate,generate,deepseek-v4-pro,openrouter/deepseek/deepseek-v4-pro,default,erdos-654,Negligible Novelty,2,research-easy,True,7,True,1,7,,3,0.240614,8607.25,
architecture,phase1,generate,generate,deepseek-v4-pro,openrouter/deepseek/deepseek-v4-pro,default,erdos-659,Negligible Novelty,2,research-easy,True,0,False,0,7,0,3,0.192343,5135.54,
architecture,phase1,generate,generate,deepseek-v4-pro,openrouter/deepseek/deepseek-v4-pro,default,first-proof-10-official,1,2,research-easy,True,7,True,6,7,6,3,0.09142,2231.83,
architecture,phase1,generate,generate,deepseek-v4-pro,openrouter/deepseek/deepseek-v4-pro,default,first-proof-4-official,3,4,research-hard,True,0,False,0,0,0,3,0.209181,4185.04,
architecture,phase1,generate,generate,deepseek-v4-pro,openrouter/deepseek/deepseek-v4-pro,default,first-proof-5-official,2,3,research-medium,True,,,,,,0,0.131207,5308.81,"litellm.APIError: APIError: OpenrouterException - Unable to get json response - Expecting value: line 3137 column 1 (char 17248), Original Response: 
         

         

         

         

         

         

         

         

         

         

         

         

         

         

         

         

         

         

         

         

         

         

         

         

         

         

         

         

         

         

         

         

         

         

         

         

         

         

         

         

         

         

         

         

         

         

         

         

         

         

         

         

         

         

         

         

         

         

         

         

         

         

         

         

         

         

         

         

         

         

         

         

         

         

         

         

         

         

         

         

         

         

         

         

         

         

         

         

         

         

         

         

         

         

         

         

         

         

         

         

         

         

         

         

         

         

         

         

         

         

         

         

         

         

         

         

         

         

         

         

         

         

         

         

         

         

         

         

         

         

         

         

         

         

         

         

         

         

         

         

         

         

         

         

         

         

         

         

         

         

         

         

         

         

         

         

         

         

         

         

         

         

         

         

         

         

         

         

         

         

         

         

         

         

         

         

         

         

         

         

         

         

         

         

         

         

         

         

         

         

         

         

         

         

         

         

         

         

         

         

         

         

         

         

         

         

         

         

         

         

         

         

         

         

         

         

         

         

         

         

         

         

         

         

         

         

         

         

         

         

         

         

         

         

         

         

         

         

         

         

         

         

         

         

         

         

         

         

         

         

         

         

         

         

         

         

         

         

         

         

         

         

         

         

         

         

         

         

         

         

         

         

         

         

         

         

         

         

         

         

         

         

         

         

         

         

         

         

         

         

         

         

         

         

         

         

         

         

         

         

         

         

         

         

         

         

         

         

         

         

         

         

         

         

         

         

         

         

         

         

         

         

         

         

         

         

         

         

         

         

         

         

         

         

         

         

         

         

         

         

         

         

         

         

         

         

         

         

         

         

         

         

         

         

         

         

         

         

         

         

         

         

         

         

         

         

         

         

         

         

         

         

         

         

         

         

         

         

         

         

         

         

         

         

         

         

         

         

         

         

         

         

         

         

         

         

         

         

         

         

         

         

         

         

         

         

         

         

         

         

         

         

         

         

         

         

         

         

         

         

         

         

         

         

         

         

         

         

         

         

         

         

         

         

         

         

         

         

         

         

         

         

         

         

         

         

         

         

         

         

         

         

         

         

         

         

         

         

         

         

         

         

         

         

         

         

         

         

         

         

         

         

         

         

         

         

         

         

         

         

         

         

         

         

         

         

         

         

         

         

         

         

         

         

         

         

         

         

         

         

         

         

         

         

         

         

         

         

         

         

         

         

         

         

         

         

         

         

         

         

         

         

         

         

         

         

         

         

         

         

         

         

         

         

         

         

         

         

         

         

         

         

         

         

         

         

         

         

         

         

         

         

         

         

         

         

         

         

         

         

         

         

         

         

         

         

         

         

         

         

         

         

         

         

         

         

         

         

         

         

         

         

         

         

         

         

         

         

         

         

         

         

         

         

         

         

         

         

         

         

         

         

         

         

         

         

         

         

         

         

         

         

         

         

         

         

         

         

         

         

         

         

         

         

         

         

         

         

         

         

         

         

         

         

         

         

         

         

         

         

         

         

         

         

         

         

         

         

         

         

         

         

         

         

         

         

         

         

         

         

         

         

         

         

         

         

         

         

         

         

         

         

         

         

         

         

         

         

         

         

         

         

         

         

         

         

         

         

         

         

         

         

         

         

         

         

         

         

         

         

         

         

         

         

         

         

         

         

         

         

         

         

         

         

         

         

         

         

         

         

         

         

         

         

         

         

         

         

         

         

         

         

         

         

         

         

         

         

         

         

         

         

         

         

         

         

         

         

         

         

         

         

         

         

         

         

         

         

         

         

         

         

         

         

         

         

         

         

         

         

         

         

         

         

         

         

         

         

         

         

         

         

         

         

         

         

         

         

         

         

         

         

         

         

         

         

         

         

         

         

         

         

         

         

         

         

         

         

         

         

         

         

         

         

         

         

         

         

         

         

         

         

         

         

         

         

         

         

         

         

         

         

         

         

         

         

         

         

         

         

         

         

         

         

         

         

         

         

         

         

         

         

         

         

         

         

         

         

         

         

         

         

         

         

         

         

         

         

         

         

         

         

         

         

         

         

         

         

         

         

         

         

         

         

         

         

         

         

         

         

         

         

         

         

         

         

         

         

         

         

         

         

         

         

         

         

         

         

         

         

         

         

         

         

         

         

         

         

         

         

         

         

         

         

         

         

         

         

         

         

         

         

         

         

         

         

         

         

         

         

         

         

         

         

         

         

         

         

         

         

         

         

         

         

         

         

         

         

         

         

         

         

         

         

         

         

         

         

         

         

         

         

         

         

         

         

         

         

         

         

         

         

         

         

         

         

         

         

         

         

         

         

         

         

         

         

         

         

         

         

         

         

         

         

         

         

         

         

         

         

         

         

         

         

         

         

         

         

         

         

         

         

         

         

         

         

         

         

         

         

         

         

         

         

         

         

         

         

         

         

         

         

         

         

         

         

         

         

         

         

         

         

         

         

         

         

         

         

         

         

         

         

         

         

         

         

         

         

         

         

         

         

         

         

         

         

         

         

         

         

         

         

         

         

         

         

         

         

         

         

         

         

         

         

         

         

         

         

         

         

         

         

         

         

         

         

         

         

         

         

         

         

         

         

         

         

         

         

         

         

         

         

         

         

         

         

         

         

         

         

         

         

         

         

         

         

         

         

         

         

         

         

         

         

         

         

         

         

         

         

         

         

         

         

         

         

         

         

         

         

         

         

         

         

         

         

         

         

         

         

         

         

         

         

         

         

         

         

         

         

         

         

         

         

         

         

         

         

         

         

         

         

         

         

         

         

         

         

         

         

         

         

         

         

         

         

         

         

         

         

         

         

         

         

         

         

         

         

         

         

         

         

         

         

         

         

         

         

         

         

         

         

         

         

         

         

         

         

         

         

         

         

         

         

         

         

         

         

         

         

         

         

         

         

         

         

         

         

         

         

         

         

         

         

         

         

         

         

         

         

         

         

         

         

         

         

         

         

         

         

         

         

         

         

         

         

         

         

         

         

         

         

         

         

         

         

         

         

         

         

         

         

         

         

         

         

         

         

         

         

         

         

         

         

         

         

         

         

         

         

         

         

         

         

         

         

         

         

         

         

         

         

         

         

         

         

         

         

         

         

         

         

         

         

         

         

         

         

         

         

         

         

         

         

         

         

         

         

         

         

         

         

         

         

         

         

         

         

         

         

         

         

         

         

         

         

         

         

         

         

         

         

         

         

         

         

         

         

         

         

         

         

         

         

         

         

         

         

         

         

         

         

         

         

         

         

         

         

         

         

         

         

         

         

         

         

         

         

         

         

         

         

         

         

         

         

         

         

         

         

         

         

         

         

         

         

         

         

         

         

         

         

         

         

         

         

         

         

         

         

         

         

         

         

         

         

         

         

         

         

         

         

         

         

         

         

         

         

         

         

         

         

         

         

         

         

         

         

         

         

         

         

         

         

         

         

         

         

         

         

         

         

         

         

         

         

         

         

         

         

         

         

         

         

         

         

         

         

         

         

         

         

         

         

         

         

         

         

         

         

         

         

         

         

         

         

         

         

         

         

         

         

         

         

         

         

         

         

         

         

         

         

         

         

         

         

         

         

         

         

         

         

         

         

         

         

         

         

         

         

         

         

         

         

         

         

         

         
"
architecture,phase1,generate,generate,deepseek-v4-pro,openrouter/deepseek/deepseek-v4-pro,default,first-proof-6-official,3,4,research-hard,True,0,False,0,7,0,3,0.260685,5472.78,
architecture,phase1,generate,generate,deepseek-v4-pro,openrouter/deepseek/deepseek-v4-pro,default,ramsey-hypergraphs,Moderately Interesting,5,research-frontier,True,0,False,0,0,0,3,0.365133,7338.86,
architecture,phase1,generate,generate,gemini-3-flash-preview,openrouter/google/gemini-3-flash-preview,default,PB-Advanced-001,IMO-easy,1,competition-hard,False,0,False,0,7,0,3,0.041041,625.11,
architecture,phase1,generate,generate,gemini-3-flash-preview,openrouter/google/gemini-3-flash-preview,default,PB-Advanced-002,IMO-medium,1,competition-hard,False,0,False,0,0,0,3,0.057409,1061.31,
architecture,phase1,generate,generate,gemini-3-flash-preview,openrouter/google/gemini-3-flash-preview,default,PB-Advanced-003,IMO-hard,1,competition-hard,False,0,False,0,1,0,3,0.036408,352.13,
architecture,phase1,generate,generate,gemini-3-flash-preview,openrouter/google/gemini-3-flash-preview,default,PB-Advanced-004,IMO-easy,1,competition-hard,False,7,True,1,7,0,3,0.06177,1164.03,
architecture,phase1,generate,generate,gemini-3-flash-preview,openrouter/google/gemini-3-flash-preview,default,PB-Advanced-005,IMO-medium,1,competition-hard,False,0,False,0,0,0,3,0.033183,362.32,
architecture,phase1,generate,generate,gemini-3-flash-preview,openrouter/google/gemini-3-flash-preview,default,PB-Advanced-006,IMO-hard,1,competition-hard,False,0,False,0,1,0,3,0.039627,201.27,
architecture,phase1,generate,generate,gemini-3-flash-preview,openrouter/google/gemini-3-flash-preview,default,PB-Advanced-007,IMO-easy,1,competition-hard,False,0,False,0,0,0,3,0.196254,446.21,
architecture,phase1,generate,generate,gemini-3-flash-preview,openrouter/google/gemini-3-flash-preview,default,PB-Advanced-008,IMO-medium,1,competition-hard,False,0,False,0,1,0,3,0.039268,616.94,
architecture,phase1,generate,generate,gemini-3-flash-preview,openrouter/google/gemini-3-flash-preview,default,PB-Advanced-009,IMO-hard,1,competition-hard,False,0,False,0,0,0,3,0.030512,432.05,
architecture,phase1,generate,generate,gemini-3-flash-preview,openrouter/google/gemini-3-flash-preview,default,PB-Advanced-010,IMO-medium,1,competition-hard,False,0,False,0,0,0,3,0.024917,298.35,
architecture,phase1,generate,generate,gemini-3-flash-preview,openrouter/google/gemini-3-flash-preview,default,PB-Advanced-011,IMO-medium,1,competition-hard,False,0,False,0,0,0,3,0.027431,478.64,
architecture,phase1,generate,generate,gemini-3-flash-preview,openrouter/google/gemini-3-flash-preview,default,PB-Advanced-012,IMO-hard,1,competition-hard,False,0,False,0,6,0,3,0.045094,560.55,
architecture,phase1,generate,generate,gemini-3-flash-preview,openrouter/google/gemini-3-flash-preview,default,PB-Advanced-013,IMO-easy,1,competition-hard,False,0,False,0,0,0,3,0.038152,400.08,
architecture,phase1,generate,generate,gemini-3-flash-preview,openrouter/google/gemini-3-flash-preview,default,PB-Advanced-014,IMO-medium,1,competition-hard,False,0,False,0,0,0,3,0.043186,526.92,
architecture,phase1,generate,generate,gemini-3-flash-preview,openrouter/google/gemini-3-flash-preview,default,PB-Advanced-015,IMO-hard,1,competition-hard,False,0,False,0,0,0,3,0.027684,507.8,
architecture,phase1,generate,generate,gemini-3-flash-preview,openrouter/google/gemini-3-flash-preview,default,PB-Advanced-016,IMO-easy,1,competition-hard,False,0,False,0,0,0,3,0.026484,337.42,
architecture,phase1,generate,generate,gemini-3-flash-preview,openrouter/google/gemini-3-flash-preview,default,PB-Advanced-017,IMO-easy,1,competition-hard,False,0,False,0,0,0,3,0.112445,587.36,
architecture,phase1,generate,generate,gemini-3-flash-preview,openrouter/google/gemini-3-flash-preview,default,PB-Advanced-018,IMO-hard,1,competition-hard,False,0,False,0,0,0,3,0.033492,237.35,
architecture,phase1,generate,generate,gemini-3-flash-preview,openrouter/google/gemini-3-flash-preview,default,PB-Advanced-019,IMO-easy,1,competition-hard,False,0,False,0,7,0,3,0.047797,613.62,
architecture,phase1,generate,generate,gemini-3-flash-preview,openrouter/google/gemini-3-flash-preview,default,PB-Advanced-020,IMO-medium,1,competition-hard,False,0,False,0,7,1,3,0.042674,476.68,
architecture,phase1,generate,generate,gemini-3-flash-preview,openrouter/google/gemini-3-flash-preview,default,PB-Advanced-021,IMO-hard,1,competition-hard,False,0,False,0,0,0,3,0.039592,353.83,
architecture,phase1,generate,generate,gemini-3-flash-preview,openrouter/google/gemini-3-flash-preview,default,PB-Advanced-022,IMO-easy,1,competition-hard,False,0,False,0,0,0,3,0.030109,272.32,
architecture,phase1,generate,generate,gemini-3-flash-preview,openrouter/google/gemini-3-flash-preview,default,PB-Advanced-023,IMO-medium,1,competition-hard,False,0,False,0,0,0,3,0.030316,189.77,
architecture,phase1,generate,generate,gemini-3-flash-preview,openrouter/google/gemini-3-flash-preview,default,PB-Advanced-024,IMO-hard,1,competition-hard,False,0,False,0,0,0,3,0.038669,133.16,
architecture,phase1,generate,generate,gemini-3-flash-preview,openrouter/google/gemini-3-flash-preview,default,PB-Advanced-025,IMO-easy,1,competition-hard,False,7,True,7,7,0,3,0.06264,954.47,
architecture,phase1,generate,generate,gemini-3-flash-preview,openrouter/google/gemini-3-flash-preview,default,PB-Advanced-026,IMO-medium,1,competition-hard,False,1,False,0,0,0,3,0.031868,307.74,
architecture,phase1,generate,generate,gemini-3-flash-preview,openrouter/google/gemini-3-flash-preview,default,PB-Advanced-027,IMO-hard,1,competition-hard,False,0,False,1,7,1,3,0.042017,618.91,
architecture,phase1,generate,generate,gemini-3-flash-preview,openrouter/google/gemini-3-flash-preview,default,PB-Advanced-028,IMO-easy,1,competition-hard,False,0,False,0,1,0,3,0.058818,422.34,
architecture,phase1,generate,generate,gemini-3-flash-preview,openrouter/google/gemini-3-flash-preview,default,PB-Advanced-029,IMO-medium,1,competition-hard,False,0,False,1,7,0,3,0.174462,463.14,
architecture,phase1,generate,generate,gemini-3-flash-preview,openrouter/google/gemini-3-flash-preview,default,PB-Advanced-030,IMO-hard,1,competition-hard,False,0,False,0,0,0,3,0.027746,209.33,
architecture,phase1,generate,generate,gemini-3-flash-preview,openrouter/google/gemini-3-flash-preview,default,PB-Basic-001,IMO-easy,1,competition-hard,False,7,True,7,7,7,3,0.038152,667.55,
architecture,phase1,generate,generate,gemini-3-flash-preview,openrouter/google/gemini-3-flash-preview,default,PB-Basic-002,pre-IMO,0,pre-competition,False,7,True,7,7,7,3,0.02832,534.72,
architecture,phase1,generate,generate,gemini-3-flash-preview,openrouter/google/gemini-3-flash-preview,default,PB-Basic-003,IMO-easy,1,competition-hard,False,0,False,0,7,0,3,0.034441,415.2,
architecture,phase1,generate,generate,gemini-3-flash-preview,openrouter/google/gemini-3-flash-preview,default,PB-Basic-004,IMO-easy,1,competition-hard,False,7,True,7,7,7,3,0.053744,1132.8,
architecture,phase1,generate,generate,gemini-3-flash-preview,openrouter/google/gemini-3-flash-preview,default,PB-Basic-005,IMO-easy,1,competition-hard,False,0,False,0,1,0,3,0.047352,346.07,
architecture,phase1,generate,generate,gemini-3-flash-preview,openrouter/google/gemini-3-flash-preview,default,PB-Basic-006,IMO-medium,1,competition-hard,False,0,False,0,7,0,3,0.044279,813.09,
architecture,phase1,generate,generate,gemini-3-flash-preview,openrouter/google/gemini-3-flash-preview,default,PB-Basic-007,IMO-medium,1,competition-hard,False,0,False,0,1,0,3,0.054115,453.13,
architecture,phase1,generate,generate,gemini-3-flash-preview,openrouter/google/gemini-3-flash-preview,default,PB-Basic-008,pre-IMO,0,pre-competition,False,0,False,0,0,0,3,0.031741,327.43,
architecture,phase1,generate,generate,gemini-3-flash-preview,openrouter/google/gemini-3-flash-preview,default,PB-Basic-009,IMO-easy,1,competition-hard,False,0,False,0,1,1,3,0.028285,247.01,
architecture,phase1,generate,generate,gemini-3-flash-preview,openrouter/google/gemini-3-flash-preview,default,PB-Basic-010,IMO-easy,1,competition-hard,False,7,True,7,7,7,3,0.024501,281.85,
architecture,phase1,generate,generate,gemini-3-flash-preview,openrouter/google/gemini-3-flash-preview,default,PB-Basic-011,IMO-easy,1,competition-hard,False,7,True,7,0,6,3,0.289973,1238.16,
architecture,phase1,generate,generate,gemini-3-flash-preview,openrouter/google/gemini-3-flash-preview,default,PB-Basic-012,IMO-medium,1,competition-hard,False,7,True,6,7,7,3,0.065127,1154.7,
architecture,phase1,generate,generate,gemini-3-flash-preview,openrouter/google/gemini-3-flash-preview,default,PB-Basic-013,pre-IMO,0,pre-competition,False,7,True,7,7,7,3,0.037341,450.55,
architecture,phase1,generate,generate,gemini-3-flash-preview,openrouter/google/gemini-3-flash-preview,default,PB-Basic-014,pre-IMO,0,pre-competition,False,7,True,7,7,0,3,0.042881,1024.29,
architecture,phase1,generate,generate,gemini-3-flash-preview,openrouter/google/gemini-3-flash-preview,default,PB-Basic-015,pre-IMO,0,pre-competition,False,7,True,7,7,7,3,0.060279,1368.72,
architecture,phase1,generate,generate,gemini-3-flash-preview,openrouter/google/gemini-3-flash-preview,default,PB-Basic-016,pre-IMO,0,pre-competition,False,7,True,7,7,7,3,0.052593,1161.05,
architecture,phase1,generate,generate,gemini-3-flash-preview,openrouter/google/gemini-3-flash-preview,default,PB-Basic-017,pre-IMO,0,pre-competition,False,7,True,7,7,0,3,0.040053,748.88,
architecture,phase1,generate,generate,gemini-3-flash-preview,openrouter/google/gemini-3-flash-preview,default,PB-Basic-018,pre-IMO,0,pre-competition,False,7,True,7,7,7,3,0.05748,1087.6,
architecture,phase1,generate,generate,gemini-3-flash-preview,openrouter/google/gemini-3-flash-preview,default,PB-Basic-019,IMO-easy,1,competition-hard,False,6,True,7,7,7,3,0.050489,968.95,
architecture,phase1,generate,generate,gemini-3-flash-preview,openrouter/google/gemini-3-flash-preview,default,PB-Basic-020,IMO-easy,1,competition-hard,False,7,True,7,7,7,3,0.067834,1348.59,
architecture,phase1,generate,generate,gemini-3-flash-preview,openrouter/google/gemini-3-flash-preview,default,PB-Basic-021,IMO-easy,1,competition-hard,False,0,False,0,7,0,3,0.062404,687.05,
architecture,phase1,generate,generate,gemini-3-flash-preview,openrouter/google/gemini-3-flash-preview,default,PB-Basic-022,IMO-easy,1,competition-hard,False,0,False,0,1,0,3,0.038109,468.34,
architecture,phase1,generate,generate,gemini-3-flash-preview,openrouter/google/gemini-3-flash-preview,default,PB-Basic-023,IMO-medium,1,competition-hard,False,1,False,1,7,0,3,0.05491,863.79,
architecture,phase1,generate,generate,gemini-3-flash-preview,openrouter/google/gemini-3-flash-preview,default,PB-Basic-024,IMO-medium,1,competition-hard,False,0,False,0,1,0,3,0.051904,858.4,
architecture,phase1,generate,generate,gemini-3-flash-preview,openrouter/google/gemini-3-flash-preview,default,PB-Basic-025,IMO-easy,1,competition-hard,False,7,True,7,7,0,3,0.031063,449.85,
architecture,phase1,generate,generate,gemini-3-flash-preview,openrouter/google/gemini-3-flash-preview,default,PB-Basic-026,IMO-medium,1,competition-hard,False,0,False,0,0,0,3,0.025574,228.01,
architecture,phase1,generate,generate,gemini-3-flash-preview,openrouter/google/gemini-3-flash-preview,default,PB-Basic-027,IMO-easy,1,competition-hard,False,7,True,7,7,0,3,0.098742,790.95,
architecture,phase1,generate,generate,gemini-3-flash-preview,openrouter/google/gemini-3-flash-preview,default,PB-Basic-028,IMO-medium,1,competition-hard,False,0,False,0,7,0,3,0.034285,417.1,
architecture,phase1,generate,generate,gemini-3-flash-preview,openrouter/google/gemini-3-flash-preview,default,PB-Basic-029,IMO-medium,1,competition-hard,False,0,False,0,0,0,3,0.036793,463.93,
architecture,phase1,generate,generate,gemini-3-flash-preview,openrouter/google/gemini-3-flash-preview,default,PB-Basic-030,IMO-easy,1,competition-hard,False,0,False,0,0,0,3,0.032611,326.56,
architecture,phase1,generate,generate,gemini-3-flash-preview,openrouter/google/gemini-3-flash-preview,default,erdos-1051,Minor Novelty,3,research-medium,True,0,False,0,0,0,3,0.045236,465.55,
architecture,phase1,generate,generate,gemini-3-flash-preview,openrouter/google/gemini-3-flash-preview,default,erdos-333,Literature Identification,2,research-easy,True,0,False,0,0,0,3,0.036474,306.77,
architecture,phase1,generate,generate,gemini-3-flash-preview,openrouter/google/gemini-3-flash-preview,default,erdos-397,Independent Rediscovery,1,competition-hard,True,0,False,0,0,0,3,0.032747,182.56,
architecture,phase1,generate,generate,gemini-3-flash-preview,openrouter/google/gemini-3-flash-preview,default,erdos-654,Negligible Novelty,2,research-easy,True,0,False,0,0,0,3,0.034343,227.57,
architecture,phase1,generate,generate,gemini-3-flash-preview,openrouter/google/gemini-3-flash-preview,default,erdos-659,Negligible Novelty,2,research-easy,True,0,False,0,0,0,3,0.037719,367.01,
architecture,phase1,generate,generate,gemini-3-flash-preview,openrouter/google/gemini-3-flash-preview,default,first-proof-10-official,1,2,research-easy,True,1,False,6,1,6,3,0.079752,1228.5,
architecture,phase1,generate,generate,gemini-3-flash-preview,openrouter/google/gemini-3-flash-preview,default,first-proof-4-official,3,4,research-hard,True,0,False,0,0,0,3,0.039895,159.54,
architecture,phase1,generate,generate,gemini-3-flash-preview,openrouter/google/gemini-3-flash-preview,default,first-proof-5-official,2,3,research-medium,True,0,False,0,0,0,3,0.041221,331.36,
architecture,phase1,generate,generate,gemini-3-flash-preview,openrouter/google/gemini-3-flash-preview,default,first-proof-6-official,3,4,research-hard,True,0,False,0,0,0,3,0.047744,251.9,
architecture,phase1,generate,generate,gemini-3-flash-preview,openrouter/google/gemini-3-flash-preview,default,ramsey-hypergraphs,Moderately Interesting,5,research-frontier,True,0,False,0,0,0,3,0.342563,861.91,
architecture,phase1,generate,generate,gemma-4-31b-it,openrouter/google/gemma-4-31b-it,default,PB-Advanced-001,IMO-easy,1,competition-hard,False,0,False,0,7,0,3,0.023842,676.04,
architecture,phase1,generate,generate,gemma-4-31b-it,openrouter/google/gemma-4-31b-it,default,PB-Advanced-002,IMO-medium,1,competition-hard,False,0,False,0,0,0,3,0.045925,1380.32,
architecture,phase1,generate,generate,gemma-4-31b-it,openrouter/google/gemma-4-31b-it,default,PB-Advanced-003,IMO-hard,1,competition-hard,False,0,False,0,0,0,3,0.027063,1421.4,
architecture,phase1,generate,generate,gemma-4-31b-it,openrouter/google/gemma-4-31b-it,default,PB-Advanced-004,IMO-easy,1,competition-hard,False,6,True,1,7,0,3,0.040716,1367.8,
architecture,phase1,generate,generate,gemma-4-31b-it,openrouter/google/gemma-4-31b-it,default,PB-Advanced-005,IMO-medium,1,competition-hard,False,0,False,1,0,0,3,0.038472,1238.91,
architecture,phase1,generate,generate,gemma-4-31b-it,openrouter/google/gemma-4-31b-it,default,PB-Advanced-006,IMO-hard,1,competition-hard,False,0,False,0,0,0,3,0.020901,744.87,
architecture,phase1,generate,generate,gemma-4-31b-it,openrouter/google/gemma-4-31b-it,default,PB-Advanced-007,IMO-easy,1,competition-hard,False,6,True,6,7,6,3,0.061472,2843.39,
architecture,phase1,generate,generate,gemma-4-31b-it,openrouter/google/gemma-4-31b-it,default,PB-Advanced-008,IMO-medium,1,competition-hard,False,0,False,0,0,0,3,0.028215,1532.44,
architecture,phase1,generate,generate,gemma-4-31b-it,openrouter/google/gemma-4-31b-it,default,PB-Advanced-009,IMO-hard,1,competition-hard,False,0,False,0,0,0,3,0.017565,513.01,
architecture,phase1,generate,generate,gemma-4-31b-it,openrouter/google/gemma-4-31b-it,default,PB-Advanced-010,IMO-medium,1,competition-hard,False,0,False,0,0,0,3,0.012703,697.93,
architecture,phase1,generate,generate,gemma-4-31b-it,openrouter/google/gemma-4-31b-it,default,PB-Advanced-011,IMO-medium,1,competition-hard,False,0,False,0,0,0,3,0.015783,717.84,
architecture,phase1,generate,generate,gemma-4-31b-it,openrouter/google/gemma-4-31b-it,default,PB-Advanced-012,IMO-hard,1,competition-hard,False,0,False,1,7,0,3,0.036618,1196.48,
architecture,phase1,generate,generate,gemma-4-31b-it,openrouter/google/gemma-4-31b-it,default,PB-Advanced-013,IMO-easy,1,competition-hard,False,0,False,0,0,0,3,0.033414,1432.16,
architecture,phase1,generate,generate,gemma-4-31b-it,openrouter/google/gemma-4-31b-it,default,PB-Advanced-014,IMO-medium,1,competition-hard,False,0,False,0,0,0,3,0.018005,843.51,
architecture,phase1,generate,generate,gemma-4-31b-it,openrouter/google/gemma-4-31b-it,default,PB-Advanced-015,IMO-hard,1,competition-hard,False,0,False,0,0,0,3,0.01707,743.53,
architecture,phase1,generate,generate,gemma-4-31b-it,openrouter/google/gemma-4-31b-it,default,PB-Advanced-016,IMO-easy,1,competition-hard,False,0,False,0,0,0,3,0.017514,656.23,
architecture,phase1,generate,generate,gemma-4-31b-it,openrouter/google/gemma-4-31b-it,default,PB-Advanced-017,IMO-easy,1,competition-hard,False,0,False,0,0,0,3,0.047143,1317.6,
architecture,phase1,generate,generate,gemma-4-31b-it,openrouter/google/gemma-4-31b-it,default,PB-Advanced-018,IMO-hard,1,competition-hard,False,0,False,0,0,0,3,0.018011,1016.56,
architecture,phase1,generate,generate,gemma-4-31b-it,openrouter/google/gemma-4-31b-it,default,PB-Advanced-019,IMO-easy,1,competition-hard,False,0,False,1,7,0,3,0.031179,850.98,
architecture,phase1,generate,generate,gemma-4-31b-it,openrouter/google/gemma-4-31b-it,default,PB-Advanced-020,IMO-medium,1,competition-hard,False,0,False,0,6,0,3,0.032225,1225.79,
architecture,phase1,generate,generate,gemma-4-31b-it,openrouter/google/gemma-4-31b-it,default,PB-Advanced-021,IMO-hard,1,competition-hard,False,0,False,0,0,0,3,0.021612,919.55,
architecture,phase1,generate,generate,gemma-4-31b-it,openrouter/google/gemma-4-31b-it,default,PB-Advanced-022,IMO-easy,1,competition-hard,False,0,False,0,6,0,3,0.022527,1035.79,
architecture,phase1,generate,generate,gemma-4-31b-it,openrouter/google/gemma-4-31b-it,default,PB-Advanced-023,IMO-medium,1,competition-hard,False,0,False,0,0,0,3,0.019425,848.99,
architecture,phase1,generate,generate,gemma-4-31b-it,openrouter/google/gemma-4-31b-it,default,PB-Advanced-024,IMO-hard,1,competition-hard,False,0,False,0,0,0,3,0.027268,2466.52,
architecture,phase1,generate,generate,gemma-4-31b-it,openrouter/google/gemma-4-31b-it,default,PB-Advanced-025,IMO-easy,1,competition-hard,False,0,False,0,6,0,3,0.031751,2032.63,
architecture,phase1,generate,generate,gemma-4-31b-it,openrouter/google/gemma-4-31b-it,default,PB-Advanced-026,IMO-medium,1,competition-hard,False,0,False,0,1,0,3,0.023757,1097.35,
architecture,phase1,generate,generate,gemma-4-31b-it,openrouter/google/gemma-4-31b-it,default,PB-Advanced-027,IMO-hard,1,competition-hard,False,0,False,0,0,0,3,0.028187,1589.3,
architecture,phase1,generate,generate,gemma-4-31b-it,openrouter/google/gemma-4-31b-it,default,PB-Advanced-028,IMO-easy,1,competition-hard,False,,,7,7,7,3,0.051197,1843.32,
architecture,phase1,generate,generate,gemma-4-31b-it,openrouter/google/gemma-4-31b-it,default,PB-Advanced-029,IMO-medium,1,competition-hard,False,0,False,0,1,1,3,0.034765,1215.29,
architecture,phase1,generate,generate,gemma-4-31b-it,openrouter/google/gemma-4-31b-it,default,PB-Advanced-030,IMO-hard,1,competition-hard,False,0,False,0,0,0,3,0.01311,655.3,
architecture,phase1,generate,generate,gemma-4-31b-it,openrouter/google/gemma-4-31b-it,default,PB-Basic-001,IMO-easy,1,competition-hard,False,7,True,7,7,7,3,0.018927,498.56,
architecture,phase1,generate,generate,gemma-4-31b-it,openrouter/google/gemma-4-31b-it,default,PB-Basic-002,pre-IMO,0,pre-competition,False,7,True,7,7,7,3,0.032802,1112.08,
architecture,phase1,generate,generate,gemma-4-31b-it,openrouter/google/gemma-4-31b-it,default,PB-Basic-003,IMO-easy,1,competition-hard,False,0,False,0,7,0,3,0.024416,862.42,
architecture,phase1,generate,generate,gemma-4-31b-it,openrouter/google/gemma-4-31b-it,default,PB-Basic-004,IMO-easy,1,competition-hard,False,0,False,6,7,7,3,0.043132,1712.75,
architecture,phase1,generate,generate,gemma-4-31b-it,openrouter/google/gemma-4-31b-it,default,PB-Basic-005,IMO-easy,1,competition-hard,False,0,False,0,0,0,3,0.034634,1142.73,
architecture,phase1,generate,generate,gemma-4-31b-it,openrouter/google/gemma-4-31b-it,default,PB-Basic-006,IMO-medium,1,competition-hard,False,0,False,0,1,0,3,0.034145,1199.56,
architecture,phase1,generate,generate,gemma-4-31b-it,openrouter/google/gemma-4-31b-it,default,PB-Basic-007,IMO-medium,1,competition-hard,False,0,False,0,6,0,3,0.029642,650.62,
architecture,phase1,generate,generate,gemma-4-31b-it,openrouter/google/gemma-4-31b-it,default,PB-Basic-008,pre-IMO,0,pre-competition,False,7,True,7,7,0,3,0.025304,1082.05,
architecture,phase1,generate,generate,gemma-4-31b-it,openrouter/google/gemma-4-31b-it,default,PB-Basic-009,IMO-easy,1,competition-hard,False,0,False,0,0,0,3,0.033462,2059.93,
architecture,phase1,generate,generate,gemma-4-31b-it,openrouter/google/gemma-4-31b-it,default,PB-Basic-010,IMO-easy,1,competition-hard,False,7,True,7,7,7,3,0.01414,456.51,
architecture,phase1,generate,generate,gemma-4-31b-it,openrouter/google/gemma-4-31b-it,default,PB-Basic-011,IMO-easy,1,competition-hard,False,7,True,7,7,7,3,0.065224,2400.4,
architecture,phase1,generate,generate,gemma-4-31b-it,openrouter/google/gemma-4-31b-it,default,PB-Basic-012,IMO-medium,1,competition-hard,False,6,True,6,7,,3,0.04346,1804.52,
architecture,phase1,generate,generate,gemma-4-31b-it,openrouter/google/gemma-4-31b-it,default,PB-Basic-013,pre-IMO,0,pre-competition,False,7,True,7,7,7,3,0.02632,1452.16,
architecture,phase1,generate,generate,gemma-4-31b-it,openrouter/google/gemma-4-31b-it,default,PB-Basic-014,pre-IMO,0,pre-competition,False,7,True,7,7,6,3,0.043342,1630.43,
architecture,phase1,generate,generate,gemma-4-31b-it,openrouter/google/gemma-4-31b-it,default,PB-Basic-015,pre-IMO,0,pre-competition,False,1,False,6,7,1,3,0.037949,1332.9,
architecture,phase1,generate,generate,gemma-4-31b-it,openrouter/google/gemma-4-31b-it,default,PB-Basic-016,pre-IMO,0,pre-competition,False,7,True,7,7,7,3,0.038808,1651.48,
architecture,phase1,generate,generate,gemma-4-31b-it,openrouter/google/gemma-4-31b-it,default,PB-Basic-017,pre-IMO,0,pre-competition,False,7,True,7,7,0,3,0.014654,486.11,
architecture,phase1,generate,generate,gemma-4-31b-it,openrouter/google/gemma-4-31b-it,default,PB-Basic-018,pre-IMO,0,pre-competition,False,0,False,1,7,0,3,0.034072,1111.19,
architecture,phase1,generate,generate,gemma-4-31b-it,openrouter/google/gemma-4-31b-it,default,PB-Basic-019,IMO-easy,1,competition-hard,False,7,True,7,7,0,3,0.028213,946.23,
architecture,phase1,generate,generate,gemma-4-31b-it,openrouter/google/gemma-4-31b-it,default,PB-Basic-020,IMO-easy,1,competition-hard,False,0,False,1,7,0,3,0.026827,887.99,
architecture,phase1,generate,generate,gemma-4-31b-it,openrouter/google/gemma-4-31b-it,default,PB-Basic-021,IMO-easy,1,competition-hard,False,7,True,7,7,0,3,0.041771,1214.36,
architecture,phase1,generate,generate,gemma-4-31b-it,openrouter/google/gemma-4-31b-it,default,PB-Basic-022,IMO-easy,1,competition-hard,False,0,False,0,6,0,3,0.024689,795.6,
architecture,phase1,generate,generate,gemma-4-31b-it,openrouter/google/gemma-4-31b-it,default,PB-Basic-023,IMO-medium,1,competition-hard,False,0,False,1,7,0,3,0.034525,1226.98,
architecture,phase1,generate,generate,gemma-4-31b-it,openrouter/google/gemma-4-31b-it,default,PB-Basic-024,IMO-medium,1,competition-hard,False,0,False,0,1,0,3,0.034582,1271.54,
architecture,phase1,generate,generate,gemma-4-31b-it,openrouter/google/gemma-4-31b-it,default,PB-Basic-025,IMO-easy,1,competition-hard,False,0,False,0,7,0,3,0.015809,909.56,
architecture,phase1,generate,generate,gemma-4-31b-it,openrouter/google/gemma-4-31b-it,default,PB-Basic-026,IMO-medium,1,competition-hard,False,0,False,0,1,0,3,0.018189,987.1,
architecture,phase1,generate,generate,gemma-4-31b-it,openrouter/google/gemma-4-31b-it,default,PB-Basic-027,IMO-easy,1,competition-hard,False,7,True,7,7,0,3,0.055796,2314.61,
architecture,phase1,generate,generate,gemma-4-31b-it,openrouter/google/gemma-4-31b-it,default,PB-Basic-028,IMO-medium,1,competition-hard,False,0,False,0,0,0,3,0.022689,943.01,
architecture,phase1,generate,generate,gemma-4-31b-it,openrouter/google/gemma-4-31b-it,default,PB-Basic-029,IMO-medium,1,competition-hard,False,0,False,0,0,0,3,0.056515,3385.35,
architecture,phase1,generate,generate,gemma-4-31b-it,openrouter/google/gemma-4-31b-it,default,PB-Basic-030,IMO-easy,1,competition-hard,False,0,False,0,0,0,3,0.023756,1349.35,
architecture,phase1,generate,generate,gemma-4-31b-it,openrouter/google/gemma-4-31b-it,default,erdos-1051,Minor Novelty,3,research-medium,True,0,False,0,7,0,3,0.030063,849.6,
architecture,phase1,generate,generate,gemma-4-31b-it,openrouter/google/gemma-4-31b-it,default,erdos-333,Literature Identification,2,research-easy,True,0,False,0,0,0,3,0.018844,1164.84,
architecture,phase1,generate,generate,gemma-4-31b-it,openrouter/google/gemma-4-31b-it,default,erdos-397,Independent Rediscovery,1,competition-hard,True,0,False,0,0,0,3,0.014442,618.34,
architecture,phase1,generate,generate,gemma-4-31b-it,openrouter/google/gemma-4-31b-it,default,erdos-654,Negligible Novelty,2,research-easy,True,0,False,0,0,0,3,0.023614,1217.05,
architecture,phase1,generate,generate,gemma-4-31b-it,openrouter/google/gemma-4-31b-it,default,erdos-659,Negligible Novelty,2,research-easy,True,0,False,0,0,0,3,0.024064,440.29,
architecture,phase1,generate,generate,gemma-4-31b-it,openrouter/google/gemma-4-31b-it,default,first-proof-10-official,1,2,research-easy,True,0,False,6,1,,3,0.051936,1379.23,
architecture,phase1,generate,generate,gemma-4-31b-it,openrouter/google/gemma-4-31b-it,default,first-proof-4-official,3,4,research-hard,True,0,False,0,0,0,3,0.02992,604.32,
architecture,phase1,generate,generate,gemma-4-31b-it,openrouter/google/gemma-4-31b-it,default,first-proof-5-official,2,3,research-medium,True,0,False,0,0,0,3,0.02951,404.73,
architecture,phase1,generate,generate,gemma-4-31b-it,openrouter/google/gemma-4-31b-it,default,first-proof-6-official,3,4,research-hard,True,0,False,0,0,0,3,0.034072,861.01,
architecture,phase1,generate,generate,gemma-4-31b-it,openrouter/google/gemma-4-31b-it,default,ramsey-hypergraphs,Moderately Interesting,5,research-frontier,True,0,False,0,0,0,3,0.069881,3522.96,
architecture,phase1,generate,generate,gpt-oss-120b,openrouter/openai/gpt-oss-120b,default,PB-Advanced-001,IMO-easy,1,competition-hard,False,0,False,1,7,0,3,0.030964,1521.95,
architecture,phase1,generate,generate,gpt-oss-120b,openrouter/openai/gpt-oss-120b,default,PB-Advanced-002,IMO-medium,1,competition-hard,False,0,False,0,0,0,3,0.037285,1331.33,
architecture,phase1,generate,generate,gpt-oss-120b,openrouter/openai/gpt-oss-120b,default,PB-Advanced-003,IMO-hard,1,competition-hard,False,0,False,0,0,0,3,0.025769,826.78,
architecture,phase1,generate,generate,gpt-oss-120b,openrouter/openai/gpt-oss-120b,default,PB-Advanced-004,IMO-easy,1,competition-hard,False,0,False,1,7,0,3,0.035167,1077.03,
architecture,phase1,generate,generate,gpt-oss-120b,openrouter/openai/gpt-oss-120b,default,PB-Advanced-005,IMO-medium,1,competition-hard,False,0,False,0,0,0,3,0.042289,1410.73,
architecture,phase1,generate,generate,gpt-oss-120b,openrouter/openai/gpt-oss-120b,default,PB-Advanced-006,IMO-hard,1,competition-hard,False,0,False,0,1,0,3,0.023205,1179.95,
architecture,phase1,generate,generate,gpt-oss-120b,openrouter/openai/gpt-oss-120b,default,PB-Advanced-007,IMO-easy,1,competition-hard,False,0,False,0,0,0,3,0.022208,560.82,
architecture,phase1,generate,generate,gpt-oss-120b,openrouter/openai/gpt-oss-120b,default,PB-Advanced-008,IMO-medium,1,competition-hard,False,0,False,0,0,0,3,0.025773,1076.94,
architecture,phase1,generate,generate,gpt-oss-120b,openrouter/openai/gpt-oss-120b,default,PB-Advanced-009,IMO-hard,1,competition-hard,False,0,False,0,0,0,3,0.019298,720.13,
architecture,phase1,generate,generate,gpt-oss-120b,openrouter/openai/gpt-oss-120b,default,PB-Advanced-010,IMO-medium,1,competition-hard,False,0,False,0,0,0,3,0.025429,954.6,
architecture,phase1,generate,generate,gpt-oss-120b,openrouter/openai/gpt-oss-120b,default,PB-Advanced-011,IMO-medium,1,competition-hard,False,0,False,0,6,0,3,0.023864,865.31,
architecture,phase1,generate,generate,gpt-oss-120b,openrouter/openai/gpt-oss-120b,default,PB-Advanced-012,IMO-hard,1,competition-hard,False,0,False,0,0,0,3,0.037208,898.91,
architecture,phase1,generate,generate,gpt-oss-120b,openrouter/openai/gpt-oss-120b,default,PB-Advanced-013,IMO-easy,1,competition-hard,False,0,False,0,0,0,3,0.026871,1000.77,
architecture,phase1,generate,generate,gpt-oss-120b,openrouter/openai/gpt-oss-120b,default,PB-Advanced-014,IMO-medium,1,competition-hard,False,0,False,0,0,0,3,0.024216,1716.64,
architecture,phase1,generate,generate,gpt-oss-120b,openrouter/openai/gpt-oss-120b,default,PB-Advanced-015,IMO-hard,1,competition-hard,False,0,False,0,0,0,3,0.022118,1062.6,
architecture,phase1,generate,generate,gpt-oss-120b,openrouter/openai/gpt-oss-120b,default,PB-Advanced-016,IMO-easy,1,competition-hard,False,0,False,0,0,0,3,0.024337,856.27,
architecture,phase1,generate,generate,gpt-oss-120b,openrouter/openai/gpt-oss-120b,default,PB-Advanced-017,IMO-easy,1,competition-hard,False,0,False,0,7,0,3,0.030727,659.52,
architecture,phase1,generate,generate,gpt-oss-120b,openrouter/openai/gpt-oss-120b,default,PB-Advanced-018,IMO-hard,1,competition-hard,False,0,False,0,0,0,3,0.036254,1723.45,
architecture,phase1,generate,generate,gpt-oss-120b,openrouter/openai/gpt-oss-120b,default,PB-Advanced-019,IMO-easy,1,competition-hard,False,0,False,0,6,0,3,0.020925,623.18,
architecture,phase1,generate,generate,gpt-oss-120b,openrouter/openai/gpt-oss-120b,default,PB-Advanced-020,IMO-medium,1,competition-hard,False,0,False,0,0,0,3,0.021857,814.19,
architecture,phase1,generate,generate,gpt-oss-120b,openrouter/openai/gpt-oss-120b,default,PB-Advanced-021,IMO-hard,1,competition-hard,False,0,False,0,0,0,3,0.029923,692.08,
architecture,phase1,generate,generate,gpt-oss-120b,openrouter/openai/gpt-oss-120b,default,PB-Advanced-022,IMO-easy,1,competition-hard,False,0,False,0,0,0,3,0.041501,1786.2,
architecture,phase1,generate,generate,gpt-oss-120b,openrouter/openai/gpt-oss-120b,default,PB-Advanced-023,IMO-medium,1,competition-hard,False,0,False,0,0,0,3,0.025319,655.67,
architecture,phase1,generate,generate,gpt-oss-120b,openrouter/openai/gpt-oss-120b,default,PB-Advanced-024,IMO-hard,1,competition-hard,False,0,False,0,0,0,3,0.023162,1781.76,
architecture,phase1,generate,generate,gpt-oss-120b,openrouter/openai/gpt-oss-120b,default,PB-Advanced-025,IMO-easy,1,competition-hard,False,0,False,0,7,0,3,0.039528,1682.37,
architecture,phase1,generate,generate,gpt-oss-120b,openrouter/openai/gpt-oss-120b,default,PB-Advanced-026,IMO-medium,1,competition-hard,False,0,False,0,0,0,3,0.031277,1478.62,
architecture,phase1,generate,generate,gpt-oss-120b,openrouter/openai/gpt-oss-120b,default,PB-Advanced-027,IMO-hard,1,competition-hard,False,0,False,0,0,0,3,0.020475,914.5,
architecture,phase1,generate,generate,gpt-oss-120b,openrouter/openai/gpt-oss-120b,default,PB-Advanced-028,IMO-easy,1,competition-hard,False,0,False,0,0,0,3,0.019169,1286.0,
architecture,phase1,generate,generate,gpt-oss-120b,openrouter/openai/gpt-oss-120b,default,PB-Advanced-029,IMO-medium,1,competition-hard,False,0,False,1,0,0,3,0.013673,471.14,
architecture,phase1,generate,generate,gpt-oss-120b,openrouter/openai/gpt-oss-120b,default,PB-Advanced-030,IMO-hard,1,competition-hard,False,0,False,0,0,0,3,0.021637,670.31,
architecture,phase1,generate,generate,gpt-oss-120b,openrouter/openai/gpt-oss-120b,default,PB-Basic-001,IMO-easy,1,competition-hard,False,7,True,7,7,7,3,0.017198,494.56,
architecture,phase1,generate,generate,gpt-oss-120b,openrouter/openai/gpt-oss-120b,default,PB-Basic-002,pre-IMO,0,pre-competition,False,7,True,7,7,0,3,0.01966,572.27,
architecture,phase1,generate,generate,gpt-oss-120b,openrouter/openai/gpt-oss-120b,default,PB-Basic-003,IMO-easy,1,competition-hard,False,0,False,1,7,0,3,0.027234,1663.38,
architecture,phase1,generate,generate,gpt-oss-120b,openrouter/openai/gpt-oss-120b,default,PB-Basic-004,IMO-easy,1,competition-hard,False,0,False,0,7,0,3,0.032629,1363.07,
architecture,phase1,generate,generate,gpt-oss-120b,openrouter/openai/gpt-oss-120b,default,PB-Basic-005,IMO-easy,1,competition-hard,False,0,False,0,1,0,3,0.027489,902.71,
architecture,phase1,generate,generate,gpt-oss-120b,openrouter/openai/gpt-oss-120b,default,PB-Basic-006,IMO-medium,1,competition-hard,False,0,False,0,0,0,3,0.01736,531.71,
architecture,phase1,generate,generate,gpt-oss-120b,openrouter/openai/gpt-oss-120b,default,PB-Basic-007,IMO-medium,1,competition-hard,False,0,False,0,7,0,3,0.028365,689.93,
architecture,phase1,generate,generate,gpt-oss-120b,openrouter/openai/gpt-oss-120b,default,PB-Basic-008,pre-IMO,0,pre-competition,False,0,False,0,7,0,3,0.019572,915.92,
architecture,phase1,generate,generate,gpt-oss-120b,openrouter/openai/gpt-oss-120b,default,PB-Basic-009,IMO-easy,1,competition-hard,False,,,0,7,,3,0.020095,1382.72,
architecture,phase1,generate,generate,gpt-oss-120b,openrouter/openai/gpt-oss-120b,default,PB-Basic-010,IMO-easy,1,competition-hard,False,7,True,7,7,7,3,0.012404,347.83,
architecture,phase1,generate,generate,gpt-oss-120b,openrouter/openai/gpt-oss-120b,default,PB-Basic-011,IMO-easy,1,competition-hard,False,0,False,0,0,0,3,0.016962,1511.23,
architecture,phase1,generate,generate,gpt-oss-120b,openrouter/openai/gpt-oss-120b,default,PB-Basic-012,IMO-medium,1,competition-hard,False,7,True,7,7,0,3,0.054929,1905.11,
architecture,phase1,generate,generate,gpt-oss-120b,openrouter/openai/gpt-oss-120b,default,PB-Basic-013,pre-IMO,0,pre-competition,False,7,True,7,7,7,3,0.031503,1153.42,
architecture,phase1,generate,generate,gpt-oss-120b,openrouter/openai/gpt-oss-120b,default,PB-Basic-014,pre-IMO,0,pre-competition,False,7,True,7,7,7,3,0.040324,1315.83,
architecture,phase1,generate,generate,gpt-oss-120b,openrouter/openai/gpt-oss-120b,default,PB-Basic-015,pre-IMO,0,pre-competition,False,1,False,1,0,0,3,0.02412,933.07,
architecture,phase1,generate,generate,gpt-oss-120b,openrouter/openai/gpt-oss-120b,default,PB-Basic-016,pre-IMO,0,pre-competition,False,7,True,6,7,0,3,0.064455,2325.72,
architecture,phase1,generate,generate,gpt-oss-120b,openrouter/openai/gpt-oss-120b,default,PB-Basic-017,pre-IMO,0,pre-competition,False,7,True,7,7,7,3,0.01556,393.46,
architecture,phase1,generate,generate,gpt-oss-120b,openrouter/openai/gpt-oss-120b,default,PB-Basic-018,pre-IMO,0,pre-competition,False,7,True,6,7,0,3,0.029753,1720.97,
architecture,phase1,generate,generate,gpt-oss-120b,openrouter/openai/gpt-oss-120b,default,PB-Basic-019,IMO-easy,1,competition-hard,False,7,True,7,7,6,3,0.039395,1411.9,
architecture,phase1,generate,generate,gpt-oss-120b,openrouter/openai/gpt-oss-120b,default,PB-Basic-020,IMO-easy,1,competition-hard,False,7,True,6,7,0,3,0.030062,908.77,
architecture,phase1,generate,generate,gpt-oss-120b,openrouter/openai/gpt-oss-120b,default,PB-Basic-021,IMO-easy,1,competition-hard,False,0,False,0,0,0,3,0.02843,1032.88,
architecture,phase1,generate,generate,gpt-oss-120b,openrouter/openai/gpt-oss-120b,default,PB-Basic-022,IMO-easy,1,competition-hard,False,0,False,0,0,0,3,0.027547,1152.51,
architecture,phase1,generate,generate,gpt-oss-120b,openrouter/openai/gpt-oss-120b,default,PB-Basic-023,IMO-medium,1,competition-hard,False,0,False,1,7,0,3,0.037238,2100.21,
architecture,phase1,generate,generate,gpt-oss-120b,openrouter/openai/gpt-oss-120b,default,PB-Basic-024,IMO-medium,1,competition-hard,False,7,True,7,7,0,3,0.024755,1262.44,
architecture,phase1,generate,generate,gpt-oss-120b,openrouter/openai/gpt-oss-120b,default,PB-Basic-025,IMO-easy,1,competition-hard,False,0,False,0,0,0,3,0.015405,686.37,
architecture,phase1,generate,generate,gpt-oss-120b,openrouter/openai/gpt-oss-120b,default,PB-Basic-026,IMO-medium,1,competition-hard,False,0,False,0,0,0,3,0.02103,694.79,
architecture,phase1,generate,generate,gpt-oss-120b,openrouter/openai/gpt-oss-120b,default,PB-Basic-027,IMO-easy,1,competition-hard,False,0,False,0,0,0,3,0.03975,1268.8,
architecture,phase1,generate,generate,gpt-oss-120b,openrouter/openai/gpt-oss-120b,default,PB-Basic-028,IMO-medium,1,competition-hard,False,0,False,0,0,0,3,0.015981,477.74,
architecture,phase1,generate,generate,gpt-oss-120b,openrouter/openai/gpt-oss-120b,default,PB-Basic-029,IMO-medium,1,competition-hard,False,,,0,0,0,3,0.041912,1327.06,
architecture,phase1,generate,generate,gpt-oss-120b,openrouter/openai/gpt-oss-120b,default,PB-Basic-030,IMO-easy,1,competition-hard,False,0,False,0,0,0,3,0.024622,915.55,
architecture,phase1,generate,generate,gpt-oss-120b,openrouter/openai/gpt-oss-120b,default,erdos-1051,Minor Novelty,3,research-medium,True,0,False,0,0,0,3,0.026803,638.47,
architecture,phase1,generate,generate,gpt-oss-120b,openrouter/openai/gpt-oss-120b,default,erdos-333,Literature Identification,2,research-easy,True,0,False,0,0,0,3,0.016279,344.29,
architecture,phase1,generate,generate,gpt-oss-120b,openrouter/openai/gpt-oss-120b,default,erdos-397,Independent Rediscovery,1,competition-hard,True,0,False,0,0,0,3,0.019777,350.33,
architecture,phase1,generate,generate,gpt-oss-120b,openrouter/openai/gpt-oss-120b,default,erdos-654,Negligible Novelty,2,research-easy,True,0,False,0,0,0,3,0.023905,614.05,
architecture,phase1,generate,generate,gpt-oss-120b,openrouter/openai/gpt-oss-120b,default,erdos-659,Negligible Novelty,2,research-easy,True,0,False,0,0,0,3,0.020061,568.4,
architecture,phase1,generate,generate,gpt-oss-120b,openrouter/openai/gpt-oss-120b,default,first-proof-10-official,1,2,research-easy,True,6,True,6,6,1,3,0.061319,1267.24,
architecture,phase1,generate,generate,gpt-oss-120b,openrouter/openai/gpt-oss-120b,default,first-proof-4-official,3,4,research-hard,True,0,False,0,0,0,3,0.036546,1403.23,
architecture,phase1,generate,generate,gpt-oss-120b,openrouter/openai/gpt-oss-120b,default,first-proof-5-official,2,3,research-medium,True,0,False,0,0,0,3,0.054581,1437.27,
architecture,phase1,generate,generate,gpt-oss-120b,openrouter/openai/gpt-oss-120b,default,first-proof-6-official,3,4,research-hard,True,0,False,0,0,0,3,0.035925,858.07,
architecture,phase1,generate,generate,gpt-oss-120b,openrouter/openai/gpt-oss-120b,default,ramsey-hypergraphs,Moderately Interesting,5,research-frontier,True,0,False,0,7,0,3,0.029976,874.12,
architecture,phase1,generate,generate,qwen3.6-35b-a3b,openrouter/qwen/qwen3.6-35b-a3b,default,PB-Advanced-001,IMO-easy,1,competition-hard,False,7,True,7,7,7,3,0.140666,2382.58,
architecture,phase1,generate,generate,qwen3.6-35b-a3b,openrouter/qwen/qwen3.6-35b-a3b,default,PB-Advanced-002,IMO-medium,1,competition-hard,False,0,False,0,0,0,3,0.213085,2388.23,
architecture,phase1,generate,generate,qwen3.6-35b-a3b,openrouter/qwen/qwen3.6-35b-a3b,default,PB-Advanced-003,IMO-hard,1,competition-hard,False,0,False,0,0,0,3,0.166863,885.81,
architecture,phase1,generate,generate,qwen3.6-35b-a3b,openrouter/qwen/qwen3.6-35b-a3b,default,PB-Advanced-004,IMO-easy,1,competition-hard,False,0,False,1,7,0,3,0.255751,1781.59,
architecture,phase1,generate,generate,qwen3.6-35b-a3b,openrouter/qwen/qwen3.6-35b-a3b,default,PB-Advanced-005,IMO-medium,1,competition-hard,False,0,False,0,0,0,3,0.186653,1743.01,
architecture,phase1,generate,generate,qwen3.6-35b-a3b,openrouter/qwen/qwen3.6-35b-a3b,default,PB-Advanced-006,IMO-hard,1,competition-hard,False,0,False,0,1,0,3,0.127786,1121.62,
architecture,phase1,generate,generate,qwen3.6-35b-a3b,openrouter/qwen/qwen3.6-35b-a3b,default,PB-Advanced-007,IMO-easy,1,competition-hard,False,0,False,0,0,0,3,0.206788,1483.27,
architecture,phase1,generate,generate,qwen3.6-35b-a3b,openrouter/qwen/qwen3.6-35b-a3b,default,PB-Advanced-008,IMO-medium,1,competition-hard,False,0,False,0,0,0,3,0.146763,1488.43,
architecture,phase1,generate,generate,qwen3.6-35b-a3b,openrouter/qwen/qwen3.6-35b-a3b,default,PB-Advanced-009,IMO-hard,1,competition-hard,False,0,False,0,0,0,3,0.129139,1085.77,
architecture,phase1,generate,generate,qwen3.6-35b-a3b,openrouter/qwen/qwen3.6-35b-a3b,default,PB-Advanced-010,IMO-medium,1,competition-hard,False,0,False,0,0,0,3,0.148851,1233.61,
architecture,phase1,generate,generate,qwen3.6-35b-a3b,openrouter/qwen/qwen3.6-35b-a3b,default,PB-Advanced-011,IMO-medium,1,competition-hard,False,0,False,0,1,0,3,0.118292,972.29,
architecture,phase1,generate,generate,qwen3.6-35b-a3b,openrouter/qwen/qwen3.6-35b-a3b,default,PB-Advanced-012,IMO-hard,1,competition-hard,False,0,False,1,6,0,3,0.125347,1868.77,
architecture,phase1,generate,generate,qwen3.6-35b-a3b,openrouter/qwen/qwen3.6-35b-a3b,default,PB-Advanced-013,IMO-easy,1,competition-hard,False,0,False,0,0,0,3,0.158293,1807.16,
architecture,phase1,generate,generate,qwen3.6-35b-a3b,openrouter/qwen/qwen3.6-35b-a3b,default,PB-Advanced-014,IMO-medium,1,competition-hard,False,1,False,1,6,0,3,0.183538,1664.03,
architecture,phase1,generate,generate,qwen3.6-35b-a3b,openrouter/qwen/qwen3.6-35b-a3b,default,PB-Advanced-015,IMO-hard,1,competition-hard,False,0,False,0,0,0,3,0.13547,1055.66,
architecture,phase1,generate,generate,qwen3.6-35b-a3b,openrouter/qwen/qwen3.6-35b-a3b,default,PB-Advanced-016,IMO-easy,1,competition-hard,False,0,False,0,1,0,3,0.131108,1253.42,
architecture,phase1,generate,generate,qwen3.6-35b-a3b,openrouter/qwen/qwen3.6-35b-a3b,default,PB-Advanced-017,IMO-easy,1,competition-hard,False,0,False,0,0,0,3,0.203239,1254.64,
architecture,phase1,generate,generate,qwen3.6-35b-a3b,openrouter/qwen/qwen3.6-35b-a3b,default,PB-Advanced-018,IMO-hard,1,competition-hard,False,0,False,0,0,0,3,0.22508,1232.64,
architecture,phase1,generate,generate,qwen3.6-35b-a3b,openrouter/qwen/qwen3.6-35b-a3b,default,PB-Advanced-019,IMO-easy,1,competition-hard,False,1,False,1,7,,3,0.133716,1146.48,
architecture,phase1,generate,generate,qwen3.6-35b-a3b,openrouter/qwen/qwen3.6-35b-a3b,default,PB-Advanced-020,IMO-medium,1,competition-hard,False,0,False,1,6,0,3,0.238918,1466.29,
architecture,phase1,generate,generate,qwen3.6-35b-a3b,openrouter/qwen/qwen3.6-35b-a3b,default,PB-Advanced-021,IMO-hard,1,competition-hard,False,,,0,0,0,3,0.209976,1161.4,
architecture,phase1,generate,generate,qwen3.6-35b-a3b,openrouter/qwen/qwen3.6-35b-a3b,default,PB-Advanced-022,IMO-easy,1,competition-hard,False,0,False,0,7,0,3,0.131239,795.04,
architecture,phase1,generate,generate,qwen3.6-35b-a3b,openrouter/qwen/qwen3.6-35b-a3b,default,PB-Advanced-023,IMO-medium,1,competition-hard,False,0,False,0,0,0,3,0.234309,2519.17,
architecture,phase1,generate,generate,qwen3.6-35b-a3b,openrouter/qwen/qwen3.6-35b-a3b,default,PB-Advanced-024,IMO-hard,1,competition-hard,False,0,False,0,0,0,3,0.128663,1430.2,
architecture,phase1,generate,generate,qwen3.6-35b-a3b,openrouter/qwen/qwen3.6-35b-a3b,default,PB-Advanced-025,IMO-easy,1,competition-hard,False,6,True,6,7,6,3,0.187324,3038.46,
architecture,phase1,generate,generate,qwen3.6-35b-a3b,openrouter/qwen/qwen3.6-35b-a3b,default,PB-Advanced-026,IMO-medium,1,competition-hard,False,0,False,0,0,0,3,0.147229,1730.69,
architecture,phase1,generate,generate,qwen3.6-35b-a3b,openrouter/qwen/qwen3.6-35b-a3b,default,PB-Advanced-027,IMO-hard,1,competition-hard,False,0,False,0,0,0,3,0.154181,1633.89,
architecture,phase1,generate,generate,qwen3.6-35b-a3b,openrouter/qwen/qwen3.6-35b-a3b,default,PB-Advanced-028,IMO-easy,1,competition-hard,False,7,True,7,7,7,3,0.132534,2153.49,
architecture,phase1,generate,generate,qwen3.6-35b-a3b,openrouter/qwen/qwen3.6-35b-a3b,default,PB-Advanced-029,IMO-medium,1,competition-hard,False,1,False,1,7,1,3,0.151721,1250.99,
architecture,phase1,generate,generate,qwen3.6-35b-a3b,openrouter/qwen/qwen3.6-35b-a3b,default,PB-Advanced-030,IMO-hard,1,competition-hard,False,0,False,0,0,0,3,0.159379,1373.7,
architecture,phase1,generate,generate,qwen3.6-35b-a3b,openrouter/qwen/qwen3.6-35b-a3b,default,PB-Basic-001,IMO-easy,1,competition-hard,False,7,True,7,7,7,3,0.099177,1057.08,
architecture,phase1,generate,generate,qwen3.6-35b-a3b,openrouter/qwen/qwen3.6-35b-a3b,default,PB-Basic-002,pre-IMO,0,pre-competition,False,7,True,7,7,7,3,0.059639,606.66,
architecture,phase1,generate,generate,qwen3.6-35b-a3b,openrouter/qwen/qwen3.6-35b-a3b,default,PB-Basic-003,IMO-easy,1,competition-hard,False,0,False,1,6,0,3,0.101859,1349.83,
architecture,phase1,generate,generate,qwen3.6-35b-a3b,openrouter/qwen/qwen3.6-35b-a3b,default,PB-Basic-004,IMO-easy,1,competition-hard,False,7,True,7,7,1,3,0.113514,1170.49,
architecture,phase1,generate,generate,qwen3.6-35b-a3b,openrouter/qwen/qwen3.6-35b-a3b,default,PB-Basic-005,IMO-easy,1,competition-hard,False,6,True,6,7,6,3,0.170453,2258.54,
architecture,phase1,generate,generate,qwen3.6-35b-a3b,openrouter/qwen/qwen3.6-35b-a3b,default,PB-Basic-006,IMO-medium,1,competition-hard,False,,,0,7,0,3,0.177214,2124.06,
architecture,phase1,generate,generate,qwen3.6-35b-a3b,openrouter/qwen/qwen3.6-35b-a3b,default,PB-Basic-007,IMO-medium,1,competition-hard,False,0,False,0,1,0,3,0.125637,1276.59,
architecture,phase1,generate,generate,qwen3.6-35b-a3b,openrouter/qwen/qwen3.6-35b-a3b,default,PB-Basic-008,pre-IMO,0,pre-competition,False,0,False,1,7,0,3,0.124884,1736.57,
architecture,phase1,generate,generate,qwen3.6-35b-a3b,openrouter/qwen/qwen3.6-35b-a3b,default,PB-Basic-009,IMO-easy,1,competition-hard,False,0,False,1,1,0,3,0.160979,1761.46,
architecture,phase1,generate,generate,qwen3.6-35b-a3b,openrouter/qwen/qwen3.6-35b-a3b,default,PB-Basic-010,IMO-easy,1,competition-hard,False,7,True,7,7,7,3,0.05032,597.45,
architecture,phase1,generate,generate,qwen3.6-35b-a3b,openrouter/qwen/qwen3.6-35b-a3b,default,PB-Basic-011,IMO-easy,1,competition-hard,False,7,True,6,7,7,3,0.171948,2336.1,
architecture,phase1,generate,generate,qwen3.6-35b-a3b,openrouter/qwen/qwen3.6-35b-a3b,default,PB-Basic-012,IMO-medium,1,competition-hard,False,0,False,0,0,0,3,0.091337,1207.77,
architecture,phase1,generate,generate,qwen3.6-35b-a3b,openrouter/qwen/qwen3.6-35b-a3b,default,PB-Basic-013,pre-IMO,0,pre-competition,False,7,True,7,7,7,3,0.074814,1060.3,
architecture,phase1,generate,generate,qwen3.6-35b-a3b,openrouter/qwen/qwen3.6-35b-a3b,default,PB-Basic-014,pre-IMO,0,pre-competition,False,7,True,7,7,6,3,0.091352,1765.74,
architecture,phase1,generate,generate,qwen3.6-35b-a3b,openrouter/qwen/qwen3.6-35b-a3b,default,PB-Basic-015,pre-IMO,0,pre-competition,False,7,True,7,7,7,3,0.135037,1792.46,
architecture,phase1,generate,generate,qwen3.6-35b-a3b,openrouter/qwen/qwen3.6-35b-a3b,default,PB-Basic-016,pre-IMO,0,pre-competition,False,7,True,7,7,7,3,0.152184,1920.14,
architecture,phase1,generate,generate,qwen3.6-35b-a3b,openrouter/qwen/qwen3.6-35b-a3b,default,PB-Basic-017,pre-IMO,0,pre-competition,False,7,True,7,7,7,3,0.105678,1258.66,
architecture,phase1,generate,generate,qwen3.6-35b-a3b,openrouter/qwen/qwen3.6-35b-a3b,default,PB-Basic-018,pre-IMO,0,pre-competition,False,6,True,6,0,0,3,0.121932,1450.41,
architecture,phase1,generate,generate,qwen3.6-35b-a3b,openrouter/qwen/qwen3.6-35b-a3b,default,PB-Basic-019,IMO-easy,1,competition-hard,False,7,True,7,7,7,3,0.078374,1097.55,
architecture,phase1,generate,generate,qwen3.6-35b-a3b,openrouter/qwen/qwen3.6-35b-a3b,default,PB-Basic-020,IMO-easy,1,competition-hard,False,7,True,7,7,7,3,0.124216,1955.54,
architecture,phase1,generate,generate,qwen3.6-35b-a3b,openrouter/qwen/qwen3.6-35b-a3b,default,PB-Basic-021,IMO-easy,1,competition-hard,False,0,False,0,0,0,3,0.165038,1149.73,
architecture,phase1,generate,generate,qwen3.6-35b-a3b,openrouter/qwen/qwen3.6-35b-a3b,default,PB-Basic-022,IMO-easy,1,competition-hard,False,0,False,0,0,0,3,0.129563,1383.63,
architecture,phase1,generate,generate,qwen3.6-35b-a3b,openrouter/qwen/qwen3.6-35b-a3b,default,PB-Basic-023,IMO-medium,1,competition-hard,False,0,False,1,6,1,3,0.140646,1639.77,
architecture,phase1,generate,generate,qwen3.6-35b-a3b,openrouter/qwen/qwen3.6-35b-a3b,default,PB-Basic-024,IMO-medium,1,competition-hard,False,0,False,6,7,1,3,0.136981,1544.01,
architecture,phase1,generate,generate,qwen3.6-35b-a3b,openrouter/qwen/qwen3.6-35b-a3b,default,PB-Basic-025,IMO-easy,1,competition-hard,False,7,True,7,7,0,3,0.208137,1660.3,
architecture,phase1,generate,generate,qwen3.6-35b-a3b,openrouter/qwen/qwen3.6-35b-a3b,default,PB-Basic-026,IMO-medium,1,competition-hard,False,0,False,0,0,0,3,0.136753,1552.25,
architecture,phase1,generate,generate,qwen3.6-35b-a3b,openrouter/qwen/qwen3.6-35b-a3b,default,PB-Basic-027,IMO-easy,1,competition-hard,False,7,True,7,7,7,3,0.168858,2270.58,
architecture,phase1,generate,generate,qwen3.6-35b-a3b,openrouter/qwen/qwen3.6-35b-a3b,default,PB-Basic-028,IMO-medium,1,competition-hard,False,,,0,7,0,3,0.125837,1260.59,
architecture,phase1,generate,generate,qwen3.6-35b-a3b,openrouter/qwen/qwen3.6-35b-a3b,default,PB-Basic-029,IMO-medium,1,competition-hard,False,0,False,1,7,0,3,0.246104,1715.66,
architecture,phase1,generate,generate,qwen3.6-35b-a3b,openrouter/qwen/qwen3.6-35b-a3b,default,PB-Basic-030,IMO-easy,1,competition-hard,False,0,False,0,0,0,3,0.12928,1242.18,
architecture,phase1,generate,generate,qwen3.6-35b-a3b,openrouter/qwen/qwen3.6-35b-a3b,default,erdos-1051,Minor Novelty,3,research-medium,True,0,False,0,7,0,3,0.162773,1657.95,
architecture,phase1,generate,generate,qwen3.6-35b-a3b,openrouter/qwen/qwen3.6-35b-a3b,default,erdos-333,Literature Identification,2,research-easy,True,0,False,0,0,0,3,0.129805,1295.78,
architecture,phase1,generate,generate,qwen3.6-35b-a3b,openrouter/qwen/qwen3.6-35b-a3b,default,erdos-397,Independent Rediscovery,1,competition-hard,True,0,False,0,0,0,3,0.118469,1043.14,
architecture,phase1,generate,generate,qwen3.6-35b-a3b,openrouter/qwen/qwen3.6-35b-a3b,default,erdos-654,Negligible Novelty,2,research-easy,True,0,False,0,0,0,3,0.114569,986.09,
architecture,phase1,generate,generate,qwen3.6-35b-a3b,openrouter/qwen/qwen3.6-35b-a3b,default,erdos-659,Negligible Novelty,2,research-easy,True,0,False,0,7,0,3,0.156708,1289.58,
architecture,phase1,generate,generate,qwen3.6-35b-a3b,openrouter/qwen/qwen3.6-35b-a3b,default,first-proof-10-official,1,2,research-easy,True,7,True,6,7,0,3,0.118378,1789.12,
architecture,phase1,generate,generate,qwen3.6-35b-a3b,openrouter/qwen/qwen3.6-35b-a3b,default,first-proof-4-official,3,4,research-hard,True,0,False,0,0,0,3,0.149423,1364.47,
architecture,phase1,generate,generate,qwen3.6-35b-a3b,openrouter/qwen/qwen3.6-35b-a3b,default,first-proof-5-official,2,3,research-medium,True,0,False,0,0,0,3,0.116602,771.37,
architecture,phase1,generate,generate,qwen3.6-35b-a3b,openrouter/qwen/qwen3.6-35b-a3b,default,first-proof-6-official,3,4,research-hard,True,0,False,0,0,0,3,0.157031,1218.59,
architecture,phase1,generate,generate,qwen3.6-35b-a3b,openrouter/qwen/qwen3.6-35b-a3b,default,ramsey-hypergraphs,Moderately Interesting,5,research-frontier,True,0,False,0,7,0,3,0.235964,1326.61,
architecture,phase1,full,full,deepseek-v4-flash,openrouter/deepseek/deepseek-v4-flash,default,PB-Advanced-001,IMO-easy,1,competition-hard,False,7,True,6,7,,1,0.048378,1610.86,
architecture,phase1,full,full,deepseek-v4-flash,openrouter/deepseek/deepseek-v4-flash,default,PB-Advanced-002,IMO-medium,1,competition-hard,False,0,False,1,7,,1,0.112147,3257.89,
architecture,phase1,full,full,deepseek-v4-flash,openrouter/deepseek/deepseek-v4-flash,default,PB-Advanced-003,IMO-hard,1,competition-hard,False,0,False,0,0,,1,0.122409,2789.99,
architecture,phase1,full,full,deepseek-v4-flash,openrouter/deepseek/deepseek-v4-flash,default,PB-Advanced-004,IMO-easy,1,competition-hard,False,7,True,7,7,,1,0.032617,3145.35,
architecture,phase1,full,full,deepseek-v4-flash,openrouter/deepseek/deepseek-v4-flash,default,PB-Advanced-005,IMO-medium,1,competition-hard,False,7,True,0,7,,1,0.098724,2938.75,
architecture,phase1,full,full,deepseek-v4-flash,openrouter/deepseek/deepseek-v4-flash,default,PB-Advanced-006,IMO-hard,1,competition-hard,False,0,False,0,0,,1,0.166872,2853.28,
architecture,phase1,full,full,deepseek-v4-flash,openrouter/deepseek/deepseek-v4-flash,default,PB-Advanced-007,IMO-easy,1,competition-hard,False,7,True,7,7,,1,0.034104,1294.43,
architecture,phase1,full,full,deepseek-v4-flash,openrouter/deepseek/deepseek-v4-flash,default,PB-Advanced-008,IMO-medium,1,competition-hard,False,,,0,0,,1,0.097903,5814.85,
architecture,phase1,full,full,deepseek-v4-flash,openrouter/deepseek/deepseek-v4-flash,default,PB-Advanced-009,IMO-hard,1,competition-hard,False,0,False,0,7,,1,0.078225,3877.41,
architecture,phase1,full,full,deepseek-v4-flash,openrouter/deepseek/deepseek-v4-flash,default,PB-Advanced-010,IMO-medium,1,competition-hard,False,0,False,0,0,,1,0.133034,3300.13,
architecture,phase1,full,full,deepseek-v4-flash,openrouter/deepseek/deepseek-v4-flash,default,PB-Advanced-011,IMO-medium,1,competition-hard,False,0,False,0,1,,1,0.09692,3770.17,
architecture,phase1,full,full,deepseek-v4-flash,openrouter/deepseek/deepseek-v4-flash,default,PB-Advanced-012,IMO-hard,1,competition-hard,False,0,False,1,7,,1,0.064712,4636.48,
architecture,phase1,full,full,deepseek-v4-flash,openrouter/deepseek/deepseek-v4-flash,default,PB-Advanced-013,IMO-easy,1,competition-hard,False,0,False,0,0,,1,0.147736,5008.36,
architecture,phase1,full,full,deepseek-v4-flash,openrouter/deepseek/deepseek-v4-flash,default,PB-Advanced-014,IMO-medium,1,competition-hard,False,7,True,6,7,,1,0.049291,1772.77,
architecture,phase1,full,full,deepseek-v4-flash,openrouter/deepseek/deepseek-v4-flash,default,PB-Advanced-015,IMO-hard,1,competition-hard,False,0,False,0,0,,1,0.114046,3685.73,
architecture,phase1,full,full,deepseek-v4-flash,openrouter/deepseek/deepseek-v4-flash,default,PB-Advanced-016,IMO-easy,1,competition-hard,False,1,False,0,0,,1,0.165716,2748.84,
architecture,phase1,full,full,deepseek-v4-flash,openrouter/deepseek/deepseek-v4-flash,default,PB-Advanced-017,IMO-easy,1,competition-hard,False,7,True,7,7,,1,0.054921,1820.22,
architecture,phase1,full,full,deepseek-v4-flash,openrouter/deepseek/deepseek-v4-flash,default,PB-Advanced-018,IMO-hard,1,competition-hard,False,0,False,0,0,,1,0.101439,6393.75,
architecture,phase1,full,full,deepseek-v4-flash,openrouter/deepseek/deepseek-v4-flash,default,PB-Advanced-019,IMO-easy,1,competition-hard,False,7,True,7,1,,1,0.031364,1020.36,
architecture,phase1,full,full,deepseek-v4-flash,openrouter/deepseek/deepseek-v4-flash,default,PB-Advanced-020,IMO-medium,1,competition-hard,False,0,False,0,7,,1,0.178421,3566.52,
architecture,phase1,full,full,deepseek-v4-flash,openrouter/deepseek/deepseek-v4-flash,default,PB-Advanced-021,IMO-hard,1,competition-hard,False,0,False,0,0,,1,0.107765,3274.1,
architecture,phase1,full,full,deepseek-v4-flash,openrouter/deepseek/deepseek-v4-flash,default,PB-Advanced-022,IMO-easy,1,competition-hard,False,1,False,1,7,,1,0.104284,5987.2,
architecture,phase1,full,full,deepseek-v4-flash,openrouter/deepseek/deepseek-v4-flash,default,PB-Advanced-023,IMO-medium,1,competition-hard,False,0,False,0,0,,1,0.062056,4430.49,
architecture,phase1,full,full,deepseek-v4-flash,openrouter/deepseek/deepseek-v4-flash,default,PB-Advanced-024,IMO-hard,1,competition-hard,False,0,False,0,0,,1,0.137366,4373.05,
architecture,phase1,full,full,deepseek-v4-flash,openrouter/deepseek/deepseek-v4-flash,default,PB-Advanced-025,IMO-easy,1,competition-hard,False,7,True,6,7,,1,0.034989,1519.64,
architecture,phase1,full,full,deepseek-v4-flash,openrouter/deepseek/deepseek-v4-flash,default,PB-Advanced-026,IMO-medium,1,competition-hard,False,0,False,0,7,,1,0.162906,3416.02,
architecture,phase1,full,full,deepseek-v4-flash,openrouter/deepseek/deepseek-v4-flash,default,PB-Advanced-027,IMO-hard,1,competition-hard,False,0,False,0,0,,1,0.072304,2610.04,
architecture,phase1,full,full,deepseek-v4-flash,openrouter/deepseek/deepseek-v4-flash,default,PB-Advanced-028,IMO-easy,1,competition-hard,False,6,True,6,7,,1,0.052994,1932.85,
architecture,phase1,full,full,deepseek-v4-flash,openrouter/deepseek/deepseek-v4-flash,default,PB-Advanced-029,IMO-medium,1,competition-hard,False,0,False,0,0,,1,0.102018,3338.18,
architecture,phase1,full,full,deepseek-v4-flash,openrouter/deepseek/deepseek-v4-flash,default,PB-Advanced-030,IMO-hard,1,competition-hard,False,2,False,0,0,,1,0.098373,2693.24,
architecture,phase1,full,full,deepseek-v4-flash,openrouter/deepseek/deepseek-v4-flash,default,PB-Basic-001,IMO-easy,1,competition-hard,False,7,True,7,7,,1,0.011646,379.91,
architecture,phase1,full,full,deepseek-v4-flash,openrouter/deepseek/deepseek-v4-flash,default,PB-Basic-002,pre-IMO,0,pre-competition,False,7,True,7,7,,1,0.011457,1112.9,
architecture,phase1,full,full,deepseek-v4-flash,openrouter/deepseek/deepseek-v4-flash,default,PB-Basic-003,IMO-easy,1,competition-hard,False,6,True,7,7,,1,0.021686,756.51,
architecture,phase1,full,full,deepseek-v4-flash,openrouter/deepseek/deepseek-v4-flash,default,PB-Basic-004,IMO-easy,1,competition-hard,False,7,True,0,7,,1,0.023355,933.95,
architecture,phase1,full,full,deepseek-v4-flash,openrouter/deepseek/deepseek-v4-flash,default,PB-Basic-005,IMO-easy,1,competition-hard,False,7,True,7,7,,1,0.03202,1159.55,
architecture,phase1,full,full,deepseek-v4-flash,openrouter/deepseek/deepseek-v4-flash,default,PB-Basic-006,IMO-medium,1,competition-hard,False,0,False,0,7,,1,0.120197,3328.64,
architecture,phase1,full,full,deepseek-v4-flash,openrouter/deepseek/deepseek-v4-flash,default,PB-Basic-007,IMO-medium,1,competition-hard,False,0,False,0,7,,1,0.115161,2780.02,
architecture,phase1,full,full,deepseek-v4-flash,openrouter/deepseek/deepseek-v4-flash,default,PB-Basic-008,pre-IMO,0,pre-competition,False,7,True,7,7,,1,0.066564,2732.66,
architecture,phase1,full,full,deepseek-v4-flash,openrouter/deepseek/deepseek-v4-flash,default,PB-Basic-009,IMO-easy,1,competition-hard,False,0,False,1,7,,1,0.136166,4561.14,
architecture,phase1,full,full,deepseek-v4-flash,openrouter/deepseek/deepseek-v4-flash,default,PB-Basic-010,IMO-easy,1,competition-hard,False,7,True,7,7,,1,0.007717,316.63,
architecture,phase1,full,full,deepseek-v4-flash,openrouter/deepseek/deepseek-v4-flash,default,PB-Basic-011,IMO-easy,1,competition-hard,False,7,True,7,7,,1,0.048686,1730.61,
architecture,phase1,full,full,deepseek-v4-flash,openrouter/deepseek/deepseek-v4-flash,default,PB-Basic-012,IMO-medium,1,competition-hard,False,7,True,7,7,,1,0.021109,727.18,
architecture,phase1,full,full,deepseek-v4-flash,openrouter/deepseek/deepseek-v4-flash,default,PB-Basic-013,pre-IMO,0,pre-competition,False,7,True,7,7,,1,0.017563,669.41,
architecture,phase1,full,full,deepseek-v4-flash,openrouter/deepseek/deepseek-v4-flash,default,PB-Basic-014,pre-IMO,0,pre-competition,False,7,True,7,7,,1,0.022591,1031.12,
architecture,phase1,full,full,deepseek-v4-flash,openrouter/deepseek/deepseek-v4-flash,default,PB-Basic-015,pre-IMO,0,pre-competition,False,7,True,7,7,,1,0.024945,919.86,
architecture,phase1,full,full,deepseek-v4-flash,openrouter/deepseek/deepseek-v4-flash,default,PB-Basic-016,pre-IMO,0,pre-competition,False,7,True,7,7,,1,0.02704,1810.94,
architecture,phase1,full,full,deepseek-v4-flash,openrouter/deepseek/deepseek-v4-flash,default,PB-Basic-017,pre-IMO,0,pre-competition,False,7,True,7,7,,1,0.005506,157.81,
architecture,phase1,full,full,deepseek-v4-flash,openrouter/deepseek/deepseek-v4-flash,default,PB-Basic-018,pre-IMO,0,pre-competition,False,7,True,7,7,,1,0.048016,1673.34,
architecture,phase1,full,full,deepseek-v4-flash,openrouter/deepseek/deepseek-v4-flash,default,PB-Basic-019,IMO-easy,1,competition-hard,False,7,True,7,7,,1,0.014572,483.49,
architecture,phase1,full,full,deepseek-v4-flash,openrouter/deepseek/deepseek-v4-flash,default,PB-Basic-020,IMO-easy,1,competition-hard,False,7,True,7,7,,1,0.021606,1221.99,
architecture,phase1,full,full,deepseek-v4-flash,openrouter/deepseek/deepseek-v4-flash,default,PB-Basic-021,IMO-easy,1,competition-hard,False,0,False,6,7,,1,0.118741,1797.39,
architecture,phase1,full,full,deepseek-v4-flash,openrouter/deepseek/deepseek-v4-flash,default,PB-Basic-022,IMO-easy,1,competition-hard,False,7,True,7,7,,1,0.05126,1860.11,
architecture,phase1,full,full,deepseek-v4-flash,openrouter/deepseek/deepseek-v4-flash,default,PB-Basic-023,IMO-medium,1,competition-hard,False,6,True,1,7,,1,0.135432,6600.7,
architecture,phase1,full,full,deepseek-v4-flash,openrouter/deepseek/deepseek-v4-flash,default,PB-Basic-024,IMO-medium,1,competition-hard,False,7,True,6,7,,1,0.049168,1615.3,
architecture,phase1,full,full,deepseek-v4-flash,openrouter/deepseek/deepseek-v4-flash,default,PB-Basic-025,IMO-easy,1,competition-hard,False,1,False,1,7,,1,0.036548,1953.98,
architecture,phase1,full,full,deepseek-v4-flash,openrouter/deepseek/deepseek-v4-flash,default,PB-Basic-026,IMO-medium,1,competition-hard,False,0,False,0,7,,1,0.151388,2644.62,
architecture,phase1,full,full,deepseek-v4-flash,openrouter/deepseek/deepseek-v4-flash,default,PB-Basic-027,IMO-easy,1,competition-hard,False,7,True,7,7,,1,0.042176,1360.11,
architecture,phase1,full,full,deepseek-v4-flash,openrouter/deepseek/deepseek-v4-flash,default,PB-Basic-028,IMO-medium,1,competition-hard,False,7,True,1,7,,1,0.086818,5787.03,
architecture,phase1,full,full,deepseek-v4-flash,openrouter/deepseek/deepseek-v4-flash,default,PB-Basic-029,IMO-medium,1,competition-hard,False,0,False,6,7,,1,0.12485,2118.61,
architecture,phase1,full,full,deepseek-v4-flash,openrouter/deepseek/deepseek-v4-flash,default,PB-Basic-030,IMO-easy,1,competition-hard,False,7,True,7,7,,1,0.053246,1901.39,
architecture,phase1,full,full,deepseek-v4-flash,openrouter/deepseek/deepseek-v4-flash,default,erdos-1051,Minor Novelty,3,research-medium,True,0,False,0,7,,1,0.12218,4248.15,
architecture,phase1,full,full,deepseek-v4-flash,openrouter/deepseek/deepseek-v4-flash,default,erdos-333,Literature Identification,2,research-easy,True,0,False,0,0,,1,0.017916,560.39,
architecture,phase1,full,full,deepseek-v4-flash,openrouter/deepseek/deepseek-v4-flash,default,erdos-397,Independent Rediscovery,1,competition-hard,True,0,False,0,0,,1,0.09103,4829.42,
architecture,phase1,full,full,deepseek-v4-flash,openrouter/deepseek/deepseek-v4-flash,default,erdos-654,Negligible Novelty,2,research-easy,True,0,False,0,0,,1,0.105401,2350.31,
architecture,phase1,full,full,deepseek-v4-flash,openrouter/deepseek/deepseek-v4-flash,default,erdos-659,Negligible Novelty,2,research-easy,True,0,False,0,0,,1,0.010524,245.64,
architecture,phase1,full,full,deepseek-v4-flash,openrouter/deepseek/deepseek-v4-flash,default,first-proof-10-official,1,2,research-easy,True,7,True,6,6,,1,0.052841,1592.81,
architecture,phase1,full,full,deepseek-v4-flash,openrouter/deepseek/deepseek-v4-flash,default,first-proof-4-official,3,4,research-hard,True,0,False,0,0,,1,0.080857,2710.57,
architecture,phase1,full,full,deepseek-v4-flash,openrouter/deepseek/deepseek-v4-flash,default,first-proof-5-official,2,3,research-medium,True,0,False,0,1,,1,0.058451,2022.78,
architecture,phase1,full,full,deepseek-v4-flash,openrouter/deepseek/deepseek-v4-flash,default,first-proof-6-official,3,4,research-hard,True,0,False,0,0,,1,0.114537,2643.84,
architecture,phase1,full,full,deepseek-v4-flash,openrouter/deepseek/deepseek-v4-flash,default,ramsey-hypergraphs,Moderately Interesting,5,research-frontier,True,0,False,0,0,,1,0.091998,2473.41,
architecture,phase1,full,full,deepseek-v4-pro,openrouter/deepseek/deepseek-v4-pro,default,PB-Advanced-001,IMO-easy,1,competition-hard,False,7,True,7,7,,1,0.076814,2519.83,
architecture,phase1,full,full,deepseek-v4-pro,openrouter/deepseek/deepseek-v4-pro,default,PB-Advanced-002,IMO-medium,1,competition-hard,False,,,1,7,,1,0.389985,6554.99,
architecture,phase1,full,full,deepseek-v4-pro,openrouter/deepseek/deepseek-v4-pro,default,PB-Advanced-003,IMO-hard,1,competition-hard,False,7,True,7,7,,1,0.407107,10456.8,
architecture,phase1,full,full,deepseek-v4-pro,openrouter/deepseek/deepseek-v4-pro,default,PB-Advanced-004,IMO-easy,1,competition-hard,False,7,True,7,7,,1,0.16394,5503.87,
architecture,phase1,full,full,deepseek-v4-pro,openrouter/deepseek/deepseek-v4-pro,default,PB-Advanced-005,IMO-medium,1,competition-hard,False,0,False,0,7,,1,0.539738,8846.79,
architecture,phase1,full,full,deepseek-v4-pro,openrouter/deepseek/deepseek-v4-pro,default,PB-Advanced-006,IMO-hard,1,competition-hard,False,0,False,0,0,,1,0.463071,6077.38,
architecture,phase1,full,full,deepseek-v4-pro,openrouter/deepseek/deepseek-v4-pro,default,PB-Advanced-007,IMO-easy,1,competition-hard,False,7,True,7,7,,1,0.03208,1010.06,
architecture,phase1,full,full,deepseek-v4-pro,openrouter/deepseek/deepseek-v4-pro,default,PB-Advanced-008,IMO-medium,1,competition-hard,False,6,True,0,7,,1,0.310468,5704.97,
architecture,phase1,full,full,deepseek-v4-pro,openrouter/deepseek/deepseek-v4-pro,default,PB-Advanced-009,IMO-hard,1,competition-hard,False,6,True,1,7,,1,0.281914,6144.7,
architecture,phase1,full,full,deepseek-v4-pro,openrouter/deepseek/deepseek-v4-pro,default,PB-Advanced-010,IMO-medium,1,competition-hard,False,0,False,0,0,,1,0.289921,7738.46,
architecture,phase1,full,full,deepseek-v4-pro,openrouter/deepseek/deepseek-v4-pro,default,PB-Advanced-011,IMO-medium,1,competition-hard,False,0,False,0,7,,1,0.461178,8624.82,
architecture,phase1,full,full,deepseek-v4-pro,openrouter/deepseek/deepseek-v4-pro,default,PB-Advanced-012,IMO-hard,1,competition-hard,False,,,7,7,,1,0.34537,7428.79,
architecture,phase1,full,full,deepseek-v4-pro,openrouter/deepseek/deepseek-v4-pro,default,PB-Advanced-013,IMO-easy,1,competition-hard,False,0,False,0,7,,1,0.462033,6066.32,
architecture,phase1,full,full,deepseek-v4-pro,openrouter/deepseek/deepseek-v4-pro,default,PB-Advanced-014,IMO-medium,1,competition-hard,False,7,True,7,7,,1,0.097283,3318.86,
architecture,phase1,full,full,deepseek-v4-pro,openrouter/deepseek/deepseek-v4-pro,default,PB-Advanced-015,IMO-hard,1,competition-hard,False,0,False,0,0,,1,0.343442,6914.99,
architecture,phase1,full,full,deepseek-v4-pro,openrouter/deepseek/deepseek-v4-pro,default,PB-Advanced-016,IMO-easy,1,competition-hard,False,0,False,0,7,,1,0.270691,7990.43,
architecture,phase1,full,full,deepseek-v4-pro,openrouter/deepseek/deepseek-v4-pro,default,PB-Advanced-017,IMO-easy,1,competition-hard,False,7,True,7,7,,1,0.135055,4248.23,
architecture,phase1,full,full,deepseek-v4-pro,openrouter/deepseek/deepseek-v4-pro,default,PB-Advanced-018,IMO-hard,1,competition-hard,False,0,False,0,0,,1,0.486866,10148.92,
architecture,phase1,full,full,deepseek-v4-pro,openrouter/deepseek/deepseek-v4-pro,default,PB-Advanced-019,IMO-easy,1,competition-hard,False,7,True,7,7,,1,0.115946,2994.87,
architecture,phase1,full,full,deepseek-v4-pro,openrouter/deepseek/deepseek-v4-pro,default,PB-Advanced-020,IMO-medium,1,competition-hard,False,1,False,1,7,,1,0.396808,7799.36,
architecture,phase1,full,full,deepseek-v4-pro,openrouter/deepseek/deepseek-v4-pro,default,PB-Advanced-021,IMO-hard,1,competition-hard,False,0,False,0,0,,1,0.310203,4225.24,
architecture,phase1,full,full,deepseek-v4-pro,openrouter/deepseek/deepseek-v4-pro,default,PB-Advanced-022,IMO-easy,1,competition-hard,False,0,False,1,7,,1,0.231751,4230.52,
architecture,phase1,full,full,deepseek-v4-pro,openrouter/deepseek/deepseek-v4-pro,default,PB-Advanced-023,IMO-medium,1,competition-hard,False,1,False,0,0,,1,0.340864,7190.01,
architecture,phase1,full,full,deepseek-v4-pro,openrouter/deepseek/deepseek-v4-pro,default,PB-Advanced-024,IMO-hard,1,competition-hard,False,0,False,1,0,,1,0.405103,5991.73,
architecture,phase1,full,full,deepseek-v4-pro,openrouter/deepseek/deepseek-v4-pro,default,PB-Advanced-025,IMO-easy,1,competition-hard,False,7,True,7,7,,1,0.082383,3460.52,
architecture,phase1,full,full,deepseek-v4-pro,openrouter/deepseek/deepseek-v4-pro,default,PB-Advanced-026,IMO-medium,1,competition-hard,False,0,False,0,7,,1,0.413579,6208.95,
architecture,phase1,full,full,deepseek-v4-pro,openrouter/deepseek/deepseek-v4-pro,default,PB-Advanced-027,IMO-hard,1,competition-hard,False,0,False,0,7,,1,0.426406,6255.13,
architecture,phase1,full,full,deepseek-v4-pro,openrouter/deepseek/deepseek-v4-pro,default,PB-Advanced-028,IMO-easy,1,competition-hard,False,7,True,7,7,,1,0.048292,1512.33,
architecture,phase1,full,full,deepseek-v4-pro,openrouter/deepseek/deepseek-v4-pro,default,PB-Advanced-029,IMO-medium,1,competition-hard,False,0,False,0,0,,1,0.210047,2896.31,
architecture,phase1,full,full,deepseek-v4-pro,openrouter/deepseek/deepseek-v4-pro,default,PB-Advanced-030,IMO-hard,1,competition-hard,False,0,False,0,7,,1,0.409855,4942.62,
architecture,phase1,full,full,deepseek-v4-pro,openrouter/deepseek/deepseek-v4-pro,default,PB-Basic-001,IMO-easy,1,competition-hard,False,7,True,7,7,,1,0.020651,873.73,
architecture,phase1,full,full,deepseek-v4-pro,openrouter/deepseek/deepseek-v4-pro,default,PB-Basic-002,pre-IMO,0,pre-competition,False,7,True,7,7,,1,0.025571,765.89,
architecture,phase1,full,full,deepseek-v4-pro,openrouter/deepseek/deepseek-v4-pro,default,PB-Basic-003,IMO-easy,1,competition-hard,False,7,True,7,7,,1,0.038423,1094.79,
architecture,phase1,full,full,deepseek-v4-pro,openrouter/deepseek/deepseek-v4-pro,default,PB-Basic-004,IMO-easy,1,competition-hard,False,7,True,7,7,,1,0.050508,1821.36,
architecture,phase1,full,full,deepseek-v4-pro,openrouter/deepseek/deepseek-v4-pro,default,PB-Basic-005,IMO-easy,1,competition-hard,False,7,True,7,7,,1,0.093258,3635.72,
architecture,phase1,full,full,deepseek-v4-pro,openrouter/deepseek/deepseek-v4-pro,default,PB-Basic-006,IMO-medium,1,competition-hard,False,7,True,7,7,,1,0.078184,2234.91,
architecture,phase1,full,full,deepseek-v4-pro,openrouter/deepseek/deepseek-v4-pro,default,PB-Basic-007,IMO-medium,1,competition-hard,False,7,True,7,0,,1,0.338888,5945.51,
architecture,phase1,full,full,deepseek-v4-pro,openrouter/deepseek/deepseek-v4-pro,default,PB-Basic-008,pre-IMO,0,pre-competition,False,7,True,7,7,,1,0.019029,513.3,
architecture,phase1,full,full,deepseek-v4-pro,openrouter/deepseek/deepseek-v4-pro,default,PB-Basic-009,IMO-easy,1,competition-hard,False,0,False,0,6,,1,0.373233,4493.97,
architecture,phase1,full,full,deepseek-v4-pro,openrouter/deepseek/deepseek-v4-pro,default,PB-Basic-010,IMO-easy,1,competition-hard,False,7,True,7,7,,1,0.017784,470.33,
architecture,phase1,full,full,deepseek-v4-pro,openrouter/deepseek/deepseek-v4-pro,default,PB-Basic-011,IMO-easy,1,competition-hard,False,7,True,7,7,,1,0.105688,3328.83,
architecture,phase1,full,full,deepseek-v4-pro,openrouter/deepseek/deepseek-v4-pro,default,PB-Basic-012,IMO-medium,1,competition-hard,False,7,True,7,7,,1,0.05272,1411.24,
architecture,phase1,full,full,deepseek-v4-pro,openrouter/deepseek/deepseek-v4-pro,default,PB-Basic-013,pre-IMO,0,pre-competition,False,7,True,7,7,,1,0.025196,721.28,
architecture,phase1,full,full,deepseek-v4-pro,openrouter/deepseek/deepseek-v4-pro,default,PB-Basic-014,pre-IMO,0,pre-competition,False,7,True,6,7,,1,0.039437,1335.07,
architecture,phase1,full,full,deepseek-v4-pro,openrouter/deepseek/deepseek-v4-pro,default,PB-Basic-015,pre-IMO,0,pre-competition,False,7,True,7,7,,1,0.058725,1965.16,
architecture,phase1,full,full,deepseek-v4-pro,openrouter/deepseek/deepseek-v4-pro,default,PB-Basic-016,pre-IMO,0,pre-competition,False,7,True,7,7,,1,0.0408,1297.46,
architecture,phase1,full,full,deepseek-v4-pro,openrouter/deepseek/deepseek-v4-pro,default,PB-Basic-017,pre-IMO,0,pre-competition,False,7,True,7,7,,1,0.009438,234.04,
architecture,phase1,full,full,deepseek-v4-pro,openrouter/deepseek/deepseek-v4-pro,default,PB-Basic-018,pre-IMO,0,pre-competition,False,7,True,7,7,,1,0.024149,447.78,
architecture,phase1,full,full,deepseek-v4-pro,openrouter/deepseek/deepseek-v4-pro,default,PB-Basic-019,IMO-easy,1,competition-hard,False,7,True,7,7,,1,0.033496,971.3,
architecture,phase1,full,full,deepseek-v4-pro,openrouter/deepseek/deepseek-v4-pro,default,PB-Basic-020,IMO-easy,1,competition-hard,False,7,True,7,7,,1,0.034109,831.36,
architecture,phase1,full,full,deepseek-v4-pro,openrouter/deepseek/deepseek-v4-pro,default,PB-Basic-021,IMO-easy,1,competition-hard,False,7,True,7,7,,1,0.23129,4559.62,
architecture,phase1,full,full,deepseek-v4-pro,openrouter/deepseek/deepseek-v4-pro,default,PB-Basic-022,IMO-easy,1,competition-hard,False,0,False,0,0,,1,0.305207,3289.6,
architecture,phase1,full,full,deepseek-v4-pro,openrouter/deepseek/deepseek-v4-pro,default,PB-Basic-023,IMO-medium,1,competition-hard,False,1,False,0,7,,1,0.462046,7890.02,
architecture,phase1,full,full,deepseek-v4-pro,openrouter/deepseek/deepseek-v4-pro,default,PB-Basic-024,IMO-medium,1,competition-hard,False,7,True,0,7,,1,0.091981,2941.67,
architecture,phase1,full,full,deepseek-v4-pro,openrouter/deepseek/deepseek-v4-pro,default,PB-Basic-025,IMO-easy,1,competition-hard,False,7,True,7,7,,1,0.0406,2214.71,
architecture,phase1,full,full,deepseek-v4-pro,openrouter/deepseek/deepseek-v4-pro,default,PB-Basic-026,IMO-medium,1,competition-hard,False,0,False,0,0,,1,0.461357,5373.19,
architecture,phase1,full,full,deepseek-v4-pro,openrouter/deepseek/deepseek-v4-pro,default,PB-Basic-027,IMO-easy,1,competition-hard,False,7,True,7,7,,1,0.048958,1396.8,
architecture,phase1,full,full,deepseek-v4-pro,openrouter/deepseek/deepseek-v4-pro,default,PB-Basic-028,IMO-medium,1,competition-hard,False,,,,,,0,0.072263,6856.01,"litellm.APIError: APIError: OpenrouterException - Unable to get json response - Expecting value: line 12565 column 1 (char 69102), Original Response: 
         

         

         

         

         

         

         

         

         

         

         

         

         

         

         

         

         

         

         

         

         

         

         

         

         

         

         

         

         

         

         

         

         

         

         

         

         

         

         

         

         

         

         

         

         

         

         

         

         

         

         

         

         

         

         

         

         

         

         

         

         

         

         

         

         

         

         

         

         

         

         

         

         

         

         

         

         

         

         

         

         

         

         

         

         

         

         

         

         

         

         

         

         

         

         

         

         

         

         

         

         

         

         

         

         

         

         

         

         

         

         

         

         

         

         

         

         

         

         

         

         

         

         

         

         

         

         

         

         

         

         

         

         

         

         

         

         

         

         

         

         

         

         

         

         

         

         

         

         

         

         

         

         

         

         

         

         

         

         

         

         

         

         

         

         

         

         

         

         

         

         

         

         

         

         

         

         

         

         

         

         

         

         

         

         

         

         

         

         

         

         

         

         

         

         

         

         

         

         

         

         

         

         

         

         

         

         

         

         

         

         

         

         

         

         

         

         

         

         

         

         

         

         

         

         

         

         

         

         

         

         

         

         

         

         

         

         

         

         

         

         

         

         

         

         

         

         

         

         

         

         

         

         

         

         

         

         

         

         

         

         

         

         

         

         

         

         

         

         

         

         

         

         

         

         

         

         

         

         

         

         

         

         

         

         

         

         

         

         

         

         

         

         

         

         

         

         

         

         

         

         

         

         

         

         

         

         

         

         

         

         

         

         

         

         

         

         

         

         

         

         

         

         

         

         

         

         

         

         

         

         

         

         

         

         

         

         

         

         

         

         

         

         

         

         

         

         

         

         

         

         

         

         

         

         

         

         

         

         

         

         

         

         

         

         

         

         

         

         

         

         

         

         

         

         

         

         

         

         

         

         

         

         

         

         

         

         

         

         

         

         

         

         

         

         

         

         

         

         

         

         

         

         

         

         

         

         

         

         

         

         

         

         

         

         

         

         

         

         

         

         

         

         

         

         

         

         

         

         

         

         

         

         

         

         

         

         

         

         

         

         

         

         

         

         

         

         

         

         

         

         

         

         

         

         

         

         

         

         

         

         

         

         

         

         

         

         

         

         

         

         

         

         

         

         

         

         

         

         

         

         

         

         

         

         

         

         

         

         

         

         

         

         

         

         

         

         

         

         

         

         

         

         

         

         

         

         

         

         

         

         

         

         

         

         

         

         

         

         

         

         

         

         

         

         

         

         

         

         

         

         

         

         

         

         

         

         

         

         

         

         

         

         

         

         

         

         

         

         

         

         

         

         

         

         

         

         

         

         

         

         

         

         

         

         

         

         

         

         

         

         

         

         

         

         

         

         

         

         

         

         

         

         

         

         

         

         

         

         

         

         

         

         

         

         

         

         

         

         

         

         

         

         

         

         

         

         

         

         

         

         

         

         

         

         

         

         

         

         

         

         

         

         

         

         

         

         

         

         

         

         

         

         

         

         

         

         

         

         

         

         

         

         

         

         

         

         

         

         

         

         

         

         

         

         

         

         

         

         

         

         

         

         

         

         

         

         

         

         

         

         

         

         

         

         

         

         

         

         

         

         

         

         

         

         

         

         

         

         

         

         

         

         

         

         

         

         

         

         

         

         

         

         

         

         

         

         

         

         

         

         

         

         

         

         

         

         

         

         

         

         

         

         

         

         

         

         

         

         

         

         

         

         

         

         

         

         

         

         

         

         

         

         

         

         

         

         

         

         

         

         

         

         

         

         

         

         

         

         

         

         

         

         

         

         

         

         

         

         

         

         

         

         

         

         

         

         

         

         

         

         

         

         

         

         

         

         

         

         

         

         

         

         

         

         

         

         

         

         

         

         

         

         

         

         

         

         

         

         

         

         

         

         

         

         

         

         

         

         

         

         

         

         

         

         

         

         

         

         

         

         

         

         

         

         

         

         

         

         

         

         

         

         

         

         

         

         

         

         

         

         

         

         

         

         

         

         

         

         

         

         

         

         

         

         

         

         

         

         

         

         

         

         

         

         

         

         

         

         

         

         

         

         

         

         

         

         

         

         

         

         

         

         

         

         

         

         

         

         

         

         

         

         

         

         

         

         

         

         

         

         

         

         

         

         

         

         

         

         

         

         

         

         

         

         

         

         

         

         

         

         

         

         

         

         

         

         

         

         

         

         

         

         

         

         

         

         

         

         

         

         

         

         

         

         

         

         

         

         

         

         

         

         

         

         

         

         

         

         

         

         

         

         

         

         

         

         

         

         

         

         

         

         

         

         

         

         

         

         

         

         

         

         

         

         

         

         

         

         

         

         

         

         

         

         

         

         

         

         

         

         

         

         

         

         

         

         

         

         

         

         

         

         

         

         

         

         

         

         

         

         

         

         

         

         

         

         

         

         

         

         

         

         

         

         

         

         

         

         

         

         

         

         

         

         

         

         

         

         

         

         

         

         

         

         

         

         

         

         

         

         

         

         

         

         

         

         

         

         

         

         

         

         

         

         

         

         

         

         

         

         

         

         

         

         

         

         

         

         

         

         

         

         

         

         

         

         

         

         

         

         

         

         

         

         

         

         

         

         

         

         

         

         

         

         

         

         

         

         

         

         

         

         

         

         

         

         

         

         

         

         

         

         

         

         

         

         

         

         

         

         

         

         

         

         

         

         

         

         

         

         

         

         

         

         

         

         

         

         

         

         

         

         

         

         

         

         

         

         

         

         

         

         

         

         

         

         

         

         

         

         

         

         

         

         

         

         

         

         

         

         

         

         

         

         

         

         

         

         

         

         

         

         

         

         

         

         

         

         

         

         

         

         

         

         

         

         

         

         

         

         

         

         

         

         

         

         

         

         

         

         

         

         

         

         

         

         

         

         

         

         

         

         

         

         

         

         

         

         

         

         

         

         

         

         

         

         

         

         

         

         

         

         

         

         

         

         

         

         

         

         

         

         

         

         

         

         

         

         

         

         

         

         

         

         

         

         

         

         

         

         

         

         

         

         

         

         

         

         

         

         

         

         

         

         

         

         

         

         

         

         

         

         

         

         

         

         

         

         

         

         

         

         

         

         

         

         

         

         

         

         

         

         

         

         

         

         

         

         

         

         

         

         

         

         

         

         

         

         

         

         

         

         

         

         

         

         

         

         

         

         

         

         

         

         

         

         

         

         

         

         

         

         

         

         

         

         

         

         

         

         

         

         

         

         

         

         

         

         

         

         

         

         

         

         

         

         

         

         

         

         

         

         

         

         

         

         

         

         

         

         

         

         

         

         

         

         

         

         

         

         

         

         

         

         

         

         

         

         

         

         

         

         

         

         

         

         

         

         

         

         

         

         

         

         

         

         

         

         

         

         

         

         

         

         

         

         

         

         

         

         

         

         

         

         

         

         

         

         

         

         

         

         

         

         

         

         

         

         

         

         

         

         

         

         

         

         

         

         

         

         

         

         

         

         

         

         

         

         

         

         

         

         

         

         

         

         

         

         

         

         

         

         

         

         

         

         

         

         

         

         

         

         

         

         

         

         

         

         

         

         

         

         

         

         

         

         

         

         

         

         

         

         

         

         

         

         

         

         

         

         

         

         

         

         

         

         

         

         

         

         

         

         

         

         

         

         

         

         

         

         

         

         

         

         

         

         

         

         

         

         

         

         

         

         

         

         

         

         

         

         

         

         

         

         

         

         

         

         

         

         

         

         

         

         

         

         

         

         

         

         

         

         

         

         

         

         

         

         

         

         

         

         

         

         

         

         

         

         

         

         

         

         

         

         

         

         

         

         

         

         

         

         

         

         

         

         

         

         

         

         

         

         

         

         

         

         

         

         

         

         

         

         

         

         

         

         

         

         

         

         

         

         

         

         

         

         

         

         

         

         

         

         

         

         

         

         

         

         

         

         

         

         

         

         

         

         

         

         

         

         

         

         

         

         

         

         

         

         

         

         

         

         

         

         

         

         

         

         

         

         

         

         

         

         

         

         

         

         

         

         

         

         

         

         

         

         

         

         

         

         

         

         

         

         

         

         

         

         

         

         

         

         

         

         

         

         

         

         

         

         

         

         

         

         

         

         

         

         

         

         

         

         

         

         

         

         

         

         

         

         

         

         

         

         

         

         

         

         

         

         

         

         

         

         

         

         

         

         

         

         

         

         

         

         

         

         

         

         

         

         

         

         

         

         

         

         

         

         

         

         

         

         

         

         

         

         

         

         

         

         

         

         

         

         

         

         

         

         

         

         

         

         

         

         

         

         

         

         

         

         

         

         

         

         

         

         

         

         

         

         

         

         

         

         

         

         

         

         

         

         

         

         

         

         

         

         

         

         

         

         

         

         

         

         

         

         

         

         

         

         

         

         

         

         

         

         

         

         

         

         

         

         

         

         

         

         

         

         

         

         

         

         

         

         

         

         

         

         

         

         

         

         

         

         

         

         

         

         

         

         

         

         

         

         

         

         

         

         

         

         

         

         

         

         

         

         

         

         

         

         

         

         

         

         

         

         

         

         

         

         

         

         

         

         

         

         

         

         

         

         

         

         

         

         

         

         

         

         

         

         

         

         

         

         

         

         

         

         

         

         

         

         

         

         

         

         

         

         

         

         

         

         

         

         

         

         

         

         

         

         

         

         

         

         

         

         

         

         

         

         

         

         

         

         

         

         

         

         

         

         

         

         

         

         

         

         

         

         

         

         

         

         

         

         

         

         

         

         

         

         

         

         

         

         

         

         

         

         

         

         

         

         

         

         

         

         

         

         

         

         

         

         

         

         

         

         

         

         

         

         

         

         

         

         

         

         

         

         

         

         

         

         

         

         

         

         

         

         

         

         

         

         

         

         

         

         

         

         

         

         

         

         

         

         

         

         

         

         

         

         

         

         

         

         

         

         

         

         

         

         

         

         

         

         

         

         

         

         

         

         

         

         

         

         

         

         

         

         

         

         

         

         

         

         

         

         

         

         

         

         

         

         

         

         

         

         

         

         

         

         

         

         

         

         

         

         

         

         

         

         

         

         

         

         

         

         

         

         

         

         

         

         

         

         

         

         

         

         

         

         

         

         

         

         

         

         

         

         

         

         

         

         

         

         

         

         

         

         

         

         

         

         

         

         

         

         

         

         

         

         

         

         

         

         

         

         

         

         

         

         

         

         

         

         

         

         

         

         

         

         

         

         

         

         

         

         

         

         

         

         

         

         

         

         

         

         

         

         

         

         

         

         

         

         

         

         

         

         

         

         

         

         

         

         

         

         

         

         

         

         

         

         

         

         

         

         

         

         

         

         

         

         

         

         

         

         

         

         

         

         

         

         

         

         

         

         

         

         

         

         

         

         

         

         

         

         

         

         

         

         

         

         

         

         

         

         

         

         

         

         

         

         

         

         

         

         

         

         

         

         

         

         

         

         

         

         

         

         

         

         

         

         

         

         

         

         

         

         

         

         

         

         

         

         

         

         

         

         

         

         

         

         

         

         

         

         

         

         

         

         

         

         

         

         

         

         

         

         

         

         

         

         

         

         

         

         

         

         

         

         

         

         

         

         

         

         

         

         

         

         

         

         

         

         

         

         

         

         

         

         

         

         

         

         

         

         

         

         

         

         

         

         

         

         

         

         

         

         

         

         

         

         

         

         

         

         

         

         

         

         

         

         

         

         

         

         

         

         

         

         

         

         

         

         

         

         

         

         

         

         

         

         

         

         

         

         

         

         

         

         

         

         

         

         

         

         

         

         

         

         

         

         

         

         

         

         

         

         

         

         

         

         

         

         

         

         

         

         

         

         

         

         

         

         

         

         

         

         

         

         

         

         

         

         

         

         

         

         

         

         

         

         

         

         

         

         

         

         

         

         

         

         

         

         

         

         

         

         

         

         

         

         

         

         

         

         

         

         

         

         

         

         

         

         

         

         

         

         

         

         

         

         

         

         

         

         

         

         

         

         

         

         

         

         

         

         

         

         

         

         

         

         

         

         

         

         

         

         

         

         

         

         

         

         

         

         

         

         

         

         

         

         

         

         

         

         

         

         

         

         

         

         

         

         

         

         

         

         

         

         

         

         

         

         

         

         

         

         

         

         

         

         

         

         

         

         

         

         

         

         

         

         

         

         

         

         

         

         

         

         

         

         

         

         

         

         

         

         

         

         

         

         

         

         

         

         

         

         

         

         

         

         

         

         

         

         

         

         

         

         

         

         

         

         

         

         

         

         

         

         

         

         

         

         

         

         

         

         

         

         

         

         

         

         

         

         

         

         

         

         

         

         

         

         

         

         

         

         

         

         

         

         

         

         

         

         

         

         

         

         

         

         

         

         

         

         

         

         

         

         

         

         

         

         

         

         

         

         

         

         

         

         

         

         

         

         

         

         

         

         

         

         

         

         

         

         

         

         

         

         

         

         

         

         

         

         

         

         

         

         

         

         

         

         

         

         

         

         

         

         

         

         

         

         

         

         

         

         

         

         

         

         

         

         

         

         

         

         

         

         

         

         

         

         

         

         

         

         

         

         

         

         

         

         

         

         

         

         

         

         

         

         

         

         

         

         

         

         

         

         

         

         

         

         

         

         

         

         

         

         

         

         

         

         

         

         

         

         

         

         

         

         

         

         

         

         

         

         

         

         

         

         

         

         

         

         

         

         

         

         

         

         

         

         

         

         

         

         

         

         

         

         

         

         

         

         

         

         

         

         

         

         

         

         

         

         

         

         

         

         

         

         

         

         

         

         

         

         

         

         

         

         

         

         

         

         

         

         

         

         

         

         

         

         

         

         

         

         

         

         

         

         

         

         

         

         

         

         

         

         

         

         

         

         

         

         

         

         

         

         

         

         

         

         

         

         

         

         

         

         

         

         

         

         

         

         

         

         

         

         

         

         

         

         

         

         

         

         

         

         

         

         

         

         

         

         

         

         

         

         

         

         

         

         

         

         

         

         

         

         

         

         

         

         

         

         

         

         

         

         

         

         

         

         

         

         

         

         

         

         

         

         

         

         

         

         

         

         

         

         

         

         

         

         

         

         

         

         

         

         

         

         

         

         

         

         

         

         

         

         

         

         

         

         

         

         

         

         

         

         

         

         

         

         

         

         

         

         

         

         

         

         

         

         

         

         

         

         

         

         

         

         

         

         

         

         

         

         

         

         

         

         

         

         

         

         

         

         

         

         

         

         

         

         

         

         

         

         

         

         

         

         

         

         

         

         

         

         

         

         

         

         

         

         

         

         

         

         

         

         

         

         

         

         

         

         

         

         

         

         

         

         

         

         

         

         

         

         

         

         

         

         

         

         

         

         

         

         

         

         

         

         

         

         

         

         

         

         

         

         

         

         

         

         

         

         

         

         

         

         

         

         

         

         

         

         

         

         

         

         

         

         

         

         

         

         

         

         

         

         

         

         

         

         

         

         

         

         

         

         

         

         

         

         

         

         

         

         

         

         

         

         

         

         

         

         

         

         

         

         

         

         

         

         

         

         

         

         

         

         

         

         

         

         

         

         

         

         

         

         

         

         

         

         

         

         

         

         

         

         

         

         

         

         

         

         

         

         

         

         

         

         

         

         

         

         

         

         

         

         

         

         

         

         

         

         

         

         

         

         

         

         

         

         

         

         

         

         

         

         

         

         

         

         

         

         

         

         

         

         

         

         

         

         

         

         

         

         

         

         

         

         

         

         

         

         

         

         

         

         

         

         

         

         

         

         

         

         

         

         

         

         

         

         

         

         

         

         

         

         

         

         

         

         

         

         

         

         

         

         

         

         

         

         

         

         

         

         

         

         

         

         

         

         

         

         

         

         

         

         

         

         

         

         

         

         

         

         

         

         

         

         

         

         

         

         

         

         

         

         

         

         

         

         

         

         

         

         

         

         

         

         

         

         

         

         

         

         

         

         

         

         

         

         

         

         

         

         

         

         

         

         

         

         

         

         

         

         

         

         

         

         

         

         

         

         

         

         

         

         

         

         

         

         

         

         

         

         

         

         

         

         

         

         

         

         

         

         

         

         

         

         

         

         

         

         

         

         

         

         

         

         

         

         

         

         

         

         

         

         

         

         

         

         

         

         

         

         

         

         

         

         

         

         

         

         

         

         

         

         

         

         

         

         

         

         

         

         

         

         

         

         

         

         

         

         

         

         

         

         

         

         

         

         

         

         

         

         

         

         

         

         

         

         

         

         

         

         

         

         

         

         

         

         

         

         

         

         

         

         

         

         

         

         

         

         

         

         

         

         

         

         

         

         

         

         

         

         

         

         

         

         

         

         

         

         

         

         

         

         

         

         

         

         

         

         

         

         

         

         

         

         

         

         

         

         

         

         

         

         

         

         

         

         

         

         

         

         

         

         

         

         

         

         

         

         

         

         

         

         

         

         

         

         

         

         

         

         

         

         

         

         

         

         

         

         

         

         

         

         

         

         

         

         

         

         

         

         

         

         

         

         

         

         

         

         

         

         

         

         

         

         

         

         

         

         

         

         

         

         

         

         

         

         

         

         

         

         

         

         

         

         

         

         

         

         

         

         

         

         

         

         

         

         

         

         

         

         

         

         

         

         

         

         

         

         

         

         

         

         

         

         

         

         

         

         

         

         

         

         

         

         

         

         

         

         

         

         

         

         

         

         

         

         

         

         

         

         

         

         

         

         

         

         

         

         

         

         

         

         

         

         

         

         

         

         

         

         

         

         

         

         

         

         

         

         

         

         

         

         

         

         

         

         

         

         

         

         

         

         

         

         

         

         

         

         

         

         

         

         

         

         

         

         

         

         

         

         

         

         

         

         

         

         

         

         

         

         

         

         

         

         

         

         

         

         

         

         

         

         

         

         

         

         

         

         

         

         

         

         

         

         

         

         

         

         

         

         

         

         

         

         

         

         

         

         

         

         

         

         

         

         

         

         

         

         

         

         

         

         

         

         

         

         

         

         

         

         

         

         

         

         

         

         

         

         

         

         

         

         

         

         

         

         

         

         

         

         

         

         

         

         

         

         

         

         

         

         

         

         

         

         

         

         

         

         

         

         

         

         

         

         

         

         

         

         

         

         

         

         

         

         

         

         

         

         

         

         

         

         

         

         

         

         

         

         

         

         

         

         

         

         

         

         

         

         

         

         

         

         

         

         

         

         

         

         

         

         

         

         

         

         

         

         

         

         

         

         

         

         

         

         

         

         

         

         

         

         

         

         

         

         

         

         

         

         

         

         

         

         

         

         

         

         

         

         

         

         

         

         

         

         

         

         

         

         

         

         

         

         

         

         

         

         

         

         

         

         

         

         

         

         

         

         

         

         

         

         

         

         

         

         

         

         

         

         

         

         

         

         

         

         

         

         

         

         

         

         

         

         

         

         

         

         

         

         

         

         

         

         

         

         

         

         

         

         

         

         

         

         

         

         

         

         

         

         

         

         

         

         

         

         

         

         

         

         

         

         

         

         

         

         

         

         

         

         

         

         

         

         

         

         

         

         

         

         

         

         

         

         

         

         

         

         

         

         

         

         

         

         

         

         

         

         

         

         

         

         

         

         

         

         

         

         

         

         

         

         

         

         

         

         

         

         

         

         

         

         

         

         

         

         

         

         

         

         

         

         

         

         

         

         

         

         

         

         

         

         

         

         

         

         

         

         

         

         

         

         

         

         

         

         

         

         

         

         

         

         

         

         

         

         

         

         

         

         

         

         

         

         

         

         

         

         

         

         

         

         

         

         

         

         

         

         

         

         

         

         

         

         

         

         

         

         

         

         

         

         

         

         

         

         

         

         

         

         

         

         

         

         

         

         

         

         

         

         

         

         

         

         

         

         

         

         

         

         

         

         

         

         

         

         

         

         

         

         

         

         

         

         

         

         

         

         

         

         

         

         

         

         

         

         

         

         

         

         

         

         

         

         

         

         

         

         

         

         

         

         

         

         

         

         

         

         

         

         

         

         

         

         

         

         

         

         

         

         

         

         

         

         

         

         

         

         

         

         

         

         

         

         

         

         

         

         

         

         

         

         

         

         

         

         

         

         

         

         

         

         

         

         

         

         

         

         

         

         

         

         

         

         

         

         

         

         

         

         

         

         

         

         

         

         

         

         

         

         

         

         

         

         

         

         

         

         

         

         

         

         

         

         

         

         

         

         

         

         

         

         

         

         

         

         

         

         

         

         

         

         

         

         

         

         

         

         

         

         

         

         

         

         

         

         

         

         

         

         

         

         

         

         

         

         

         

         

         

         

         

         

         

         

         

         

         

         

         

         

         

         

         

         

         

         

         

         

         

         

         

         

         

         

         

         

         

         

         

         

         

         

         

         

         

         

         

         

         

         

         

         

         

         

         

         

         

         

         

         

         

         

         

         

         

         

         

         

         

         

         

         

         

         

         

         

         

         

         

         

         

         

         

         

         

         

         

         

         

         

         

         

         

         

         

         

         

         

         

         

         

         

         

         

         

         

         

         

         

         

         

         

         

         

         

         

         

         

         

         

         

         

         

         

         

         

         

         

         

         

         

         

         

         

         

         

         

         

         

         

         

         

         

         

         

         

         

         

         

         

         

         

         

         

         

         

         

         

         

         

         

         

         

         

         

         

         

         

         

         

         

         

         

         

         

         

         

         

         

         

         

         

         

         

         

         

         

         

         

         

         

         

         

         

         

         

         

         

         

         

         

         

         

         

         

         

         

         

         

         

         

         

         

         

         

         

         

         

         

         

         

         

         

         

         

         

         

         

         

         

         

         

         

         

         

         

         

         

         

         

         

         

         

         

         

         

         

         

         

         

         

         

         

         

         

         

         

         

         

         

         

         

         

         

         

         

         

         

         

         

         

         

         

         

         

         

         

         

         

         

         

         

         

         

         

         

         

         

         

         

         

         

         

         

         

         

         

         

         

         

         

         

         

         

         

         

         

         

         

         

         

         

         

         

         

         

         

         

         

         

         

         

         

         

         

         

         

         

         

         

         

         

         

         

         

         

         

         

         

         

         

         

         

         

         

         

         

         

         

         

         

         

         

         

         

         

         

         

         

         

         

         

         

         

         

         

         

         

         

         

         

         

         

         

         

         

         

         

         

         

         

         

         

         

         

         

         

         

         

         

         

         

         

         

         

         

         

         

         

         

         

         

         

         

         

         

         

         

         

         

         

         

         

         

         

         

         

         

         

         

         

         

         

         

         

         

         

         

         

         

         

         

         

         

         

         

         

         

         

         

         

         

         

         

         

         

         

         

         

         

         

         

         

         

         

         

         

         

         

         

         

         

         

         

         

         

         

         

         

         

         

         

         

         

         

         

         

         

         

         

         

         

         

         

         

         

         

         

         

         

         

         

         

         

         

         

         

         

         

         

         

         

         

         

         

         

         

         

         

         

         

         

         

         

         

         

         

         

         

         

         

         

         

         

         

         

         

         

         

         

         

         

         

         

         

         

         

         

         

         

         

         

         

         

         

         

         

         

         

         

         

         

         

         

         

         

         

         

         

         

         

         

         

         

         

         

         

         

         

         

         

         

         

         

         

         

         

         

         

         

         

         

         

         

         

         

         

         

         

         

         

         

         

         

         

         

         

         

         

         

         

         

         

         

         

         

         

         

         

         

         

         

         

         

         

         

         

         

         

         

         

         

         

         

         

         

         

         

         

         

         

         

         

         

         

         

         

         

         

         

         

         

         

         

         

         

         

         

         

         

         

         

         

         

         

         

         

         

         

         

         

         

         

         

         

         

         

         

         

         

         

         

         

         

         

         

         

         

         

         

         

         

         

         

         

         

         

         

         

         

         

         

         

         

         

         

         

         

         

         

         

         

         

         

         

         

         

         

         

         

         

         

         

         

         

         

         

         

         

         

         

         

         

         

         

         

         

         

         

         

         

         

         

         

         

         

         

         

         

         

         

         

         

         

         

         

         

         

         

         

         

         

         

         

         

         

         

         

         

         

         

         

         

         

         

         

         

         

         

         

         

         

         

         

         

         

         

         

         

         

         

         

         

         

         

         

         

         

         

         

         

         

         

         

         

         

         

         

         

         

         

         

         

         

         

         

         

         

         

         

         

         

         

         

         

         

         

         

         

         

         

         

         

         

         

         

         

         

         

         

         

         

         

         

         

         

         

         

         

         

         

         

         

         

         

         

         

         

         

         

         

         

         

         

         

         

         

         

         

         

         

         

         

         

         

         

         

         

         

         

         

         

         

         

         

         

         

         

         

         

         

         

         

         

         

         

         

         

         

         

         

         

         

         

         

         

         

         

         

         

         

         

         

         

         

         

         

         

         

         

         

         

         

         

         

         

         

         

         

         

         

         

         

         

         

         

         

         

         

         

         

         

         

         

         

         

         

         

         

         

         

         

         

         

         

         

         

         

         

         

         

         

         

         

         

         

         

         

         

         

         

         

         

         

         

         

         

         

         

         

         

         

         

         

         

         

         

         

         

         

         

         

         

         

         

         

         

         

         

         

         

         

         

         

         

         

         

         

         

         

         

         

         

         

         

         

         

         

         

         

         

         

         

         

         

         

         

         

         

         

         

         

         

         

         

         

         

         

         

         

         

         

         

         

         

         

         

         

         

         

         

         

         

         

         

         

         

         

         

         

         

         

         

         

         

         

         

         

         

         

         

         

         

         

         

         

         

         

         

         

         

         

         

         

         

         

         

         

         

         

         

         

         

         

         

         

         

         

         

         

         

         

         

         

         

         

         

         

         

         

         

         

         

         

         

         

         

         

         

         

         

         

         

         

         

         

         

         

         

         

         

         

         

         

         

         

         

         

         

         

         

         

         

         

         

         

         

         

         

         

         

         

         

         

         

         

         

         

         

         

         

         

         

         

         

         

         

         

         

         

         

         

         

         

         

         

         

         

         

         

         

         

         

         

         

         

         

         

         

         

         

         

         

         

         

         

         

         

         

         

         

         

         

         

         

         

         

         

         

         

         

         

         

         

         

         

         

         

         

         

         

         

         

         

         

         

         

         

         

         

         

         

         

         

         

         

         

         

         

         

         

         

         

         

         

         

         

         

         

         

         

         

         

         

         

         

         

         

         

         

         

         

         

         

         

         

         

         

         

         

         

         

         

         

         

         

         

         

         

         

         

         

         

         

         

         

         

         

         

         

         

         

         

         

         

         

         

         

         

         

         

         

         

         

         

         

         

         

         

         

         

         

         

         

         

         

         

         

         

         

         

         

         

         

         

         

         

         

         

         

         

         

         

         

         

         

         

         

         

         

         

         

         

         

         

         

         

         

         

         

         

         

         

         

         

         

         

         

         

         

         

         

         

         

         

         

         

         

         

         

         

         

         

         

         

         

         

         

         

         

         

         

         

         

         

         

         

         

         

         

         

         

         

         

         

         

         

         

         

         

         

         

         

         

         

         

         

         

         

         

         

         

         

         

         

         

         

         

         

         

         

         

         

         

         

         

         

         

         

         

         

         

         

         

         

         

         

         

         

         

         

         

         

         

         

         

         

         

         

         

         

         

         

         

         

         

         

         

         

         

         

         

         

         

         

         

         

         

         

         

         

         

         

         

         

         

         

         

         

         

         

         

         

         

         

         

         

         

         

         

         

         

         

         

         

         

         

         

         

         

         

         

         

         

         

         

         

         

         

         

         

         

         

         

         

         

         

         

         

         

         

         

         

         

         

         

         

         

         

         

         

         

         

         

         

         

         

         

         

         

         

         

         

         

         

         

         

         

         

         

         

         

         

         

         

         

         

         

         

         

         

         

         

         

         

         

         

         

         

         

         

         

         

         

         

         

         

         

         

         

         

         

         

         

         

         

         

         

         

         

         

         

         

         

         

         

         

         

         

         

         

         

         

         

         

         

         

         

         

         

         

         

         

         

         

         

         

         

         

         

         

         

         

         

         

         

         

         

         

         

         

         

         

         

         

         

         

         

         

         

         

         

         

         

         

         

         

         

         

         

         

         

         

         

         

         

         

         

         

         

         

         

         

         

         

         

         

         

         

         

         

         

         

         

         

         

         

         

         

         

         

         

         

         

         

         

         

         

         

         

         

         

         

         

         

         

         

         

         

         

         

         

         

         

         

         

         

         

         

         

         

         

         

         

         

         

         

         

         

         

         

         

         

         

         

         

         

         

         

         

         

         

         

         

         

         

         

         

         

         

         

         

         

         

         

         

         

         

         

         

         

         

         

         

         

         

         

         

         

         

         

         

         

         

         

         

         

         

         

         

         

         

         

         

         

         

         

         

         

         

         

         

         

         

         

         

         

         

         

         

         

         

         

         

         

         

         

         

         

         

         

         

         

         

         

         

         

         

         

         

         

         

         

         

         
"
architecture,phase1,full,full,deepseek-v4-pro,openrouter/deepseek/deepseek-v4-pro,default,PB-Basic-029,IMO-medium,1,competition-hard,False,1,False,0,0,,1,0.333457,5288.36,
architecture,phase1,full,full,deepseek-v4-pro,openrouter/deepseek/deepseek-v4-pro,default,PB-Basic-030,IMO-easy,1,competition-hard,False,0,False,7,7,,1,0.129113,5040.66,
architecture,phase1,full,full,deepseek-v4-pro,openrouter/deepseek/deepseek-v4-pro,default,erdos-1051,Minor Novelty,3,research-medium,True,0,False,0,0,,1,0.385882,6373.94,
architecture,phase1,full,full,deepseek-v4-pro,openrouter/deepseek/deepseek-v4-pro,default,erdos-333,Literature Identification,2,research-easy,True,0,False,0,7,,1,0.377411,6005.12,
architecture,phase1,full,full,deepseek-v4-pro,openrouter/deepseek/deepseek-v4-pro,default,erdos-397,Independent Rediscovery,1,competition-hard,True,0,False,0,7,,1,0.445955,6455.83,
architecture,phase1,full,full,deepseek-v4-pro,openrouter/deepseek/deepseek-v4-pro,default,erdos-654,Negligible Novelty,2,research-easy,True,7,True,7,7,,1,0.113637,4073.49,
architecture,phase1,full,full,deepseek-v4-pro,openrouter/deepseek/deepseek-v4-pro,default,erdos-659,Negligible Novelty,2,research-easy,True,0,False,1,7,,1,0.188457,4501.82,
architecture,phase1,full,full,deepseek-v4-pro,openrouter/deepseek/deepseek-v4-pro,default,first-proof-10-official,1,2,research-easy,True,7,True,6,1,,1,0.073353,2207.7,
architecture,phase1,full,full,deepseek-v4-pro,openrouter/deepseek/deepseek-v4-pro,default,first-proof-4-official,3,4,research-hard,True,,,,,,0,0.115857,6203.22,"litellm.APIError: APIError: OpenrouterException - Unable to get json response - Expecting value: line 15665 column 1 (char 86152), Original Response: 
         

         

         

         

         

         

         

         

         

         

         

         

         

         

         

         

         

         

         

         

         

         

         

         

         

         

         

         

         

         

         

         

         

         

         

         

         

         

         

         

         

         

         

         

         

         

         

         

         

         

         

         

         

         

         

         

         

         

         

         

         

         

         

         

         

         

         

         

         

         

         

         

         

         

         

         

         

         

         

         

         

         

         

         

         

         

         

         

         

         

         

         

         

         

         

         

         

         

         

         

         

         

         

         

         

         

         

         

         

         

         

         

         

         

         

         

         

         

         

         

         

         

         

         

         

         

         

         

         

         

         

         

         

         

         

         

         

         

         

         

         

         

         

         

         

         

         

         

         

         

         

         

         

         

         

         

         

         

         

         

         

         

         

         

         

         

         

         

         

         

         

         

         

         

         

         

         

         

         

         

         

         

         

         

         

         

         

         

         

         

         

         

         

         

         

         

         

         

         

         

         

         

         

         

         

         

         

         

         

         

         

         

         

         

         

         

         

         

         

         

         

         

         

         

         

         

         

         

         

         

         

         

         

         

         

         

         

         

         

         

         

         

         

         

         

         

         

         

         

         

         

         

         

         

         

         

         

         

         

         

         

         

         

         

         

         

         

         

         

         

         

         

         

         

         

         

         

         

         

         

         

         

         

         

         

         

         

         

         

         

         

         

         

         

         

         

         

         

         

         

         

         

         

         

         

         

         

         

         

         

         

         

         

         

         

         

         

         

         

         

         

         

         

         

         

         

         

         

         

         

         

         

         

         

         

         

         

         

         

         

         

         

         

         

         

         

         

         

         

         

         

         

         

         

         

         

         

         

         

         

         

         

         

         

         

         

         

         

         

         

         

         

         

         

         

         

         

         

         

         

         

         

         

         

         

         

         

         

         

         

         

         

         

         

         

         

         

         

         

         

         

         

         

         

         

         

         

         

         

         

         

         

         

         

         

         

         

         

         

         

         

         

         

         

         

         

         

         

         

         

         

         

         

         

         

         

         

         

         

         

         

         

         

         

         

         

         

         

         

         

         

         

         

         

         

         

         

         

         

         

         

         

         

         

         

         

         

         

         

         

         

         

         

         

         

         

         

         

         

         

         

         

         

         

         

         

         

         

         

         

         

         

         

         

         

         

         

         

         

         

         

         

         

         

         

         

         

         

         

         

         

         

         

         

         

         

         

         

         

         

         

         

         

         

         

         

         

         

         

         

         

         

         

         

         

         

         

         

         

         

         

         

         

         

         

         

         

         

         

         

         

         

         

         

         

         

         

         

         

         

         

         

         

         

         

         

         

         

         

         

         

         

         

         

         

         

         

         

         

         

         

         

         

         

         

         

         

         

         

         

         

         

         

         

         

         

         

         

         

         

         

         

         

         

         

         

         

         

         

         

         

         

         

         

         

         

         

         

         

         

         

         

         

         

         

         

         

         

         

         

         

         

         

         

         

         

         

         

         

         

         

         

         

         

         

         

         

         

         

         

         

         

         

         

         

         

         

         

         

         

         

         

         

         

         

         

         

         

         

         

         

         

         

         

         

         

         

         

         

         

         

         

         

         

         

         

         

         

         

         

         

         

         

         

         

         

         

         

         

         

         

         

         

         

         

         

         

         

         

         

         

         

         

         

         

         

         

         

         

         

         

         

         

         

         

         

         

         

         

         

         

         

         

         

         

         

         

         

         

         

         

         

         

         

         

         

         

         

         

         

         

         

         

         

         

         

         

         

         

         

         

         

         

         

         

         

         

         

         

         

         

         

         

         

         

         

         

         

         

         

         

         

         

         

         

         

         

         

         

         

         

         

         

         

         

         

         

         

         

         

         

         

         

         

         

         

         

         

         

         

         

         

         

         

         

         

         

         

         

         

         

         

         

         

         

         

         

         

         

         

         

         

         

         

         

         

         

         

         

         

         

         

         

         

         

         

         

         

         

         

         

         

         

         

         

         

         

         

         

         

         

         

         

         

         

         

         

         

         

         

         

         

         

         

         

         

         

         

         

         

         

         

         

         

         

         

         

         

         

         

         

         

         

         

         

         

         

         

         

         

         

         

         

         

         

         

         

         

         

         

         

         

         

         

         

         

         

         

         

         

         

         

         

         

         

         

         

         

         

         

         

         

         

         

         

         

         

         

         

         

         

         

         

         

         

         

         

         

         

         

         

         

         

         

         

         

         

         

         

         

         

         

         

         

         

         

         

         

         

         

         

         

         

         

         

         

         

         

         

         

         

         

         

         

         

         

         

         

         

         

         

         

         

         

         

         

         

         

         

         

         

         

         

         

         

         

         

         

         

         

         

         

         

         

         

         

         

         

         

         

         

         

         

         

         

         

         

         

         

         

         

         

         

         

         

         

         

         

         

         

         

         

         

         

         

         

         

         

         

         

         

         

         

         

         

         

         

         

         

         

         

         

         

         

         

         

         

         

         

         

         

         

         

         

         

         

         

         

         

         

         

         

         

         

         

         

         

         

         

         

         

         

         

         

         

         

         

         

         

         

         

         

         

         

         

         

         

         

         

         

         

         

         

         

         

         

         

         

         

         

         

         

         

         

         

         

         

         

         

         

         

         

         

         

         

         

         

         

         

         

         

         

         

         

         

         

         

         

         

         

         

         

         

         

         

         

         

         

         

         

         

         

         

         

         

         

         

         

         

         

         

         

         

         

         

         

         

         

         

         

         

         

         

         

         

         

         

         

         

         

         

         

         

         

         

         

         

         

         

         

         

         

         

         

         

         

         

         

         

         

         

         

         

         

         

         

         

         

         

         

         

         

         

         

         

         

         

         

         

         

         

         

         

         

         

         

         

         

         

         

         

         

         

         

         

         

         

         

         

         

         

         

         

         

         

         

         

         

         

         

         

         

         

         

         

         

         

         

         

         

         

         

         

         

         

         

         

         

         

         

         

         

         

         

         

         

         

         

         

         

         

         

         

         

         

         

         

         

         

         

         

         

         

         

         

         

         

         

         

         

         

         

         

         

         

         

         

         

         

         

         

         

         

         

         

         

         

         

         

         

         

         

         

         

         

         

         

         

         

         

         

         

         

         

         

         

         

         

         

         

         

         

         

         

         

         

         

         

         

         

         

         

         

         

         

         

         

         

         

         

         

         

         

         

         

         

         

         

         

         

         

         

         

         

         

         

         

         

         

         

         

         

         

         

         

         

         

         

         

         

         

         

         

         

         

         

         

         

         

         

         

         

         

         

         

         

         

         

         

         

         

         

         

         

         

         

         

         

         

         

         

         

         

         

         

         

         

         

         

         

         

         

         

         

         

         

         

         

         

         

         

         

         

         

         

         

         

         

         

         

         

         

         

         

         

         

         

         

         

         

         

         

         

         

         

         

         

         

         

         

         

         

         

         

         

         

         

         

         

         

         

         

         

         

         

         

         

         

         

         

         

         

         

         

         

         

         

         

         

         

         

         

         

         

         

         

         

         

         

         

         

         

         

         

         

         

         

         

         

         

         

         

         

         

         

         

         

         

         

         

         

         

         

         

         

         

         

         

         

         

         

         

         

         

         

         

         

         

         

         

         

         

         

         

         

         

         

         

         

         

         

         

         

         

         

         

         

         

         

         

         

         

         

         

         

         

         

         

         

         

         

         

         

         

         

         

         

         

         

         

         

         

         

         

         

         

         

         

         

         

         

         

         

         

         

         

         

         

         

         

         

         

         

         

         

         

         

         

         

         

         

         

         

         

         

         

         

         

         

         

         

         

         

         

         

         

         

         

         

         

         

         

         

         

         

         

         

         

         

         

         

         

         

         

         

         

         

         

         

         

         

         

         

         

         

         

         

         

         

         

         

         

         

         

         

         

         

         

         

         

         

         

         

         

         

         

         

         

         

         

         

         

         

         

         

         

         

         

         

         

         

         

         

         

         

         

         

         

         

         

         

         

         

         

         

         

         

         

         

         

         

         

         

         

         

         

         

         

         

         

         

         

         

         

         

         

         

         

         

         

         

         

         

         

         

         

         

         

         

         

         

         

         

         

         

         

         

         

         

         

         

         

         

         

         

         

         

         

         

         

         

         

         

         

         

         

         

         

         

         

         

         

         

         

         

         

         

         

         

         

         

         

         

         

         

         

         

         

         

         

         

         

         

         

         

         

         

         

         

         

         

         

         

         

         

         

         

         

         

         

         

         

         

         

         

         

         

         

         

         

         

         

         

         

         

         

         

         

         

         

         

         

         

         

         

         

         

         

         

         

         

         

         

         

         

         

         

         

         

         

         

         

         

         

         

         

         

         

         

         

         

         

         

         

         

         

         

         

         

         

         

         

         

         

         

         

         

         

         

         

         

         

         

         

         

         

         

         

         

         

         

         

         

         

         

         

         

         

         

         

         

         

         

         

         

         

         

         

         

         

         

         

         

         

         

         

         

         

         

         

         

         

         

         

         

         

         

         

         

         

         

         

         

         

         

         

         

         

         

         

         

         

         

         

         

         

         

         

         

         

         

         

         

         

         

         

         

         

         

         

         

         

         

         

         

         

         

         

         

         

         

         

         

         

         

         

         

         

         

         

         

         

         

         

         

         

         

         

         

         

         

         

         

         

         

         

         

         

         

         

         

         

         

         

         

         

         

         

         

         

         

         

         

         

         

         

         

         

         

         

         

         

         

         

         

         

         

         

         

         

         

         

         

         

         

         

         

         

         

         

         

         

         

         

         

         

         

         

         

         

         

         

         

         

         

         

         

         

         

         

         

         

         

         

         

         

         

         

         

         

         

         

         

         

         

         

         

         

         

         

         

         

         

         

         

         

         

         

         

         

         

         

         

         

         

         

         

         

         

         

         

         

         

         

         

         

         

         

         

         

         

         

         

         

         

         

         

         

         

         

         

         

         

         

         

         

         

         

         

         

         

         

         

         

         

         

         

         

         

         

         

         

         

         

         

         

         

         

         

         

         

         

         

         

         

         

         

         

         

         

         

         

         

         

         

         

         

         

         

         

         

         

         

         

         

         

         

         

         

         

         

         

         

         

         

         

         

         

         

         

         

         

         

         

         

         

         

         

         

         

         

         

         

         

         

         

         

         

         

         

         

         

         

         

         

         

         

         

         

         

         

         

         

         

         

         

         

         

         

         

         

         

         

         

         

         

         

         

         

         

         

         

         

         

         

         

         

         

         

         

         

         

         

         

         

         

         

         

         

         

         

         

         

         

         

         

         

         

         

         

         

         

         

         

         

         

         

         

         

         

         

         

         

         

         

         

         

         

         

         

         

         

         

         

         

         

         

         

         

         

         

         

         

         

         

         

         

         

         

         

         

         

         

         

         

         

         

         

         

         

         

         

         

         

         

         

         

         

         

         

         

         

         

         

         

         

         

         

         

         

         

         

         

         

         

         

         

         

         

         

         

         

         

         

         

         

         

         

         

         

         

         

         

         

         

         

         

         

         

         

         

         

         

         

         

         

         

         

         

         

         

         

         

         

         

         

         

         

         

         

         

         

         

         

         

         

         

         

         

         

         

         

         

         

         

         

         

         

         

         

         

         

         

         

         

         

         

         

         

         

         

         

         

         

         

         

         

         

         

         

         

         

         

         

         

         

         

         

         

         

         

         

         

         

         

         

         

         

         

         

         

         

         

         

         

         

         

         

         

         

         

         

         

         

         

         

         

         

         

         

         

         

         

         

         

         

         

         

         

         

         

         

         

         

         

         

         

         

         

         

         

         

         

         

         

         

         

         

         

         

         

         

         

         

         

         

         

         

         

         

         

         

         

         

         

         

         

         

         

         

         

         

         

         

         

         

         

         

         

         

         

         

         

         

         

         

         

         

         

         

         

         

         

         

         

         

         

         

         

         

         

         

         

         

         

         

         

         

         

         

         

         

         

         

         

         

         

         

         

         

         

         

         

         

         

         

         

         

         

         

         

         

         

         

         

         

         

         

         

         

         

         

         

         

         

         

         

         

         

         

         

         

         

         

         

         

         

         

         

         

         

         

         

         

         

         

         

         

         

         

         

         

         

         

         

         

         

         

         

         

         

         

         

         

         

         

         

         

         

         

         

         

         

         

         

         

         

         

         

         

         

         

         

         

         

         

         

         

         

         

         

         

         

         

         

         

         

         

         

         

         

         

         

         

         

         

         

         

         

         

         

         

         

         

         

         

         

         

         

         

         

         

         

         

         

         

         

         

         

         

         

         

         

         

         

         

         

         

         

         

         

         

         

         

         

         

         

         

         

         

         

         

         

         

         

         

         

         

         

         

         

         

         

         

         

         

         

         

         

         

         

         

         

         

         

         

         

         

         

         

         

         

         

         

         

         

         

         

         

         

         

         

         

         

         

         

         

         

         

         

         

         

         

         

         

         

         

         

         

         

         

         

         

         

         

         

         

         

         

         

         

         

         

         

         

         

         

         

         

         

         

         

         

         

         

         

         

         

         

         

         

         

         

         

         

         

         

         

         

         

         

         

         

         

         

         

         

         

         

         

         

         

         

         

         

         

         

         

         

         

         

         

         

         

         

         

         

         

         

         

         

         

         

         

         

         

         

         

         

         

         

         

         

         

         

         

         

         

         

         

         

         

         

         

         

         

         

         

         

         

         

         

         

         

         

         

         

         

         

         

         

         

         

         

         

         

         

         

         

         

         

         

         

         

         

         

         

         

         

         

         

         

         

         

         

         

         

         

         

         

         

         

         

         

         

         

         

         

         

         

         

         

         

         

         

         

         

         

         

         

         

         

         

         

         

         

         

         

         

         

         

         

         

         

         

         

         

         

         

         

         

         

         

         

         

         

         

         

         

         

         

         

         

         

         

         

         

         

         

         

         

         

         

         

         

         

         

         

         

         

         

         

         

         

         

         

         

         

         

         

         

         

         

         

         

         

         

         

         

         

         

         

         

         

         

         

         

         

         

         

         

         

         

         

         

         

         

         

         

         

         

         

         

         

         

         

         

         

         

         

         

         

         

         

         

         

         

         

         

         

         

         

         

         

         

         

         

         

         

         

         

         

         

         

         

         

         

         

         

         

         

         

         

         

         

         

         

         

         

         

         

         

         

         

         

         

         

         

         

         

         

         

         

         

         

         

         

         

         

         

         

         

         

         

         

         

         

         

         

         

         

         

         

         

         

         

         

         

         

         

         

         

         

         

         

         

         

         

         

         

         

         

         

         

         

         

         

         

         

         

         

         

         

         

         

         

         

         

         

         

         

         

         

         

         

         

         

         

         

         

         

         

         

         

         

         

         

         

         

         

         

         

         

         

         

         

         

         

         

         

         

         

         

         

         

         

         

         

         

         

         

         

         

         

         

         

         

         

         

         

         

         

         

         

         

         

         

         

         

         

         

         

         

         

         

         

         

         

         

         

         

         

         

         

         

         

         

         

         

         

         

         

         

         

         

         

         

         

         

         

         

         

         

         

         

         

         

         

         

         

         

         

         

         

         

         

         

         

         

         

         

         

         

         

         

         

         

         

         

         

         

         

         

         

         

         

         

         

         

         

         

         

         

         

         

         

         

         

         

         

         

         

         

         

         

         

         

         

         

         

         

         

         

         

         

         

         

         

         

         

         

         

         

         

         

         

         

         

         

         

         

         

         

         

         

         

         

         

         

         

         

         

         

         

         

         

         

         

         

         

         

         

         

         

         

         

         

         

         

         

         

         

         

         

         

         

         

         

         

         

         

         

         

         

         

         

         

         

         

         

         

         

         

         

         

         

         

         

         

         

         

         

         

         

         

         

         

         

         

         

         

         

         

         

         

         

         

         

         

         

         

         

         

         

         

         

         

         

         

         

         

         

         

         

         

         

         

         

         

         

         

         

         

         

         

         

         

         

         

         

         

         

         

         

         

         

         

         

         

         

         

         

         

         

         

         

         

         

         

         

         

         

         

         

         

         

         

         

         

         

         

         

         

         

         

         

         

         

         

         

         

         

         

         

         

         

         

         

         

         

         

         

         

         

         

         

         

         

         

         

         

         

         

         

         

         

         

         

         

         

         

         

         

         

         

         

         

         

         

         

         

         

         

         

         

         

         

         

         

         

         

         

         

         

         

         

         

         

         

         

         

         

         

         

         

         

         

         

         

         

         

         

         

         

         

         

         

         

         

         

         

         

         

         

         

         

         

         

         

         

         

         

         

         

         

         

         

         

         

         

         

         

         

         

         

         

         

         

         

         

         

         

         

         

         

         

         

         

         

         

         

         

         

         

         

         

         

         

         

         

         

         

         

         

         

         

         

         

         

         

         

         

         

         

         

         

         

         

         

         

         

         

         

         

         

         

         

         

         

         

         

         

         

         

         

         

         

         

         

         

         

         

         

         

         

         

         

         

         

         

         

         

         

         

         

         

         

         

         

         

         

         

         

         

         

         

         

         

         

         

         

         

         

         

         

         

         

         

         

         

         

         

         

         

         

         

         

         

         

         

         

         

         

         

         

         

         

         

         

         

         

         

         

         

         

         

         

         

         

         

         

         

         

         

         

         

         

         

         

         

         

         

         

         

         

         

         

         

         

         

         

         

         

         

         

         

         

         

         

         

         

         

         

         

         

         

         

         

         

         

         

         

         

         

         

         

         

         

         

         

         

         

         

         

         

         

         

         

         

         

         

         

         

         

         

         

         

         

         

         

         

         

         

         

         

         

         

         

         

         

         

         

         

         

         

         

         

         

         

         

         

         

         

         

         

         

         

         

         

         

         

         

         

         

         

         

         

         

         

         

         

         

         

         

         

         

         

         

         

         

         

         

         

         

         

         

         

         

         

         

         

         

         

         

         

         

         

         

         

         

         

         

         

         

         

         

         

         

         

         

         

         

         

         

         

         

         

         

         

         

         

         

         

         

         

         

         

         

         

         

         

         

         

         

         

         

         

         

         

         

         

         

         

         

         

         

         

         

         

         

         

         

         

         

         

         

         

         

         

         

         

         

         

         

         

         

         

         

         

         

         

         

         

         

         

         

         

         

         

         

         

         

         

         

         

         

         

         

         

         

         

         

         

         

         

         

         

         

         

         

         

         

         

         

         

         

         

         

         

         

         

         

         

         

         

         

         

         

         

         

         

         

         

         

         

         

         

         

         

         

         

         

         

         

         

         

         

         

         

         

         

         

         

         

         

         

         

         

         

         

         

         

         

         

         

         

         

         

         

         

         

         

         

         

         

         

         

         

         

         

         

         

         

         

         

         

         

         

         

         

         

         

         

         

         

         

         

         

         

         

         

         

         

         

         

         

         

         

         

         

         

         

         

         

         

         

         

         

         

         

         

         

         

         

         

         

         

         

         

         

         

         

         

         

         

         

         

         

         

         

         

         

         

         

         

         

         

         

         

         

         

         

         

         

         

         

         

         

         

         

         

         

         

         

         

         

         

         

         

         

         

         

         

         

         

         

         

         

         

         

         

         

         

         

         

         

         

         

         

         

         

         

         

         

         

         

         

         

         

         

         

         

         

         

         

         

         

         

         

         

         

         

         

         

         

         

         

         

         

         

         

         

         

         

         

         

         

         

         

         

         

         

         

         

         

         

         

         

         

         

         

         

         

         

         

         

         

         

         

         

         

         

         

         

         

         

         

         

         

         

         

         

         

         

         

         

         

         

         

         

         

         

         

         

         

         

         

         

         

         

         

         

         

         

         

         

         

         

         

         

         

         

         

         

         

         

         

         

         

         

         

         

         

         

         

         

         

         

         

         

         

         

         

         

         

         

         

         

         

         

         

         

         

         

         

         

         

         

         

         

         

         

         

         

         

         

         

         

         

         

         

         

         

         

         

         

         

         

         

         

         

         

         

         

         

         

         

         

         

         

         

         

         

         

         

         

         

         

         

         

         

         

         

         

         

         

         

         

         

         

         

         

         

         

         

         

         

         

         

         

         

         

         

         

         

         

         

         

         

         

         

         

         

         

         

         

         

         

         

         

         

         

         

         

         

         

         

         

         

         

         

         

         

         

         

         

         

         

         

         

         

         

         

         

         

         

         

         

         

         

         

         

         

         

         

         

         

         

         

         

         

         

         

         

         

         

         

         

         

         

         

         

         

         

         

         

         

         

         

         

         

         

         

         

         

         

         

         

         

         

         

         

         

         

         

         

         

         

         

         

         

         

         

         

         

         

         

         

         

         

         

         

         

         

         

         

         

         

         

         

         

         

         

         

         

         

         

         

         

         

         

         

         

         

         

         

         

         

         

         

         

         

         

         

         

         

         

         

         

         

         

         

         

         

         

         

         

         

         

         

         

         

         

         

         

         

         

         

         

         

         

         

         

         

         

         

         

         

         

         

         

         

         

         

         

         

         

         

         

         

         

         

         

         

         

         

         

         

         

         

         

         

         

         

         

         

         

         

         

         

         

         

         

         

         

         

         

         

         

         

         

         

         

         

         

         

         

         

         

         

         

         

         

         

         

         

         

         

         

         

         

         

         

         

         

         

         

         

         

         

         

         

         

         

         

         

         

         

         

         

         

         

         

         

         

         

         

         

         

         

         

         

         

         

         

         

         

         

         

         

         

         

         

         

         

         

         

         

         

         

         

         

         

         

         

         

         

         

         

         

         

         

         

         

         

         

         

         

         

         

         

         

         

         

         

         

         

         

         

         

         

         

         

         

         

         

         

         

         

         

         

         

         

         

         

         

         

         

         

         

         

         

         

         

         

         

         

         

         

         

         

         

         

         

         

         

         

         

         

         

         

         

         

         

         

         

         

         

         

         

         

         

         

         

         

         

         

         

         

         

         

         

         

         

         

         

         

         

         

         

         

         

         

         

         

         

         

         

         

         

         

         

         

         

         

         

         

         

         

         

         

         

         

         

         

         

         

         

         

         

         

         

         

         

         

         

         

         

         

         

         

         

         

         

         

         

         

         

         

         

         

         

         

         

         

         

         

         

         

         

         

         

         

         

         

         

         

         

         

         

         

         

         

         

         

         

         

         

         

         

         

         

         

         

         

         

         

         

         

         

         

         

         

         

         

         

         

         

         

         

         

         

         

         

         

         

         

         

         

         

         

         

         

         

         

         

         

         

         

         

         

         

         

         

         

         

         

         

         

         

         

         

         

         

         

         

         

         

         

         

         

         

         

         

         

         

         

         

         

         

         

         

         

         

         

         

         

         

         

         

         

         

         

         

         

         

         

         

         

         

         

         

         

         

         

         

         

         

         

         

         

         

         

         

         

         

         

         

         

         

         

         

         

         

         

         

         

         

         

         

         

         

         

         

         

         

         

         

         

         

         

         

         

         

         

         

         

         

         

         

         

         

         

         

         

         

         

         

         

         

         

         

         

         

         

         

         

         

         

         

         

         

         

         

         

         

         

         

         

         

         

         

         

         

         

         

         

         

         

         

         

         

         

         

         

         

         

         

         

         

         

         

         

         

         

         

         

         

         

         

         

         

         

         

         

         

         

         

         

         

         

         

         

         

         

         

         

         

         

         

         

         

         

         

         

         

         

         

         

         

         

         

         

         

         

         

         

         

         

         

         

         

         

         

         

         

         

         

         

         

         

         

         

         

         

         

         

         

         

         

         

         

         

         

         

         

         

         

         

         

         

         

         

         

         

         

         

         

         

         

         

         

         

         

         

         

         

         

         

         

         

         

         

         

         

         

         

         

         

         

         

         

         

         

         

         

         

         

         

         

         

         

         

         

         

         

         

         

         

         

         

         

         

         

         

         

         

         

         

         

         

         

         

         

         

         

         

         

         

         

         

         

         

         

         

         

         

         

         

         

         

         

         

         

         

         

         

         

         

         

         

         

         

         

         

         

         

         

         

         

         

         

         

         

         

         

         

         

         

         

         

         

         

         

         

         

         

         

         

         

         

         

         

         

         

         

         

         

         

         

         

         

         

         

         

         

         

         

         

         

         

         

         

         

         

         

         

         

         

         

         

         

         

         

         

         

         

         

         

         

         

         

         

         

         

         

         

         

         

         

         

         

         

         

         

         

         

         

         

         

         

         

         

         

         

         

         

         

         

         

         

         

         

         

         

         

         

         

         

         

         

         

         

         

         

         

         

         

         

         

         

         

         

         

         

         

         

         

         

         

         

         

         

         

         

         

         

         

         

         

         

         

         

         

         

         

         

         

         

         

         

         

         

         

         

         

         

         

         

         

         

         

         

         

         

         

         

         

         

         

         

         

         

         

         

         

         

         

         

         

         

         

         

         

         

         

         

         

         

         

         

         

         

         

         

         

         

         

         

         

         

         

         

         

         

         

         

         

         

         

         

         

         

         

         

         

         

         

         

         

         

         

         

         

         

         

         

         

         

         

         

         

         

         

         

         

         

         

         

         

         

         

         

         

         

         

         

         

         

         

         

         

         

         

         

         

         

         

         

         

         

         

         

         

         

         

         

         

         

         

         

         

         

         

         

         

         

         

         

         

         

         

         

         

         

         

         

         

         

         

         

         

         

         

         

         

         

         

         

         

         

         

         

         

         

         

         

         

         

         

         

         

         

         

         

         

         

         

         

         

         

         

         

         

         

         

         

         

         

         

         

         

         

         

         

         

         

         

         

         

         

         

         

         

         

         

         

         

         

         

         

         

         

         

         

         

         

         

         

         

         

         

         

         

         

         

         

         

         

         

         

         

         

         

         

         

         

         

         

         

         

         

         

         

         

         

         

         

         

         

         

         

         

         

         

         

         

         

         

         

         

         

         

         

         

         

         

         

         

         

         

         

         

         

         

         

         

         

         

         

         

         

         

         

         

         

         

         

         

         

         

         

         

         

         

         

         

         

         

         

         

         

         

         

         

         

         

         

         

         

         

         

         

         

         

         

         

         

         

         

         

         

         

         

         

         

         

         

         

         

         

         

         

         

         

         

         

         

         

         

         

         

         

         

         

         

         

         

         

         

         

         

         

         

         

         

         

         

         

         

         

         

         

         

         

         

         

         

         

         

         

         

         

         

         

         

         

         

         

         

         

         

         

         

         

         

         

         

         

         

         

         

         

         

         

         

         

         

         

         

         

         

         

         

         

         

         

         

         

         

         

         

         

         

         

         

         

         

         

         

         

         

         

         

         

         

         

         

         

         

         

         

         

         

         

         

         

         

         

         

         

         

         

         

         

         

         

         

         

         

         

         

         

         

         

         

         

         

         

         

         

         

         

         

         

         

         

         

         

         

         

         

         

         

         

         

         

         

         

         

         

         

         

         

         

         

         

         

         

         

         

         

         

         

         

         

         

         

         

         

         

         

         

         

         

         

         

         

         

         

         

         

         

         

         

         

         

         

         

         

         

         

         

         

         

         

         

         

         

         

         

         

         

         

         

         

         

         

         

         

         

         

         

         

         

         

         

         

         

         

         

         

         

         

         

         

         

         

         

         

         

         

         

         

         

         

         

         

         

         

         

         

         

         

         

         

         

         

         

         

         

         

         

         

         

         

         

         

         

         

         

         

         

         

         

         

         

         

         

         

         

         

         

         

         

         

         

         

         

         

         

         

         

         

         

         

         

         

         

         

         

         

         

         

         

         

         

         

         

         

         

         

         

         

         

         

         

         

         

         

         

         

         

         

         

         

         

         

         

         

         

         

         

         

         

         

         

         

         

         

         

         

         

         

         

         

         

         

         

         

         

         

         

         

         

         

         

         

         

         

         

         

         

         

         

         

         

         

         

         

         

         

         

         

         

         

         

         

         

         

         

         

         

         

         

         

         

         

         

         

         

         

         

         

         

         

         

         

         

         

         

         

         

         

         

         

         

         

         

         

         

         

         

         

         

         

         

         

         

         

         

         

         

         

         

         

         

         

         

         

         

         

         

         

         

         

         

         

         

         

         

         

         

         

         

         

         

         

         

         

         

         

         

         

         

         

         

         

         

         

         

         

         

         

         

         

         

         

         

         

         

         

         

         

         

         

         

         

         

         

         

         

         

         

         

         

         

         

         

         

         

         

         

         

         

         

         

         

         

         

         

         

         

         

         

         

         

         

         

         

         

         

         

         

         

         

         

         

         

         

         

         

         

         

         

         

         

         

         

         

         

         

         

         

         

         

         

         

         

         

         

         

         

         

         

         

         

         

         

         

         

         

         

         

         

         

         

         

         

         

         

         

         

         

         

         

         

         

         

         

         

         

         

         

         

         

         

         

         

         

         

         

         

         

         

         

         

         

         

         

         

         

         

         

         

         

         

         

         

         

         

         

         

         

         

         

         

         

         

         

         

         

         

         

         

         

         

         

         

         

         

         

         

         

         

         

         

         

         

         

         

         

         

         

         

         

         

         

         

         

         

         

         

         

         

         

         

         

         

         

         

         

         

         

         

         

         

         

         

         

         

         

         

         

         

         

         

         

         

         

         

         

         

         

         

         

         

         

         

         

         

         

         

         

         

         

         

         

         

         

         

         

         

         

         

         

         

         

         

         

         

         

         

         

         

         

         

         

         

         

         

         

         

         

         

         

         

         

         

         

         

         

         

         

         

         

         

         

         

         

         

         

         

         

         

         

         

         

         

         

         

         

         

         

         

         

         

         

         

         

         

         

         

         

         

         

         

         

         

         

         

         

         

         

         

         

         

         

         

         

         

         

         

         

         

         

         

         

         

         

         

         

         

         

         

         

         

         

         

         

         

         

         

         

         

         

         

         

         

         

         

         

         

         

         

         

         

         

         

         

         

         

         

         

         

         

         

         

         

         

         

         

         

         

         

         

         

         

         

         

         

         

         

         

         

         

         

         

         

         

         

         

         

         

         

         

         

         

         

         

         

         

         

         

         

         

         

         

         

         

         

         

         

         

         

         

         

         

         

         

         

         

         

         

         

         

         

         

         

         

         

         

         

         

         

         

         

         

         

         

         

         

         

         

         

         

         

         

         

         

         

         

         

         

         

         

         

         

         

         

         

         

         

         

         

         

         

         

         

         

         

         

         

         

         

         

         

         

         

         

         

         

         

         

         

         

         

         

         

         

         

         

         

         

         

         

         

         

         

         

         

         

         

         

         

         

         

         

         

         

         

         

         

         

         

         

         

         

         

         

         

         

         

         

         

         

         

         

         

         

         

         

         

         

         

         

         

         

         

         

         

         

         

         

         

         

         

         

         

         

         

         

         

         

         

         

         

         

         

         

         

         

         

         

         

         

         

         

         

         

         

         

         

         

         

         

         

         

         

         

         

         

         

         

         

         

         

         

         

         

         

         

         

         

         

         

         

         

         

         

         

         

         

         

         

         

         

         

         

         

         

         

         

         

         

         

         

         

         

         

         

         

         

         

         

         

         

         

         

         

         

         

         

         

         

         

         

         

         

         

         

         

         

         

         

         

         

         

         

         

         

         

         

         

         

         

         

         

         

         

         

         

         

         

         

         

         

         

         

         

         

         

         

         

         

         

         

         

         

         

         

         

         

         

         

         

         

         

         

         

         

         

         

         

         

         

         

         

         

         

         

         

         

         

         

         

         

         

         

         

         

         

         

         

         

         

         

         

         

         

         

         

         

         

         

         

         

         

         

         

         

         

         

         

         

         

         

         

         

         

         

         

         

         

         

         

         

         

         

         

         

         

         

         

         

         

         

         

         

         

         

         

         

         

         

         

         

         

         

         

         

         

         

         

         

         

         

         

         

         

         

         

         

         

         

         

         

         

         

         

         

         

         

         

         

         

         

         

         

         

         

         

         

         

         

         

         

         

         

         

         

         

         

         

         

         

         

         

         

         

         

         

         

         

         

         

         

         

         

         

         

         

         

         

         

         

         

         

         

         

         

         

         

         

         

         

         

         

         

         

         

         

         

         

         

         

         

         

         

         

         

         

         

         

         

         

         

         

         

         

         

         

         

         

         

         

         

         

         

         

         

         

         

         

         

         

         

         

         

         

         

         

         

         

         

         

         

         

         

         

         

         

         

         

         

         

         

         

         

         

         

         

         

         

         

         

         

         

         

         

         

         

         

         

         

         

         

         

         

         

         

         

         

         

         

         

         

         

         

         

         

         

         

         

         

         

         

         

         

         

         

         

         

         

         

         

         

         

         

         

         

         

         

         

         

         

         

         

         

         

         

         

         

         

         

         

         

         

         

         

         

         

         

         

         

         

         

         

         

         

         

         

         

         

         

         

         

         

         

         

         

         

         

         

         

         

         

         

         

         

         

         

         

         

         

         

         

         

         

         

         

         

         

         

         

         

         

         

         

         

         

         

         

         

         

         

         

         

         

         

         

         

         

         

         

         

         

         

         

         

         

         

         

         

         

         

         

         

         

         

         

         

         

         

         

         

         

         

         

         

         

         

         

         

         

         

         

         

         

         

         

         

         

         

         

         

         

         

         

         

         

         

         

         

         

         

         

         

         

         

         

         

         

         

         

         

         

         

         

         

         

         

         

         

         

         

         

         

         

         

         

         

         

         

         

         

         

         

         

         

         

         

         

         

         

         

         

         

         

         

         

         

         

         

         

         

         

         

         

         

         

         

         

         

         

         

         

         

         

         

         

         

         

         

         

         

         

         

         

         

         

         

         

         

         

         

         

         

         

         

         

         

         

         

         

         

         

         

         

         

         

         

         

         

         

         

         

         

         

         

         

         

         

         

         

         

         

         

         

         

         

         

         

         

         

         

         

         

         

         

         

         

         

         

         

         

         

         

         

         

         

         

         

         

         

         

         

         

         

         

         

         

         

         

         

         

         

         

         

         

         

         

         

         

         

         

         

         

         

         

         

         

         

         

         

         

         

         

         

         

         

         

         

         

         

         

         

         

         

         

         

         

         

         

         

         

         

         

         

         

         

         

         

         

         

         

         

         

         

         

         

         

         

         

         

         

         

         

         

         

         

         

         

         

         

         

         

         

         

         

         

         

         

         

         

         

         

         

         

         

         

         

         

         

         

         

         

         

         

         

         

         

         

         

         

         

         

         

         

         

         

         

         

         

         

         

         

         

         

         

         

         

         

         

         

         

         

         

         

         

         

         

         

         

         

         

         

         

         

         

         

         

         

         

         

         

         

         

         

         

         

         

         

         

         

         

         

         

         

         

         

         

         

         

         

         

         

         

         

         

         

         

         

         

         

         

         

         

         

         

         

         

         

         

         

         

         

         

         

         

         

         

         

         

         

         

         

         

         

         

         

         

         

         

         

         

         

         

         

         

         

         

         

         

         

         

         

         

         

         

         

         

         

         

         

         

         

         

         

         

         

         

         

         

         

         

         

         

         

         

         

         

         

         

         

         

         

         

         

         

         

         

         

         

         

         

         

         

         

         

         

         

         

         

         

         

         

         

         

         

         

         

         

         

         

         

         

         

         

         

         

         

         

         

         

         

         

         

         

         

         

         

         

         

         

         

         

         

         

         

         

         

         

         

         

         

         

         

         

         

         

         

         

         

         

         

         

         

         

         

         

         

         

         

         

         

         

         

         

         

         

         

         

         

         

         

         

         

         

         

         

         

         

         

         

         

         

         

         

         

         

         

         

         

         

         

         

         

         

         

         

         

         

         

         

         

         

         

         

         

         

         

         

         

         

         

         

         

         

         

         

         

         

         

         

         

         

         

         

         

         

         

         

         

         

         

         

         

         

         

         

         

         

         

         

         

         

         

         

         

         

         

         

         

         

         

         

         

         

         

         

         

         

         

         

         

         

         

         

         

         

         

         

         

         

         

         

         

         

         

         

         

         

         

         

         

         

         

         

         

         

         

         

         

         

         

         

         

         

         

         

         

         

         

         

         

         

         

         

         

         

         

         

         

         

         

         

         

         

         

         

         

         

         

         

         

         

         

         

         

         

         

         

         

         

         

         

         

         

         

         

         
"
architecture,phase1,full,full,deepseek-v4-pro,openrouter/deepseek/deepseek-v4-pro,default,first-proof-5-official,2,3,research-medium,True,0,False,0,0,,1,0.203379,9410.23,
architecture,phase1,full,full,deepseek-v4-pro,openrouter/deepseek/deepseek-v4-pro,default,first-proof-6-official,3,4,research-hard,True,0,False,0,7,,1,0.190538,3571.55,
architecture,phase1,full,full,deepseek-v4-pro,openrouter/deepseek/deepseek-v4-pro,default,ramsey-hypergraphs,Moderately Interesting,5,research-frontier,True,0,False,0,0,,1,0.208461,6327.9,
architecture,phase1,full,full,gemini-3-flash-preview,openrouter/google/gemini-3-flash-preview,default,PB-Advanced-001,IMO-easy,1,competition-hard,False,0,False,0,7,,1,0.052836,169.54,
architecture,phase1,full,full,gemini-3-flash-preview,openrouter/google/gemini-3-flash-preview,default,PB-Advanced-002,IMO-medium,1,competition-hard,False,,,0,7,,1,0.086445,592.69,
architecture,phase1,full,full,gemini-3-flash-preview,openrouter/google/gemini-3-flash-preview,default,PB-Advanced-003,IMO-hard,1,competition-hard,False,0,False,0,1,,1,0.066167,123.57,
architecture,phase1,full,full,gemini-3-flash-preview,openrouter/google/gemini-3-flash-preview,default,PB-Advanced-004,IMO-easy,1,competition-hard,False,0,False,1,7,,1,0.073511,566.39,
architecture,phase1,full,full,gemini-3-flash-preview,openrouter/google/gemini-3-flash-preview,default,PB-Advanced-005,IMO-medium,1,competition-hard,False,0,False,0,0,,1,0.065464,329.18,
architecture,phase1,full,full,gemini-3-flash-preview,openrouter/google/gemini-3-flash-preview,default,PB-Advanced-006,IMO-hard,1,competition-hard,False,0,False,0,1,,1,0.065542,172.77,
architecture,phase1,full,full,gemini-3-flash-preview,openrouter/google/gemini-3-flash-preview,default,PB-Advanced-007,IMO-easy,1,competition-hard,False,0,False,0,0,,1,0.257614,318.45,
architecture,phase1,full,full,gemini-3-flash-preview,openrouter/google/gemini-3-flash-preview,default,PB-Advanced-008,IMO-medium,1,competition-hard,False,0,False,0,1,,1,0.075471,371.35,
architecture,phase1,full,full,gemini-3-flash-preview,openrouter/google/gemini-3-flash-preview,default,PB-Advanced-009,IMO-hard,1,competition-hard,False,0,False,0,0,,1,0.05895,207.68,
architecture,phase1,full,full,gemini-3-flash-preview,openrouter/google/gemini-3-flash-preview,default,PB-Advanced-010,IMO-medium,1,competition-hard,False,0,False,0,0,,1,0.050633,256.25,
architecture,phase1,full,full,gemini-3-flash-preview,openrouter/google/gemini-3-flash-preview,default,PB-Advanced-011,IMO-medium,1,competition-hard,False,0,False,0,6,,1,0.059124,374.9,
architecture,phase1,full,full,gemini-3-flash-preview,openrouter/google/gemini-3-flash-preview,default,PB-Advanced-012,IMO-hard,1,competition-hard,False,0,False,0,6,,1,0.030479,333.12,
architecture,phase1,full,full,gemini-3-flash-preview,openrouter/google/gemini-3-flash-preview,default,PB-Advanced-013,IMO-easy,1,competition-hard,False,0,False,0,0,,1,0.090111,206.03,
architecture,phase1,full,full,gemini-3-flash-preview,openrouter/google/gemini-3-flash-preview,default,PB-Advanced-014,IMO-medium,1,competition-hard,False,0,False,0,0,,1,0.068823,115.13,
architecture,phase1,full,full,gemini-3-flash-preview,openrouter/google/gemini-3-flash-preview,default,PB-Advanced-015,IMO-hard,1,competition-hard,False,0,False,0,0,,1,0.0558,342.39,
architecture,phase1,full,full,gemini-3-flash-preview,openrouter/google/gemini-3-flash-preview,default,PB-Advanced-016,IMO-easy,1,competition-hard,False,0,False,0,1,,1,0.062843,357.83,
architecture,phase1,full,full,gemini-3-flash-preview,openrouter/google/gemini-3-flash-preview,default,PB-Advanced-017,IMO-easy,1,competition-hard,False,0,False,1,7,,1,0.313575,358.55,
architecture,phase1,full,full,gemini-3-flash-preview,openrouter/google/gemini-3-flash-preview,default,PB-Advanced-018,IMO-hard,1,competition-hard,False,0,False,0,0,,1,0.075548,231.33,
architecture,phase1,full,full,gemini-3-flash-preview,openrouter/google/gemini-3-flash-preview,default,PB-Advanced-019,IMO-easy,1,competition-hard,False,7,True,1,7,,1,0.080974,453.22,
architecture,phase1,full,full,gemini-3-flash-preview,openrouter/google/gemini-3-flash-preview,default,PB-Advanced-020,IMO-medium,1,competition-hard,False,0,False,0,7,,1,0.027462,171.64,
architecture,phase1,full,full,gemini-3-flash-preview,openrouter/google/gemini-3-flash-preview,default,PB-Advanced-021,IMO-hard,1,competition-hard,False,0,False,0,0,,1,0.045717,142.91,
architecture,phase1,full,full,gemini-3-flash-preview,openrouter/google/gemini-3-flash-preview,default,PB-Advanced-022,IMO-easy,1,competition-hard,False,0,False,0,0,,1,0.048426,100.22,
architecture,phase1,full,full,gemini-3-flash-preview,openrouter/google/gemini-3-flash-preview,default,PB-Advanced-023,IMO-medium,1,competition-hard,False,0,False,0,0,,1,0.018767,123.73,
architecture,phase1,full,full,gemini-3-flash-preview,openrouter/google/gemini-3-flash-preview,default,PB-Advanced-024,IMO-hard,1,competition-hard,False,0,False,0,0,,1,0.054523,90.23,
architecture,phase1,full,full,gemini-3-flash-preview,openrouter/google/gemini-3-flash-preview,default,PB-Advanced-025,IMO-easy,1,competition-hard,False,7,True,0,7,,1,0.036409,1087.38,
architecture,phase1,full,full,gemini-3-flash-preview,openrouter/google/gemini-3-flash-preview,default,PB-Advanced-026,IMO-medium,1,competition-hard,False,0,False,0,1,,1,0.063725,161.92,
architecture,phase1,full,full,gemini-3-flash-preview,openrouter/google/gemini-3-flash-preview,default,PB-Advanced-027,IMO-hard,1,competition-hard,False,0,False,1,7,,1,0.071768,464.61,
architecture,phase1,full,full,gemini-3-flash-preview,openrouter/google/gemini-3-flash-preview,default,PB-Advanced-028,IMO-easy,1,competition-hard,False,0,False,0,7,,1,0.072108,382.7,
architecture,phase1,full,full,gemini-3-flash-preview,openrouter/google/gemini-3-flash-preview,default,PB-Advanced-029,IMO-medium,1,competition-hard,False,0,False,0,1,,1,0.237374,271.0,
architecture,phase1,full,full,gemini-3-flash-preview,openrouter/google/gemini-3-flash-preview,default,PB-Advanced-030,IMO-hard,1,competition-hard,False,0,False,0,0,,1,0.067958,540.67,
architecture,phase1,full,full,gemini-3-flash-preview,openrouter/google/gemini-3-flash-preview,default,PB-Basic-001,IMO-easy,1,competition-hard,False,7,True,7,7,,1,0.021708,217.2,
architecture,phase1,full,full,gemini-3-flash-preview,openrouter/google/gemini-3-flash-preview,default,PB-Basic-002,pre-IMO,0,pre-competition,False,7,True,7,7,,1,0.01942,249.78,
architecture,phase1,full,full,gemini-3-flash-preview,openrouter/google/gemini-3-flash-preview,default,PB-Basic-003,IMO-easy,1,competition-hard,False,0,False,1,7,,1,0.111635,388.04,
architecture,phase1,full,full,gemini-3-flash-preview,openrouter/google/gemini-3-flash-preview,default,PB-Basic-004,IMO-easy,1,competition-hard,False,0,False,6,7,,1,0.071991,852.29,
architecture,phase1,full,full,gemini-3-flash-preview,openrouter/google/gemini-3-flash-preview,default,PB-Basic-005,IMO-easy,1,competition-hard,False,6,True,0,7,,1,0.10855,252.75,
architecture,phase1,full,full,gemini-3-flash-preview,openrouter/google/gemini-3-flash-preview,default,PB-Basic-006,IMO-medium,1,competition-hard,False,0,False,0,7,,1,0.127592,393.64,
architecture,phase1,full,full,gemini-3-flash-preview,openrouter/google/gemini-3-flash-preview,default,PB-Basic-007,IMO-medium,1,competition-hard,False,0,False,0,6,,1,0.087314,151.73,
architecture,phase1,full,full,gemini-3-flash-preview,openrouter/google/gemini-3-flash-preview,default,PB-Basic-008,pre-IMO,0,pre-competition,False,7,True,7,7,,1,0.028159,311.44,
architecture,phase1,full,full,gemini-3-flash-preview,openrouter/google/gemini-3-flash-preview,default,PB-Basic-009,IMO-easy,1,competition-hard,False,0,False,0,7,,1,0.040275,129.9,
architecture,phase1,full,full,gemini-3-flash-preview,openrouter/google/gemini-3-flash-preview,default,PB-Basic-010,IMO-easy,1,competition-hard,False,7,True,7,7,,1,0.015558,82.75,
architecture,phase1,full,full,gemini-3-flash-preview,openrouter/google/gemini-3-flash-preview,default,PB-Basic-011,IMO-easy,1,competition-hard,False,7,True,7,7,,1,0.317461,525.94,
architecture,phase1,full,full,gemini-3-flash-preview,openrouter/google/gemini-3-flash-preview,default,PB-Basic-012,IMO-medium,1,competition-hard,False,1,False,1,7,,1,0.034994,241.57,
architecture,phase1,full,full,gemini-3-flash-preview,openrouter/google/gemini-3-flash-preview,default,PB-Basic-013,pre-IMO,0,pre-competition,False,7,True,7,7,,1,0.021341,289.64,
architecture,phase1,full,full,gemini-3-flash-preview,openrouter/google/gemini-3-flash-preview,default,PB-Basic-014,pre-IMO,0,pre-competition,False,6,True,6,7,,1,0.063527,573.81,
architecture,phase1,full,full,gemini-3-flash-preview,openrouter/google/gemini-3-flash-preview,default,PB-Basic-015,pre-IMO,0,pre-competition,False,1,False,1,7,,1,0.029818,332.53,
architecture,phase1,full,full,gemini-3-flash-preview,openrouter/google/gemini-3-flash-preview,default,PB-Basic-016,pre-IMO,0,pre-competition,False,7,True,7,7,,1,0.027417,291.82,
architecture,phase1,full,full,gemini-3-flash-preview,openrouter/google/gemini-3-flash-preview,default,PB-Basic-017,pre-IMO,0,pre-competition,False,7,True,7,7,,1,0.025625,168.19,
architecture,phase1,full,full,gemini-3-flash-preview,openrouter/google/gemini-3-flash-preview,default,PB-Basic-018,pre-IMO,0,pre-competition,False,6,True,0,7,,1,0.046831,376.3,
architecture,phase1,full,full,gemini-3-flash-preview,openrouter/google/gemini-3-flash-preview,default,PB-Basic-019,IMO-easy,1,competition-hard,False,6,True,6,7,,1,0.029554,395.8,
architecture,phase1,full,full,gemini-3-flash-preview,openrouter/google/gemini-3-flash-preview,default,PB-Basic-020,IMO-easy,1,competition-hard,False,0,False,0,7,,1,0.033301,321.88,
architecture,phase1,full,full,gemini-3-flash-preview,openrouter/google/gemini-3-flash-preview,default,PB-Basic-021,IMO-easy,1,competition-hard,False,7,True,7,7,,1,0.091648,527.1,
architecture,phase1,full,full,gemini-3-flash-preview,openrouter/google/gemini-3-flash-preview,default,PB-Basic-022,IMO-easy,1,competition-hard,False,0,False,0,1,,1,0.020307,166.72,
architecture,phase1,full,full,gemini-3-flash-preview,openrouter/google/gemini-3-flash-preview,default,PB-Basic-023,IMO-medium,1,competition-hard,False,0,False,1,7,,1,0.042112,445.77,
architecture,phase1,full,full,gemini-3-flash-preview,openrouter/google/gemini-3-flash-preview,default,PB-Basic-024,IMO-medium,1,competition-hard,False,0,False,0,6,,1,0.077793,319.98,
architecture,phase1,full,full,gemini-3-flash-preview,openrouter/google/gemini-3-flash-preview,default,PB-Basic-025,IMO-easy,1,competition-hard,False,0,False,0,0,,1,0.017315,72.37,
architecture,phase1,full,full,gemini-3-flash-preview,openrouter/google/gemini-3-flash-preview,default,PB-Basic-026,IMO-medium,1,competition-hard,False,0,False,0,0,,1,0.051947,92.02,
architecture,phase1,full,full,gemini-3-flash-preview,openrouter/google/gemini-3-flash-preview,default,PB-Basic-027,IMO-easy,1,competition-hard,False,0,False,0,7,,1,0.079889,236.17,
architecture,phase1,full,full,gemini-3-flash-preview,openrouter/google/gemini-3-flash-preview,default,PB-Basic-028,IMO-medium,1,competition-hard,False,0,False,0,0,,1,0.061336,281.6,
architecture,phase1,full,full,gemini-3-flash-preview,openrouter/google/gemini-3-flash-preview,default,PB-Basic-029,IMO-medium,1,competition-hard,False,0,False,0,7,,1,0.063163,130.72,
architecture,phase1,full,full,gemini-3-flash-preview,openrouter/google/gemini-3-flash-preview,default,PB-Basic-030,IMO-easy,1,competition-hard,False,0,False,0,7,,1,0.060519,187.62,
architecture,phase1,full,full,gemini-3-flash-preview,openrouter/google/gemini-3-flash-preview,default,erdos-1051,Minor Novelty,3,research-medium,True,0,False,0,0,,1,0.081405,238.76,
architecture,phase1,full,full,gemini-3-flash-preview,openrouter/google/gemini-3-flash-preview,default,erdos-333,Literature Identification,2,research-easy,True,0,False,0,0,,1,0.063626,82.84,
architecture,phase1,full,full,gemini-3-flash-preview,openrouter/google/gemini-3-flash-preview,default,erdos-397,Independent Rediscovery,1,competition-hard,True,0,False,0,0,,1,0.055793,89.73,
architecture,phase1,full,full,gemini-3-flash-preview,openrouter/google/gemini-3-flash-preview,default,erdos-654,Negligible Novelty,2,research-easy,True,0,False,0,0,,1,0.058599,162.14,
architecture,phase1,full,full,gemini-3-flash-preview,openrouter/google/gemini-3-flash-preview,default,erdos-659,Negligible Novelty,2,research-easy,True,0,False,0,0,,1,0.056219,187.31,
architecture,phase1,full,full,gemini-3-flash-preview,openrouter/google/gemini-3-flash-preview,default,first-proof-10-official,1,2,research-easy,True,7,True,1,1,,1,0.038686,303.54,
architecture,phase1,full,full,gemini-3-flash-preview,openrouter/google/gemini-3-flash-preview,default,first-proof-4-official,3,4,research-hard,True,0,False,0,0,,1,0.068275,94.41,
architecture,phase1,full,full,gemini-3-flash-preview,openrouter/google/gemini-3-flash-preview,default,first-proof-5-official,2,3,research-medium,True,0,False,0,0,,1,0.066978,221.11,
architecture,phase1,full,full,gemini-3-flash-preview,openrouter/google/gemini-3-flash-preview,default,first-proof-6-official,3,4,research-hard,True,0,False,0,0,,1,0.066449,184.13,
architecture,phase1,full,full,gemini-3-flash-preview,openrouter/google/gemini-3-flash-preview,default,ramsey-hypergraphs,Moderately Interesting,5,research-frontier,True,0,False,0,0,,1,0.209218,268.09,
architecture,phase1,full,full,gemma-4-31b-it,openrouter/google/gemma-4-31b-it,default,PB-Advanced-001,IMO-easy,1,competition-hard,False,6,True,1,7,,1,0.017155,536.28,
architecture,phase1,full,full,gemma-4-31b-it,openrouter/google/gemma-4-31b-it,default,PB-Advanced-002,IMO-medium,1,competition-hard,False,0,False,0,7,,1,0.02895,1807.93,
architecture,phase1,full,full,gemma-4-31b-it,openrouter/google/gemma-4-31b-it,default,PB-Advanced-003,IMO-hard,1,competition-hard,False,0,False,0,0,,1,0.021753,568.03,
architecture,phase1,full,full,gemma-4-31b-it,openrouter/google/gemma-4-31b-it,default,PB-Advanced-004,IMO-easy,1,competition-hard,False,0,False,0,7,,1,0.018527,510.91,
architecture,phase1,full,full,gemma-4-31b-it,openrouter/google/gemma-4-31b-it,default,PB-Advanced-005,IMO-medium,1,competition-hard,False,0,False,0,0,,1,0.016242,553.33,
architecture,phase1,full,full,gemma-4-31b-it,openrouter/google/gemma-4-31b-it,default,PB-Advanced-006,IMO-hard,1,competition-hard,False,0,False,0,1,,1,0.016498,927.98,
architecture,phase1,full,full,gemma-4-31b-it,openrouter/google/gemma-4-31b-it,default,PB-Advanced-007,IMO-easy,1,competition-hard,False,0,False,0,0,,1,0.031927,1582.08,
architecture,phase1,full,full,gemma-4-31b-it,openrouter/google/gemma-4-31b-it,default,PB-Advanced-008,IMO-medium,1,competition-hard,False,0,False,0,1,,1,0.018694,1195.88,
architecture,phase1,full,full,gemma-4-31b-it,openrouter/google/gemma-4-31b-it,default,PB-Advanced-009,IMO-hard,1,competition-hard,False,0,False,0,0,,1,0.015468,679.55,
architecture,phase1,full,full,gemma-4-31b-it,openrouter/google/gemma-4-31b-it,default,PB-Advanced-010,IMO-medium,1,competition-hard,False,0,False,0,0,,1,0.01305,647.18,
architecture,phase1,full,full,gemma-4-31b-it,openrouter/google/gemma-4-31b-it,default,PB-Advanced-011,IMO-medium,1,competition-hard,False,0,False,0,6,,1,0.011839,809.16,
architecture,phase1,full,full,gemma-4-31b-it,openrouter/google/gemma-4-31b-it,default,PB-Advanced-012,IMO-hard,1,competition-hard,False,0,False,0,7,,1,0.011342,482.06,
architecture,phase1,full,full,gemma-4-31b-it,openrouter/google/gemma-4-31b-it,default,PB-Advanced-013,IMO-easy,1,competition-hard,False,0,False,0,0,,1,0.016658,1233.13,
architecture,phase1,full,full,gemma-4-31b-it,openrouter/google/gemma-4-31b-it,default,PB-Advanced-014,IMO-medium,1,competition-hard,False,0,False,0,0,,1,0.016304,1028.62,
architecture,phase1,full,full,gemma-4-31b-it,openrouter/google/gemma-4-31b-it,default,PB-Advanced-015,IMO-hard,1,competition-hard,False,0,False,0,1,,1,0.013399,833.67,
architecture,phase1,full,full,gemma-4-31b-it,openrouter/google/gemma-4-31b-it,default,PB-Advanced-016,IMO-easy,1,competition-hard,False,0,False,0,0,,1,0.013492,779.73,
architecture,phase1,full,full,gemma-4-31b-it,openrouter/google/gemma-4-31b-it,default,PB-Advanced-017,IMO-easy,1,competition-hard,False,0,False,0,7,,1,0.016963,215.89,
architecture,phase1,full,full,gemma-4-31b-it,openrouter/google/gemma-4-31b-it,default,PB-Advanced-018,IMO-hard,1,competition-hard,False,0,False,0,0,,1,0.01865,911.35,
architecture,phase1,full,full,gemma-4-31b-it,openrouter/google/gemma-4-31b-it,default,PB-Advanced-019,IMO-easy,1,competition-hard,False,0,False,1,7,,1,0.012806,527.49,
architecture,phase1,full,full,gemma-4-31b-it,openrouter/google/gemma-4-31b-it,default,PB-Advanced-020,IMO-medium,1,competition-hard,False,0,False,0,7,,1,0.021132,1790.88,
architecture,phase1,full,full,gemma-4-31b-it,openrouter/google/gemma-4-31b-it,default,PB-Advanced-021,IMO-hard,1,competition-hard,False,0,False,0,0,,1,0.01959,1427.59,
architecture,phase1,full,full,gemma-4-31b-it,openrouter/google/gemma-4-31b-it,default,PB-Advanced-022,IMO-easy,1,competition-hard,False,0,False,0,1,,1,0.01632,946.26,
architecture,phase1,full,full,gemma-4-31b-it,openrouter/google/gemma-4-31b-it,default,PB-Advanced-023,IMO-medium,1,competition-hard,False,0,False,0,0,,1,0.012012,1201.1,
architecture,phase1,full,full,gemma-4-31b-it,openrouter/google/gemma-4-31b-it,default,PB-Advanced-024,IMO-hard,1,competition-hard,False,0,False,0,0,,1,0.013195,682.01,
architecture,phase1,full,full,gemma-4-31b-it,openrouter/google/gemma-4-31b-it,default,PB-Advanced-025,IMO-easy,1,competition-hard,False,0,False,0,6,,1,0.018328,1150.96,
architecture,phase1,full,full,gemma-4-31b-it,openrouter/google/gemma-4-31b-it,default,PB-Advanced-026,IMO-medium,1,competition-hard,False,0,False,0,1,,1,0.013431,808.1,
architecture,phase1,full,full,gemma-4-31b-it,openrouter/google/gemma-4-31b-it,default,PB-Advanced-027,IMO-hard,1,competition-hard,False,0,False,0,0,,1,0.015419,646.11,
architecture,phase1,full,full,gemma-4-31b-it,openrouter/google/gemma-4-31b-it,default,PB-Advanced-028,IMO-easy,1,competition-hard,False,0,False,6,7,,1,0.025177,791.86,
architecture,phase1,full,full,gemma-4-31b-it,openrouter/google/gemma-4-31b-it,default,PB-Advanced-029,IMO-medium,1,competition-hard,False,0,False,0,0,,1,0.019089,1391.19,
architecture,phase1,full,full,gemma-4-31b-it,openrouter/google/gemma-4-31b-it,default,PB-Advanced-030,IMO-hard,1,competition-hard,False,0,False,0,7,,1,0.015665,860.19,
architecture,phase1,full,full,gemma-4-31b-it,openrouter/google/gemma-4-31b-it,default,PB-Basic-001,IMO-easy,1,competition-hard,False,7,True,7,7,,1,0.010054,377.66,
architecture,phase1,full,full,gemma-4-31b-it,openrouter/google/gemma-4-31b-it,default,PB-Basic-002,pre-IMO,0,pre-competition,False,7,True,7,7,,1,0.009743,271.63,
architecture,phase1,full,full,gemma-4-31b-it,openrouter/google/gemma-4-31b-it,default,PB-Basic-003,IMO-easy,1,competition-hard,False,0,False,0,7,,1,0.018627,1557.65,
architecture,phase1,full,full,gemma-4-31b-it,openrouter/google/gemma-4-31b-it,default,PB-Basic-004,IMO-easy,1,competition-hard,False,0,False,1,7,,1,0.020009,1229.53,
architecture,phase1,full,full,gemma-4-31b-it,openrouter/google/gemma-4-31b-it,default,PB-Basic-005,IMO-easy,1,competition-hard,False,0,False,0,1,,1,0.008383,282.6,
architecture,phase1,full,full,gemma-4-31b-it,openrouter/google/gemma-4-31b-it,default,PB-Basic-006,IMO-medium,1,competition-hard,False,0,False,0,7,,1,0.018607,1041.42,
architecture,phase1,full,full,gemma-4-31b-it,openrouter/google/gemma-4-31b-it,default,PB-Basic-007,IMO-medium,1,competition-hard,False,0,False,0,1,,1,0.016161,446.32,
architecture,phase1,full,full,gemma-4-31b-it,openrouter/google/gemma-4-31b-it,default,PB-Basic-008,pre-IMO,0,pre-competition,False,0,False,1,7,,1,0.019729,555.92,
architecture,phase1,full,full,gemma-4-31b-it,openrouter/google/gemma-4-31b-it,default,PB-Basic-009,IMO-easy,1,competition-hard,False,0,False,0,7,,1,0.013823,880.83,
architecture,phase1,full,full,gemma-4-31b-it,openrouter/google/gemma-4-31b-it,default,PB-Basic-010,IMO-easy,1,competition-hard,False,7,True,7,7,,1,0.006002,353.38,
architecture,phase1,full,full,gemma-4-31b-it,openrouter/google/gemma-4-31b-it,default,PB-Basic-011,IMO-easy,1,competition-hard,False,7,True,7,7,,1,0.029408,2104.35,
architecture,phase1,full,full,gemma-4-31b-it,openrouter/google/gemma-4-31b-it,default,PB-Basic-012,IMO-medium,1,competition-hard,False,7,True,7,7,,1,0.030478,1178.08,
architecture,phase1,full,full,gemma-4-31b-it,openrouter/google/gemma-4-31b-it,default,PB-Basic-013,pre-IMO,0,pre-competition,False,0,False,0,0,,1,0.010168,606.17,
architecture,phase1,full,full,gemma-4-31b-it,openrouter/google/gemma-4-31b-it,default,PB-Basic-014,pre-IMO,0,pre-competition,False,7,True,6,7,,1,0.010984,609.91,
architecture,phase1,full,full,gemma-4-31b-it,openrouter/google/gemma-4-31b-it,default,PB-Basic-015,pre-IMO,0,pre-competition,False,7,True,1,7,,1,0.019209,683.84,
architecture,phase1,full,full,gemma-4-31b-it,openrouter/google/gemma-4-31b-it,default,PB-Basic-016,pre-IMO,0,pre-competition,False,7,True,7,7,,1,0.014284,664.89,
architecture,phase1,full,full,gemma-4-31b-it,openrouter/google/gemma-4-31b-it,default,PB-Basic-017,pre-IMO,0,pre-competition,False,7,True,7,7,,1,0.008331,245.21,
architecture,phase1,full,full,gemma-4-31b-it,openrouter/google/gemma-4-31b-it,default,PB-Basic-018,pre-IMO,0,pre-competition,False,0,False,0,7,,1,0.021438,1053.22,
architecture,phase1,full,full,gemma-4-31b-it,openrouter/google/gemma-4-31b-it,default,PB-Basic-019,IMO-easy,1,competition-hard,False,7,True,7,7,,1,0.029025,1128.5,
architecture,phase1,full,full,gemma-4-31b-it,openrouter/google/gemma-4-31b-it,default,PB-Basic-020,IMO-easy,1,competition-hard,False,7,True,0,7,,1,0.009209,468.67,
architecture,phase1,full,full,gemma-4-31b-it,openrouter/google/gemma-4-31b-it,default,PB-Basic-021,IMO-easy,1,competition-hard,False,0,False,0,7,,1,0.018956,729.71,
architecture,phase1,full,full,gemma-4-31b-it,openrouter/google/gemma-4-31b-it,default,PB-Basic-022,IMO-easy,1,competition-hard,False,0,False,0,1,,1,0.015582,822.38,
architecture,phase1,full,full,gemma-4-31b-it,openrouter/google/gemma-4-31b-it,default,PB-Basic-023,IMO-medium,1,competition-hard,False,1,False,1,7,,1,0.020759,1110.1,
architecture,phase1,full,full,gemma-4-31b-it,openrouter/google/gemma-4-31b-it,default,PB-Basic-024,IMO-medium,1,competition-hard,False,0,False,0,7,,1,0.013294,758.13,
architecture,phase1,full,full,gemma-4-31b-it,openrouter/google/gemma-4-31b-it,default,PB-Basic-025,IMO-easy,1,competition-hard,False,0,False,0,0,,1,0.011828,842.85,
architecture,phase1,full,full,gemma-4-31b-it,openrouter/google/gemma-4-31b-it,default,PB-Basic-026,IMO-medium,1,competition-hard,False,0,False,0,0,,1,0.016987,960.2,
architecture,phase1,full,full,gemma-4-31b-it,openrouter/google/gemma-4-31b-it,default,PB-Basic-027,IMO-easy,1,competition-hard,False,7,True,7,7,,1,0.025972,1248.79,
architecture,phase1,full,full,gemma-4-31b-it,openrouter/google/gemma-4-31b-it,default,PB-Basic-028,IMO-medium,1,competition-hard,False,0,False,0,0,,1,0.023634,834.85,
architecture,phase1,full,full,gemma-4-31b-it,openrouter/google/gemma-4-31b-it,default,PB-Basic-029,IMO-medium,1,competition-hard,False,0,False,0,7,,1,0.031393,1042.77,
architecture,phase1,full,full,gemma-4-31b-it,openrouter/google/gemma-4-31b-it,default,PB-Basic-030,IMO-easy,1,competition-hard,False,0,False,0,1,,1,0.030385,1713.2,
architecture,phase1,full,full,gemma-4-31b-it,openrouter/google/gemma-4-31b-it,default,erdos-1051,Minor Novelty,3,research-medium,True,0,False,0,7,,1,0.017986,478.93,
architecture,phase1,full,full,gemma-4-31b-it,openrouter/google/gemma-4-31b-it,default,erdos-333,Literature Identification,2,research-easy,True,0,False,0,0,,1,0.016823,727.57,
architecture,phase1,full,full,gemma-4-31b-it,openrouter/google/gemma-4-31b-it,default,erdos-397,Independent Rediscovery,1,competition-hard,True,0,False,0,0,,1,0.012817,848.71,
architecture,phase1,full,full,gemma-4-31b-it,openrouter/google/gemma-4-31b-it,default,erdos-654,Negligible Novelty,2,research-easy,True,0,False,0,0,,1,0.019149,1558.41,
architecture,phase1,full,full,gemma-4-31b-it,openrouter/google/gemma-4-31b-it,default,erdos-659,Negligible Novelty,2,research-easy,True,0,False,0,0,,1,0.012601,638.15,
architecture,phase1,full,full,gemma-4-31b-it,openrouter/google/gemma-4-31b-it,default,first-proof-10-official,1,2,research-easy,True,6,True,1,1,,1,0.024189,980.61,
architecture,phase1,full,full,gemma-4-31b-it,openrouter/google/gemma-4-31b-it,default,first-proof-4-official,3,4,research-hard,True,0,False,0,0,,1,0.01937,637.26,
architecture,phase1,full,full,gemma-4-31b-it,openrouter/google/gemma-4-31b-it,default,first-proof-5-official,2,3,research-medium,True,0,False,0,0,,1,0.016556,679.04,
architecture,phase1,full,full,gemma-4-31b-it,openrouter/google/gemma-4-31b-it,default,first-proof-6-official,3,4,research-hard,True,0,False,0,0,,1,0.020409,631.38,
architecture,phase1,full,full,gemma-4-31b-it,openrouter/google/gemma-4-31b-it,default,ramsey-hypergraphs,Moderately Interesting,5,research-frontier,True,0,False,0,0,,1,0.051408,2909.02,
architecture,phase1,full,full,gpt-oss-120b,openrouter/openai/gpt-oss-120b,default,PB-Advanced-001,IMO-easy,1,competition-hard,False,0,False,0,7,,1,0.011597,566.37,
architecture,phase1,full,full,gpt-oss-120b,openrouter/openai/gpt-oss-120b,default,PB-Advanced-002,IMO-medium,1,competition-hard,False,0,False,0,0,,1,0.02372,1263.92,
architecture,phase1,full,full,gpt-oss-120b,openrouter/openai/gpt-oss-120b,default,PB-Advanced-003,IMO-hard,1,competition-hard,False,0,False,0,0,,1,0.016519,1086.63,
architecture,phase1,full,full,gpt-oss-120b,openrouter/openai/gpt-oss-120b,default,PB-Advanced-004,IMO-easy,1,competition-hard,False,0,False,0,7,,1,0.021543,875.49,
architecture,phase1,full,full,gpt-oss-120b,openrouter/openai/gpt-oss-120b,default,PB-Advanced-005,IMO-medium,1,competition-hard,False,0,False,0,0,,1,0.017692,975.54,
architecture,phase1,full,full,gpt-oss-120b,openrouter/openai/gpt-oss-120b,default,PB-Advanced-006,IMO-hard,1,competition-hard,False,0,False,0,1,,1,0.01361,1341.9,
architecture,phase1,full,full,gpt-oss-120b,openrouter/openai/gpt-oss-120b,default,PB-Advanced-007,IMO-easy,1,competition-hard,False,7,True,7,7,,1,0.013284,2455.53,
architecture,phase1,full,full,gpt-oss-120b,openrouter/openai/gpt-oss-120b,default,PB-Advanced-008,IMO-medium,1,competition-hard,False,0,False,0,0,,1,0.014403,1048.57,
architecture,phase1,full,full,gpt-oss-120b,openrouter/openai/gpt-oss-120b,default,PB-Advanced-009,IMO-hard,1,competition-hard,False,0,False,0,0,,1,0.01622,662.53,
architecture,phase1,full,full,gpt-oss-120b,openrouter/openai/gpt-oss-120b,default,PB-Advanced-010,IMO-medium,1,competition-hard,False,0,False,0,0,,1,0.012447,1154.8,
architecture,phase1,full,full,gpt-oss-120b,openrouter/openai/gpt-oss-120b,default,PB-Advanced-011,IMO-medium,1,competition-hard,False,0,False,0,6,,1,0.016271,1393.16,
architecture,phase1,full,full,gpt-oss-120b,openrouter/openai/gpt-oss-120b,default,PB-Advanced-012,IMO-hard,1,competition-hard,False,0,False,0,7,,1,0.022006,798.39,
architecture,phase1,full,full,gpt-oss-120b,openrouter/openai/gpt-oss-120b,default,PB-Advanced-013,IMO-easy,1,competition-hard,False,0,False,0,0,,1,0.021375,870.81,
architecture,phase1,full,full,gpt-oss-120b,openrouter/openai/gpt-oss-120b,default,PB-Advanced-014,IMO-medium,1,competition-hard,False,0,False,0,1,,1,0.011848,674.27,
architecture,phase1,full,full,gpt-oss-120b,openrouter/openai/gpt-oss-120b,default,PB-Advanced-015,IMO-hard,1,competition-hard,False,0,False,0,0,,1,0.018301,1269.28,
architecture,phase1,full,full,gpt-oss-120b,openrouter/openai/gpt-oss-120b,default,PB-Advanced-016,IMO-easy,1,competition-hard,False,0,False,0,0,,1,0.011429,691.01,
architecture,phase1,full,full,gpt-oss-120b,openrouter/openai/gpt-oss-120b,default,PB-Advanced-017,IMO-easy,1,competition-hard,False,0,False,0,7,,1,0.017734,433.6,
architecture,phase1,full,full,gpt-oss-120b,openrouter/openai/gpt-oss-120b,default,PB-Advanced-018,IMO-hard,1,competition-hard,False,0,False,0,0,,1,0.018204,451.6,
architecture,phase1,full,full,gpt-oss-120b,openrouter/openai/gpt-oss-120b,default,PB-Advanced-019,IMO-easy,1,competition-hard,False,1,False,1,7,,1,0.030567,1077.15,
architecture,phase1,full,full,gpt-oss-120b,openrouter/openai/gpt-oss-120b,default,PB-Advanced-020,IMO-medium,1,competition-hard,False,0,False,0,0,,1,0.018371,1171.38,
architecture,phase1,full,full,gpt-oss-120b,openrouter/openai/gpt-oss-120b,default,PB-Advanced-021,IMO-hard,1,competition-hard,False,0,False,0,0,,1,0.018371,624.33,
architecture,phase1,full,full,gpt-oss-120b,openrouter/openai/gpt-oss-120b,default,PB-Advanced-022,IMO-easy,1,competition-hard,False,0,False,0,0,,1,0.012099,1317.49,
architecture,phase1,full,full,gpt-oss-120b,openrouter/openai/gpt-oss-120b,default,PB-Advanced-023,IMO-medium,1,competition-hard,False,0,False,0,0,,1,0.011389,251.12,
architecture,phase1,full,full,gpt-oss-120b,openrouter/openai/gpt-oss-120b,default,PB-Advanced-024,IMO-hard,1,competition-hard,False,0,False,0,0,,1,0.014212,437.35,
architecture,phase1,full,full,gpt-oss-120b,openrouter/openai/gpt-oss-120b,default,PB-Advanced-025,IMO-easy,1,competition-hard,False,6,True,6,7,,1,0.029429,861.03,
architecture,phase1,full,full,gpt-oss-120b,openrouter/openai/gpt-oss-120b,default,PB-Advanced-026,IMO-medium,1,competition-hard,False,0,False,0,0,,1,0.012524,750.69,
architecture,phase1,full,full,gpt-oss-120b,openrouter/openai/gpt-oss-120b,default,PB-Advanced-027,IMO-hard,1,competition-hard,False,0,False,0,0,,1,0.01675,950.39,
architecture,phase1,full,full,gpt-oss-120b,openrouter/openai/gpt-oss-120b,default,PB-Advanced-028,IMO-easy,1,competition-hard,False,6,True,1,7,,1,0.021734,743.79,
architecture,phase1,full,full,gpt-oss-120b,openrouter/openai/gpt-oss-120b,default,PB-Advanced-029,IMO-medium,1,competition-hard,False,0,False,0,0,,1,0.013069,509.53,
architecture,phase1,full,full,gpt-oss-120b,openrouter/openai/gpt-oss-120b,default,PB-Advanced-030,IMO-hard,1,competition-hard,False,0,False,0,0,,1,0.016549,573.26,
architecture,phase1,full,full,gpt-oss-120b,openrouter/openai/gpt-oss-120b,default,PB-Basic-001,IMO-easy,1,competition-hard,False,7,True,7,7,,1,0.012109,372.72,
architecture,phase1,full,full,gpt-oss-120b,openrouter/openai/gpt-oss-120b,default,PB-Basic-002,pre-IMO,0,pre-competition,False,7,True,6,7,,1,0.012694,509.67,
architecture,phase1,full,full,gpt-oss-120b,openrouter/openai/gpt-oss-120b,default,PB-Basic-003,IMO-easy,1,competition-hard,False,0,False,0,7,,1,0.013353,852.48,
architecture,phase1,full,full,gpt-oss-120b,openrouter/openai/gpt-oss-120b,default,PB-Basic-004,IMO-easy,1,competition-hard,False,0,False,0,7,,1,0.016292,809.66,
architecture,phase1,full,full,gpt-oss-120b,openrouter/openai/gpt-oss-120b,default,PB-Basic-005,IMO-easy,1,competition-hard,False,,,0,7,,1,0.01957,815.47,
architecture,phase1,full,full,gpt-oss-120b,openrouter/openai/gpt-oss-120b,default,PB-Basic-006,IMO-medium,1,competition-hard,False,0,False,0,0,,1,0.01671,780.18,
architecture,phase1,full,full,gpt-oss-120b,openrouter/openai/gpt-oss-120b,default,PB-Basic-007,IMO-medium,1,competition-hard,False,0,False,0,6,,1,0.022195,705.56,
architecture,phase1,full,full,gpt-oss-120b,openrouter/openai/gpt-oss-120b,default,PB-Basic-008,pre-IMO,0,pre-competition,False,0,False,0,7,,1,0.013908,728.14,
architecture,phase1,full,full,gpt-oss-120b,openrouter/openai/gpt-oss-120b,default,PB-Basic-009,IMO-easy,1,competition-hard,False,0,False,0,7,,1,0.017988,1139.29,
architecture,phase1,full,full,gpt-oss-120b,openrouter/openai/gpt-oss-120b,default,PB-Basic-010,IMO-easy,1,competition-hard,False,7,True,7,7,,1,0.006373,142.7,
architecture,phase1,full,full,gpt-oss-120b,openrouter/openai/gpt-oss-120b,default,PB-Basic-011,IMO-easy,1,competition-hard,False,3,False,6,7,,1,0.025201,1639.1,
architecture,phase1,full,full,gpt-oss-120b,openrouter/openai/gpt-oss-120b,default,PB-Basic-012,IMO-medium,1,competition-hard,False,7,True,7,7,,1,0.016387,761.68,
architecture,phase1,full,full,gpt-oss-120b,openrouter/openai/gpt-oss-120b,default,PB-Basic-013,pre-IMO,0,pre-competition,False,7,True,7,7,,1,0.013247,470.54,
architecture,phase1,full,full,gpt-oss-120b,openrouter/openai/gpt-oss-120b,default,PB-Basic-014,pre-IMO,0,pre-competition,False,7,True,7,7,,1,0.020243,746.94,
architecture,phase1,full,full,gpt-oss-120b,openrouter/openai/gpt-oss-120b,default,PB-Basic-015,pre-IMO,0,pre-competition,False,1,False,0,7,,1,0.019049,787.08,
architecture,phase1,full,full,gpt-oss-120b,openrouter/openai/gpt-oss-120b,default,PB-Basic-016,pre-IMO,0,pre-competition,False,7,True,7,7,,1,0.011856,643.67,
architecture,phase1,full,full,gpt-oss-120b,openrouter/openai/gpt-oss-120b,default,PB-Basic-017,pre-IMO,0,pre-competition,False,7,True,7,7,,1,0.003367,43.27,
architecture,phase1,full,full,gpt-oss-120b,openrouter/openai/gpt-oss-120b,default,PB-Basic-018,pre-IMO,0,pre-competition,False,7,True,6,7,,1,0.028731,1054.8,
architecture,phase1,full,full,gpt-oss-120b,openrouter/openai/gpt-oss-120b,default,PB-Basic-019,IMO-easy,1,competition-hard,False,7,True,7,7,,1,0.018858,850.38,
architecture,phase1,full,full,gpt-oss-120b,openrouter/openai/gpt-oss-120b,default,PB-Basic-020,IMO-easy,1,competition-hard,False,7,True,7,7,,1,0.020445,680.0,
architecture,phase1,full,full,gpt-oss-120b,openrouter/openai/gpt-oss-120b,default,PB-Basic-021,IMO-easy,1,competition-hard,False,0,False,0,0,,1,0.01401,615.09,
architecture,phase1,full,full,gpt-oss-120b,openrouter/openai/gpt-oss-120b,default,PB-Basic-022,IMO-easy,1,competition-hard,False,0,False,0,7,,1,0.015638,577.44,
architecture,phase1,full,full,gpt-oss-120b,openrouter/openai/gpt-oss-120b,default,PB-Basic-023,IMO-medium,1,competition-hard,False,1,False,1,7,,1,0.023997,1549.32,
architecture,phase1,full,full,gpt-oss-120b,openrouter/openai/gpt-oss-120b,default,PB-Basic-024,IMO-medium,1,competition-hard,False,0,False,0,0,,1,0.013244,513.85,
architecture,phase1,full,full,gpt-oss-120b,openrouter/openai/gpt-oss-120b,default,PB-Basic-025,IMO-easy,1,competition-hard,False,7,True,0,7,,1,0.034324,1285.76,
architecture,phase1,full,full,gpt-oss-120b,openrouter/openai/gpt-oss-120b,default,PB-Basic-026,IMO-medium,1,competition-hard,False,0,False,0,0,,1,0.009766,538.67,
architecture,phase1,full,full,gpt-oss-120b,openrouter/openai/gpt-oss-120b,default,PB-Basic-027,IMO-easy,1,competition-hard,False,0,False,0,0,,1,0.017243,1497.69,
architecture,phase1,full,full,gpt-oss-120b,openrouter/openai/gpt-oss-120b,default,PB-Basic-028,IMO-medium,1,competition-hard,False,0,False,0,0,,1,0.015189,868.13,
architecture,phase1,full,full,gpt-oss-120b,openrouter/openai/gpt-oss-120b,default,PB-Basic-029,IMO-medium,1,competition-hard,False,0,False,0,0,,1,0.022551,1829.68,
architecture,phase1,full,full,gpt-oss-120b,openrouter/openai/gpt-oss-120b,default,PB-Basic-030,IMO-easy,1,competition-hard,False,0,False,0,0,,1,0.02058,1378.44,
architecture,phase1,full,full,gpt-oss-120b,openrouter/openai/gpt-oss-120b,default,erdos-1051,Minor Novelty,3,research-medium,True,0,False,0,0,,1,0.013329,443.76,
architecture,phase1,full,full,gpt-oss-120b,openrouter/openai/gpt-oss-120b,default,erdos-333,Literature Identification,2,research-easy,True,0,False,0,0,,1,0.010928,269.82,
architecture,phase1,full,full,gpt-oss-120b,openrouter/openai/gpt-oss-120b,default,erdos-397,Independent Rediscovery,1,competition-hard,True,0,False,0,0,,1,0.013423,317.56,
architecture,phase1,full,full,gpt-oss-120b,openrouter/openai/gpt-oss-120b,default,erdos-654,Negligible Novelty,2,research-easy,True,0,False,0,0,,1,0.006234,116.8,
architecture,phase1,full,full,gpt-oss-120b,openrouter/openai/gpt-oss-120b,default,erdos-659,Negligible Novelty,2,research-easy,True,0,False,0,0,,1,0.010312,269.67,
architecture,phase1,full,full,gpt-oss-120b,openrouter/openai/gpt-oss-120b,default,first-proof-10-official,1,2,research-easy,True,0,False,0,0,,1,0.024877,794.29,
architecture,phase1,full,full,gpt-oss-120b,openrouter/openai/gpt-oss-120b,default,first-proof-4-official,3,4,research-hard,True,0,False,0,0,,1,0.024637,605.54,
architecture,phase1,full,full,gpt-oss-120b,openrouter/openai/gpt-oss-120b,default,first-proof-5-official,2,3,research-medium,True,0,False,0,0,,1,0.027235,844.13,
architecture,phase1,full,full,gpt-oss-120b,openrouter/openai/gpt-oss-120b,default,first-proof-6-official,3,4,research-hard,True,0,False,0,0,,1,0.021854,781.96,
architecture,phase1,full,full,gpt-oss-120b,openrouter/openai/gpt-oss-120b,default,ramsey-hypergraphs,Moderately Interesting,5,research-frontier,True,0,False,0,0,,1,0.01704,367.99,
architecture,phase1,full,full,qwen3.6-35b-a3b,openrouter/qwen/qwen3.6-35b-a3b,default,PB-Advanced-001,IMO-easy,1,competition-hard,False,,,0,7,,1,0.055723,513.72,
architecture,phase1,full,full,qwen3.6-35b-a3b,openrouter/qwen/qwen3.6-35b-a3b,default,PB-Advanced-002,IMO-medium,1,competition-hard,False,1,False,0,7,,1,0.071159,688.28,
architecture,phase1,full,full,qwen3.6-35b-a3b,openrouter/qwen/qwen3.6-35b-a3b,default,PB-Advanced-003,IMO-hard,1,competition-hard,False,0,False,0,0,,1,0.099651,704.31,
architecture,phase1,full,full,qwen3.6-35b-a3b,openrouter/qwen/qwen3.6-35b-a3b,default,PB-Advanced-004,IMO-easy,1,competition-hard,False,0,False,0,6,,1,0.071669,692.4,
architecture,phase1,full,full,qwen3.6-35b-a3b,openrouter/qwen/qwen3.6-35b-a3b,default,PB-Advanced-005,IMO-medium,1,competition-hard,False,0,False,0,0,,1,0.133686,874.5,
architecture,phase1,full,full,qwen3.6-35b-a3b,openrouter/qwen/qwen3.6-35b-a3b,default,PB-Advanced-006,IMO-hard,1,competition-hard,False,0,False,0,6,,1,0.090587,731.29,
architecture,phase1,full,full,qwen3.6-35b-a3b,openrouter/qwen/qwen3.6-35b-a3b,default,PB-Advanced-007,IMO-easy,1,competition-hard,False,0,False,0,0,,1,0.127433,826.14,
architecture,phase1,full,full,qwen3.6-35b-a3b,openrouter/qwen/qwen3.6-35b-a3b,default,PB-Advanced-008,IMO-medium,1,competition-hard,False,0,False,0,1,,1,0.097095,899.24,
architecture,phase1,full,full,qwen3.6-35b-a3b,openrouter/qwen/qwen3.6-35b-a3b,default,PB-Advanced-009,IMO-hard,1,competition-hard,False,0,False,0,0,,1,0.110076,824.17,
architecture,phase1,full,full,qwen3.6-35b-a3b,openrouter/qwen/qwen3.6-35b-a3b,default,PB-Advanced-010,IMO-medium,1,competition-hard,False,0,False,0,0,,1,0.107063,1352.0,
architecture,phase1,full,full,qwen3.6-35b-a3b,openrouter/qwen/qwen3.6-35b-a3b,default,PB-Advanced-011,IMO-medium,1,competition-hard,False,0,False,0,7,,1,0.121231,898.57,
architecture,phase1,full,full,qwen3.6-35b-a3b,openrouter/qwen/qwen3.6-35b-a3b,default,PB-Advanced-012,IMO-hard,1,competition-hard,False,0,False,1,7,,1,0.066853,807.45,
architecture,phase1,full,full,qwen3.6-35b-a3b,openrouter/qwen/qwen3.6-35b-a3b,default,PB-Advanced-013,IMO-easy,1,competition-hard,False,0,False,0,7,,1,0.117117,1004.96,
architecture,phase1,full,full,qwen3.6-35b-a3b,openrouter/qwen/qwen3.6-35b-a3b,default,PB-Advanced-014,IMO-medium,1,competition-hard,False,0,False,0,7,,1,0.11507,899.32,
architecture,phase1,full,full,qwen3.6-35b-a3b,openrouter/qwen/qwen3.6-35b-a3b,default,PB-Advanced-015,IMO-hard,1,competition-hard,False,0,False,0,1,,1,0.118315,787.55,
architecture,phase1,full,full,qwen3.6-35b-a3b,openrouter/qwen/qwen3.6-35b-a3b,default,PB-Advanced-016,IMO-easy,1,competition-hard,False,0,False,0,0,,1,0.127679,899.03,
architecture,phase1,full,full,qwen3.6-35b-a3b,openrouter/qwen/qwen3.6-35b-a3b,default,PB-Advanced-017,IMO-easy,1,competition-hard,False,0,False,0,1,,1,0.06533,399.9,
architecture,phase1,full,full,qwen3.6-35b-a3b,openrouter/qwen/qwen3.6-35b-a3b,default,PB-Advanced-018,IMO-hard,1,competition-hard,False,0,False,0,0,,1,0.095664,921.2,
architecture,phase1,full,full,qwen3.6-35b-a3b,openrouter/qwen/qwen3.6-35b-a3b,default,PB-Advanced-019,IMO-easy,1,competition-hard,False,0,False,0,7,,1,0.109926,738.3,
architecture,phase1,full,full,qwen3.6-35b-a3b,openrouter/qwen/qwen3.6-35b-a3b,default,PB-Advanced-020,IMO-medium,1,competition-hard,False,0,False,0,6,,1,0.06976,436.05,
architecture,phase1,full,full,qwen3.6-35b-a3b,openrouter/qwen/qwen3.6-35b-a3b,default,PB-Advanced-021,IMO-hard,1,competition-hard,False,0,False,0,0,,1,0.121701,674.78,
architecture,phase1,full,full,qwen3.6-35b-a3b,openrouter/qwen/qwen3.6-35b-a3b,default,PB-Advanced-022,IMO-easy,1,competition-hard,False,0,False,0,7,,1,0.09687,694.13,
architecture,phase1,full,full,qwen3.6-35b-a3b,openrouter/qwen/qwen3.6-35b-a3b,default,PB-Advanced-023,IMO-medium,1,competition-hard,False,0,False,0,0,,1,0.071415,562.96,
architecture,phase1,full,full,qwen3.6-35b-a3b,openrouter/qwen/qwen3.6-35b-a3b,default,PB-Advanced-024,IMO-hard,1,competition-hard,False,0,False,0,0,,1,0.113136,779.95,
architecture,phase1,full,full,qwen3.6-35b-a3b,openrouter/qwen/qwen3.6-35b-a3b,default,PB-Advanced-025,IMO-easy,1,competition-hard,False,7,True,6,7,,1,0.064295,1027.05,
architecture,phase1,full,full,qwen3.6-35b-a3b,openrouter/qwen/qwen3.6-35b-a3b,default,PB-Advanced-026,IMO-medium,1,competition-hard,False,0,False,0,1,,1,0.037862,346.42,
architecture,phase1,full,full,qwen3.6-35b-a3b,openrouter/qwen/qwen3.6-35b-a3b,default,PB-Advanced-027,IMO-hard,1,competition-hard,False,0,False,0,0,,1,0.063273,799.48,
architecture,phase1,full,full,qwen3.6-35b-a3b,openrouter/qwen/qwen3.6-35b-a3b,default,PB-Advanced-028,IMO-easy,1,competition-hard,False,1,False,1,7,,1,0.058685,677.53,
architecture,phase1,full,full,qwen3.6-35b-a3b,openrouter/qwen/qwen3.6-35b-a3b,default,PB-Advanced-029,IMO-medium,1,competition-hard,False,0,False,1,7,,1,0.120257,1135.74,
architecture,phase1,full,full,qwen3.6-35b-a3b,openrouter/qwen/qwen3.6-35b-a3b,default,PB-Advanced-030,IMO-hard,1,competition-hard,False,0,False,0,0,,1,0.108829,1118.79,
architecture,phase1,full,full,qwen3.6-35b-a3b,openrouter/qwen/qwen3.6-35b-a3b,default,PB-Basic-001,IMO-easy,1,competition-hard,False,7,True,7,7,,1,0.042643,418.12,
architecture,phase1,full,full,qwen3.6-35b-a3b,openrouter/qwen/qwen3.6-35b-a3b,default,PB-Basic-002,pre-IMO,0,pre-competition,False,0,False,0,7,,1,0.040304,413.58,
architecture,phase1,full,full,qwen3.6-35b-a3b,openrouter/qwen/qwen3.6-35b-a3b,default,PB-Basic-003,IMO-easy,1,competition-hard,False,7,True,7,7,,1,0.04706,477.02,
architecture,phase1,full,full,qwen3.6-35b-a3b,openrouter/qwen/qwen3.6-35b-a3b,default,PB-Basic-004,IMO-easy,1,competition-hard,False,0,False,0,7,,1,0.110447,910.44,
architecture,phase1,full,full,qwen3.6-35b-a3b,openrouter/qwen/qwen3.6-35b-a3b,default,PB-Basic-005,IMO-easy,1,competition-hard,False,6,True,6,7,,1,0.067085,962.04,
architecture,phase1,full,full,qwen3.6-35b-a3b,openrouter/qwen/qwen3.6-35b-a3b,default,PB-Basic-006,IMO-medium,1,competition-hard,False,0,False,0,7,,1,0.12102,888.2,
architecture,phase1,full,full,qwen3.6-35b-a3b,openrouter/qwen/qwen3.6-35b-a3b,default,PB-Basic-007,IMO-medium,1,competition-hard,False,0,False,0,7,,1,0.108718,1010.41,
architecture,phase1,full,full,qwen3.6-35b-a3b,openrouter/qwen/qwen3.6-35b-a3b,default,PB-Basic-008,pre-IMO,0,pre-competition,False,1,False,1,0,,1,0.05389,849.8,
architecture,phase1,full,full,qwen3.6-35b-a3b,openrouter/qwen/qwen3.6-35b-a3b,default,PB-Basic-009,IMO-easy,1,competition-hard,False,0,False,0,1,,1,0.075446,448.82,
architecture,phase1,full,full,qwen3.6-35b-a3b,openrouter/qwen/qwen3.6-35b-a3b,default,PB-Basic-010,IMO-easy,1,competition-hard,False,7,True,7,7,,1,0.027758,218.5,
architecture,phase1,full,full,qwen3.6-35b-a3b,openrouter/qwen/qwen3.6-35b-a3b,default,PB-Basic-011,IMO-easy,1,competition-hard,False,0,False,0,0,,1,0.270715,1508.8,
architecture,phase1,full,full,qwen3.6-35b-a3b,openrouter/qwen/qwen3.6-35b-a3b,default,PB-Basic-012,IMO-medium,1,competition-hard,False,0,False,0,7,,1,0.07004,890.1,
architecture,phase1,full,full,qwen3.6-35b-a3b,openrouter/qwen/qwen3.6-35b-a3b,default,PB-Basic-013,pre-IMO,0,pre-competition,False,7,True,7,7,,1,0.042195,692.86,
architecture,phase1,full,full,qwen3.6-35b-a3b,openrouter/qwen/qwen3.6-35b-a3b,default,PB-Basic-014,pre-IMO,0,pre-competition,False,7,True,7,7,,1,0.038356,378.27,
architecture,phase1,full,full,qwen3.6-35b-a3b,openrouter/qwen/qwen3.6-35b-a3b,default,PB-Basic-015,pre-IMO,0,pre-competition,False,7,True,7,7,,1,0.111819,1439.94,
architecture,phase1,full,full,qwen3.6-35b-a3b,openrouter/qwen/qwen3.6-35b-a3b,default,PB-Basic-016,pre-IMO,0,pre-competition,False,7,True,7,7,,1,0.053187,622.87,
architecture,phase1,full,full,qwen3.6-35b-a3b,openrouter/qwen/qwen3.6-35b-a3b,default,PB-Basic-017,pre-IMO,0,pre-competition,False,7,True,7,7,,1,0.033943,191.59,
architecture,phase1,full,full,qwen3.6-35b-a3b,openrouter/qwen/qwen3.6-35b-a3b,default,PB-Basic-018,pre-IMO,0,pre-competition,False,6,True,1,7,,1,0.062539,928.58,
architecture,phase1,full,full,qwen3.6-35b-a3b,openrouter/qwen/qwen3.6-35b-a3b,default,PB-Basic-019,IMO-easy,1,competition-hard,False,7,True,7,7,,1,0.045746,465.05,
architecture,phase1,full,full,qwen3.6-35b-a3b,openrouter/qwen/qwen3.6-35b-a3b,default,PB-Basic-020,IMO-easy,1,competition-hard,False,7,True,7,7,,1,0.048951,766.13,
architecture,phase1,full,full,qwen3.6-35b-a3b,openrouter/qwen/qwen3.6-35b-a3b,default,PB-Basic-021,IMO-easy,1,competition-hard,False,0,False,0,0,,1,0.118603,1106.07,
architecture,phase1,full,full,qwen3.6-35b-a3b,openrouter/qwen/qwen3.6-35b-a3b,default,PB-Basic-022,IMO-easy,1,competition-hard,False,0,False,0,7,,1,0.108307,1045.85,
architecture,phase1,full,full,qwen3.6-35b-a3b,openrouter/qwen/qwen3.6-35b-a3b,default,PB-Basic-023,IMO-medium,1,competition-hard,False,0,False,1,7,,1,0.051731,521.83,
architecture,phase1,full,full,qwen3.6-35b-a3b,openrouter/qwen/qwen3.6-35b-a3b,default,PB-Basic-024,IMO-medium,1,competition-hard,False,0,False,0,7,,1,0.093607,820.72,
architecture,phase1,full,full,qwen3.6-35b-a3b,openrouter/qwen/qwen3.6-35b-a3b,default,PB-Basic-025,IMO-easy,1,competition-hard,False,7,True,7,7,,1,0.114844,1256.5,
architecture,phase1,full,full,qwen3.6-35b-a3b,openrouter/qwen/qwen3.6-35b-a3b,default,PB-Basic-026,IMO-medium,1,competition-hard,False,0,False,0,0,,1,0.131047,1207.39,
architecture,phase1,full,full,qwen3.6-35b-a3b,openrouter/qwen/qwen3.6-35b-a3b,default,PB-Basic-027,IMO-easy,1,competition-hard,False,7,True,6,7,,1,0.069519,1021.59,
architecture,phase1,full,full,qwen3.6-35b-a3b,openrouter/qwen/qwen3.6-35b-a3b,default,PB-Basic-028,IMO-medium,1,competition-hard,False,0,False,0,0,,1,0.116234,941.17,
architecture,phase1,full,full,qwen3.6-35b-a3b,openrouter/qwen/qwen3.6-35b-a3b,default,PB-Basic-029,IMO-medium,1,competition-hard,False,0,False,0,0,,1,0.128232,882.13,
architecture,phase1,full,full,qwen3.6-35b-a3b,openrouter/qwen/qwen3.6-35b-a3b,default,PB-Basic-030,IMO-easy,1,competition-hard,False,0,False,0,0,,1,0.04007,495.82,
architecture,phase1,full,full,qwen3.6-35b-a3b,openrouter/qwen/qwen3.6-35b-a3b,default,erdos-1051,Minor Novelty,3,research-medium,True,0,False,0,7,,1,0.057533,352.26,
architecture,phase1,full,full,qwen3.6-35b-a3b,openrouter/qwen/qwen3.6-35b-a3b,default,erdos-333,Literature Identification,2,research-easy,True,0,False,0,0,,1,0.035722,363.1,
architecture,phase1,full,full,qwen3.6-35b-a3b,openrouter/qwen/qwen3.6-35b-a3b,default,erdos-397,Independent Rediscovery,1,competition-hard,True,0,False,0,0,,1,0.103476,777.18,
architecture,phase1,full,full,qwen3.6-35b-a3b,openrouter/qwen/qwen3.6-35b-a3b,default,erdos-654,Negligible Novelty,2,research-easy,True,0,False,0,0,,1,0.07952,642.97,
architecture,phase1,full,full,qwen3.6-35b-a3b,openrouter/qwen/qwen3.6-35b-a3b,default,erdos-659,Negligible Novelty,2,research-easy,True,0,False,0,0,,1,0.078933,541.69,
architecture,phase1,full,full,qwen3.6-35b-a3b,openrouter/qwen/qwen3.6-35b-a3b,default,first-proof-10-official,1,2,research-easy,True,6,True,0,1,,1,0.043366,364.87,
architecture,phase1,full,full,qwen3.6-35b-a3b,openrouter/qwen/qwen3.6-35b-a3b,default,first-proof-4-official,3,4,research-hard,True,0,False,0,0,,1,0.10841,838.74,
architecture,phase1,full,full,qwen3.6-35b-a3b,openrouter/qwen/qwen3.6-35b-a3b,default,first-proof-5-official,2,3,research-medium,True,0,False,0,0,,1,0.067886,402.9,
architecture,phase1,full,full,qwen3.6-35b-a3b,openrouter/qwen/qwen3.6-35b-a3b,default,first-proof-6-official,3,4,research-hard,True,0,False,0,0,,1,0.123613,993.56,
architecture,phase1,full,full,qwen3.6-35b-a3b,openrouter/qwen/qwen3.6-35b-a3b,default,ramsey-hypergraphs,Moderately Interesting,5,research-frontier,True,0,False,0,0,,1,0.039054,340.19,
architecture,phase1,seed_generate,seed_generate,deepseek-v4-flash,openrouter/deepseek/deepseek-v4-flash,default,PB-Advanced-001,IMO-easy,1,competition-hard,False,7,True,7,7,,3,0.088306,1634.46,
architecture,phase1,seed_generate,seed_generate,deepseek-v4-flash,openrouter/deepseek/deepseek-v4-flash,default,PB-Advanced-002,IMO-medium,1,competition-hard,False,0,False,0,7,,3,0.22283,2884.52,
architecture,phase1,seed_generate,seed_generate,deepseek-v4-flash,openrouter/deepseek/deepseek-v4-flash,default,PB-Advanced-003,IMO-hard,1,competition-hard,False,0,False,0,1,,3,0.236357,1643.58,
architecture,phase1,seed_generate,seed_generate,deepseek-v4-flash,openrouter/deepseek/deepseek-v4-flash,default,PB-Advanced-004,IMO-easy,1,competition-hard,False,7,True,6,7,,3,0.112558,1689.59,
architecture,phase1,seed_generate,seed_generate,deepseek-v4-flash,openrouter/deepseek/deepseek-v4-flash,default,PB-Advanced-005,IMO-medium,1,competition-hard,False,0,False,0,0,,3,0.225426,2019.14,
architecture,phase1,seed_generate,seed_generate,deepseek-v4-flash,openrouter/deepseek/deepseek-v4-flash,default,PB-Advanced-006,IMO-hard,1,competition-hard,False,0,False,0,6,,3,0.169247,2165.85,
architecture,phase1,seed_generate,seed_generate,deepseek-v4-flash,openrouter/deepseek/deepseek-v4-flash,default,PB-Advanced-007,IMO-easy,1,competition-hard,False,7,True,7,7,,3,0.141014,1713.02,
architecture,phase1,seed_generate,seed_generate,deepseek-v4-flash,openrouter/deepseek/deepseek-v4-flash,default,PB-Advanced-008,IMO-medium,1,competition-hard,False,0,False,0,0,,3,0.179271,2704.89,
architecture,phase1,seed_generate,seed_generate,deepseek-v4-flash,openrouter/deepseek/deepseek-v4-flash,default,PB-Advanced-009,IMO-hard,1,competition-hard,False,0,False,0,0,,3,0.230044,1563.88,
architecture,phase1,seed_generate,seed_generate,deepseek-v4-flash,openrouter/deepseek/deepseek-v4-flash,default,PB-Advanced-010,IMO-medium,1,competition-hard,False,0,False,0,0,,3,0.144515,1490.67,
architecture,phase1,seed_generate,seed_generate,deepseek-v4-flash,openrouter/deepseek/deepseek-v4-flash,default,PB-Advanced-011,IMO-medium,1,competition-hard,False,0,False,0,7,,3,0.232736,3433.25,
architecture,phase1,seed_generate,seed_generate,deepseek-v4-flash,openrouter/deepseek/deepseek-v4-flash,default,PB-Advanced-012,IMO-hard,1,competition-hard,False,0,False,0,7,,3,0.093724,5006.46,
architecture,phase1,seed_generate,seed_generate,deepseek-v4-flash,openrouter/deepseek/deepseek-v4-flash,default,PB-Advanced-013,IMO-easy,1,competition-hard,False,0,False,1,7,,3,0.170037,3663.4,
architecture,phase1,seed_generate,seed_generate,deepseek-v4-flash,openrouter/deepseek/deepseek-v4-flash,default,PB-Advanced-014,IMO-medium,1,competition-hard,False,7,True,7,7,,3,0.226074,2573.73,
architecture,phase1,seed_generate,seed_generate,deepseek-v4-flash,openrouter/deepseek/deepseek-v4-flash,default,PB-Advanced-015,IMO-hard,1,competition-hard,False,0,False,1,7,,3,0.220121,2531.81,
architecture,phase1,seed_generate,seed_generate,deepseek-v4-flash,openrouter/deepseek/deepseek-v4-flash,default,PB-Advanced-016,IMO-easy,1,competition-hard,False,0,False,0,7,,3,0.186833,3604.4,
architecture,phase1,seed_generate,seed_generate,deepseek-v4-flash,openrouter/deepseek/deepseek-v4-flash,default,PB-Advanced-017,IMO-easy,1,competition-hard,False,7,True,7,7,,3,0.16207,1862.73,
architecture,phase1,seed_generate,seed_generate,deepseek-v4-flash,openrouter/deepseek/deepseek-v4-flash,default,PB-Advanced-018,IMO-hard,1,competition-hard,False,0,False,0,0,,3,0.240268,2015.53,
architecture,phase1,seed_generate,seed_generate,deepseek-v4-flash,openrouter/deepseek/deepseek-v4-flash,default,PB-Advanced-019,IMO-easy,1,competition-hard,False,7,True,7,7,,3,0.087506,1615.65,
architecture,phase1,seed_generate,seed_generate,deepseek-v4-flash,openrouter/deepseek/deepseek-v4-flash,default,PB-Advanced-020,IMO-medium,1,competition-hard,False,7,True,0,0,,3,0.19733,4675.7,
architecture,phase1,seed_generate,seed_generate,deepseek-v4-flash,openrouter/deepseek/deepseek-v4-flash,default,PB-Advanced-021,IMO-hard,1,competition-hard,False,0,False,0,7,,3,0.15003,2477.02,
architecture,phase1,seed_generate,seed_generate,deepseek-v4-flash,openrouter/deepseek/deepseek-v4-flash,default,PB-Advanced-022,IMO-easy,1,competition-hard,False,0,False,0,7,,3,0.227092,5712.93,
architecture,phase1,seed_generate,seed_generate,deepseek-v4-flash,openrouter/deepseek/deepseek-v4-flash,default,PB-Advanced-023,IMO-medium,1,competition-hard,False,0,False,0,7,,3,0.059128,4805.66,
architecture,phase1,seed_generate,seed_generate,deepseek-v4-flash,openrouter/deepseek/deepseek-v4-flash,default,PB-Advanced-024,IMO-hard,1,competition-hard,False,0,False,1,7,,3,0.223091,2709.15,
architecture,phase1,seed_generate,seed_generate,deepseek-v4-flash,openrouter/deepseek/deepseek-v4-flash,default,PB-Advanced-025,IMO-easy,1,competition-hard,False,7,True,7,7,,3,0.082365,1537.61,
architecture,phase1,seed_generate,seed_generate,deepseek-v4-flash,openrouter/deepseek/deepseek-v4-flash,default,PB-Advanced-026,IMO-medium,1,competition-hard,False,0,False,0,7,,3,0.281381,1824.64,
architecture,phase1,seed_generate,seed_generate,deepseek-v4-flash,openrouter/deepseek/deepseek-v4-flash,default,PB-Advanced-027,IMO-hard,1,competition-hard,False,0,False,0,0,,3,0.094424,1615.61,
architecture,phase1,seed_generate,seed_generate,deepseek-v4-flash,openrouter/deepseek/deepseek-v4-flash,default,PB-Advanced-028,IMO-easy,1,competition-hard,False,7,True,7,7,,3,0.065318,1489.32,
architecture,phase1,seed_generate,seed_generate,deepseek-v4-flash,openrouter/deepseek/deepseek-v4-flash,default,PB-Advanced-029,IMO-medium,1,competition-hard,False,0,False,1,0,,3,0.189997,1507.28,
architecture,phase1,seed_generate,seed_generate,deepseek-v4-flash,openrouter/deepseek/deepseek-v4-flash,default,PB-Advanced-030,IMO-hard,1,competition-hard,False,0,False,0,1,,3,0.095295,1584.28,
architecture,phase1,seed_generate,seed_generate,deepseek-v4-flash,openrouter/deepseek/deepseek-v4-flash,default,PB-Basic-001,IMO-easy,1,competition-hard,False,7,True,7,7,,3,0.036232,692.2,
architecture,phase1,seed_generate,seed_generate,deepseek-v4-flash,openrouter/deepseek/deepseek-v4-flash,default,PB-Basic-002,pre-IMO,0,pre-competition,False,7,True,7,7,,3,0.053711,956.26,
architecture,phase1,seed_generate,seed_generate,deepseek-v4-flash,openrouter/deepseek/deepseek-v4-flash,default,PB-Basic-003,IMO-easy,1,competition-hard,False,6,True,6,7,,3,0.066097,1820.32,
architecture,phase1,seed_generate,seed_generate,deepseek-v4-flash,openrouter/deepseek/deepseek-v4-flash,default,PB-Basic-004,IMO-easy,1,competition-hard,False,,,7,7,,3,0.065295,820.65,
architecture,phase1,seed_generate,seed_generate,deepseek-v4-flash,openrouter/deepseek/deepseek-v4-flash,default,PB-Basic-005,IMO-easy,1,competition-hard,False,7,True,7,7,,3,0.081297,1749.28,
architecture,phase1,seed_generate,seed_generate,deepseek-v4-flash,openrouter/deepseek/deepseek-v4-flash,default,PB-Basic-006,IMO-medium,1,competition-hard,False,6,True,6,7,,3,0.150808,4746.83,
architecture,phase1,seed_generate,seed_generate,deepseek-v4-flash,openrouter/deepseek/deepseek-v4-flash,default,PB-Basic-007,IMO-medium,1,competition-hard,False,7,True,0,7,,3,0.20868,2291.06,
architecture,phase1,seed_generate,seed_generate,deepseek-v4-flash,openrouter/deepseek/deepseek-v4-flash,default,PB-Basic-008,pre-IMO,0,pre-competition,False,6,True,6,7,,3,0.141246,2210.17,
architecture,phase1,seed_generate,seed_generate,deepseek-v4-flash,openrouter/deepseek/deepseek-v4-flash,default,PB-Basic-009,IMO-easy,1,competition-hard,False,0,False,1,0,,3,0.269692,2587.01,
architecture,phase1,seed_generate,seed_generate,deepseek-v4-flash,openrouter/deepseek/deepseek-v4-flash,default,PB-Basic-010,IMO-easy,1,competition-hard,False,7,True,7,7,,3,0.020434,369.62,
architecture,phase1,seed_generate,seed_generate,deepseek-v4-flash,openrouter/deepseek/deepseek-v4-flash,default,PB-Basic-011,IMO-easy,1,competition-hard,False,7,True,7,7,,3,0.083326,1659.92,
architecture,phase1,seed_generate,seed_generate,deepseek-v4-flash,openrouter/deepseek/deepseek-v4-flash,default,PB-Basic-012,IMO-medium,1,competition-hard,False,7,True,7,7,,3,0.053912,1218.42,
architecture,phase1,seed_generate,seed_generate,deepseek-v4-flash,openrouter/deepseek/deepseek-v4-flash,default,PB-Basic-013,pre-IMO,0,pre-competition,False,7,True,7,7,,3,0.058508,1063.54,
architecture,phase1,seed_generate,seed_generate,deepseek-v4-flash,openrouter/deepseek/deepseek-v4-flash,default,PB-Basic-014,pre-IMO,0,pre-competition,False,7,True,7,7,,3,0.055961,1036.79,
architecture,phase1,seed_generate,seed_generate,deepseek-v4-flash,openrouter/deepseek/deepseek-v4-flash,default,PB-Basic-015,pre-IMO,0,pre-competition,False,7,True,7,7,,3,0.076929,1744.21,
architecture,phase1,seed_generate,seed_generate,deepseek-v4-flash,openrouter/deepseek/deepseek-v4-flash,default,PB-Basic-016,pre-IMO,0,pre-competition,False,7,True,7,7,,3,0.04962,959.49,
architecture,phase1,seed_generate,seed_generate,deepseek-v4-flash,openrouter/deepseek/deepseek-v4-flash,default,PB-Basic-017,pre-IMO,0,pre-competition,False,7,True,7,7,,3,0.023668,537.15,
architecture,phase1,seed_generate,seed_generate,deepseek-v4-flash,openrouter/deepseek/deepseek-v4-flash,default,PB-Basic-018,pre-IMO,0,pre-competition,False,7,True,7,7,,3,0.058925,1060.04,
architecture,phase1,seed_generate,seed_generate,deepseek-v4-flash,openrouter/deepseek/deepseek-v4-flash,default,PB-Basic-019,IMO-easy,1,competition-hard,False,7,True,7,7,,3,0.028792,426.44,
architecture,phase1,seed_generate,seed_generate,deepseek-v4-flash,openrouter/deepseek/deepseek-v4-flash,default,PB-Basic-020,IMO-easy,1,competition-hard,False,7,True,7,7,,3,0.059532,889.11,
architecture,phase1,seed_generate,seed_generate,deepseek-v4-flash,openrouter/deepseek/deepseek-v4-flash,default,PB-Basic-021,IMO-easy,1,competition-hard,False,7,True,7,7,,3,0.106509,1712.1,
architecture,phase1,seed_generate,seed_generate,deepseek-v4-flash,openrouter/deepseek/deepseek-v4-flash,default,PB-Basic-022,IMO-easy,1,competition-hard,False,7,True,6,7,,3,0.171282,3743.14,
architecture,phase1,seed_generate,seed_generate,deepseek-v4-flash,openrouter/deepseek/deepseek-v4-flash,default,PB-Basic-023,IMO-medium,1,competition-hard,False,0,False,1,7,,3,0.134665,1424.04,
architecture,phase1,seed_generate,seed_generate,deepseek-v4-flash,openrouter/deepseek/deepseek-v4-flash,default,PB-Basic-024,IMO-medium,1,competition-hard,False,7,True,7,7,,3,0.051446,1025.57,
architecture,phase1,seed_generate,seed_generate,deepseek-v4-flash,openrouter/deepseek/deepseek-v4-flash,default,PB-Basic-025,IMO-easy,1,competition-hard,False,7,True,7,7,,3,0.115792,1838.5,
architecture,phase1,seed_generate,seed_generate,deepseek-v4-flash,openrouter/deepseek/deepseek-v4-flash,default,PB-Basic-026,IMO-medium,1,competition-hard,False,0,False,0,0,,3,0.132933,1292.75,
architecture,phase1,seed_generate,seed_generate,deepseek-v4-flash,openrouter/deepseek/deepseek-v4-flash,default,PB-Basic-027,IMO-easy,1,competition-hard,False,0,False,6,7,,3,0.102265,1319.93,
architecture,phase1,seed_generate,seed_generate,deepseek-v4-flash,openrouter/deepseek/deepseek-v4-flash,default,PB-Basic-028,IMO-medium,1,competition-hard,False,7,True,1,7,,3,0.129352,2500.14,
architecture,phase1,seed_generate,seed_generate,deepseek-v4-flash,openrouter/deepseek/deepseek-v4-flash,default,PB-Basic-029,IMO-medium,1,competition-hard,False,0,False,0,0,,3,0.218272,2384.55,
architecture,phase1,seed_generate,seed_generate,deepseek-v4-flash,openrouter/deepseek/deepseek-v4-flash,default,PB-Basic-030,IMO-easy,1,competition-hard,False,0,False,7,7,,3,0.094466,1721.99,
architecture,phase1,seed_generate,seed_generate,deepseek-v4-flash,openrouter/deepseek/deepseek-v4-flash,default,erdos-1051,Minor Novelty,3,research-medium,True,0,False,0,7,,3,0.174886,1697.63,
architecture,phase1,seed_generate,seed_generate,deepseek-v4-flash,openrouter/deepseek/deepseek-v4-flash,default,erdos-333,Literature Identification,2,research-easy,True,0,False,0,0,,3,0.230434,1696.51,
architecture,phase1,seed_generate,seed_generate,deepseek-v4-flash,openrouter/deepseek/deepseek-v4-flash,default,erdos-397,Independent Rediscovery,1,competition-hard,True,7,True,0,0,,3,0.22332,1252.82,
architecture,phase1,seed_generate,seed_generate,deepseek-v4-flash,openrouter/deepseek/deepseek-v4-flash,default,erdos-654,Negligible Novelty,2,research-easy,True,0,False,0,0,,3,0.183566,4640.51,
architecture,phase1,seed_generate,seed_generate,deepseek-v4-flash,openrouter/deepseek/deepseek-v4-flash,default,erdos-659,Negligible Novelty,2,research-easy,True,0,False,0,0,,3,0.059694,1012.47,
architecture,phase1,seed_generate,seed_generate,deepseek-v4-flash,openrouter/deepseek/deepseek-v4-flash,default,first-proof-10-official,1,2,research-easy,True,7,True,6,7,,3,0.094018,961.0,
architecture,phase1,seed_generate,seed_generate,deepseek-v4-flash,openrouter/deepseek/deepseek-v4-flash,default,first-proof-4-official,3,4,research-hard,True,0,False,0,0,,3,0.231194,6386.2,
architecture,phase1,seed_generate,seed_generate,deepseek-v4-flash,openrouter/deepseek/deepseek-v4-flash,default,first-proof-5-official,2,3,research-medium,True,0,False,0,0,,3,0.057508,494.5,
architecture,phase1,seed_generate,seed_generate,deepseek-v4-flash,openrouter/deepseek/deepseek-v4-flash,default,first-proof-6-official,3,4,research-hard,True,0,False,0,0,,3,0.150902,1561.99,
architecture,phase1,seed_generate,seed_generate,deepseek-v4-flash,openrouter/deepseek/deepseek-v4-flash,default,ramsey-hypergraphs,Moderately Interesting,5,research-frontier,True,0,False,0,7,,3,0.181516,1405.79,
architecture,phase1,seed_generate,seed_generate,deepseek-v4-pro,openrouter/deepseek/deepseek-v4-pro,default,PB-Advanced-001,IMO-easy,1,competition-hard,False,7,True,7,7,,3,0.141275,2460.73,
architecture,phase1,seed_generate,seed_generate,deepseek-v4-pro,openrouter/deepseek/deepseek-v4-pro,default,PB-Advanced-002,IMO-medium,1,competition-hard,False,0,False,0,7,,3,0.312955,2622.5,
architecture,phase1,seed_generate,seed_generate,deepseek-v4-pro,openrouter/deepseek/deepseek-v4-pro,default,PB-Advanced-003,IMO-hard,1,competition-hard,False,0,False,0,0,,3,0.271862,3349.24,
architecture,phase1,seed_generate,seed_generate,deepseek-v4-pro,openrouter/deepseek/deepseek-v4-pro,default,PB-Advanced-004,IMO-easy,1,competition-hard,False,7,True,7,7,,3,0.26787,3505.68,
architecture,phase1,seed_generate,seed_generate,deepseek-v4-pro,openrouter/deepseek/deepseek-v4-pro,default,PB-Advanced-005,IMO-medium,1,competition-hard,False,0,False,0,7,,3,0.367997,8726.91,
architecture,phase1,seed_generate,seed_generate,deepseek-v4-pro,openrouter/deepseek/deepseek-v4-pro,default,PB-Advanced-006,IMO-hard,1,competition-hard,False,0,False,1,7,,3,0.359193,2199.77,
architecture,phase1,seed_generate,seed_generate,deepseek-v4-pro,openrouter/deepseek/deepseek-v4-pro,default,PB-Advanced-007,IMO-easy,1,competition-hard,False,7,True,7,7,,3,0.157915,1683.63,
architecture,phase1,seed_generate,seed_generate,deepseek-v4-pro,openrouter/deepseek/deepseek-v4-pro,default,PB-Advanced-008,IMO-medium,1,competition-hard,False,0,False,0,7,,3,0.354344,3631.3,
architecture,phase1,seed_generate,seed_generate,deepseek-v4-pro,openrouter/deepseek/deepseek-v4-pro,default,PB-Advanced-009,IMO-hard,1,competition-hard,False,0,False,0,7,,3,0.200898,3165.26,
architecture,phase1,seed_generate,seed_generate,deepseek-v4-pro,openrouter/deepseek/deepseek-v4-pro,default,PB-Advanced-010,IMO-medium,1,competition-hard,False,0,False,0,0,,3,0.352147,2256.4,
architecture,phase1,seed_generate,seed_generate,deepseek-v4-pro,openrouter/deepseek/deepseek-v4-pro,default,PB-Advanced-011,IMO-medium,1,competition-hard,False,0,False,0,0,,3,0.378911,3672.77,
architecture,phase1,seed_generate,seed_generate,deepseek-v4-pro,openrouter/deepseek/deepseek-v4-pro,default,PB-Advanced-012,IMO-hard,1,competition-hard,False,1,False,1,7,,3,0.257773,3535.41,
architecture,phase1,seed_generate,seed_generate,deepseek-v4-pro,openrouter/deepseek/deepseek-v4-pro,default,PB-Advanced-013,IMO-easy,1,competition-hard,False,0,False,1,0,,3,0.311061,4146.18,
architecture,phase1,seed_generate,seed_generate,deepseek-v4-pro,openrouter/deepseek/deepseek-v4-pro,default,PB-Advanced-014,IMO-medium,1,competition-hard,False,6,True,6,7,,3,0.348503,7152.94,
architecture,phase1,seed_generate,seed_generate,deepseek-v4-pro,openrouter/deepseek/deepseek-v4-pro,default,PB-Advanced-015,IMO-hard,1,competition-hard,False,0,False,0,0,,3,0.2516,2070.02,
architecture,phase1,seed_generate,seed_generate,deepseek-v4-pro,openrouter/deepseek/deepseek-v4-pro,default,PB-Advanced-016,IMO-easy,1,competition-hard,False,0,False,1,7,,3,0.288783,2144.65,
architecture,phase1,seed_generate,seed_generate,deepseek-v4-pro,openrouter/deepseek/deepseek-v4-pro,default,PB-Advanced-017,IMO-easy,1,competition-hard,False,6,True,6,7,,3,0.237166,2135.69,
architecture,phase1,seed_generate,seed_generate,deepseek-v4-pro,openrouter/deepseek/deepseek-v4-pro,default,PB-Advanced-018,IMO-hard,1,competition-hard,False,0,False,0,7,,3,0.365992,2721.17,
architecture,phase1,seed_generate,seed_generate,deepseek-v4-pro,openrouter/deepseek/deepseek-v4-pro,default,PB-Advanced-019,IMO-easy,1,competition-hard,False,7,True,7,7,,3,0.135679,2064.89,
architecture,phase1,seed_generate,seed_generate,deepseek-v4-pro,openrouter/deepseek/deepseek-v4-pro,default,PB-Advanced-020,IMO-medium,1,competition-hard,False,0,False,1,0,,3,0.355163,3671.3,
architecture,phase1,seed_generate,seed_generate,deepseek-v4-pro,openrouter/deepseek/deepseek-v4-pro,default,PB-Advanced-021,IMO-hard,1,competition-hard,False,0,False,0,7,,3,0.357883,4074.63,
architecture,phase1,seed_generate,seed_generate,deepseek-v4-pro,openrouter/deepseek/deepseek-v4-pro,default,PB-Advanced-022,IMO-easy,1,competition-hard,False,0,False,1,7,,3,0.307298,3675.87,
architecture,phase1,seed_generate,seed_generate,deepseek-v4-pro,openrouter/deepseek/deepseek-v4-pro,default,PB-Advanced-023,IMO-medium,1,competition-hard,False,0,False,0,7,,3,0.247032,2246.87,
architecture,phase1,seed_generate,seed_generate,deepseek-v4-pro,openrouter/deepseek/deepseek-v4-pro,default,PB-Advanced-024,IMO-hard,1,competition-hard,False,0,False,1,0,,3,0.357272,3751.13,
architecture,phase1,seed_generate,seed_generate,deepseek-v4-pro,openrouter/deepseek/deepseek-v4-pro,default,PB-Advanced-025,IMO-easy,1,competition-hard,False,7,True,7,7,,3,0.179282,2515.46,
architecture,phase1,seed_generate,seed_generate,deepseek-v4-pro,openrouter/deepseek/deepseek-v4-pro,default,PB-Advanced-026,IMO-medium,1,competition-hard,False,0,False,0,0,,3,0.358485,2344.12,
architecture,phase1,seed_generate,seed_generate,deepseek-v4-pro,openrouter/deepseek/deepseek-v4-pro,default,PB-Advanced-027,IMO-hard,1,competition-hard,False,0,False,0,7,,3,0.247322,2887.11,
architecture,phase1,seed_generate,seed_generate,deepseek-v4-pro,openrouter/deepseek/deepseek-v4-pro,default,PB-Advanced-028,IMO-easy,1,competition-hard,False,7,True,7,7,,3,0.092112,1641.9,
architecture,phase1,seed_generate,seed_generate,deepseek-v4-pro,openrouter/deepseek/deepseek-v4-pro,default,PB-Advanced-029,IMO-medium,1,competition-hard,False,0,False,0,0,,3,0.354104,3338.92,
architecture,phase1,seed_generate,seed_generate,deepseek-v4-pro,openrouter/deepseek/deepseek-v4-pro,default,PB-Advanced-030,IMO-hard,1,competition-hard,False,0,False,0,0,,3,0.300825,3754.42,
architecture,phase1,seed_generate,seed_generate,deepseek-v4-pro,openrouter/deepseek/deepseek-v4-pro,default,PB-Basic-001,IMO-easy,1,competition-hard,False,7,True,7,7,,3,0.039921,648.54,
architecture,phase1,seed_generate,seed_generate,deepseek-v4-pro,openrouter/deepseek/deepseek-v4-pro,default,PB-Basic-002,pre-IMO,0,pre-competition,False,7,True,7,7,,3,0.03098,649.58,
architecture,phase1,seed_generate,seed_generate,deepseek-v4-pro,openrouter/deepseek/deepseek-v4-pro,default,PB-Basic-003,IMO-easy,1,competition-hard,False,7,True,7,7,,3,0.048788,2093.17,
architecture,phase1,seed_generate,seed_generate,deepseek-v4-pro,openrouter/deepseek/deepseek-v4-pro,default,PB-Basic-004,IMO-easy,1,competition-hard,False,7,True,7,7,,3,0.073809,948.84,
architecture,phase1,seed_generate,seed_generate,deepseek-v4-pro,openrouter/deepseek/deepseek-v4-pro,default,PB-Basic-005,IMO-easy,1,competition-hard,False,7,True,7,7,,3,0.139389,2055.62,
architecture,phase1,seed_generate,seed_generate,deepseek-v4-pro,openrouter/deepseek/deepseek-v4-pro,default,PB-Basic-006,IMO-medium,1,competition-hard,False,7,True,7,7,,3,0.254496,4549.49,
architecture,phase1,seed_generate,seed_generate,deepseek-v4-pro,openrouter/deepseek/deepseek-v4-pro,default,PB-Basic-007,IMO-medium,1,competition-hard,False,1,False,1,6,,3,0.227701,1761.59,
architecture,phase1,seed_generate,seed_generate,deepseek-v4-pro,openrouter/deepseek/deepseek-v4-pro,default,PB-Basic-008,pre-IMO,0,pre-competition,False,7,True,7,7,,3,0.064398,824.73,
architecture,phase1,seed_generate,seed_generate,deepseek-v4-pro,openrouter/deepseek/deepseek-v4-pro,default,PB-Basic-009,IMO-easy,1,competition-hard,False,0,False,0,7,,3,0.333409,4792.85,
architecture,phase1,seed_generate,seed_generate,deepseek-v4-pro,openrouter/deepseek/deepseek-v4-pro,default,PB-Basic-010,IMO-easy,1,competition-hard,False,7,True,7,7,,3,0.029261,395.6,
architecture,phase1,seed_generate,seed_generate,deepseek-v4-pro,openrouter/deepseek/deepseek-v4-pro,default,PB-Basic-011,IMO-easy,1,competition-hard,False,7,True,6,7,,3,0.171279,1920.88,
architecture,phase1,seed_generate,seed_generate,deepseek-v4-pro,openrouter/deepseek/deepseek-v4-pro,default,PB-Basic-012,IMO-medium,1,competition-hard,False,7,True,7,7,,3,0.098725,1581.0,
architecture,phase1,seed_generate,seed_generate,deepseek-v4-pro,openrouter/deepseek/deepseek-v4-pro,default,PB-Basic-013,pre-IMO,0,pre-competition,False,7,True,7,7,,3,0.057392,1044.16,
architecture,phase1,seed_generate,seed_generate,deepseek-v4-pro,openrouter/deepseek/deepseek-v4-pro,default,PB-Basic-014,pre-IMO,0,pre-competition,False,7,True,7,7,,3,0.072349,968.15,
architecture,phase1,seed_generate,seed_generate,deepseek-v4-pro,openrouter/deepseek/deepseek-v4-pro,default,PB-Basic-015,pre-IMO,0,pre-competition,False,7,True,7,7,,3,0.113252,1892.21,
architecture,phase1,seed_generate,seed_generate,deepseek-v4-pro,openrouter/deepseek/deepseek-v4-pro,default,PB-Basic-016,pre-IMO,0,pre-competition,False,7,True,7,7,,3,0.073199,1745.01,
architecture,phase1,seed_generate,seed_generate,deepseek-v4-pro,openrouter/deepseek/deepseek-v4-pro,default,PB-Basic-017,pre-IMO,0,pre-competition,False,7,True,7,7,,3,0.050066,1246.73,
architecture,phase1,seed_generate,seed_generate,deepseek-v4-pro,openrouter/deepseek/deepseek-v4-pro,default,PB-Basic-018,pre-IMO,0,pre-competition,False,7,True,7,7,,3,0.0896,1406.28,
architecture,phase1,seed_generate,seed_generate,deepseek-v4-pro,openrouter/deepseek/deepseek-v4-pro,default,PB-Basic-019,IMO-easy,1,competition-hard,False,7,True,7,7,,3,0.072188,2034.16,
architecture,phase1,seed_generate,seed_generate,deepseek-v4-pro,openrouter/deepseek/deepseek-v4-pro,default,PB-Basic-020,IMO-easy,1,competition-hard,False,7,True,7,7,,3,0.085656,1661.02,
architecture,phase1,seed_generate,seed_generate,deepseek-v4-pro,openrouter/deepseek/deepseek-v4-pro,default,PB-Basic-021,IMO-easy,1,competition-hard,False,1,False,1,7,,3,0.317123,4294.38,
architecture,phase1,seed_generate,seed_generate,deepseek-v4-pro,openrouter/deepseek/deepseek-v4-pro,default,PB-Basic-022,IMO-easy,1,competition-hard,False,7,True,6,7,,3,0.320613,2506.8,
architecture,phase1,seed_generate,seed_generate,deepseek-v4-pro,openrouter/deepseek/deepseek-v4-pro,default,PB-Basic-023,IMO-medium,1,competition-hard,False,7,True,6,7,,3,0.290047,3177.0,
architecture,phase1,seed_generate,seed_generate,deepseek-v4-pro,openrouter/deepseek/deepseek-v4-pro,default,PB-Basic-024,IMO-medium,1,competition-hard,False,7,True,7,7,,3,0.136839,3971.82,
architecture,phase1,seed_generate,seed_generate,deepseek-v4-pro,openrouter/deepseek/deepseek-v4-pro,default,PB-Basic-025,IMO-easy,1,competition-hard,False,7,True,7,7,,3,0.194501,4199.88,
architecture,phase1,seed_generate,seed_generate,deepseek-v4-pro,openrouter/deepseek/deepseek-v4-pro,default,PB-Basic-026,IMO-medium,1,competition-hard,False,0,False,0,7,,3,0.348571,4100.5,
architecture,phase1,seed_generate,seed_generate,deepseek-v4-pro,openrouter/deepseek/deepseek-v4-pro,default,PB-Basic-027,IMO-easy,1,competition-hard,False,7,True,7,7,,3,0.226802,2644.49,
architecture,phase1,seed_generate,seed_generate,deepseek-v4-pro,openrouter/deepseek/deepseek-v4-pro,default,PB-Basic-028,IMO-medium,1,competition-hard,False,7,True,7,7,,3,0.252027,5411.42,
architecture,phase1,seed_generate,seed_generate,deepseek-v4-pro,openrouter/deepseek/deepseek-v4-pro,default,PB-Basic-029,IMO-medium,1,competition-hard,False,0,False,0,0,,3,0.303533,3687.58,
architecture,phase1,seed_generate,seed_generate,deepseek-v4-pro,openrouter/deepseek/deepseek-v4-pro,default,PB-Basic-030,IMO-easy,1,competition-hard,False,0,False,0,0,,3,0.257598,2267.03,
architecture,phase1,seed_generate,seed_generate,deepseek-v4-pro,openrouter/deepseek/deepseek-v4-pro,default,erdos-1051,Minor Novelty,3,research-medium,True,0,False,0,7,,3,0.318911,3099.35,
architecture,phase1,seed_generate,seed_generate,deepseek-v4-pro,openrouter/deepseek/deepseek-v4-pro,default,erdos-333,Literature Identification,2,research-easy,True,0,False,0,0,,3,0.330935,3520.35,
architecture,phase1,seed_generate,seed_generate,deepseek-v4-pro,openrouter/deepseek/deepseek-v4-pro,default,erdos-397,Independent Rediscovery,1,competition-hard,True,0,False,0,0,,3,0.352281,2069.66,
architecture,phase1,seed_generate,seed_generate,deepseek-v4-pro,openrouter/deepseek/deepseek-v4-pro,default,erdos-654,Negligible Novelty,2,research-easy,True,0,False,0,0,,3,0.356206,2102.9,
architecture,phase1,seed_generate,seed_generate,deepseek-v4-pro,openrouter/deepseek/deepseek-v4-pro,default,erdos-659,Negligible Novelty,2,research-easy,True,0,False,1,7,,3,0.304866,2120.09,
architecture,phase1,seed_generate,seed_generate,deepseek-v4-pro,openrouter/deepseek/deepseek-v4-pro,default,first-proof-10-official,1,2,research-easy,True,7,True,6,1,,3,0.130569,1963.79,
architecture,phase1,seed_generate,seed_generate,deepseek-v4-pro,openrouter/deepseek/deepseek-v4-pro,default,first-proof-4-official,3,4,research-hard,True,0,False,0,7,,3,0.270037,2146.51,
architecture,phase1,seed_generate,seed_generate,deepseek-v4-pro,openrouter/deepseek/deepseek-v4-pro,default,first-proof-5-official,2,3,research-medium,True,7,True,0,7,,3,0.241505,3414.7,
architecture,phase1,seed_generate,seed_generate,deepseek-v4-pro,openrouter/deepseek/deepseek-v4-pro,default,first-proof-6-official,3,4,research-hard,True,0,False,0,7,,3,0.284567,4981.84,
architecture,phase1,seed_generate,seed_generate,deepseek-v4-pro,openrouter/deepseek/deepseek-v4-pro,default,ramsey-hypergraphs,Moderately Interesting,5,research-frontier,True,0,False,0,0,,3,0.302244,3007.58,
architecture,phase1,seed_generate,seed_generate,gemini-3-flash-preview,openrouter/google/gemini-3-flash-preview,default,PB-Advanced-001,IMO-easy,1,competition-hard,False,0,False,0,7,,3,0.04739,323.13,
architecture,phase1,seed_generate,seed_generate,gemini-3-flash-preview,openrouter/google/gemini-3-flash-preview,default,PB-Advanced-002,IMO-medium,1,competition-hard,False,0,False,0,0,,3,0.045915,169.98,
architecture,phase1,seed_generate,seed_generate,gemini-3-flash-preview,openrouter/google/gemini-3-flash-preview,default,PB-Advanced-003,IMO-hard,1,competition-hard,False,0,False,0,1,,3,0.040605,169.78,
architecture,phase1,seed_generate,seed_generate,gemini-3-flash-preview,openrouter/google/gemini-3-flash-preview,default,PB-Advanced-004,IMO-easy,1,competition-hard,False,1,False,1,7,,3,0.051583,356.05,
architecture,phase1,seed_generate,seed_generate,gemini-3-flash-preview,openrouter/google/gemini-3-flash-preview,default,PB-Advanced-005,IMO-medium,1,competition-hard,False,0,False,0,0,,3,0.033062,137.53,
architecture,phase1,seed_generate,seed_generate,gemini-3-flash-preview,openrouter/google/gemini-3-flash-preview,default,PB-Advanced-006,IMO-hard,1,competition-hard,False,0,False,0,0,,3,0.030757,99.21,
architecture,phase1,seed_generate,seed_generate,gemini-3-flash-preview,openrouter/google/gemini-3-flash-preview,default,PB-Advanced-007,IMO-easy,1,competition-hard,False,0,False,0,0,,3,0.085168,166.05,
architecture,phase1,seed_generate,seed_generate,gemini-3-flash-preview,openrouter/google/gemini-3-flash-preview,default,PB-Advanced-008,IMO-medium,1,competition-hard,False,0,False,0,6,,3,0.040963,335.91,
architecture,phase1,seed_generate,seed_generate,gemini-3-flash-preview,openrouter/google/gemini-3-flash-preview,default,PB-Advanced-009,IMO-hard,1,competition-hard,False,0,False,0,0,,3,0.032086,137.9,
architecture,phase1,seed_generate,seed_generate,gemini-3-flash-preview,openrouter/google/gemini-3-flash-preview,default,PB-Advanced-010,IMO-medium,1,competition-hard,False,0,False,0,0,,3,0.027375,150.73,
architecture,phase1,seed_generate,seed_generate,gemini-3-flash-preview,openrouter/google/gemini-3-flash-preview,default,PB-Advanced-011,IMO-medium,1,competition-hard,False,0,False,0,0,,3,0.027418,187.22,
architecture,phase1,seed_generate,seed_generate,gemini-3-flash-preview,openrouter/google/gemini-3-flash-preview,default,PB-Advanced-012,IMO-hard,1,competition-hard,False,0,False,1,6,,3,0.054695,390.82,
architecture,phase1,seed_generate,seed_generate,gemini-3-flash-preview,openrouter/google/gemini-3-flash-preview,default,PB-Advanced-013,IMO-easy,1,competition-hard,False,0,False,0,0,,3,0.037523,101.34,
architecture,phase1,seed_generate,seed_generate,gemini-3-flash-preview,openrouter/google/gemini-3-flash-preview,default,PB-Advanced-014,IMO-medium,1,competition-hard,False,0,False,0,0,,3,0.032302,149.81,
architecture,phase1,seed_generate,seed_generate,gemini-3-flash-preview,openrouter/google/gemini-3-flash-preview,default,PB-Advanced-015,IMO-hard,1,competition-hard,False,0,False,0,0,,3,0.03378,201.1,
architecture,phase1,seed_generate,seed_generate,gemini-3-flash-preview,openrouter/google/gemini-3-flash-preview,default,PB-Advanced-016,IMO-easy,1,competition-hard,False,0,False,0,0,,3,0.03465,172.79,
architecture,phase1,seed_generate,seed_generate,gemini-3-flash-preview,openrouter/google/gemini-3-flash-preview,default,PB-Advanced-017,IMO-easy,1,competition-hard,False,7,True,7,7,,3,0.11353,1278.96,
architecture,phase1,seed_generate,seed_generate,gemini-3-flash-preview,openrouter/google/gemini-3-flash-preview,default,PB-Advanced-018,IMO-hard,1,competition-hard,False,0,False,0,0,,3,0.034404,64.83,
architecture,phase1,seed_generate,seed_generate,gemini-3-flash-preview,openrouter/google/gemini-3-flash-preview,default,PB-Advanced-019,IMO-easy,1,competition-hard,False,0,False,0,7,,3,0.051422,442.46,
architecture,phase1,seed_generate,seed_generate,gemini-3-flash-preview,openrouter/google/gemini-3-flash-preview,default,PB-Advanced-020,IMO-medium,1,competition-hard,False,0,False,0,7,,3,0.046129,212.28,
architecture,phase1,seed_generate,seed_generate,gemini-3-flash-preview,openrouter/google/gemini-3-flash-preview,default,PB-Advanced-021,IMO-hard,1,competition-hard,False,0,False,0,0,,3,0.042019,170.27,
architecture,phase1,seed_generate,seed_generate,gemini-3-flash-preview,openrouter/google/gemini-3-flash-preview,default,PB-Advanced-022,IMO-easy,1,competition-hard,False,0,False,0,1,,3,0.042803,294.19,
architecture,phase1,seed_generate,seed_generate,gemini-3-flash-preview,openrouter/google/gemini-3-flash-preview,default,PB-Advanced-023,IMO-medium,1,competition-hard,False,0,False,0,0,,3,0.050458,312.36,
architecture,phase1,seed_generate,seed_generate,gemini-3-flash-preview,openrouter/google/gemini-3-flash-preview,default,PB-Advanced-024,IMO-hard,1,competition-hard,False,0,False,0,0,,3,0.032017,37.48,
architecture,phase1,seed_generate,seed_generate,gemini-3-flash-preview,openrouter/google/gemini-3-flash-preview,default,PB-Advanced-025,IMO-easy,1,competition-hard,False,0,False,0,7,,3,0.057452,366.43,
architecture,phase1,seed_generate,seed_generate,gemini-3-flash-preview,openrouter/google/gemini-3-flash-preview,default,PB-Advanced-026,IMO-medium,1,competition-hard,False,0,False,0,0,,3,0.034324,132.37,
architecture,phase1,seed_generate,seed_generate,gemini-3-flash-preview,openrouter/google/gemini-3-flash-preview,default,PB-Advanced-027,IMO-hard,1,competition-hard,False,0,False,1,7,,3,0.049801,434.47,
architecture,phase1,seed_generate,seed_generate,gemini-3-flash-preview,openrouter/google/gemini-3-flash-preview,default,PB-Advanced-028,IMO-easy,1,competition-hard,False,7,True,7,7,,3,0.069063,430.3,
architecture,phase1,seed_generate,seed_generate,gemini-3-flash-preview,openrouter/google/gemini-3-flash-preview,default,PB-Advanced-029,IMO-medium,1,competition-hard,False,1,False,1,7,,3,0.108093,225.99,
architecture,phase1,seed_generate,seed_generate,gemini-3-flash-preview,openrouter/google/gemini-3-flash-preview,default,PB-Advanced-030,IMO-hard,1,competition-hard,False,0,False,0,0,,3,0.037461,244.65,
architecture,phase1,seed_generate,seed_generate,gemini-3-flash-preview,openrouter/google/gemini-3-flash-preview,default,PB-Basic-001,IMO-easy,1,competition-hard,False,7,True,7,7,,3,0.039413,249.48,
architecture,phase1,seed_generate,seed_generate,gemini-3-flash-preview,openrouter/google/gemini-3-flash-preview,default,PB-Basic-002,pre-IMO,0,pre-competition,False,7,True,7,7,,3,0.026247,113.15,
architecture,phase1,seed_generate,seed_generate,gemini-3-flash-preview,openrouter/google/gemini-3-flash-preview,default,PB-Basic-003,IMO-easy,1,competition-hard,False,0,False,0,0,,3,0.056492,246.13,
architecture,phase1,seed_generate,seed_generate,gemini-3-flash-preview,openrouter/google/gemini-3-flash-preview,default,PB-Basic-004,IMO-easy,1,competition-hard,False,,,7,7,,3,0.060282,954.09,
architecture,phase1,seed_generate,seed_generate,gemini-3-flash-preview,openrouter/google/gemini-3-flash-preview,default,PB-Basic-005,IMO-easy,1,competition-hard,False,7,True,7,6,,3,0.094449,449.99,
architecture,phase1,seed_generate,seed_generate,gemini-3-flash-preview,openrouter/google/gemini-3-flash-preview,default,PB-Basic-006,IMO-medium,1,competition-hard,False,0,False,0,7,,3,0.056527,495.87,
architecture,phase1,seed_generate,seed_generate,gemini-3-flash-preview,openrouter/google/gemini-3-flash-preview,default,PB-Basic-007,IMO-medium,1,competition-hard,False,0,False,0,0,,3,0.053459,205.87,
architecture,phase1,seed_generate,seed_generate,gemini-3-flash-preview,openrouter/google/gemini-3-flash-preview,default,PB-Basic-008,pre-IMO,0,pre-competition,False,7,True,7,7,,3,0.037526,130.23,
architecture,phase1,seed_generate,seed_generate,gemini-3-flash-preview,openrouter/google/gemini-3-flash-preview,default,PB-Basic-009,IMO-easy,1,competition-hard,False,0,False,0,7,,3,0.139539,251.14,
architecture,phase1,seed_generate,seed_generate,gemini-3-flash-preview,openrouter/google/gemini-3-flash-preview,default,PB-Basic-010,IMO-easy,1,competition-hard,False,7,True,7,7,,3,0.033896,201.23,
architecture,phase1,seed_generate,seed_generate,gemini-3-flash-preview,openrouter/google/gemini-3-flash-preview,default,PB-Basic-011,IMO-easy,1,competition-hard,False,0,False,7,0,,3,0.133499,535.49,
architecture,phase1,seed_generate,seed_generate,gemini-3-flash-preview,openrouter/google/gemini-3-flash-preview,default,PB-Basic-012,IMO-medium,1,competition-hard,False,6,True,7,7,,3,0.061277,541.04,
architecture,phase1,seed_generate,seed_generate,gemini-3-flash-preview,openrouter/google/gemini-3-flash-preview,default,PB-Basic-013,pre-IMO,0,pre-competition,False,7,True,7,7,,3,0.058983,426.36,
architecture,phase1,seed_generate,seed_generate,gemini-3-flash-preview,openrouter/google/gemini-3-flash-preview,default,PB-Basic-014,pre-IMO,0,pre-competition,False,7,True,7,7,,3,0.048016,383.99,
architecture,phase1,seed_generate,seed_generate,gemini-3-flash-preview,openrouter/google/gemini-3-flash-preview,default,PB-Basic-015,pre-IMO,0,pre-competition,False,,,7,7,,3,0.056779,572.9,
architecture,phase1,seed_generate,seed_generate,gemini-3-flash-preview,openrouter/google/gemini-3-flash-preview,default,PB-Basic-016,pre-IMO,0,pre-competition,False,7,True,7,7,,3,0.067577,528.16,
architecture,phase1,seed_generate,seed_generate,gemini-3-flash-preview,openrouter/google/gemini-3-flash-preview,default,PB-Basic-017,pre-IMO,0,pre-competition,False,7,True,7,7,,3,0.04485,275.37,
architecture,phase1,seed_generate,seed_generate,gemini-3-flash-preview,openrouter/google/gemini-3-flash-preview,default,PB-Basic-018,pre-IMO,0,pre-competition,False,7,True,7,7,,3,0.049241,376.45,
architecture,phase1,seed_generate,seed_generate,gemini-3-flash-preview,openrouter/google/gemini-3-flash-preview,default,PB-Basic-019,IMO-easy,1,competition-hard,False,7,True,7,7,,3,0.064142,630.08,
architecture,phase1,seed_generate,seed_generate,gemini-3-flash-preview,openrouter/google/gemini-3-flash-preview,default,PB-Basic-020,IMO-easy,1,competition-hard,False,6,True,7,7,,3,0.061692,505.16,
architecture,phase1,seed_generate,seed_generate,gemini-3-flash-preview,openrouter/google/gemini-3-flash-preview,default,PB-Basic-021,IMO-easy,1,competition-hard,False,0,False,0,7,,3,0.03861,119.55,
architecture,phase1,seed_generate,seed_generate,gemini-3-flash-preview,openrouter/google/gemini-3-flash-preview,default,PB-Basic-022,IMO-easy,1,competition-hard,False,0,False,0,1,,3,0.040115,289.03,
architecture,phase1,seed_generate,seed_generate,gemini-3-flash-preview,openrouter/google/gemini-3-flash-preview,default,PB-Basic-023,IMO-medium,1,competition-hard,False,0,False,0,6,,3,0.058476,242.56,
architecture,phase1,seed_generate,seed_generate,gemini-3-flash-preview,openrouter/google/gemini-3-flash-preview,default,PB-Basic-024,IMO-medium,1,competition-hard,False,0,False,0,1,,3,0.042614,211.92,
architecture,phase1,seed_generate,seed_generate,gemini-3-flash-preview,openrouter/google/gemini-3-flash-preview,default,PB-Basic-025,IMO-easy,1,competition-hard,False,0,False,0,7,,3,0.034785,164.76,
architecture,phase1,seed_generate,seed_generate,gemini-3-flash-preview,openrouter/google/gemini-3-flash-preview,default,PB-Basic-026,IMO-medium,1,competition-hard,False,0,False,0,6,,3,0.032836,188.93,
architecture,phase1,seed_generate,seed_generate,gemini-3-flash-preview,openrouter/google/gemini-3-flash-preview,default,PB-Basic-027,IMO-easy,1,competition-hard,False,0,False,0,0,,3,0.045908,137.82,
architecture,phase1,seed_generate,seed_generate,gemini-3-flash-preview,openrouter/google/gemini-3-flash-preview,default,PB-Basic-028,IMO-medium,1,competition-hard,False,0,False,0,6,,3,0.038987,225.63,
architecture,phase1,seed_generate,seed_generate,gemini-3-flash-preview,openrouter/google/gemini-3-flash-preview,default,PB-Basic-029,IMO-medium,1,competition-hard,False,0,False,0,0,,3,0.049754,392.23,
architecture,phase1,seed_generate,seed_generate,gemini-3-flash-preview,openrouter/google/gemini-3-flash-preview,default,PB-Basic-030,IMO-easy,1,competition-hard,False,0,False,0,0,,3,0.0458,326.38,
architecture,phase1,seed_generate,seed_generate,gemini-3-flash-preview,openrouter/google/gemini-3-flash-preview,default,erdos-1051,Minor Novelty,3,research-medium,True,0,False,0,7,,3,0.047265,297.14,
architecture,phase1,seed_generate,seed_generate,gemini-3-flash-preview,openrouter/google/gemini-3-flash-preview,default,erdos-333,Literature Identification,2,research-easy,True,0,False,0,0,,3,0.036893,178.72,
architecture,phase1,seed_generate,seed_generate,gemini-3-flash-preview,openrouter/google/gemini-3-flash-preview,default,erdos-397,Independent Rediscovery,1,competition-hard,True,0,False,0,0,,3,0.033154,83.33,
architecture,phase1,seed_generate,seed_generate,gemini-3-flash-preview,openrouter/google/gemini-3-flash-preview,default,erdos-654,Negligible Novelty,2,research-easy,True,0,False,0,0,,3,0.041048,117.66,
architecture,phase1,seed_generate,seed_generate,gemini-3-flash-preview,openrouter/google/gemini-3-flash-preview,default,erdos-659,Negligible Novelty,2,research-easy,True,0,False,0,0,,3,0.045513,219.8,
architecture,phase1,seed_generate,seed_generate,gemini-3-flash-preview,openrouter/google/gemini-3-flash-preview,default,first-proof-10-official,1,2,research-easy,True,0,False,1,1,,3,0.068303,293.36,
architecture,phase1,seed_generate,seed_generate,gemini-3-flash-preview,openrouter/google/gemini-3-flash-preview,default,first-proof-4-official,3,4,research-hard,True,0,False,0,0,,3,0.039162,45.51,
architecture,phase1,seed_generate,seed_generate,gemini-3-flash-preview,openrouter/google/gemini-3-flash-preview,default,first-proof-5-official,2,3,research-medium,True,0,False,0,0,,3,0.046279,141.05,
architecture,phase1,seed_generate,seed_generate,gemini-3-flash-preview,openrouter/google/gemini-3-flash-preview,default,first-proof-6-official,3,4,research-hard,True,0,False,0,0,,3,0.048698,70.38,
architecture,phase1,seed_generate,seed_generate,gemini-3-flash-preview,openrouter/google/gemini-3-flash-preview,default,ramsey-hypergraphs,Moderately Interesting,5,research-frontier,True,0,False,0,0,,3,0.16178,340.35,
architecture,phase1,seed_generate,seed_generate,gemma-4-31b-it,openrouter/google/gemma-4-31b-it,default,PB-Advanced-001,IMO-easy,1,competition-hard,False,0,False,0,7,,3,0.032028,559.59,
architecture,phase1,seed_generate,seed_generate,gemma-4-31b-it,openrouter/google/gemma-4-31b-it,default,PB-Advanced-002,IMO-medium,1,competition-hard,False,0,False,0,0,,3,0.031423,471.31,
architecture,phase1,seed_generate,seed_generate,gemma-4-31b-it,openrouter/google/gemma-4-31b-it,default,PB-Advanced-003,IMO-hard,1,competition-hard,False,0,False,0,1,,3,0.022869,422.65,
architecture,phase1,seed_generate,seed_generate,gemma-4-31b-it,openrouter/google/gemma-4-31b-it,default,PB-Advanced-004,IMO-easy,1,competition-hard,False,6,True,1,7,,3,0.036975,526.01,
architecture,phase1,seed_generate,seed_generate,gemma-4-31b-it,openrouter/google/gemma-4-31b-it,default,PB-Advanced-005,IMO-medium,1,competition-hard,False,0,False,0,0,,3,0.035345,395.1,
architecture,phase1,seed_generate,seed_generate,gemma-4-31b-it,openrouter/google/gemma-4-31b-it,default,PB-Advanced-006,IMO-hard,1,competition-hard,False,0,False,0,1,,3,0.020846,650.62,
architecture,phase1,seed_generate,seed_generate,gemma-4-31b-it,openrouter/google/gemma-4-31b-it,default,PB-Advanced-007,IMO-easy,1,competition-hard,False,0,False,0,0,,3,0.049007,1308.26,
architecture,phase1,seed_generate,seed_generate,gemma-4-31b-it,openrouter/google/gemma-4-31b-it,default,PB-Advanced-008,IMO-medium,1,competition-hard,False,0,False,0,7,,3,0.034251,640.41,
architecture,phase1,seed_generate,seed_generate,gemma-4-31b-it,openrouter/google/gemma-4-31b-it,default,PB-Advanced-009,IMO-hard,1,competition-hard,False,0,False,0,0,,3,0.014642,302.42,
architecture,phase1,seed_generate,seed_generate,gemma-4-31b-it,openrouter/google/gemma-4-31b-it,default,PB-Advanced-010,IMO-medium,1,competition-hard,False,0,False,0,0,,3,0.013773,498.95,
architecture,phase1,seed_generate,seed_generate,gemma-4-31b-it,openrouter/google/gemma-4-31b-it,default,PB-Advanced-011,IMO-medium,1,competition-hard,False,0,False,0,1,,3,0.013282,258.05,
architecture,phase1,seed_generate,seed_generate,gemma-4-31b-it,openrouter/google/gemma-4-31b-it,default,PB-Advanced-012,IMO-hard,1,competition-hard,False,0,False,1,7,,3,0.027924,351.51,
architecture,phase1,seed_generate,seed_generate,gemma-4-31b-it,openrouter/google/gemma-4-31b-it,default,PB-Advanced-013,IMO-easy,1,competition-hard,False,0,False,0,7,,3,0.046081,647.36,
architecture,phase1,seed_generate,seed_generate,gemma-4-31b-it,openrouter/google/gemma-4-31b-it,default,PB-Advanced-014,IMO-medium,1,competition-hard,False,0,False,0,0,,3,0.016585,340.86,
architecture,phase1,seed_generate,seed_generate,gemma-4-31b-it,openrouter/google/gemma-4-31b-it,default,PB-Advanced-015,IMO-hard,1,competition-hard,False,0,False,0,0,,3,0.020129,605.85,
architecture,phase1,seed_generate,seed_generate,gemma-4-31b-it,openrouter/google/gemma-4-31b-it,default,PB-Advanced-016,IMO-easy,1,competition-hard,False,0,False,0,0,,3,0.017228,359.44,
architecture,phase1,seed_generate,seed_generate,gemma-4-31b-it,openrouter/google/gemma-4-31b-it,default,PB-Advanced-017,IMO-easy,1,competition-hard,False,0,False,0,0,,3,0.032374,1842.75,
architecture,phase1,seed_generate,seed_generate,gemma-4-31b-it,openrouter/google/gemma-4-31b-it,default,PB-Advanced-018,IMO-hard,1,competition-hard,False,0,False,0,0,,3,0.020635,252.19,
architecture,phase1,seed_generate,seed_generate,gemma-4-31b-it,openrouter/google/gemma-4-31b-it,default,PB-Advanced-019,IMO-easy,1,competition-hard,False,0,False,0,7,,3,0.025925,316.79,
architecture,phase1,seed_generate,seed_generate,gemma-4-31b-it,openrouter/google/gemma-4-31b-it,default,PB-Advanced-020,IMO-medium,1,competition-hard,False,0,False,0,7,,3,0.028395,660.42,
architecture,phase1,seed_generate,seed_generate,gemma-4-31b-it,openrouter/google/gemma-4-31b-it,default,PB-Advanced-021,IMO-hard,1,competition-hard,False,0,False,0,0,,3,0.024695,459.65,
architecture,phase1,seed_generate,seed_generate,gemma-4-31b-it,openrouter/google/gemma-4-31b-it,default,PB-Advanced-022,IMO-easy,1,competition-hard,False,0,False,0,0,,3,0.035326,1014.62,
architecture,phase1,seed_generate,seed_generate,gemma-4-31b-it,openrouter/google/gemma-4-31b-it,default,PB-Advanced-023,IMO-medium,1,competition-hard,False,0,False,0,0,,3,0.021917,236.11,
architecture,phase1,seed_generate,seed_generate,gemma-4-31b-it,openrouter/google/gemma-4-31b-it,default,PB-Advanced-024,IMO-hard,1,competition-hard,False,0,False,0,0,,3,0.022099,132.11,
architecture,phase1,seed_generate,seed_generate,gemma-4-31b-it,openrouter/google/gemma-4-31b-it,default,PB-Advanced-025,IMO-easy,1,competition-hard,False,0,False,0,7,,3,0.028164,411.32,
architecture,phase1,seed_generate,seed_generate,gemma-4-31b-it,openrouter/google/gemma-4-31b-it,default,PB-Advanced-026,IMO-medium,1,competition-hard,False,0,False,0,0,,3,0.023798,609.95,
architecture,phase1,seed_generate,seed_generate,gemma-4-31b-it,openrouter/google/gemma-4-31b-it,default,PB-Advanced-027,IMO-hard,1,competition-hard,False,0,False,0,0,,3,0.021306,418.37,
architecture,phase1,seed_generate,seed_generate,gemma-4-31b-it,openrouter/google/gemma-4-31b-it,default,PB-Advanced-028,IMO-easy,1,competition-hard,False,7,True,7,7,,3,0.058955,889.94,
architecture,phase1,seed_generate,seed_generate,gemma-4-31b-it,openrouter/google/gemma-4-31b-it,default,PB-Advanced-029,IMO-medium,1,competition-hard,False,0,False,1,6,,3,0.028372,768.73,
architecture,phase1,seed_generate,seed_generate,gemma-4-31b-it,openrouter/google/gemma-4-31b-it,default,PB-Advanced-030,IMO-hard,1,competition-hard,False,0,False,0,0,,3,0.017211,252.86,
architecture,phase1,seed_generate,seed_generate,gemma-4-31b-it,openrouter/google/gemma-4-31b-it,default,PB-Basic-001,IMO-easy,1,competition-hard,False,7,True,7,7,,3,0.022651,466.52,
architecture,phase1,seed_generate,seed_generate,gemma-4-31b-it,openrouter/google/gemma-4-31b-it,default,PB-Basic-002,pre-IMO,0,pre-competition,False,7,True,7,7,,3,0.020978,331.63,
architecture,phase1,seed_generate,seed_generate,gemma-4-31b-it,openrouter/google/gemma-4-31b-it,default,PB-Basic-003,IMO-easy,1,competition-hard,False,0,False,0,7,,3,0.014584,283.79,
architecture,phase1,seed_generate,seed_generate,gemma-4-31b-it,openrouter/google/gemma-4-31b-it,default,PB-Basic-004,IMO-easy,1,competition-hard,False,0,False,1,6,,3,0.023598,546.92,
architecture,phase1,seed_generate,seed_generate,gemma-4-31b-it,openrouter/google/gemma-4-31b-it,default,PB-Basic-005,IMO-easy,1,competition-hard,False,0,False,0,1,,3,0.034349,907.47,
architecture,phase1,seed_generate,seed_generate,gemma-4-31b-it,openrouter/google/gemma-4-31b-it,default,PB-Basic-006,IMO-medium,1,competition-hard,False,0,False,0,7,,3,0.023026,585.64,
architecture,phase1,seed_generate,seed_generate,gemma-4-31b-it,openrouter/google/gemma-4-31b-it,default,PB-Basic-007,IMO-medium,1,competition-hard,False,0,False,0,1,,3,0.034426,261.4,
architecture,phase1,seed_generate,seed_generate,gemma-4-31b-it,openrouter/google/gemma-4-31b-it,default,PB-Basic-008,pre-IMO,0,pre-competition,False,0,False,0,0,,3,0.018403,360.55,
architecture,phase1,seed_generate,seed_generate,gemma-4-31b-it,openrouter/google/gemma-4-31b-it,default,PB-Basic-009,IMO-easy,1,competition-hard,False,1,False,0,1,,3,0.018511,678.67,
architecture,phase1,seed_generate,seed_generate,gemma-4-31b-it,openrouter/google/gemma-4-31b-it,default,PB-Basic-010,IMO-easy,1,competition-hard,False,7,True,7,7,,3,0.023213,330.12,
architecture,phase1,seed_generate,seed_generate,gemma-4-31b-it,openrouter/google/gemma-4-31b-it,default,PB-Basic-011,IMO-easy,1,competition-hard,False,7,True,7,0,,3,0.052117,995.76,
architecture,phase1,seed_generate,seed_generate,gemma-4-31b-it,openrouter/google/gemma-4-31b-it,default,PB-Basic-012,IMO-medium,1,competition-hard,False,6,True,6,7,,3,0.049165,919.83,
architecture,phase1,seed_generate,seed_generate,gemma-4-31b-it,openrouter/google/gemma-4-31b-it,default,PB-Basic-013,pre-IMO,0,pre-competition,False,7,True,6,7,,3,0.027459,701.92,
architecture,phase1,seed_generate,seed_generate,gemma-4-31b-it,openrouter/google/gemma-4-31b-it,default,PB-Basic-014,pre-IMO,0,pre-competition,False,6,True,6,7,,3,0.046377,980.42,
architecture,phase1,seed_generate,seed_generate,gemma-4-31b-it,openrouter/google/gemma-4-31b-it,default,PB-Basic-015,pre-IMO,0,pre-competition,False,7,True,7,7,,3,0.033705,698.18,
architecture,phase1,seed_generate,seed_generate,gemma-4-31b-it,openrouter/google/gemma-4-31b-it,default,PB-Basic-016,pre-IMO,0,pre-competition,False,7,True,7,7,,3,0.045312,670.99,
architecture,phase1,seed_generate,seed_generate,gemma-4-31b-it,openrouter/google/gemma-4-31b-it,default,PB-Basic-017,pre-IMO,0,pre-competition,False,7,True,7,7,,3,0.037797,1246.51,
architecture,phase1,seed_generate,seed_generate,gemma-4-31b-it,openrouter/google/gemma-4-31b-it,default,PB-Basic-018,pre-IMO,0,pre-competition,False,0,False,0,7,,3,0.025703,1248.89,
architecture,phase1,seed_generate,seed_generate,gemma-4-31b-it,openrouter/google/gemma-4-31b-it,default,PB-Basic-019,IMO-easy,1,competition-hard,False,7,True,7,7,,3,0.045485,797.93,
architecture,phase1,seed_generate,seed_generate,gemma-4-31b-it,openrouter/google/gemma-4-31b-it,default,PB-Basic-020,IMO-easy,1,competition-hard,False,7,True,7,7,,3,0.039387,978.36,
architecture,phase1,seed_generate,seed_generate,gemma-4-31b-it,openrouter/google/gemma-4-31b-it,default,PB-Basic-021,IMO-easy,1,competition-hard,False,0,False,0,7,,3,0.038581,481.79,
architecture,phase1,seed_generate,seed_generate,gemma-4-31b-it,openrouter/google/gemma-4-31b-it,default,PB-Basic-022,IMO-easy,1,competition-hard,False,0,False,0,0,,3,0.026049,448.49,
architecture,phase1,seed_generate,seed_generate,gemma-4-31b-it,openrouter/google/gemma-4-31b-it,default,PB-Basic-023,IMO-medium,1,competition-hard,False,1,False,1,7,,3,0.033498,905.27,
architecture,phase1,seed_generate,seed_generate,gemma-4-31b-it,openrouter/google/gemma-4-31b-it,default,PB-Basic-024,IMO-medium,1,competition-hard,False,0,False,0,0,,3,0.029766,393.66,
architecture,phase1,seed_generate,seed_generate,gemma-4-31b-it,openrouter/google/gemma-4-31b-it,default,PB-Basic-025,IMO-easy,1,competition-hard,False,7,True,7,7,,3,0.026842,575.02,
architecture,phase1,seed_generate,seed_generate,gemma-4-31b-it,openrouter/google/gemma-4-31b-it,default,PB-Basic-026,IMO-medium,1,competition-hard,False,0,False,0,0,,3,0.020433,356.62,
architecture,phase1,seed_generate,seed_generate,gemma-4-31b-it,openrouter/google/gemma-4-31b-it,default,PB-Basic-027,IMO-easy,1,competition-hard,False,0,False,1,7,,3,0.058032,1863.09,
architecture,phase1,seed_generate,seed_generate,gemma-4-31b-it,openrouter/google/gemma-4-31b-it,default,PB-Basic-028,IMO-medium,1,competition-hard,False,0,False,0,0,,3,0.022622,482.85,
architecture,phase1,seed_generate,seed_generate,gemma-4-31b-it,openrouter/google/gemma-4-31b-it,default,PB-Basic-029,IMO-medium,1,competition-hard,False,0,False,0,0,,3,0.041517,1409.49,
architecture,phase1,seed_generate,seed_generate,gemma-4-31b-it,openrouter/google/gemma-4-31b-it,default,PB-Basic-030,IMO-easy,1,competition-hard,False,0,False,0,0,,3,0.025621,367.11,
architecture,phase1,seed_generate,seed_generate,gemma-4-31b-it,openrouter/google/gemma-4-31b-it,default,erdos-1051,Minor Novelty,3,research-medium,True,0,False,0,1,,3,0.025945,393.78,
architecture,phase1,seed_generate,seed_generate,gemma-4-31b-it,openrouter/google/gemma-4-31b-it,default,erdos-333,Literature Identification,2,research-easy,True,0,False,0,0,,3,0.017455,327.23,
architecture,phase1,seed_generate,seed_generate,gemma-4-31b-it,openrouter/google/gemma-4-31b-it,default,erdos-397,Independent Rediscovery,1,competition-hard,True,0,False,0,0,,3,0.014981,380.92,
architecture,phase1,seed_generate,seed_generate,gemma-4-31b-it,openrouter/google/gemma-4-31b-it,default,erdos-654,Negligible Novelty,2,research-easy,True,0,False,0,0,,3,0.023257,576.6,
architecture,phase1,seed_generate,seed_generate,gemma-4-31b-it,openrouter/google/gemma-4-31b-it,default,erdos-659,Negligible Novelty,2,research-easy,True,0,False,0,0,,3,0.027577,386.74,
architecture,phase1,seed_generate,seed_generate,gemma-4-31b-it,openrouter/google/gemma-4-31b-it,default,first-proof-10-official,1,2,research-easy,True,0,False,6,1,,3,0.058808,633.1,
architecture,phase1,seed_generate,seed_generate,gemma-4-31b-it,openrouter/google/gemma-4-31b-it,default,first-proof-4-official,3,4,research-hard,True,0,False,0,0,,3,0.024009,279.19,
architecture,phase1,seed_generate,seed_generate,gemma-4-31b-it,openrouter/google/gemma-4-31b-it,default,first-proof-5-official,2,3,research-medium,True,0,False,0,0,,3,0.030067,251.1,
architecture,phase1,seed_generate,seed_generate,gemma-4-31b-it,openrouter/google/gemma-4-31b-it,default,first-proof-6-official,3,4,research-hard,True,0,False,0,0,,3,0.039481,331.24,
architecture,phase1,seed_generate,seed_generate,gemma-4-31b-it,openrouter/google/gemma-4-31b-it,default,ramsey-hypergraphs,Moderately Interesting,5,research-frontier,True,0,False,0,0,,3,0.05766,776.12,
architecture,phase1,seed_generate,seed_generate,gpt-oss-120b,openrouter/openai/gpt-oss-120b,default,PB-Advanced-001,IMO-easy,1,competition-hard,False,0,False,1,7,,3,0.029574,653.0,
architecture,phase1,seed_generate,seed_generate,gpt-oss-120b,openrouter/openai/gpt-oss-120b,default,PB-Advanced-002,IMO-medium,1,competition-hard,False,0,False,0,0,,3,0.025452,423.49,
architecture,phase1,seed_generate,seed_generate,gpt-oss-120b,openrouter/openai/gpt-oss-120b,default,PB-Advanced-003,IMO-hard,1,competition-hard,False,0,False,0,0,,3,0.029586,417.6,
architecture,phase1,seed_generate,seed_generate,gpt-oss-120b,openrouter/openai/gpt-oss-120b,default,PB-Advanced-004,IMO-easy,1,competition-hard,False,0,False,0,7,,3,0.036615,532.92,
architecture,phase1,seed_generate,seed_generate,gpt-oss-120b,openrouter/openai/gpt-oss-120b,default,PB-Advanced-005,IMO-medium,1,competition-hard,False,0,False,0,0,,3,0.037417,866.61,
architecture,phase1,seed_generate,seed_generate,gpt-oss-120b,openrouter/openai/gpt-oss-120b,default,PB-Advanced-006,IMO-hard,1,competition-hard,False,0,False,0,6,,3,0.023727,456.63,
architecture,phase1,seed_generate,seed_generate,gpt-oss-120b,openrouter/openai/gpt-oss-120b,default,PB-Advanced-007,IMO-easy,1,competition-hard,False,0,False,0,0,,3,0.011229,285.87,
architecture,phase1,seed_generate,seed_generate,gpt-oss-120b,openrouter/openai/gpt-oss-120b,default,PB-Advanced-008,IMO-medium,1,competition-hard,False,0,False,0,0,,3,0.024432,863.65,
architecture,phase1,seed_generate,seed_generate,gpt-oss-120b,openrouter/openai/gpt-oss-120b,default,PB-Advanced-009,IMO-hard,1,competition-hard,False,0,False,0,0,,3,0.022739,494.19,
architecture,phase1,seed_generate,seed_generate,gpt-oss-120b,openrouter/openai/gpt-oss-120b,default,PB-Advanced-010,IMO-medium,1,competition-hard,False,0,False,0,0,,3,0.025429,578.43,
architecture,phase1,seed_generate,seed_generate,gpt-oss-120b,openrouter/openai/gpt-oss-120b,default,PB-Advanced-011,IMO-medium,1,competition-hard,False,0,False,0,7,,3,0.022326,515.41,
architecture,phase1,seed_generate,seed_generate,gpt-oss-120b,openrouter/openai/gpt-oss-120b,default,PB-Advanced-012,IMO-hard,1,competition-hard,False,0,False,0,0,,3,0.035856,645.47,
architecture,phase1,seed_generate,seed_generate,gpt-oss-120b,openrouter/openai/gpt-oss-120b,default,PB-Advanced-013,IMO-easy,1,competition-hard,False,0,False,0,0,,3,0.02332,555.43,
architecture,phase1,seed_generate,seed_generate,gpt-oss-120b,openrouter/openai/gpt-oss-120b,default,PB-Advanced-014,IMO-medium,1,competition-hard,False,0,False,0,0,,3,0.021302,604.33,
architecture,phase1,seed_generate,seed_generate,gpt-oss-120b,openrouter/openai/gpt-oss-120b,default,PB-Advanced-015,IMO-hard,1,competition-hard,False,0,False,0,0,,3,0.025492,711.25,
architecture,phase1,seed_generate,seed_generate,gpt-oss-120b,openrouter/openai/gpt-oss-120b,default,PB-Advanced-016,IMO-easy,1,competition-hard,False,0,False,0,0,,3,0.025312,443.57,
architecture,phase1,seed_generate,seed_generate,gpt-oss-120b,openrouter/openai/gpt-oss-120b,default,PB-Advanced-017,IMO-easy,1,competition-hard,False,0,False,0,1,,3,0.035194,373.37,
architecture,phase1,seed_generate,seed_generate,gpt-oss-120b,openrouter/openai/gpt-oss-120b,default,PB-Advanced-018,IMO-hard,1,competition-hard,False,0,False,0,0,,3,0.033367,365.17,
architecture,phase1,seed_generate,seed_generate,gpt-oss-120b,openrouter/openai/gpt-oss-120b,default,PB-Advanced-019,IMO-easy,1,competition-hard,False,0,False,0,6,,3,0.025452,345.82,
architecture,phase1,seed_generate,seed_generate,gpt-oss-120b,openrouter/openai/gpt-oss-120b,default,PB-Advanced-020,IMO-medium,1,competition-hard,False,0,False,0,0,,3,0.021795,455.76,
architecture,phase1,seed_generate,seed_generate,gpt-oss-120b,openrouter/openai/gpt-oss-120b,default,PB-Advanced-021,IMO-hard,1,competition-hard,False,0,False,0,0,,3,0.028935,365.84,
architecture,phase1,seed_generate,seed_generate,gpt-oss-120b,openrouter/openai/gpt-oss-120b,default,PB-Advanced-022,IMO-easy,1,competition-hard,False,0,False,0,0,,3,0.041016,701.55,
architecture,phase1,seed_generate,seed_generate,gpt-oss-120b,openrouter/openai/gpt-oss-120b,default,PB-Advanced-023,IMO-medium,1,competition-hard,False,0,False,0,0,,3,0.023503,440.64,
architecture,phase1,seed_generate,seed_generate,gpt-oss-120b,openrouter/openai/gpt-oss-120b,default,PB-Advanced-024,IMO-hard,1,competition-hard,False,0,False,0,0,,3,0.026039,1371.8,
architecture,phase1,seed_generate,seed_generate,gpt-oss-120b,openrouter/openai/gpt-oss-120b,default,PB-Advanced-025,IMO-easy,1,competition-hard,False,0,False,0,0,,3,0.035463,620.87,
architecture,phase1,seed_generate,seed_generate,gpt-oss-120b,openrouter/openai/gpt-oss-120b,default,PB-Advanced-026,IMO-medium,1,competition-hard,False,0,False,0,0,,3,0.022989,896.54,
architecture,phase1,seed_generate,seed_generate,gpt-oss-120b,openrouter/openai/gpt-oss-120b,default,PB-Advanced-027,IMO-hard,1,competition-hard,False,0,False,0,0,,3,0.028214,494.16,
architecture,phase1,seed_generate,seed_generate,gpt-oss-120b,openrouter/openai/gpt-oss-120b,default,PB-Advanced-028,IMO-easy,1,competition-hard,False,7,True,7,7,,3,0.030851,571.11,
architecture,phase1,seed_generate,seed_generate,gpt-oss-120b,openrouter/openai/gpt-oss-120b,default,PB-Advanced-029,IMO-medium,1,competition-hard,False,0,False,1,1,,3,0.030929,528.59,
architecture,phase1,seed_generate,seed_generate,gpt-oss-120b,openrouter/openai/gpt-oss-120b,default,PB-Advanced-030,IMO-hard,1,competition-hard,False,0,False,0,0,,3,0.027636,372.67,
architecture,phase1,seed_generate,seed_generate,gpt-oss-120b,openrouter/openai/gpt-oss-120b,default,PB-Basic-001,IMO-easy,1,competition-hard,False,7,True,7,7,,3,0.024141,415.07,
architecture,phase1,seed_generate,seed_generate,gpt-oss-120b,openrouter/openai/gpt-oss-120b,default,PB-Basic-002,pre-IMO,0,pre-competition,False,7,True,7,0,,3,0.018132,333.57,
architecture,phase1,seed_generate,seed_generate,gpt-oss-120b,openrouter/openai/gpt-oss-120b,default,PB-Basic-003,IMO-easy,1,competition-hard,False,0,False,1,7,,3,0.030155,429.03,
architecture,phase1,seed_generate,seed_generate,gpt-oss-120b,openrouter/openai/gpt-oss-120b,default,PB-Basic-004,IMO-easy,1,competition-hard,False,0,False,0,6,,3,0.028496,611.92,
architecture,phase1,seed_generate,seed_generate,gpt-oss-120b,openrouter/openai/gpt-oss-120b,default,PB-Basic-005,IMO-easy,1,competition-hard,False,0,False,0,7,,3,0.031684,1138.67,
architecture,phase1,seed_generate,seed_generate,gpt-oss-120b,openrouter/openai/gpt-oss-120b,default,PB-Basic-006,IMO-medium,1,competition-hard,False,0,False,0,0,,3,0.047742,791.22,
architecture,phase1,seed_generate,seed_generate,gpt-oss-120b,openrouter/openai/gpt-oss-120b,default,PB-Basic-007,IMO-medium,1,competition-hard,False,0,False,1,7,,3,0.038651,667.84,
architecture,phase1,seed_generate,seed_generate,gpt-oss-120b,openrouter/openai/gpt-oss-120b,default,PB-Basic-008,pre-IMO,0,pre-competition,False,0,False,0,0,,3,0.014846,197.11,
architecture,phase1,seed_generate,seed_generate,gpt-oss-120b,openrouter/openai/gpt-oss-120b,default,PB-Basic-009,IMO-easy,1,competition-hard,False,0,False,0,0,,3,0.021767,352.08,
architecture,phase1,seed_generate,seed_generate,gpt-oss-120b,openrouter/openai/gpt-oss-120b,default,PB-Basic-010,IMO-easy,1,competition-hard,False,7,True,7,7,,3,0.018505,354.94,
architecture,phase1,seed_generate,seed_generate,gpt-oss-120b,openrouter/openai/gpt-oss-120b,default,PB-Basic-011,IMO-easy,1,competition-hard,False,0,False,0,0,,3,0.019713,753.92,
architecture,phase1,seed_generate,seed_generate,gpt-oss-120b,openrouter/openai/gpt-oss-120b,default,PB-Basic-012,IMO-medium,1,competition-hard,False,7,True,7,7,,3,0.044909,659.48,
architecture,phase1,seed_generate,seed_generate,gpt-oss-120b,openrouter/openai/gpt-oss-120b,default,PB-Basic-013,pre-IMO,0,pre-competition,False,7,True,7,7,,3,0.036883,998.72,
architecture,phase1,seed_generate,seed_generate,gpt-oss-120b,openrouter/openai/gpt-oss-120b,default,PB-Basic-014,pre-IMO,0,pre-competition,False,0,False,6,7,,3,0.026087,454.13,
architecture,phase1,seed_generate,seed_generate,gpt-oss-120b,openrouter/openai/gpt-oss-120b,default,PB-Basic-015,pre-IMO,0,pre-competition,False,0,False,1,7,,3,0.020102,280.46,
architecture,phase1,seed_generate,seed_generate,gpt-oss-120b,openrouter/openai/gpt-oss-120b,default,PB-Basic-016,pre-IMO,0,pre-competition,False,6,True,6,7,,3,0.03074,425.6,
architecture,phase1,seed_generate,seed_generate,gpt-oss-120b,openrouter/openai/gpt-oss-120b,default,PB-Basic-017,pre-IMO,0,pre-competition,False,7,True,7,7,,3,0.023778,476.46,
architecture,phase1,seed_generate,seed_generate,gpt-oss-120b,openrouter/openai/gpt-oss-120b,default,PB-Basic-018,pre-IMO,0,pre-competition,False,0,False,0,0,,3,0.022493,319.9,
architecture,phase1,seed_generate,seed_generate,gpt-oss-120b,openrouter/openai/gpt-oss-120b,default,PB-Basic-019,IMO-easy,1,competition-hard,False,7,True,7,7,,3,0.02895,412.67,
architecture,phase1,seed_generate,seed_generate,gpt-oss-120b,openrouter/openai/gpt-oss-120b,default,PB-Basic-020,IMO-easy,1,competition-hard,False,6,True,0,7,,3,0.02969,434.98,
architecture,phase1,seed_generate,seed_generate,gpt-oss-120b,openrouter/openai/gpt-oss-120b,default,PB-Basic-021,IMO-easy,1,competition-hard,False,0,False,0,0,,3,0.026536,394.06,
architecture,phase1,seed_generate,seed_generate,gpt-oss-120b,openrouter/openai/gpt-oss-120b,default,PB-Basic-022,IMO-easy,1,competition-hard,False,0,False,0,0,,3,0.030058,628.81,
architecture,phase1,seed_generate,seed_generate,gpt-oss-120b,openrouter/openai/gpt-oss-120b,default,PB-Basic-023,IMO-medium,1,competition-hard,False,,,1,7,,3,0.042502,728.51,
architecture,phase1,seed_generate,seed_generate,gpt-oss-120b,openrouter/openai/gpt-oss-120b,default,PB-Basic-024,IMO-medium,1,competition-hard,False,7,True,7,7,,3,0.030983,463.23,
architecture,phase1,seed_generate,seed_generate,gpt-oss-120b,openrouter/openai/gpt-oss-120b,default,PB-Basic-025,IMO-easy,1,competition-hard,False,0,False,0,7,,3,0.027371,573.59,
architecture,phase1,seed_generate,seed_generate,gpt-oss-120b,openrouter/openai/gpt-oss-120b,default,PB-Basic-026,IMO-medium,1,competition-hard,False,0,False,0,0,,3,0.022624,335.52,
architecture,phase1,seed_generate,seed_generate,gpt-oss-120b,openrouter/openai/gpt-oss-120b,default,PB-Basic-027,IMO-easy,1,competition-hard,False,0,False,0,0,,3,0.028186,427.79,
architecture,phase1,seed_generate,seed_generate,gpt-oss-120b,openrouter/openai/gpt-oss-120b,default,PB-Basic-028,IMO-medium,1,competition-hard,False,0,False,0,0,,3,0.021932,491.94,
architecture,phase1,seed_generate,seed_generate,gpt-oss-120b,openrouter/openai/gpt-oss-120b,default,PB-Basic-029,IMO-medium,1,competition-hard,False,0,False,0,0,,3,0.049553,587.1,
architecture,phase1,seed_generate,seed_generate,gpt-oss-120b,openrouter/openai/gpt-oss-120b,default,PB-Basic-030,IMO-easy,1,competition-hard,False,0,False,0,0,,3,0.024934,253.1,
architecture,phase1,seed_generate,seed_generate,gpt-oss-120b,openrouter/openai/gpt-oss-120b,default,erdos-1051,Minor Novelty,3,research-medium,True,0,False,0,0,,3,0.023754,219.97,
architecture,phase1,seed_generate,seed_generate,gpt-oss-120b,openrouter/openai/gpt-oss-120b,default,erdos-333,Literature Identification,2,research-easy,True,0,False,0,0,,3,0.02057,508.29,
architecture,phase1,seed_generate,seed_generate,gpt-oss-120b,openrouter/openai/gpt-oss-120b,default,erdos-397,Independent Rediscovery,1,competition-hard,True,0,False,0,0,,3,0.018949,220.54,
architecture,phase1,seed_generate,seed_generate,gpt-oss-120b,openrouter/openai/gpt-oss-120b,default,erdos-654,Negligible Novelty,2,research-easy,True,0,False,7,7,,3,0.028516,578.27,
architecture,phase1,seed_generate,seed_generate,gpt-oss-120b,openrouter/openai/gpt-oss-120b,default,erdos-659,Negligible Novelty,2,research-easy,True,0,False,0,0,,3,0.02286,172.58,
architecture,phase1,seed_generate,seed_generate,gpt-oss-120b,openrouter/openai/gpt-oss-120b,default,first-proof-10-official,1,2,research-easy,True,0,False,1,1,,3,0.047268,940.06,
architecture,phase1,seed_generate,seed_generate,gpt-oss-120b,openrouter/openai/gpt-oss-120b,default,first-proof-4-official,3,4,research-hard,True,0,False,0,0,,3,0.028323,162.08,
architecture,phase1,seed_generate,seed_generate,gpt-oss-120b,openrouter/openai/gpt-oss-120b,default,first-proof-5-official,2,3,research-medium,True,0,False,0,0,,3,0.047122,422.21,
architecture,phase1,seed_generate,seed_generate,gpt-oss-120b,openrouter/openai/gpt-oss-120b,default,first-proof-6-official,3,4,research-hard,True,0,False,0,0,,3,0.035638,182.56,
architecture,phase1,seed_generate,seed_generate,gpt-oss-120b,openrouter/openai/gpt-oss-120b,default,ramsey-hypergraphs,Moderately Interesting,5,research-frontier,True,0,False,0,0,,3,0.029108,937.34,
architecture,phase1,seed_generate,seed_generate,qwen3.6-35b-a3b,openrouter/qwen/qwen3.6-35b-a3b,default,PB-Advanced-001,IMO-easy,1,competition-hard,False,7,True,7,7,,3,0.172049,998.08,
architecture,phase1,seed_generate,seed_generate,qwen3.6-35b-a3b,openrouter/qwen/qwen3.6-35b-a3b,default,PB-Advanced-002,IMO-medium,1,competition-hard,False,0,False,0,0,,3,0.162638,1343.65,
architecture,phase1,seed_generate,seed_generate,qwen3.6-35b-a3b,openrouter/qwen/qwen3.6-35b-a3b,default,PB-Advanced-003,IMO-hard,1,competition-hard,False,0,False,0,0,,3,0.222741,516.09,
architecture,phase1,seed_generate,seed_generate,qwen3.6-35b-a3b,openrouter/qwen/qwen3.6-35b-a3b,default,PB-Advanced-004,IMO-easy,1,competition-hard,False,7,True,6,7,,3,0.140132,882.01,
architecture,phase1,seed_generate,seed_generate,qwen3.6-35b-a3b,openrouter/qwen/qwen3.6-35b-a3b,default,PB-Advanced-005,IMO-medium,1,competition-hard,False,0,False,0,0,,3,0.186586,903.39,
architecture,phase1,seed_generate,seed_generate,qwen3.6-35b-a3b,openrouter/qwen/qwen3.6-35b-a3b,default,PB-Advanced-006,IMO-hard,1,competition-hard,False,0,False,1,1,,3,0.133963,394.49,
architecture,phase1,seed_generate,seed_generate,qwen3.6-35b-a3b,openrouter/qwen/qwen3.6-35b-a3b,default,PB-Advanced-007,IMO-easy,1,competition-hard,False,0,False,0,0,,3,0.226528,847.09,
architecture,phase1,seed_generate,seed_generate,qwen3.6-35b-a3b,openrouter/qwen/qwen3.6-35b-a3b,default,PB-Advanced-008,IMO-medium,1,competition-hard,False,0,False,0,0,,3,0.229506,564.14,
architecture,phase1,seed_generate,seed_generate,qwen3.6-35b-a3b,openrouter/qwen/qwen3.6-35b-a3b,default,PB-Advanced-009,IMO-hard,1,competition-hard,False,0,False,0,0,,3,0.113395,486.07,
architecture,phase1,seed_generate,seed_generate,qwen3.6-35b-a3b,openrouter/qwen/qwen3.6-35b-a3b,default,PB-Advanced-010,IMO-medium,1,competition-hard,False,0,False,0,0,,3,0.125678,550.02,
architecture,phase1,seed_generate,seed_generate,qwen3.6-35b-a3b,openrouter/qwen/qwen3.6-35b-a3b,default,PB-Advanced-011,IMO-medium,1,competition-hard,False,0,False,0,6,,3,0.120349,422.31,
architecture,phase1,seed_generate,seed_generate,qwen3.6-35b-a3b,openrouter/qwen/qwen3.6-35b-a3b,default,PB-Advanced-012,IMO-hard,1,competition-hard,False,0,False,0,1,,3,0.145684,592.36,
architecture,phase1,seed_generate,seed_generate,qwen3.6-35b-a3b,openrouter/qwen/qwen3.6-35b-a3b,default,PB-Advanced-013,IMO-easy,1,competition-hard,False,0,False,0,0,,3,0.199498,808.33,
architecture,phase1,seed_generate,seed_generate,qwen3.6-35b-a3b,openrouter/qwen/qwen3.6-35b-a3b,default,PB-Advanced-014,IMO-medium,1,competition-hard,False,1,False,1,6,,3,0.151489,835.22,
architecture,phase1,seed_generate,seed_generate,qwen3.6-35b-a3b,openrouter/qwen/qwen3.6-35b-a3b,default,PB-Advanced-015,IMO-hard,1,competition-hard,False,0,False,0,0,,3,0.170469,558.05,
architecture,phase1,seed_generate,seed_generate,qwen3.6-35b-a3b,openrouter/qwen/qwen3.6-35b-a3b,default,PB-Advanced-016,IMO-easy,1,competition-hard,False,0,False,0,0,,3,0.152183,506.61,
architecture,phase1,seed_generate,seed_generate,qwen3.6-35b-a3b,openrouter/qwen/qwen3.6-35b-a3b,default,PB-Advanced-017,IMO-easy,1,competition-hard,False,0,False,0,7,,3,0.168468,530.34,
architecture,phase1,seed_generate,seed_generate,qwen3.6-35b-a3b,openrouter/qwen/qwen3.6-35b-a3b,default,PB-Advanced-018,IMO-hard,1,competition-hard,False,0,False,0,0,,3,0.194532,717.29,
architecture,phase1,seed_generate,seed_generate,qwen3.6-35b-a3b,openrouter/qwen/qwen3.6-35b-a3b,default,PB-Advanced-019,IMO-easy,1,competition-hard,False,7,True,7,7,,3,0.144635,783.86,
architecture,phase1,seed_generate,seed_generate,qwen3.6-35b-a3b,openrouter/qwen/qwen3.6-35b-a3b,default,PB-Advanced-020,IMO-medium,1,competition-hard,False,0,False,0,6,,3,0.16806,516.21,
architecture,phase1,seed_generate,seed_generate,qwen3.6-35b-a3b,openrouter/qwen/qwen3.6-35b-a3b,default,PB-Advanced-021,IMO-hard,1,competition-hard,False,0,False,0,0,,3,0.187857,627.89,
architecture,phase1,seed_generate,seed_generate,qwen3.6-35b-a3b,openrouter/qwen/qwen3.6-35b-a3b,default,PB-Advanced-022,IMO-easy,1,competition-hard,False,0,False,0,0,,3,0.134856,749.29,
architecture,phase1,seed_generate,seed_generate,qwen3.6-35b-a3b,openrouter/qwen/qwen3.6-35b-a3b,default,PB-Advanced-023,IMO-medium,1,competition-hard,False,0,False,0,0,,3,0.145802,390.85,
architecture,phase1,seed_generate,seed_generate,qwen3.6-35b-a3b,openrouter/qwen/qwen3.6-35b-a3b,default,PB-Advanced-024,IMO-hard,1,competition-hard,False,0,False,0,0,,3,0.134065,414.44,
architecture,phase1,seed_generate,seed_generate,qwen3.6-35b-a3b,openrouter/qwen/qwen3.6-35b-a3b,default,PB-Advanced-025,IMO-easy,1,competition-hard,False,7,True,7,7,,3,0.161567,1265.09,
architecture,phase1,seed_generate,seed_generate,qwen3.6-35b-a3b,openrouter/qwen/qwen3.6-35b-a3b,default,PB-Advanced-026,IMO-medium,1,competition-hard,False,0,False,0,0,,3,0.11299,917.17,
architecture,phase1,seed_generate,seed_generate,qwen3.6-35b-a3b,openrouter/qwen/qwen3.6-35b-a3b,default,PB-Advanced-027,IMO-hard,1,competition-hard,False,0,False,0,0,,3,0.145383,708.55,
architecture,phase1,seed_generate,seed_generate,qwen3.6-35b-a3b,openrouter/qwen/qwen3.6-35b-a3b,default,PB-Advanced-028,IMO-easy,1,competition-hard,False,7,True,7,7,,3,0.155689,900.99,
architecture,phase1,seed_generate,seed_generate,qwen3.6-35b-a3b,openrouter/qwen/qwen3.6-35b-a3b,default,PB-Advanced-029,IMO-medium,1,competition-hard,False,0,False,1,0,,3,0.16723,793.85,
architecture,phase1,seed_generate,seed_generate,qwen3.6-35b-a3b,openrouter/qwen/qwen3.6-35b-a3b,default,PB-Advanced-030,IMO-hard,1,competition-hard,False,0,False,0,0,,3,0.080169,520.43,
architecture,phase1,seed_generate,seed_generate,qwen3.6-35b-a3b,openrouter/qwen/qwen3.6-35b-a3b,default,PB-Basic-001,IMO-easy,1,competition-hard,False,7,True,7,7,,3,0.087408,421.27,
architecture,phase1,seed_generate,seed_generate,qwen3.6-35b-a3b,openrouter/qwen/qwen3.6-35b-a3b,default,PB-Basic-002,pre-IMO,0,pre-competition,False,7,True,7,7,,3,0.060288,403.59,
architecture,phase1,seed_generate,seed_generate,qwen3.6-35b-a3b,openrouter/qwen/qwen3.6-35b-a3b,default,PB-Basic-003,IMO-easy,1,competition-hard,False,6,True,7,7,,3,0.109224,539.04,
architecture,phase1,seed_generate,seed_generate,qwen3.6-35b-a3b,openrouter/qwen/qwen3.6-35b-a3b,default,PB-Basic-004,IMO-easy,1,competition-hard,False,7,True,7,7,,3,0.131357,918.67,
architecture,phase1,seed_generate,seed_generate,qwen3.6-35b-a3b,openrouter/qwen/qwen3.6-35b-a3b,default,PB-Basic-005,IMO-easy,1,competition-hard,False,0,False,1,7,,3,0.182383,1015.64,
architecture,phase1,seed_generate,seed_generate,qwen3.6-35b-a3b,openrouter/qwen/qwen3.6-35b-a3b,default,PB-Basic-006,IMO-medium,1,competition-hard,False,0,False,0,7,,3,0.128479,474.31,
architecture,phase1,seed_generate,seed_generate,qwen3.6-35b-a3b,openrouter/qwen/qwen3.6-35b-a3b,default,PB-Basic-007,IMO-medium,1,competition-hard,False,0,False,0,6,,3,0.157541,776.18,
architecture,phase1,seed_generate,seed_generate,qwen3.6-35b-a3b,openrouter/qwen/qwen3.6-35b-a3b,default,PB-Basic-008,pre-IMO,0,pre-competition,False,0,False,0,1,,3,0.087125,653.98,
architecture,phase1,seed_generate,seed_generate,qwen3.6-35b-a3b,openrouter/qwen/qwen3.6-35b-a3b,default,PB-Basic-009,IMO-easy,1,competition-hard,False,0,False,0,0,,3,0.200676,907.99,
architecture,phase1,seed_generate,seed_generate,qwen3.6-35b-a3b,openrouter/qwen/qwen3.6-35b-a3b,default,PB-Basic-010,IMO-easy,1,competition-hard,False,7,True,7,7,,3,0.072731,281.64,
architecture,phase1,seed_generate,seed_generate,qwen3.6-35b-a3b,openrouter/qwen/qwen3.6-35b-a3b,default,PB-Basic-011,IMO-easy,1,competition-hard,False,7,True,6,7,,3,0.174094,959.44,
architecture,phase1,seed_generate,seed_generate,qwen3.6-35b-a3b,openrouter/qwen/qwen3.6-35b-a3b,default,PB-Basic-012,IMO-medium,1,competition-hard,False,0,False,0,0,,3,0.16379,731.81,
architecture,phase1,seed_generate,seed_generate,qwen3.6-35b-a3b,openrouter/qwen/qwen3.6-35b-a3b,default,PB-Basic-013,pre-IMO,0,pre-competition,False,7,True,7,7,,3,0.058411,315.2,
architecture,phase1,seed_generate,seed_generate,qwen3.6-35b-a3b,openrouter/qwen/qwen3.6-35b-a3b,default,PB-Basic-014,pre-IMO,0,pre-competition,False,7,True,7,7,,3,0.079611,716.6,
architecture,phase1,seed_generate,seed_generate,qwen3.6-35b-a3b,openrouter/qwen/qwen3.6-35b-a3b,default,PB-Basic-015,pre-IMO,0,pre-competition,False,7,True,7,7,,3,0.109378,804.02,
architecture,phase1,seed_generate,seed_generate,qwen3.6-35b-a3b,openrouter/qwen/qwen3.6-35b-a3b,default,PB-Basic-016,pre-IMO,0,pre-competition,False,7,True,7,7,,3,0.11576,742.82,
architecture,phase1,seed_generate,seed_generate,qwen3.6-35b-a3b,openrouter/qwen/qwen3.6-35b-a3b,default,PB-Basic-017,pre-IMO,0,pre-competition,False,7,True,7,7,,3,0.076292,233.66,
architecture,phase1,seed_generate,seed_generate,qwen3.6-35b-a3b,openrouter/qwen/qwen3.6-35b-a3b,default,PB-Basic-018,pre-IMO,0,pre-competition,False,0,False,0,7,,3,0.129805,777.11,
architecture,phase1,seed_generate,seed_generate,qwen3.6-35b-a3b,openrouter/qwen/qwen3.6-35b-a3b,default,PB-Basic-019,IMO-easy,1,competition-hard,False,7,True,7,7,,3,0.103683,596.0,
architecture,phase1,seed_generate,seed_generate,qwen3.6-35b-a3b,openrouter/qwen/qwen3.6-35b-a3b,default,PB-Basic-020,IMO-easy,1,competition-hard,False,7,True,7,7,,3,0.135681,671.57,
architecture,phase1,seed_generate,seed_generate,qwen3.6-35b-a3b,openrouter/qwen/qwen3.6-35b-a3b,default,PB-Basic-021,IMO-easy,1,competition-hard,False,0,False,0,7,,3,0.173238,596.34,
architecture,phase1,seed_generate,seed_generate,qwen3.6-35b-a3b,openrouter/qwen/qwen3.6-35b-a3b,default,PB-Basic-022,IMO-easy,1,competition-hard,False,0,False,0,1,,3,0.155412,545.85,
architecture,phase1,seed_generate,seed_generate,qwen3.6-35b-a3b,openrouter/qwen/qwen3.6-35b-a3b,default,PB-Basic-023,IMO-medium,1,competition-hard,False,1,False,1,6,,3,0.153197,545.88,
architecture,phase1,seed_generate,seed_generate,qwen3.6-35b-a3b,openrouter/qwen/qwen3.6-35b-a3b,default,PB-Basic-024,IMO-medium,1,competition-hard,False,0,False,1,1,,3,0.142825,625.05,
architecture,phase1,seed_generate,seed_generate,qwen3.6-35b-a3b,openrouter/qwen/qwen3.6-35b-a3b,default,PB-Basic-025,IMO-easy,1,competition-hard,False,7,True,7,7,,3,0.060088,226.82,
architecture,phase1,seed_generate,seed_generate,qwen3.6-35b-a3b,openrouter/qwen/qwen3.6-35b-a3b,default,PB-Basic-026,IMO-medium,1,competition-hard,False,0,False,0,0,,3,0.14283,1000.44,
architecture,phase1,seed_generate,seed_generate,qwen3.6-35b-a3b,openrouter/qwen/qwen3.6-35b-a3b,default,PB-Basic-027,IMO-easy,1,competition-hard,False,7,True,6,7,,3,0.138258,860.67,
architecture,phase1,seed_generate,seed_generate,qwen3.6-35b-a3b,openrouter/qwen/qwen3.6-35b-a3b,default,PB-Basic-028,IMO-medium,1,competition-hard,False,0,False,0,0,,3,0.092962,581.35,
architecture,phase1,seed_generate,seed_generate,qwen3.6-35b-a3b,openrouter/qwen/qwen3.6-35b-a3b,default,PB-Basic-029,IMO-medium,1,competition-hard,False,0,False,0,0,,3,0.173781,761.4,
architecture,phase1,seed_generate,seed_generate,qwen3.6-35b-a3b,openrouter/qwen/qwen3.6-35b-a3b,default,PB-Basic-030,IMO-easy,1,competition-hard,False,0,False,0,0,,3,0.097345,560.29,
architecture,phase1,seed_generate,seed_generate,qwen3.6-35b-a3b,openrouter/qwen/qwen3.6-35b-a3b,default,erdos-1051,Minor Novelty,3,research-medium,True,0,False,0,7,,3,0.073937,372.42,
architecture,phase1,seed_generate,seed_generate,qwen3.6-35b-a3b,openrouter/qwen/qwen3.6-35b-a3b,default,erdos-333,Literature Identification,2,research-easy,True,0,False,0,0,,3,0.06983,219.21,
architecture,phase1,seed_generate,seed_generate,qwen3.6-35b-a3b,openrouter/qwen/qwen3.6-35b-a3b,default,erdos-397,Independent Rediscovery,1,competition-hard,True,0,False,0,0,,3,0.115587,336.86,
architecture,phase1,seed_generate,seed_generate,qwen3.6-35b-a3b,openrouter/qwen/qwen3.6-35b-a3b,default,erdos-654,Negligible Novelty,2,research-easy,True,0,False,0,0,,3,0.132301,645.97,
architecture,phase1,seed_generate,seed_generate,qwen3.6-35b-a3b,openrouter/qwen/qwen3.6-35b-a3b,default,erdos-659,Negligible Novelty,2,research-easy,True,0,False,0,0,,3,0.095574,318.77,
architecture,phase1,seed_generate,seed_generate,qwen3.6-35b-a3b,openrouter/qwen/qwen3.6-35b-a3b,default,first-proof-10-official,1,2,research-easy,True,6,True,1,6,,3,0.117334,642.76,
architecture,phase1,seed_generate,seed_generate,qwen3.6-35b-a3b,openrouter/qwen/qwen3.6-35b-a3b,default,first-proof-4-official,3,4,research-hard,True,0,False,0,1,,3,0.149173,531.83,
architecture,phase1,seed_generate,seed_generate,qwen3.6-35b-a3b,openrouter/qwen/qwen3.6-35b-a3b,default,first-proof-5-official,2,3,research-medium,True,0,False,0,1,,3,0.070043,257.16,
architecture,phase1,seed_generate,seed_generate,qwen3.6-35b-a3b,openrouter/qwen/qwen3.6-35b-a3b,default,first-proof-6-official,3,4,research-hard,True,0,False,0,0,,3,0.158305,740.12,
architecture,phase1,seed_generate,seed_generate,qwen3.6-35b-a3b,openrouter/qwen/qwen3.6-35b-a3b,default,ramsey-hypergraphs,Moderately Interesting,5,research-frontier,True,0,False,0,0,,3,0.331114,919.26,
architecture,phase2,seed_full,seed_full,gemma-4-31b-it,openrouter/google/gemma-4-31b-it,default,PB-Advanced-001,IMO-easy,1,competition-hard,False,0,False,0,7,,3,0.053602,544.44,
architecture,phase2,seed_full,seed_full,gemma-4-31b-it,openrouter/google/gemma-4-31b-it,default,PB-Advanced-002,IMO-medium,1,competition-hard,False,0,False,0,7,,3,0.074329,1344.68,
architecture,phase2,seed_full,seed_full,gemma-4-31b-it,openrouter/google/gemma-4-31b-it,default,PB-Advanced-003,IMO-hard,1,competition-hard,False,0,False,0,0,,3,0.080066,935.35,
architecture,phase2,seed_full,seed_full,gemma-4-31b-it,openrouter/google/gemma-4-31b-it,default,PB-Advanced-004,IMO-easy,1,competition-hard,False,6,True,1,7,,3,0.07819,816.57,
architecture,phase2,seed_full,seed_full,gemma-4-31b-it,openrouter/google/gemma-4-31b-it,default,PB-Advanced-005,IMO-medium,1,competition-hard,False,0,False,0,0,,3,0.080762,673.24,
architecture,phase2,seed_full,seed_full,gemma-4-31b-it,openrouter/google/gemma-4-31b-it,default,PB-Advanced-006,IMO-hard,1,competition-hard,False,0,False,0,1,,3,0.081015,1128.94,
architecture,phase2,seed_full,seed_full,gemma-4-31b-it,openrouter/google/gemma-4-31b-it,default,PB-Advanced-007,IMO-easy,1,competition-hard,False,0,False,0,0,,3,0.118763,2051.22,
architecture,phase2,seed_full,seed_full,gemma-4-31b-it,openrouter/google/gemma-4-31b-it,default,PB-Advanced-008,IMO-medium,1,competition-hard,False,1,False,0,7,,3,0.087102,1472.77,
architecture,phase2,seed_full,seed_full,gemma-4-31b-it,openrouter/google/gemma-4-31b-it,default,PB-Advanced-009,IMO-hard,1,competition-hard,False,0,False,0,1,,3,0.061811,534.76,
architecture,phase2,seed_full,seed_full,gemma-4-31b-it,openrouter/google/gemma-4-31b-it,default,PB-Advanced-010,IMO-medium,1,competition-hard,False,0,False,0,1,,3,0.059871,641.81,
architecture,phase2,seed_full,seed_full,gemma-4-31b-it,openrouter/google/gemma-4-31b-it,default,PB-Advanced-011,IMO-medium,1,competition-hard,False,0,False,0,6,,3,0.053414,492.38,
architecture,phase2,seed_full,seed_full,gemma-4-31b-it,openrouter/google/gemma-4-31b-it,default,PB-Advanced-012,IMO-hard,1,competition-hard,False,0,False,0,7,,3,0.076213,562.39,
architecture,phase2,seed_full,seed_full,gemma-4-31b-it,openrouter/google/gemma-4-31b-it,default,PB-Advanced-013,IMO-easy,1,competition-hard,False,0,False,0,0,,3,0.080653,1226.16,
architecture,phase2,seed_full,seed_full,gemma-4-31b-it,openrouter/google/gemma-4-31b-it,default,PB-Advanced-014,IMO-medium,1,competition-hard,False,0,False,0,0,,3,0.061828,955.6,
architecture,phase2,seed_full,seed_full,gemma-4-31b-it,openrouter/google/gemma-4-31b-it,default,PB-Advanced-015,IMO-hard,1,competition-hard,False,0,False,0,1,,3,0.059982,777.74,
architecture,phase2,seed_full,seed_full,gemma-4-31b-it,openrouter/google/gemma-4-31b-it,default,PB-Advanced-016,IMO-easy,1,competition-hard,False,0,False,0,1,,3,0.054851,692.25,
architecture,phase2,seed_full,seed_full,gemma-4-31b-it,openrouter/google/gemma-4-31b-it,default,PB-Advanced-017,IMO-easy,1,competition-hard,False,0,False,0,7,,3,0.101468,1425.58,
architecture,phase2,seed_full,seed_full,gemma-4-31b-it,openrouter/google/gemma-4-31b-it,default,PB-Advanced-018,IMO-hard,1,competition-hard,False,0,False,0,0,,3,0.075433,635.96,
architecture,phase2,seed_full,seed_full,gemma-4-31b-it,openrouter/google/gemma-4-31b-it,default,PB-Advanced-019,IMO-easy,1,competition-hard,False,1,False,6,7,,3,0.057885,326.64,
architecture,phase2,seed_full,seed_full,gemma-4-31b-it,openrouter/google/gemma-4-31b-it,default,PB-Advanced-020,IMO-medium,1,competition-hard,False,0,False,1,7,,3,0.08164,760.21,
architecture,phase2,seed_full,seed_full,gemma-4-31b-it,openrouter/google/gemma-4-31b-it,default,PB-Advanced-021,IMO-hard,1,competition-hard,False,0,False,0,1,,3,0.072824,791.95,
architecture,phase2,seed_full,seed_full,gemma-4-31b-it,openrouter/google/gemma-4-31b-it,default,PB-Advanced-022,IMO-easy,1,competition-hard,False,0,False,0,7,,3,0.086193,2430.83,
architecture,phase2,seed_full,seed_full,gemma-4-31b-it,openrouter/google/gemma-4-31b-it,default,PB-Advanced-023,IMO-medium,1,competition-hard,False,0,False,0,0,,3,0.064159,1621.01,
architecture,phase2,seed_full,seed_full,gemma-4-31b-it,openrouter/google/gemma-4-31b-it,default,PB-Advanced-024,IMO-hard,1,competition-hard,False,0,False,0,0,,3,0.082132,852.37,
architecture,phase2,seed_full,seed_full,gemma-4-31b-it,openrouter/google/gemma-4-31b-it,default,PB-Advanced-025,IMO-easy,1,competition-hard,False,0,False,0,7,,3,0.070543,1149.91,
architecture,phase2,seed_full,seed_full,gemma-4-31b-it,openrouter/google/gemma-4-31b-it,default,PB-Advanced-026,IMO-medium,1,competition-hard,False,0,False,0,1,,3,0.061635,430.26,
architecture,phase2,seed_full,seed_full,gemma-4-31b-it,openrouter/google/gemma-4-31b-it,default,PB-Advanced-027,IMO-hard,1,competition-hard,False,0,False,0,0,,3,0.04831,968.83,
architecture,phase2,seed_full,seed_full,gemma-4-31b-it,openrouter/google/gemma-4-31b-it,default,PB-Advanced-028,IMO-easy,1,competition-hard,False,7,True,6,7,,3,0.067709,580.63,
architecture,phase2,seed_full,seed_full,gemma-4-31b-it,openrouter/google/gemma-4-31b-it,default,PB-Advanced-029,IMO-medium,1,competition-hard,False,1,False,0,1,,3,0.086652,1569.37,
architecture,phase2,seed_full,seed_full,gemma-4-31b-it,openrouter/google/gemma-4-31b-it,default,PB-Advanced-030,IMO-hard,1,competition-hard,False,0,False,0,1,,3,0.054744,645.78,
architecture,phase2,seed_full,seed_full,gemma-4-31b-it,openrouter/google/gemma-4-31b-it,default,PB-Basic-001,IMO-easy,1,competition-hard,False,7,True,7,7,,3,0.034232,343.88,
architecture,phase2,seed_full,seed_full,gemma-4-31b-it,openrouter/google/gemma-4-31b-it,default,PB-Basic-002,pre-IMO,0,pre-competition,False,7,True,7,7,,3,0.036278,583.59,
architecture,phase2,seed_full,seed_full,gemma-4-31b-it,openrouter/google/gemma-4-31b-it,default,PB-Basic-003,IMO-easy,1,competition-hard,False,0,False,0,7,,3,0.059333,554.41,
architecture,phase2,seed_full,seed_full,gemma-4-31b-it,openrouter/google/gemma-4-31b-it,default,PB-Basic-004,IMO-easy,1,competition-hard,False,6,True,6,7,,3,0.062212,969.11,
architecture,phase2,seed_full,seed_full,gemma-4-31b-it,openrouter/google/gemma-4-31b-it,default,PB-Basic-005,IMO-easy,1,competition-hard,False,6,True,6,7,,3,0.086849,728.12,
architecture,phase2,seed_full,seed_full,gemma-4-31b-it,openrouter/google/gemma-4-31b-it,default,PB-Basic-006,IMO-medium,1,competition-hard,False,0,False,0,7,,3,0.061646,1201.2,
architecture,phase2,seed_full,seed_full,gemma-4-31b-it,openrouter/google/gemma-4-31b-it,default,PB-Basic-007,IMO-medium,1,competition-hard,False,0,False,0,7,,3,0.098824,1219.69,
architecture,phase2,seed_full,seed_full,gemma-4-31b-it,openrouter/google/gemma-4-31b-it,default,PB-Basic-008,pre-IMO,0,pre-competition,False,1,False,0,7,,3,0.057741,1148.82,
architecture,phase2,seed_full,seed_full,gemma-4-31b-it,openrouter/google/gemma-4-31b-it,default,PB-Basic-009,IMO-easy,1,competition-hard,False,0,False,0,7,,3,0.053965,848.78,
architecture,phase2,seed_full,seed_full,gemma-4-31b-it,openrouter/google/gemma-4-31b-it,default,PB-Basic-010,IMO-easy,1,competition-hard,False,7,True,7,7,,3,0.032447,347.5,
architecture,phase2,seed_full,seed_full,gemma-4-31b-it,openrouter/google/gemma-4-31b-it,default,PB-Basic-011,IMO-easy,1,competition-hard,False,7,True,7,7,,3,0.097233,391.99,
architecture,phase2,seed_full,seed_full,gemma-4-31b-it,openrouter/google/gemma-4-31b-it,default,PB-Basic-012,IMO-medium,1,competition-hard,False,0,False,6,7,,3,0.057242,463.37,
architecture,phase2,seed_full,seed_full,gemma-4-31b-it,openrouter/google/gemma-4-31b-it,default,PB-Basic-013,pre-IMO,0,pre-competition,False,7,True,7,7,,3,0.048942,502.04,
architecture,phase2,seed_full,seed_full,gemma-4-31b-it,openrouter/google/gemma-4-31b-it,default,PB-Basic-014,pre-IMO,0,pre-competition,False,7,True,6,7,,3,0.041159,682.77,
architecture,phase2,seed_full,seed_full,gemma-4-31b-it,openrouter/google/gemma-4-31b-it,default,PB-Basic-015,pre-IMO,0,pre-competition,False,7,True,7,7,,3,0.046266,661.82,
architecture,phase2,seed_full,seed_full,gemma-4-31b-it,openrouter/google/gemma-4-31b-it,default,PB-Basic-016,pre-IMO,0,pre-competition,False,7,True,7,7,,3,0.038902,257.24,
architecture,phase2,seed_full,seed_full,gemma-4-31b-it,openrouter/google/gemma-4-31b-it,default,PB-Basic-017,pre-IMO,0,pre-competition,False,7,True,7,7,,3,0.066268,623.88,
architecture,phase2,seed_full,seed_full,gemma-4-31b-it,openrouter/google/gemma-4-31b-it,default,PB-Basic-018,pre-IMO,0,pre-competition,False,1,False,0,7,,3,0.066168,1493.13,
architecture,phase2,seed_full,seed_full,gemma-4-31b-it,openrouter/google/gemma-4-31b-it,default,PB-Basic-019,IMO-easy,1,competition-hard,False,7,True,7,7,,3,0.047083,391.71,
architecture,phase2,seed_full,seed_full,gemma-4-31b-it,openrouter/google/gemma-4-31b-it,default,PB-Basic-020,IMO-easy,1,competition-hard,False,7,True,7,7,,3,0.051142,830.98,
architecture,phase2,seed_full,seed_full,gemma-4-31b-it,openrouter/google/gemma-4-31b-it,default,PB-Basic-021,IMO-easy,1,competition-hard,False,0,False,1,7,,3,0.090451,947.86,
architecture,phase2,seed_full,seed_full,gemma-4-31b-it,openrouter/google/gemma-4-31b-it,default,PB-Basic-022,IMO-easy,1,competition-hard,False,0,False,0,7,,3,0.062298,1138.56,
architecture,phase2,seed_full,seed_full,gemma-4-31b-it,openrouter/google/gemma-4-31b-it,default,PB-Basic-023,IMO-medium,1,competition-hard,False,0,False,1,7,,3,0.072029,966.06,
architecture,phase2,seed_full,seed_full,gemma-4-31b-it,openrouter/google/gemma-4-31b-it,default,PB-Basic-024,IMO-medium,1,competition-hard,False,0,False,0,7,,3,0.070874,1171.45,
architecture,phase2,seed_full,seed_full,gemma-4-31b-it,openrouter/google/gemma-4-31b-it,default,PB-Basic-025,IMO-easy,1,competition-hard,False,0,False,0,7,,3,0.050627,846.73,
architecture,phase2,seed_full,seed_full,gemma-4-31b-it,openrouter/google/gemma-4-31b-it,default,PB-Basic-026,IMO-medium,1,competition-hard,False,0,False,0,0,,3,0.052483,782.75,
architecture,phase2,seed_full,seed_full,gemma-4-31b-it,openrouter/google/gemma-4-31b-it,default,PB-Basic-027,IMO-easy,1,competition-hard,False,7,True,7,7,,3,0.06065,722.84,
architecture,phase2,seed_full,seed_full,gemma-4-31b-it,openrouter/google/gemma-4-31b-it,default,PB-Basic-028,IMO-medium,1,competition-hard,False,0,False,0,0,,3,0.065303,909.4,
architecture,phase2,seed_full,seed_full,gemma-4-31b-it,openrouter/google/gemma-4-31b-it,default,PB-Basic-029,IMO-medium,1,competition-hard,False,0,False,0,7,,3,0.063347,1315.95,
architecture,phase2,seed_full,seed_full,gemma-4-31b-it,openrouter/google/gemma-4-31b-it,default,PB-Basic-030,IMO-easy,1,competition-hard,False,0,False,0,1,,3,0.054981,999.07,
architecture,phase2,seed_full,seed_full,gemma-4-31b-it,openrouter/google/gemma-4-31b-it,default,erdos-1051,Minor Novelty,3,research-medium,True,0,False,0,7,,3,0.084241,951.17,
architecture,phase2,seed_full,seed_full,gemma-4-31b-it,openrouter/google/gemma-4-31b-it,default,erdos-333,Literature Identification,2,research-easy,True,0,False,0,0,,3,0.079532,1141.93,
architecture,phase2,seed_full,seed_full,gemma-4-31b-it,openrouter/google/gemma-4-31b-it,default,erdos-397,Independent Rediscovery,1,competition-hard,True,0,False,0,0,,3,0.066811,718.38,
architecture,phase2,seed_full,seed_full,gemma-4-31b-it,openrouter/google/gemma-4-31b-it,default,erdos-654,Negligible Novelty,2,research-easy,True,0,False,0,0,,3,0.098849,1656.87,
architecture,phase2,seed_full,seed_full,gemma-4-31b-it,openrouter/google/gemma-4-31b-it,default,erdos-659,Negligible Novelty,2,research-easy,True,0,False,0,7,,3,0.094542,800.18,
architecture,phase2,seed_full,seed_full,gemma-4-31b-it,openrouter/google/gemma-4-31b-it,default,first-proof-10-official,1,2,research-easy,True,6,True,0,1,,3,0.097855,710.61,
architecture,phase2,seed_full,seed_full,gemma-4-31b-it,openrouter/google/gemma-4-31b-it,default,first-proof-4-official,3,4,research-hard,True,0,False,0,0,,3,0.095437,626.34,
architecture,phase2,seed_full,seed_full,gemma-4-31b-it,openrouter/google/gemma-4-31b-it,default,first-proof-5-official,2,3,research-medium,True,0,False,0,1,,3,0.098869,615.35,
architecture,phase2,seed_full,seed_full,gemma-4-31b-it,openrouter/google/gemma-4-31b-it,default,first-proof-6-official,3,4,research-hard,True,0,False,0,0,,3,0.125133,811.86,
architecture,phase2,seed_full,seed_full,gemma-4-31b-it,openrouter/google/gemma-4-31b-it,default,ramsey-hypergraphs,Moderately Interesting,5,research-frontier,True,0,False,0,0,,3,0.193837,2480.79,
architecture,phase2,seed_full,seed_full,gpt-oss-120b,openrouter/openai/gpt-oss-120b,default,PB-Advanced-001,IMO-easy,1,competition-hard,False,0,False,0,7,,3,0.053606,372.66,
architecture,phase2,seed_full,seed_full,gpt-oss-120b,openrouter/openai/gpt-oss-120b,default,PB-Advanced-002,IMO-medium,1,competition-hard,False,0,False,0,0,,3,0.077589,646.8,
architecture,phase2,seed_full,seed_full,gpt-oss-120b,openrouter/openai/gpt-oss-120b,default,PB-Advanced-003,IMO-hard,1,competition-hard,False,0,False,0,0,,3,0.071,642.17,
architecture,phase2,seed_full,seed_full,gpt-oss-120b,openrouter/openai/gpt-oss-120b,default,PB-Advanced-004,IMO-easy,1,competition-hard,False,0,False,0,7,,3,0.06131,333.27,
architecture,phase2,seed_full,seed_full,gpt-oss-120b,openrouter/openai/gpt-oss-120b,default,PB-Advanced-005,IMO-medium,1,competition-hard,False,0,False,0,7,,3,0.073358,838.05,
architecture,phase2,seed_full,seed_full,gpt-oss-120b,openrouter/openai/gpt-oss-120b,default,PB-Advanced-006,IMO-hard,1,competition-hard,False,0,False,0,6,,3,0.08882,940.4,
architecture,phase2,seed_full,seed_full,gpt-oss-120b,openrouter/openai/gpt-oss-120b,default,PB-Advanced-007,IMO-easy,1,competition-hard,False,7,True,7,7,,3,0.061622,805.13,
architecture,phase2,seed_full,seed_full,gpt-oss-120b,openrouter/openai/gpt-oss-120b,default,PB-Advanced-008,IMO-medium,1,competition-hard,False,0,False,0,0,,3,0.081742,660.98,
architecture,phase2,seed_full,seed_full,gpt-oss-120b,openrouter/openai/gpt-oss-120b,default,PB-Advanced-009,IMO-hard,1,competition-hard,False,0,False,0,0,,3,0.077541,812.02,
architecture,phase2,seed_full,seed_full,gpt-oss-120b,openrouter/openai/gpt-oss-120b,default,PB-Advanced-010,IMO-medium,1,competition-hard,False,0,False,0,0,,3,0.070337,484.35,
architecture,phase2,seed_full,seed_full,gpt-oss-120b,openrouter/openai/gpt-oss-120b,default,PB-Advanced-011,IMO-medium,1,competition-hard,False,0,False,0,7,,3,0.050369,917.16,
architecture,phase2,seed_full,seed_full,gpt-oss-120b,openrouter/openai/gpt-oss-120b,default,PB-Advanced-012,IMO-hard,1,competition-hard,False,0,False,0,7,,3,0.086481,1085.88,
architecture,phase2,seed_full,seed_full,gpt-oss-120b,openrouter/openai/gpt-oss-120b,default,PB-Advanced-013,IMO-easy,1,competition-hard,False,0,False,0,7,,3,0.073443,716.94,
architecture,phase2,seed_full,seed_full,gpt-oss-120b,openrouter/openai/gpt-oss-120b,default,PB-Advanced-014,IMO-medium,1,competition-hard,False,0,False,0,0,,3,0.058362,1374.23,
architecture,phase2,seed_full,seed_full,gpt-oss-120b,openrouter/openai/gpt-oss-120b,default,PB-Advanced-015,IMO-hard,1,competition-hard,False,0,False,0,0,,3,0.067089,589.73,
architecture,phase2,seed_full,seed_full,gpt-oss-120b,openrouter/openai/gpt-oss-120b,default,PB-Advanced-016,IMO-easy,1,competition-hard,False,0,False,0,0,,3,0.0608,544.34,
architecture,phase2,seed_full,seed_full,gpt-oss-120b,openrouter/openai/gpt-oss-120b,default,PB-Advanced-017,IMO-easy,1,competition-hard,False,0,False,0,7,,3,0.093494,1383.47,
architecture,phase2,seed_full,seed_full,gpt-oss-120b,openrouter/openai/gpt-oss-120b,default,PB-Advanced-018,IMO-hard,1,competition-hard,False,0,False,0,0,,3,0.089374,845.57,
architecture,phase2,seed_full,seed_full,gpt-oss-120b,openrouter/openai/gpt-oss-120b,default,PB-Advanced-019,IMO-easy,1,competition-hard,False,0,False,0,7,,3,0.05997,515.19,
architecture,phase2,seed_full,seed_full,gpt-oss-120b,openrouter/openai/gpt-oss-120b,default,PB-Advanced-020,IMO-medium,1,competition-hard,False,0,False,0,0,,3,0.081588,697.03,
architecture,phase2,seed_full,seed_full,gpt-oss-120b,openrouter/openai/gpt-oss-120b,default,PB-Advanced-021,IMO-hard,1,competition-hard,False,0,False,0,0,,3,0.076777,461.79,
architecture,phase2,seed_full,seed_full,gpt-oss-120b,openrouter/openai/gpt-oss-120b,default,PB-Advanced-022,IMO-easy,1,competition-hard,False,0,False,0,0,,3,0.066877,778.01,
architecture,phase2,seed_full,seed_full,gpt-oss-120b,openrouter/openai/gpt-oss-120b,default,PB-Advanced-023,IMO-medium,1,competition-hard,False,0,False,0,0,,3,0.047208,362.44,
architecture,phase2,seed_full,seed_full,gpt-oss-120b,openrouter/openai/gpt-oss-120b,default,PB-Advanced-024,IMO-hard,1,competition-hard,False,0,False,0,0,,3,0.090156,593.18,
architecture,phase2,seed_full,seed_full,gpt-oss-120b,openrouter/openai/gpt-oss-120b,default,PB-Advanced-025,IMO-easy,1,competition-hard,False,0,False,0,7,,3,0.053762,529.41,
architecture,phase2,seed_full,seed_full,gpt-oss-120b,openrouter/openai/gpt-oss-120b,default,PB-Advanced-026,IMO-medium,1,competition-hard,False,0,False,0,7,,3,0.068364,1002.09,
architecture,phase2,seed_full,seed_full,gpt-oss-120b,openrouter/openai/gpt-oss-120b,default,PB-Advanced-027,IMO-hard,1,competition-hard,False,0,False,0,0,,3,0.071582,811.46,
architecture,phase2,seed_full,seed_full,gpt-oss-120b,openrouter/openai/gpt-oss-120b,default,PB-Advanced-028,IMO-easy,1,competition-hard,False,7,True,1,7,,3,0.053506,419.18,
architecture,phase2,seed_full,seed_full,gpt-oss-120b,openrouter/openai/gpt-oss-120b,default,PB-Advanced-029,IMO-medium,1,competition-hard,False,0,False,0,1,,3,0.057043,539.35,
architecture,phase2,seed_full,seed_full,gpt-oss-120b,openrouter/openai/gpt-oss-120b,default,PB-Advanced-030,IMO-hard,1,competition-hard,False,0,False,0,7,,3,0.060526,574.31,
architecture,phase2,seed_full,seed_full,gpt-oss-120b,openrouter/openai/gpt-oss-120b,default,PB-Basic-001,IMO-easy,1,competition-hard,False,7,True,7,7,,3,0.032772,293.55,
architecture,phase2,seed_full,seed_full,gpt-oss-120b,openrouter/openai/gpt-oss-120b,default,PB-Basic-002,pre-IMO,0,pre-competition,False,7,True,6,7,,3,0.033471,275.33,
architecture,phase2,seed_full,seed_full,gpt-oss-120b,openrouter/openai/gpt-oss-120b,default,PB-Basic-003,IMO-easy,1,competition-hard,False,6,True,6,7,,3,0.054277,260.67,
architecture,phase2,seed_full,seed_full,gpt-oss-120b,openrouter/openai/gpt-oss-120b,default,PB-Basic-004,IMO-easy,1,competition-hard,False,0,False,0,7,,3,0.060831,529.42,
architecture,phase2,seed_full,seed_full,gpt-oss-120b,openrouter/openai/gpt-oss-120b,default,PB-Basic-005,IMO-easy,1,competition-hard,False,7,True,7,7,,3,0.073045,544.35,
architecture,phase2,seed_full,seed_full,gpt-oss-120b,openrouter/openai/gpt-oss-120b,default,PB-Basic-006,IMO-medium,1,competition-hard,False,0,False,0,0,,3,0.055784,598.22,
architecture,phase2,seed_full,seed_full,gpt-oss-120b,openrouter/openai/gpt-oss-120b,default,PB-Basic-007,IMO-medium,1,competition-hard,False,0,False,0,7,,3,0.103743,657.82,
architecture,phase2,seed_full,seed_full,gpt-oss-120b,openrouter/openai/gpt-oss-120b,default,PB-Basic-008,pre-IMO,0,pre-competition,False,0,False,6,7,,3,0.053888,320.7,
architecture,phase2,seed_full,seed_full,gpt-oss-120b,openrouter/openai/gpt-oss-120b,default,PB-Basic-009,IMO-easy,1,competition-hard,False,0,False,0,7,,3,0.061045,519.41,
architecture,phase2,seed_full,seed_full,gpt-oss-120b,openrouter/openai/gpt-oss-120b,default,PB-Basic-010,IMO-easy,1,competition-hard,False,7,True,7,7,,3,0.036764,222.12,
architecture,phase2,seed_full,seed_full,gpt-oss-120b,openrouter/openai/gpt-oss-120b,default,PB-Basic-011,IMO-easy,1,competition-hard,False,0,False,0,0,,3,0.065152,680.07,
architecture,phase2,seed_full,seed_full,gpt-oss-120b,openrouter/openai/gpt-oss-120b,default,PB-Basic-012,IMO-medium,1,competition-hard,False,7,True,7,7,,3,0.056635,645.6,
architecture,phase2,seed_full,seed_full,gpt-oss-120b,openrouter/openai/gpt-oss-120b,default,PB-Basic-013,pre-IMO,0,pre-competition,False,0,False,0,7,,3,0.047995,693.4,
architecture,phase2,seed_full,seed_full,gpt-oss-120b,openrouter/openai/gpt-oss-120b,default,PB-Basic-014,pre-IMO,0,pre-competition,False,7,True,7,7,,3,0.038351,184.69,
architecture,phase2,seed_full,seed_full,gpt-oss-120b,openrouter/openai/gpt-oss-120b,default,PB-Basic-015,pre-IMO,0,pre-competition,False,0,False,0,7,,3,0.050581,535.01,
architecture,phase2,seed_full,seed_full,gpt-oss-120b,openrouter/openai/gpt-oss-120b,default,PB-Basic-016,pre-IMO,0,pre-competition,False,6,True,6,7,,3,0.052064,622.27,
architecture,phase2,seed_full,seed_full,gpt-oss-120b,openrouter/openai/gpt-oss-120b,default,PB-Basic-017,pre-IMO,0,pre-competition,False,7,True,7,7,,3,0.03001,251.8,
architecture,phase2,seed_full,seed_full,gpt-oss-120b,openrouter/openai/gpt-oss-120b,default,PB-Basic-018,pre-IMO,0,pre-competition,False,6,True,6,7,,3,0.054271,638.64,
architecture,phase2,seed_full,seed_full,gpt-oss-120b,openrouter/openai/gpt-oss-120b,default,PB-Basic-019,IMO-easy,1,competition-hard,False,7,True,7,7,,3,0.03369,141.28,
architecture,phase2,seed_full,seed_full,gpt-oss-120b,openrouter/openai/gpt-oss-120b,default,PB-Basic-020,IMO-easy,1,competition-hard,False,0,False,1,7,,3,0.052314,320.39,
architecture,phase2,seed_full,seed_full,gpt-oss-120b,openrouter/openai/gpt-oss-120b,default,PB-Basic-021,IMO-easy,1,competition-hard,False,0,False,0,0,,3,0.05434,498.85,
architecture,phase2,seed_full,seed_full,gpt-oss-120b,openrouter/openai/gpt-oss-120b,default,PB-Basic-022,IMO-easy,1,competition-hard,False,0,False,0,7,,3,0.064451,443.09,
architecture,phase2,seed_full,seed_full,gpt-oss-120b,openrouter/openai/gpt-oss-120b,default,PB-Basic-023,IMO-medium,1,competition-hard,False,1,False,1,7,,3,0.06706,469.63,
architecture,phase2,seed_full,seed_full,gpt-oss-120b,openrouter/openai/gpt-oss-120b,default,PB-Basic-024,IMO-medium,1,competition-hard,False,7,True,7,7,,3,0.050094,607.68,
architecture,phase2,seed_full,seed_full,gpt-oss-120b,openrouter/openai/gpt-oss-120b,default,PB-Basic-025,IMO-easy,1,competition-hard,False,0,False,0,7,,3,0.051769,297.24,
architecture,phase2,seed_full,seed_full,gpt-oss-120b,openrouter/openai/gpt-oss-120b,default,PB-Basic-026,IMO-medium,1,competition-hard,False,0,False,0,0,,3,0.059139,339.42,
architecture,phase2,seed_full,seed_full,gpt-oss-120b,openrouter/openai/gpt-oss-120b,default,PB-Basic-027,IMO-easy,1,competition-hard,False,0,False,0,0,,3,0.064222,673.1,
architecture,phase2,seed_full,seed_full,gpt-oss-120b,openrouter/openai/gpt-oss-120b,default,PB-Basic-028,IMO-medium,1,competition-hard,False,0,False,0,0,,3,0.059078,573.23,
architecture,phase2,seed_full,seed_full,gpt-oss-120b,openrouter/openai/gpt-oss-120b,default,PB-Basic-029,IMO-medium,1,competition-hard,False,,,0,7,,3,0.05588,878.12,
architecture,phase2,seed_full,seed_full,gpt-oss-120b,openrouter/openai/gpt-oss-120b,default,PB-Basic-030,IMO-easy,1,competition-hard,False,0,False,0,0,,3,0.068603,649.66,
architecture,phase2,seed_full,seed_full,gpt-oss-120b,openrouter/openai/gpt-oss-120b,default,erdos-1051,Minor Novelty,3,research-medium,True,0,False,0,7,,3,0.070641,649.81,
architecture,phase2,seed_full,seed_full,gpt-oss-120b,openrouter/openai/gpt-oss-120b,default,erdos-333,Literature Identification,2,research-easy,True,0,False,0,0,,3,0.057401,350.39,
architecture,phase2,seed_full,seed_full,gpt-oss-120b,openrouter/openai/gpt-oss-120b,default,erdos-397,Independent Rediscovery,1,competition-hard,True,0,False,0,0,,3,0.075371,447.78,
architecture,phase2,seed_full,seed_full,gpt-oss-120b,openrouter/openai/gpt-oss-120b,default,erdos-654,Negligible Novelty,2,research-easy,True,0,False,0,7,,3,0.068665,398.03,
architecture,phase2,seed_full,seed_full,gpt-oss-120b,openrouter/openai/gpt-oss-120b,default,erdos-659,Negligible Novelty,2,research-easy,True,0,False,0,0,,3,0.088899,514.62,
architecture,phase2,seed_full,seed_full,gpt-oss-120b,openrouter/openai/gpt-oss-120b,default,first-proof-10-official,1,2,research-easy,True,0,False,0,6,,3,0.158511,631.87,
architecture,phase2,seed_full,seed_full,gpt-oss-120b,openrouter/openai/gpt-oss-120b,default,first-proof-4-official,3,4,research-hard,True,0,False,0,0,,3,0.103794,584.62,
architecture,phase2,seed_full,seed_full,gpt-oss-120b,openrouter/openai/gpt-oss-120b,default,first-proof-5-official,2,3,research-medium,True,1,False,0,0,,3,0.121848,416.29,
architecture,phase2,seed_full,seed_full,gpt-oss-120b,openrouter/openai/gpt-oss-120b,default,first-proof-6-official,3,4,research-hard,True,0,False,0,0,,3,0.128803,549.87,
architecture,phase2,seed_full,seed_full,gpt-oss-120b,openrouter/openai/gpt-oss-120b,default,ramsey-hypergraphs,Moderately Interesting,5,research-frontier,True,0,False,0,0,,3,0.102904,1005.72,
architecture,phase3,seed_full,seed_full,deepseek-v4-flash,openrouter/deepseek/deepseek-v4-flash,default,PB-Advanced-001,IMO-easy,1,competition-hard,False,7,True,7,7,,3,0.094,1446.62,
architecture,phase3,seed_full,seed_full,deepseek-v4-flash,openrouter/deepseek/deepseek-v4-flash,default,PB-Advanced-002,IMO-medium,1,competition-hard,False,0,False,0,7,,3,0.587745,3959.11,
architecture,phase3,seed_full,seed_full,deepseek-v4-flash,openrouter/deepseek/deepseek-v4-flash,default,PB-Advanced-003,IMO-hard,1,competition-hard,False,0,False,0,7,,3,0.293441,3108.06,
architecture,phase3,seed_full,seed_full,deepseek-v4-flash,openrouter/deepseek/deepseek-v4-flash,default,PB-Advanced-004,IMO-easy,1,competition-hard,False,7,True,7,7,,3,0.189068,4730.95,
architecture,phase3,seed_full,seed_full,deepseek-v4-flash,openrouter/deepseek/deepseek-v4-flash,default,PB-Advanced-005,IMO-medium,1,competition-hard,False,6,True,6,7,,3,0.484864,5727.53,
architecture,phase3,seed_full,seed_full,deepseek-v4-flash,openrouter/deepseek/deepseek-v4-flash,default,PB-Advanced-006,IMO-hard,1,competition-hard,False,0,False,0,7,,3,0.765894,3791.98,
architecture,phase3,seed_full,seed_full,deepseek-v4-flash,openrouter/deepseek/deepseek-v4-flash,default,PB-Advanced-007,IMO-easy,1,competition-hard,False,7,True,7,7,,3,0.322254,1845.37,
architecture,phase3,seed_full,seed_full,deepseek-v4-flash,openrouter/deepseek/deepseek-v4-flash,default,PB-Advanced-008,IMO-medium,1,competition-hard,False,0,False,0,0,,3,0.644971,3837.98,
architecture,phase3,seed_full,seed_full,deepseek-v4-flash,openrouter/deepseek/deepseek-v4-flash,default,PB-Advanced-009,IMO-hard,1,competition-hard,False,0,False,0,7,,3,0.270935,3881.86,
architecture,phase3,seed_full,seed_full,deepseek-v4-flash,openrouter/deepseek/deepseek-v4-flash,default,PB-Advanced-010,IMO-medium,1,competition-hard,False,0,False,0,0,,3,0.505985,4562.65,
architecture,phase3,seed_full,seed_full,deepseek-v4-flash,openrouter/deepseek/deepseek-v4-flash,default,PB-Advanced-011,IMO-medium,1,competition-hard,False,0,False,0,7,,3,0.268755,3617.37,
architecture,phase3,seed_full,seed_full,deepseek-v4-flash,openrouter/deepseek/deepseek-v4-flash,default,PB-Advanced-012,IMO-hard,1,competition-hard,False,0,False,0,7,,3,0.450842,3879.05,
architecture,phase3,seed_full,seed_full,deepseek-v4-flash,openrouter/deepseek/deepseek-v4-flash,default,PB-Advanced-013,IMO-easy,1,competition-hard,False,0,False,0,7,,3,0.492908,4049.11,
architecture,phase3,seed_full,seed_full,deepseek-v4-flash,openrouter/deepseek/deepseek-v4-flash,default,PB-Advanced-014,IMO-medium,1,competition-hard,False,,,1,7,,3,0.379796,4591.03,
architecture,phase3,seed_full,seed_full,deepseek-v4-flash,openrouter/deepseek/deepseek-v4-flash,default,PB-Advanced-015,IMO-hard,1,competition-hard,False,0,False,0,0,,3,0.356393,4588.18,
architecture,phase3,seed_full,seed_full,deepseek-v4-flash,openrouter/deepseek/deepseek-v4-flash,default,PB-Advanced-016,IMO-easy,1,competition-hard,False,1,False,0,7,,3,0.78244,6003.7,
architecture,phase3,seed_full,seed_full,deepseek-v4-flash,openrouter/deepseek/deepseek-v4-flash,default,PB-Advanced-017,IMO-easy,1,competition-hard,False,0,False,1,7,,3,0.193257,5301.94,
architecture,phase3,seed_full,seed_full,deepseek-v4-flash,openrouter/deepseek/deepseek-v4-flash,default,PB-Advanced-018,IMO-hard,1,competition-hard,False,0,False,0,1,,3,0.499131,3720.73,
architecture,phase3,seed_full,seed_full,deepseek-v4-flash,openrouter/deepseek/deepseek-v4-flash,default,PB-Advanced-019,IMO-easy,1,competition-hard,False,7,True,7,7,,3,0.110351,1485.24,
architecture,phase3,seed_full,seed_full,deepseek-v4-flash,openrouter/deepseek/deepseek-v4-flash,default,PB-Advanced-020,IMO-medium,1,competition-hard,False,0,False,0,1,,3,0.767499,5774.36,
architecture,phase3,seed_full,seed_full,deepseek-v4-flash,openrouter/deepseek/deepseek-v4-flash,default,PB-Advanced-021,IMO-hard,1,competition-hard,False,0,False,0,1,,3,0.542503,4873.8,
architecture,phase3,seed_full,seed_full,deepseek-v4-flash,openrouter/deepseek/deepseek-v4-flash,default,PB-Advanced-022,IMO-easy,1,competition-hard,False,7,True,6,7,,3,0.498147,3549.96,
architecture,phase3,seed_full,seed_full,deepseek-v4-flash,openrouter/deepseek/deepseek-v4-flash,default,PB-Advanced-023,IMO-medium,1,competition-hard,False,0,False,0,7,,3,0.817154,5348.71,
architecture,phase3,seed_full,seed_full,deepseek-v4-flash,openrouter/deepseek/deepseek-v4-flash,default,PB-Advanced-024,IMO-hard,1,competition-hard,False,0,False,0,1,,3,0.559133,4605.08,
architecture,phase3,seed_full,seed_full,deepseek-v4-flash,openrouter/deepseek/deepseek-v4-flash,default,PB-Advanced-025,IMO-easy,1,competition-hard,False,7,True,7,7,,3,0.064529,1208.84,
architecture,phase3,seed_full,seed_full,deepseek-v4-flash,openrouter/deepseek/deepseek-v4-flash,default,PB-Advanced-026,IMO-medium,1,competition-hard,False,7,True,7,7,,3,0.322723,4804.26,
architecture,phase3,seed_full,seed_full,deepseek-v4-flash,openrouter/deepseek/deepseek-v4-flash,default,PB-Advanced-027,IMO-hard,1,competition-hard,False,0,False,0,0,,3,0.22332,3348.85,
architecture,phase3,seed_full,seed_full,deepseek-v4-flash,openrouter/deepseek/deepseek-v4-flash,default,PB-Advanced-028,IMO-easy,1,competition-hard,False,7,True,7,7,,3,0.071113,877.71,
architecture,phase3,seed_full,seed_full,deepseek-v4-flash,openrouter/deepseek/deepseek-v4-flash,default,PB-Advanced-029,IMO-medium,1,competition-hard,False,0,False,0,0,,3,0.354632,7475.85,
architecture,phase3,seed_full,seed_full,deepseek-v4-flash,openrouter/deepseek/deepseek-v4-flash,default,PB-Advanced-030,IMO-hard,1,competition-hard,False,7,True,0,7,,3,0.445425,3931.36,
architecture,phase3,seed_full,seed_full,deepseek-v4-flash,openrouter/deepseek/deepseek-v4-flash,default,PB-Basic-001,IMO-easy,1,competition-hard,False,7,True,7,7,,3,0.051127,411.02,
architecture,phase3,seed_full,seed_full,deepseek-v4-flash,openrouter/deepseek/deepseek-v4-flash,default,PB-Basic-002,pre-IMO,0,pre-competition,False,7,True,7,7,,3,0.064087,1270.88,
architecture,phase3,seed_full,seed_full,deepseek-v4-flash,openrouter/deepseek/deepseek-v4-flash,default,PB-Basic-003,IMO-easy,1,competition-hard,False,7,True,,7,,3,0.067787,386.72,
architecture,phase3,seed_full,seed_full,deepseek-v4-flash,openrouter/deepseek/deepseek-v4-flash,default,PB-Basic-004,IMO-easy,1,competition-hard,False,7,True,6,7,,3,0.055732,366.49,
architecture,phase3,seed_full,seed_full,deepseek-v4-flash,openrouter/deepseek/deepseek-v4-flash,default,PB-Basic-005,IMO-easy,1,competition-hard,False,7,True,7,7,,3,0.107637,1572.42,
architecture,phase3,seed_full,seed_full,deepseek-v4-flash,openrouter/deepseek/deepseek-v4-flash,default,PB-Basic-006,IMO-medium,1,competition-hard,False,0,False,0,7,,3,0.371418,3598.17,
architecture,phase3,seed_full,seed_full,deepseek-v4-flash,openrouter/deepseek/deepseek-v4-flash,default,PB-Basic-007,IMO-medium,1,competition-hard,False,0,False,0,7,,3,0.36044,3736.6,
architecture,phase3,seed_full,seed_full,deepseek-v4-flash,openrouter/deepseek/deepseek-v4-flash,default,PB-Basic-008,pre-IMO,0,pre-competition,False,7,True,6,7,,3,0.139261,2739.18,
architecture,phase3,seed_full,seed_full,deepseek-v4-flash,openrouter/deepseek/deepseek-v4-flash,default,PB-Basic-009,IMO-easy,1,competition-hard,False,0,False,0,7,,3,0.661735,4757.68,
architecture,phase3,seed_full,seed_full,deepseek-v4-flash,openrouter/deepseek/deepseek-v4-flash,default,PB-Basic-010,IMO-easy,1,competition-hard,False,7,True,7,7,,3,0.048891,451.79,
architecture,phase3,seed_full,seed_full,deepseek-v4-flash,openrouter/deepseek/deepseek-v4-flash,default,PB-Basic-011,IMO-easy,1,competition-hard,False,7,True,6,7,,3,0.16131,2741.5,
architecture,phase3,seed_full,seed_full,deepseek-v4-flash,openrouter/deepseek/deepseek-v4-flash,default,PB-Basic-012,IMO-medium,1,competition-hard,False,7,True,7,7,,3,0.085679,1127.7,
architecture,phase3,seed_full,seed_full,deepseek-v4-flash,openrouter/deepseek/deepseek-v4-flash,default,PB-Basic-013,pre-IMO,0,pre-competition,False,7,True,7,7,,3,0.056489,1327.44,
architecture,phase3,seed_full,seed_full,deepseek-v4-flash,openrouter/deepseek/deepseek-v4-flash,default,PB-Basic-014,pre-IMO,0,pre-competition,False,7,True,7,7,,3,0.042604,948.32,
architecture,phase3,seed_full,seed_full,deepseek-v4-flash,openrouter/deepseek/deepseek-v4-flash,default,PB-Basic-015,pre-IMO,0,pre-competition,False,7,True,7,7,,3,0.079134,1951.63,
architecture,phase3,seed_full,seed_full,deepseek-v4-flash,openrouter/deepseek/deepseek-v4-flash,default,PB-Basic-016,pre-IMO,0,pre-competition,False,6,True,6,7,,3,0.070117,1661.6,
architecture,phase3,seed_full,seed_full,deepseek-v4-flash,openrouter/deepseek/deepseek-v4-flash,default,PB-Basic-017,pre-IMO,0,pre-competition,False,7,True,7,7,,3,0.034353,599.94,
architecture,phase3,seed_full,seed_full,deepseek-v4-flash,openrouter/deepseek/deepseek-v4-flash,default,PB-Basic-018,pre-IMO,0,pre-competition,False,7,True,7,7,,3,0.061226,1864.38,
architecture,phase3,seed_full,seed_full,deepseek-v4-flash,openrouter/deepseek/deepseek-v4-flash,default,PB-Basic-019,IMO-easy,1,competition-hard,False,7,True,7,7,,3,0.047433,662.19,
architecture,phase3,seed_full,seed_full,deepseek-v4-flash,openrouter/deepseek/deepseek-v4-flash,default,PB-Basic-020,IMO-easy,1,competition-hard,False,7,True,6,7,,3,0.068097,769.08,
architecture,phase3,seed_full,seed_full,deepseek-v4-flash,openrouter/deepseek/deepseek-v4-flash,default,PB-Basic-021,IMO-easy,1,competition-hard,False,7,True,6,7,,3,0.091091,1794.67,
architecture,phase3,seed_full,seed_full,deepseek-v4-flash,openrouter/deepseek/deepseek-v4-flash,default,PB-Basic-022,IMO-easy,1,competition-hard,False,0,False,0,7,,3,0.160461,3413.75,
architecture,phase3,seed_full,seed_full,deepseek-v4-flash,openrouter/deepseek/deepseek-v4-flash,default,PB-Basic-023,IMO-medium,1,competition-hard,False,1,False,1,7,,3,0.213036,5478.72,
architecture,phase3,seed_full,seed_full,deepseek-v4-flash,openrouter/deepseek/deepseek-v4-flash,default,PB-Basic-024,IMO-medium,1,competition-hard,False,7,True,7,7,,3,0.209612,2467.73,
architecture,phase3,seed_full,seed_full,deepseek-v4-flash,openrouter/deepseek/deepseek-v4-flash,default,PB-Basic-025,IMO-easy,1,competition-hard,False,7,True,7,7,,3,0.070648,1280.72,
architecture,phase3,seed_full,seed_full,deepseek-v4-flash,openrouter/deepseek/deepseek-v4-flash,default,PB-Basic-026,IMO-medium,1,competition-hard,False,0,False,0,7,,3,0.653061,4967.82,
architecture,phase3,seed_full,seed_full,deepseek-v4-flash,openrouter/deepseek/deepseek-v4-flash,default,PB-Basic-027,IMO-easy,1,competition-hard,False,7,True,1,7,,3,0.128319,2343.89,
architecture,phase3,seed_full,seed_full,deepseek-v4-flash,openrouter/deepseek/deepseek-v4-flash,default,PB-Basic-028,IMO-medium,1,competition-hard,False,0,False,7,7,,3,0.156944,2198.8,
architecture,phase3,seed_full,seed_full,deepseek-v4-flash,openrouter/deepseek/deepseek-v4-flash,default,PB-Basic-029,IMO-medium,1,competition-hard,False,6,True,6,7,,3,0.32599,4379.79,
architecture,phase3,seed_full,seed_full,deepseek-v4-flash,openrouter/deepseek/deepseek-v4-flash,default,PB-Basic-030,IMO-easy,1,competition-hard,False,0,False,0,7,,3,0.202092,3596.36,
architecture,phase3,seed_full,seed_full,deepseek-v4-flash,openrouter/deepseek/deepseek-v4-flash,default,erdos-1051,Minor Novelty,3,research-medium,True,0,False,0,7,,3,0.253362,4919.67,
architecture,phase3,seed_full,seed_full,deepseek-v4-flash,openrouter/deepseek/deepseek-v4-flash,default,erdos-333,Literature Identification,2,research-easy,True,0,False,0,7,,3,0.568077,3757.6,
architecture,phase3,seed_full,seed_full,deepseek-v4-flash,openrouter/deepseek/deepseek-v4-flash,default,erdos-397,Independent Rediscovery,1,competition-hard,True,0,False,0,0,,3,0.516964,2839.56,
architecture,phase3,seed_full,seed_full,deepseek-v4-flash,openrouter/deepseek/deepseek-v4-flash,default,erdos-654,Negligible Novelty,2,research-easy,True,7,True,6,7,,3,0.378191,5193.58,
architecture,phase3,seed_full,seed_full,deepseek-v4-flash,openrouter/deepseek/deepseek-v4-flash,default,erdos-659,Negligible Novelty,2,research-easy,True,0,False,0,7,,3,0.167412,2819.74,
architecture,phase3,seed_full,seed_full,deepseek-v4-flash,openrouter/deepseek/deepseek-v4-flash,default,first-proof-10-official,1,2,research-easy,True,7,True,6,6,,3,0.161368,902.23,
architecture,phase3,seed_full,seed_full,deepseek-v4-flash,openrouter/deepseek/deepseek-v4-flash,default,first-proof-5-official,2,3,research-medium,True,0,False,0,0,,3,0.172783,1619.12,
architecture,phase3,seed_full,seed_full,deepseek-v4-flash,openrouter/deepseek/deepseek-v4-flash,default,first-proof-6-official,3,4,research-hard,True,0,False,0,7,,3,0.484424,4604.76,
architecture,phase3,seed_full,seed_full,deepseek-v4-flash,openrouter/deepseek/deepseek-v4-flash,default,ramsey-hypergraphs,Moderately Interesting,5,research-frontier,True,0,False,0,0,,3,0.66868,3728.28,
architecture,phase1_reasoning,generate,generate,gemma-4-31b-it,openrouter/google/gemma-4-31b-it,max,PB-Advanced-001,IMO-easy,1,competition-hard,False,7,True,,,6,3,0.025791,2848.26,
architecture,phase1_reasoning,generate,generate,gemma-4-31b-it,openrouter/google/gemma-4-31b-it,max,PB-Advanced-002,IMO-medium,1,competition-hard,False,0,False,,,0,3,0.026526,2973.81,
architecture,phase1_reasoning,generate,generate,gemma-4-31b-it,openrouter/google/gemma-4-31b-it,max,PB-Advanced-003,IMO-hard,1,competition-hard,False,0,False,,,0,3,0.024933,3264.57,
architecture,phase1_reasoning,generate,generate,gemma-4-31b-it,openrouter/google/gemma-4-31b-it,max,PB-Advanced-004,IMO-easy,1,competition-hard,False,7,True,,,0,3,0.026449,2782.25,
architecture,phase1_reasoning,generate,generate,gemma-4-31b-it,openrouter/google/gemma-4-31b-it,max,PB-Advanced-005,IMO-medium,1,competition-hard,False,0,False,,,0,3,0.024022,1892.77,
architecture,phase1_reasoning,generate,generate,gemma-4-31b-it,openrouter/google/gemma-4-31b-it,max,PB-Advanced-006,IMO-hard,1,competition-hard,False,0,False,,,0,3,0.018701,1785.47,
architecture,phase1_reasoning,generate,generate,gemma-4-31b-it,openrouter/google/gemma-4-31b-it,max,PB-Advanced-007,IMO-easy,1,competition-hard,False,7,True,,,0,3,0.025497,2009.81,
architecture,phase1_reasoning,generate,generate,gemma-4-31b-it,openrouter/google/gemma-4-31b-it,max,PB-Advanced-008,IMO-medium,1,competition-hard,False,0,False,,,0,3,0.024218,2155.44,
architecture,phase1_reasoning,generate,generate,gemma-4-31b-it,openrouter/google/gemma-4-31b-it,max,PB-Advanced-009,IMO-hard,1,competition-hard,False,0,False,,,0,3,0.020514,6209.5,
architecture,phase1_reasoning,generate,generate,gemma-4-31b-it,openrouter/google/gemma-4-31b-it,max,PB-Advanced-010,IMO-medium,1,competition-hard,False,0,False,,,0,3,0.017834,1727.32,
architecture,phase1_reasoning,generate,generate,gemma-4-31b-it,openrouter/google/gemma-4-31b-it,max,PB-Advanced-011,IMO-medium,1,competition-hard,False,0,False,,,0,3,0.017358,2720.06,
architecture,phase1_reasoning,generate,generate,gemma-4-31b-it,openrouter/google/gemma-4-31b-it,max,PB-Advanced-012,IMO-hard,1,competition-hard,False,1,False,,,0,3,0.023301,1910.28,
architecture,phase1_reasoning,generate,generate,gemma-4-31b-it,openrouter/google/gemma-4-31b-it,max,PB-Advanced-013,IMO-easy,1,competition-hard,False,0,False,,,0,3,0.025212,5295.07,
architecture,phase1_reasoning,generate,generate,gemma-4-31b-it,openrouter/google/gemma-4-31b-it,max,PB-Advanced-014,IMO-medium,1,competition-hard,False,1,False,,,0,3,0.022319,1868.27,
architecture,phase1_reasoning,generate,generate,gemma-4-31b-it,openrouter/google/gemma-4-31b-it,max,PB-Advanced-015,IMO-hard,1,competition-hard,False,0,False,,,0,3,0.021527,1630.91,
architecture,phase1_reasoning,generate,generate,gemma-4-31b-it,openrouter/google/gemma-4-31b-it,max,PB-Advanced-016,IMO-easy,1,competition-hard,False,0,False,,,0,3,0.01662,1655.67,
architecture,phase1_reasoning,generate,generate,gemma-4-31b-it,openrouter/google/gemma-4-31b-it,max,PB-Advanced-017,IMO-easy,1,competition-hard,False,7,True,,,1,3,0.024182,1510.74,
architecture,phase1_reasoning,generate,generate,gemma-4-31b-it,openrouter/google/gemma-4-31b-it,max,PB-Advanced-018,IMO-hard,1,competition-hard,False,0,False,,,0,3,0.021875,1747.33,
architecture,phase1_reasoning,generate,generate,gemma-4-31b-it,openrouter/google/gemma-4-31b-it,max,PB-Advanced-019,IMO-easy,1,competition-hard,False,1,False,,,1,3,0.021586,1621.22,
architecture,phase1_reasoning,generate,generate,gemma-4-31b-it,openrouter/google/gemma-4-31b-it,max,PB-Advanced-020,IMO-medium,1,competition-hard,False,1,False,,,0,3,0.022389,1687.21,
architecture,phase1_reasoning,generate,generate,gemma-4-31b-it,openrouter/google/gemma-4-31b-it,max,PB-Advanced-021,IMO-hard,1,competition-hard,False,0,False,,,0,3,0.026567,4706.32,
architecture,phase1_reasoning,generate,generate,gemma-4-31b-it,openrouter/google/gemma-4-31b-it,max,PB-Advanced-022,IMO-easy,1,competition-hard,False,0,False,,,0,3,0.024595,5054.41,
architecture,phase1_reasoning,generate,generate,gemma-4-31b-it,openrouter/google/gemma-4-31b-it,max,PB-Advanced-023,IMO-medium,1,competition-hard,False,0,False,,,0,3,0.024538,3785.17,
architecture,phase1_reasoning,generate,generate,gemma-4-31b-it,openrouter/google/gemma-4-31b-it,max,PB-Advanced-024,IMO-hard,1,competition-hard,False,0,False,,,0,3,0.021279,5140.35,
architecture,phase1_reasoning,generate,generate,gemma-4-31b-it,openrouter/google/gemma-4-31b-it,max,PB-Advanced-025,IMO-easy,1,competition-hard,False,7,True,,,7,3,0.029294,4261.99,
architecture,phase1_reasoning,generate,generate,gemma-4-31b-it,openrouter/google/gemma-4-31b-it,max,PB-Advanced-026,IMO-medium,1,competition-hard,False,1,False,,,0,3,0.027886,1947.66,
architecture,phase1_reasoning,generate,generate,gemma-4-31b-it,openrouter/google/gemma-4-31b-it,max,PB-Advanced-027,IMO-hard,1,competition-hard,False,0,False,,,0,3,0.025581,3252.44,
architecture,phase1_reasoning,generate,generate,gemma-4-31b-it,openrouter/google/gemma-4-31b-it,max,PB-Advanced-028,IMO-easy,1,competition-hard,False,7,True,,,0,3,0.023049,2913.02,
architecture,phase1_reasoning,generate,generate,gemma-4-31b-it,openrouter/google/gemma-4-31b-it,max,PB-Advanced-029,IMO-medium,1,competition-hard,False,1,False,,,1,3,0.022635,5327.01,
architecture,phase1_reasoning,generate,generate,gemma-4-31b-it,openrouter/google/gemma-4-31b-it,max,PB-Advanced-030,IMO-hard,1,competition-hard,False,0,False,,,0,3,0.020632,1925.41,
architecture,phase1_reasoning,generate,generate,gemma-4-31b-it,openrouter/google/gemma-4-31b-it,max,PB-Basic-001,IMO-easy,1,competition-hard,False,7,True,,,7,3,0.010923,1913.06,
architecture,phase1_reasoning,generate,generate,gemma-4-31b-it,openrouter/google/gemma-4-31b-it,max,PB-Basic-002,pre-IMO,0,pre-competition,False,7,True,,,7,3,0.010625,1093.6,
architecture,phase1_reasoning,generate,generate,gemma-4-31b-it,openrouter/google/gemma-4-31b-it,max,PB-Basic-003,IMO-easy,1,competition-hard,False,7,True,,,7,3,0.021463,3593.07,
architecture,phase1_reasoning,generate,generate,gemma-4-31b-it,openrouter/google/gemma-4-31b-it,max,PB-Basic-004,IMO-easy,1,competition-hard,False,7,True,,,6,3,0.024737,3550.05,
architecture,phase1_reasoning,generate,generate,gemma-4-31b-it,openrouter/google/gemma-4-31b-it,max,PB-Basic-005,IMO-easy,1,competition-hard,False,7,True,,,6,3,0.028251,1555.61,
architecture,phase1_reasoning,generate,generate,gemma-4-31b-it,openrouter/google/gemma-4-31b-it,max,PB-Basic-006,IMO-medium,1,competition-hard,False,1,False,,,0,3,0.02716,2967.63,
architecture,phase1_reasoning,generate,generate,gemma-4-31b-it,openrouter/google/gemma-4-31b-it,max,PB-Basic-007,IMO-medium,1,competition-hard,False,0,False,,,0,3,0.023367,1688.14,
architecture,phase1_reasoning,generate,generate,gemma-4-31b-it,openrouter/google/gemma-4-31b-it,max,PB-Basic-008,pre-IMO,0,pre-competition,False,1,False,,,0,3,0.021914,1323.19,
architecture,phase1_reasoning,generate,generate,gemma-4-31b-it,openrouter/google/gemma-4-31b-it,max,PB-Basic-009,IMO-easy,1,competition-hard,False,1,False,,,1,3,0.019809,1894.72,
architecture,phase1_reasoning,generate,generate,gemma-4-31b-it,openrouter/google/gemma-4-31b-it,max,PB-Basic-010,IMO-easy,1,competition-hard,False,7,True,,,7,3,0.011402,2494.81,
architecture,phase1_reasoning,generate,generate,gemma-4-31b-it,openrouter/google/gemma-4-31b-it,max,PB-Basic-011,IMO-easy,1,competition-hard,False,7,True,,,6,3,0.029197,1367.23,
architecture,phase1_reasoning,generate,generate,gemma-4-31b-it,openrouter/google/gemma-4-31b-it,max,PB-Basic-012,IMO-medium,1,competition-hard,False,7,True,,,7,3,0.026914,4748.86,
architecture,phase1_reasoning,generate,generate,gemma-4-31b-it,openrouter/google/gemma-4-31b-it,max,PB-Basic-013,pre-IMO,0,pre-competition,False,7,True,,,7,3,0.010932,1201.61,
architecture,phase1_reasoning,generate,generate,gemma-4-31b-it,openrouter/google/gemma-4-31b-it,max,PB-Basic-014,pre-IMO,0,pre-competition,False,7,True,,,7,3,0.024711,2691.08,
architecture,phase1_reasoning,generate,generate,gemma-4-31b-it,openrouter/google/gemma-4-31b-it,max,PB-Basic-015,pre-IMO,0,pre-competition,False,7,True,,,7,3,0.032135,4053.81,
architecture,phase1_reasoning,generate,generate,gemma-4-31b-it,openrouter/google/gemma-4-31b-it,max,PB-Basic-016,pre-IMO,0,pre-competition,False,7,True,,,7,3,0.016808,1387.9,
architecture,phase1_reasoning,generate,generate,gemma-4-31b-it,openrouter/google/gemma-4-31b-it,max,PB-Basic-017,pre-IMO,0,pre-competition,False,7,True,,,7,3,0.012387,2381.37,
architecture,phase1_reasoning,generate,generate,gemma-4-31b-it,openrouter/google/gemma-4-31b-it,max,PB-Basic-018,pre-IMO,0,pre-competition,False,7,True,,,6,3,0.029382,2300.8,
architecture,phase1_reasoning,generate,generate,gemma-4-31b-it,openrouter/google/gemma-4-31b-it,max,PB-Basic-019,IMO-easy,1,competition-hard,False,7,True,,,7,3,0.020002,1223.34,
architecture,phase1_reasoning,generate,generate,gemma-4-31b-it,openrouter/google/gemma-4-31b-it,max,PB-Basic-020,IMO-easy,1,competition-hard,False,7,True,,,6,3,0.021255,4768.27,
architecture,phase1_reasoning,generate,generate,gemma-4-31b-it,openrouter/google/gemma-4-31b-it,max,PB-Basic-021,IMO-easy,1,competition-hard,False,7,True,,,7,3,0.027343,3170.59,
architecture,phase1_reasoning,generate,generate,gemma-4-31b-it,openrouter/google/gemma-4-31b-it,max,PB-Basic-022,IMO-easy,1,competition-hard,False,0,False,,,0,3,0.01744,1386.32,
architecture,phase1_reasoning,generate,generate,gemma-4-31b-it,openrouter/google/gemma-4-31b-it,max,PB-Basic-023,IMO-medium,1,competition-hard,False,0,False,,,0,3,0.022597,4588.46,
architecture,phase1_reasoning,generate,generate,gemma-4-31b-it,openrouter/google/gemma-4-31b-it,max,PB-Basic-024,IMO-medium,1,competition-hard,False,0,False,,,0,3,0.021238,3620.01,
architecture,phase1_reasoning,generate,generate,gemma-4-31b-it,openrouter/google/gemma-4-31b-it,max,PB-Basic-025,IMO-easy,1,competition-hard,False,7,True,,,7,3,0.020371,2688.84,
architecture,phase1_reasoning,generate,generate,gemma-4-31b-it,openrouter/google/gemma-4-31b-it,max,PB-Basic-026,IMO-medium,1,competition-hard,False,0,False,,,0,3,0.025578,4049.32,
architecture,phase1_reasoning,generate,generate,gemma-4-31b-it,openrouter/google/gemma-4-31b-it,max,PB-Basic-027,IMO-easy,1,competition-hard,False,7,True,,,0,3,0.021048,3277.34,
architecture,phase1_reasoning,generate,generate,gemma-4-31b-it,openrouter/google/gemma-4-31b-it,max,PB-Basic-028,IMO-medium,1,competition-hard,False,1,False,,,1,3,0.018516,2749.27,
architecture,phase1_reasoning,generate,generate,gemma-4-31b-it,openrouter/google/gemma-4-31b-it,max,PB-Basic-029,IMO-medium,1,competition-hard,False,0,False,,,0,3,0.026189,2716.13,
architecture,phase1_reasoning,generate,generate,gemma-4-31b-it,openrouter/google/gemma-4-31b-it,max,PB-Basic-030,IMO-easy,1,competition-hard,False,0,False,,,0,3,0.018846,1601.6,
architecture,phase1_reasoning,generate,generate,gemma-4-31b-it,openrouter/google/gemma-4-31b-it,max,erdos-1051,Minor Novelty,3,research-medium,True,0,False,,,0,3,0.040154,5234.7,
architecture,phase1_reasoning,generate,generate,gemma-4-31b-it,openrouter/google/gemma-4-31b-it,max,erdos-333,Literature Identification,2,research-easy,True,0,False,,,0,3,0.02142,1127.32,
architecture,phase1_reasoning,generate,generate,gemma-4-31b-it,openrouter/google/gemma-4-31b-it,max,erdos-397,Independent Rediscovery,1,competition-hard,True,0,False,,,0,3,0.020572,1211.58,
architecture,phase1_reasoning,generate,generate,gemma-4-31b-it,openrouter/google/gemma-4-31b-it,max,erdos-654,Negligible Novelty,2,research-easy,True,0,False,,,0,3,0.026436,1551.85,
architecture,phase1_reasoning,generate,generate,gemma-4-31b-it,openrouter/google/gemma-4-31b-it,max,erdos-659,Negligible Novelty,2,research-easy,True,0,False,,,0,3,0.022661,2737.39,
architecture,phase1_reasoning,generate,generate,gemma-4-31b-it,openrouter/google/gemma-4-31b-it,max,first-proof-10-official,1,2,research-easy,True,7,True,,,7,3,0.025264,2666.03,
architecture,phase1_reasoning,generate,generate,gemma-4-31b-it,openrouter/google/gemma-4-31b-it,max,first-proof-4-official,3,4,research-hard,True,0,False,,,0,3,0.02562,4388.53,
architecture,phase1_reasoning,generate,generate,gemma-4-31b-it,openrouter/google/gemma-4-31b-it,max,first-proof-5-official,2,3,research-medium,True,0,False,,,0,3,0.018451,1012.57,
architecture,phase1_reasoning,generate,generate,gemma-4-31b-it,openrouter/google/gemma-4-31b-it,max,first-proof-6-official,3,4,research-hard,True,0,False,,,0,3,0.026094,1157.62,
architecture,phase1_reasoning,generate,generate,gemma-4-31b-it,openrouter/google/gemma-4-31b-it,max,ramsey-hypergraphs,Moderately Interesting,5,research-frontier,True,0,False,,,0,3,0.027434,5533.54,
architecture,phase1_reasoning,generate,generate,gpt-oss-120b,openrouter/openai/gpt-oss-120b,max,PB-Advanced-001,IMO-easy,1,competition-hard,False,6,True,,,6,3,0.024763,1837.12,
architecture,phase1_reasoning,generate,generate,gpt-oss-120b,openrouter/openai/gpt-oss-120b,max,PB-Advanced-002,IMO-medium,1,competition-hard,False,0,False,,,0,3,0.036893,3120.65,
architecture,phase1_reasoning,generate,generate,gpt-oss-120b,openrouter/openai/gpt-oss-120b,max,PB-Advanced-003,IMO-hard,1,competition-hard,False,0,False,,,0,3,0.039301,8742.58,
architecture,phase1_reasoning,generate,generate,gpt-oss-120b,openrouter/openai/gpt-oss-120b,max,PB-Advanced-004,IMO-easy,1,competition-hard,False,6,True,,,6,3,0.053649,2761.65,
architecture,phase1_reasoning,generate,generate,gpt-oss-120b,openrouter/openai/gpt-oss-120b,max,PB-Advanced-005,IMO-medium,1,competition-hard,False,0,False,,,0,3,0.0761,4796.14,
architecture,phase1_reasoning,generate,generate,gpt-oss-120b,openrouter/openai/gpt-oss-120b,max,PB-Advanced-006,IMO-hard,1,competition-hard,False,0,False,,,0,3,0.054754,9357.92,
architecture,phase1_reasoning,generate,generate,gpt-oss-120b,openrouter/openai/gpt-oss-120b,max,PB-Advanced-007,IMO-easy,1,competition-hard,False,7,True,,,1,3,0.049826,2099.27,
architecture,phase1_reasoning,generate,generate,gpt-oss-120b,openrouter/openai/gpt-oss-120b,max,PB-Advanced-008,IMO-medium,1,competition-hard,False,0,False,,,0,3,0.017641,2851.28,
architecture,phase1_reasoning,generate,generate,gpt-oss-120b,openrouter/openai/gpt-oss-120b,max,PB-Advanced-009,IMO-hard,1,competition-hard,False,0,False,,,0,3,0.058617,3300.83,
architecture,phase1_reasoning,generate,generate,gpt-oss-120b,openrouter/openai/gpt-oss-120b,max,PB-Advanced-010,IMO-medium,1,competition-hard,False,0,False,,,0,3,0.075898,3497.75,
architecture,phase1_reasoning,generate,generate,gpt-oss-120b,openrouter/openai/gpt-oss-120b,max,PB-Advanced-011,IMO-medium,1,competition-hard,False,0,False,,,0,3,0.027799,3267.47,
architecture,phase1_reasoning,generate,generate,gpt-oss-120b,openrouter/openai/gpt-oss-120b,max,PB-Advanced-012,IMO-hard,1,competition-hard,False,0,False,,,0,3,0.032397,4704.05,
architecture,phase1_reasoning,generate,generate,gpt-oss-120b,openrouter/openai/gpt-oss-120b,max,PB-Advanced-013,IMO-easy,1,competition-hard,False,0,False,,,0,3,0.052125,9444.58,
architecture,phase1_reasoning,generate,generate,gpt-oss-120b,openrouter/openai/gpt-oss-120b,max,PB-Advanced-014,IMO-medium,1,competition-hard,False,1,False,,,0,3,0.027024,3077.53,
architecture,phase1_reasoning,generate,generate,gpt-oss-120b,openrouter/openai/gpt-oss-120b,max,PB-Advanced-015,IMO-hard,1,competition-hard,False,0,False,,,0,3,0.076061,1635.23,
architecture,phase1_reasoning,generate,generate,gpt-oss-120b,openrouter/openai/gpt-oss-120b,max,PB-Advanced-016,IMO-easy,1,competition-hard,False,0,False,,,0,3,0.07327,1131.16,
architecture,phase1_reasoning,generate,generate,gpt-oss-120b,openrouter/openai/gpt-oss-120b,max,PB-Advanced-017,IMO-easy,1,competition-hard,False,0,False,,,0,3,0.026099,2681.95,
architecture,phase1_reasoning,generate,generate,gpt-oss-120b,openrouter/openai/gpt-oss-120b,max,PB-Advanced-018,IMO-hard,1,competition-hard,False,0,False,,,0,3,0.078662,3346.24,
architecture,phase1_reasoning,generate,generate,gpt-oss-120b,openrouter/openai/gpt-oss-120b,max,PB-Advanced-019,IMO-easy,1,competition-hard,False,0,False,,,0,3,0.022835,1464.11,
architecture,phase1_reasoning,generate,generate,gpt-oss-120b,openrouter/openai/gpt-oss-120b,max,PB-Advanced-020,IMO-medium,1,competition-hard,False,0,False,,,0,3,0.025821,2602.51,
architecture,phase1_reasoning,generate,generate,gpt-oss-120b,openrouter/openai/gpt-oss-120b,max,PB-Advanced-021,IMO-hard,1,competition-hard,False,0,False,,,0,3,0.051454,3938.19,
architecture,phase1_reasoning,generate,generate,gpt-oss-120b,openrouter/openai/gpt-oss-120b,max,PB-Advanced-022,IMO-easy,1,competition-hard,False,,,,,,0,0,2074.06,"litellm.APIError: APIError: OpenrouterException - Unable to get json response - Expecting value: line 7033 column 1 (char 38676), Original Response: 
         

         

         

         

         

         

         

         

         

         

         

         

         

         

         

         

         

         

         

         

         

         

         

         

         

         

         

         

         

         

         

         

         

         

         

         

         

         

         

         

         

         

         

         

         

         

         

         

         

         

         

         

         

         

         

         

         

         

         

         

         

         

         

         

         

         

         

         

         

         

         

         

         

         

         

         

         

         

         

         

         

         

         

         

         

         

         

         

         

         

         

         

         

         

         

         

         

         

         

         

         

         

         

         

         

         

         

         

         

         

         

         

         

         

         

         

         

         

         

         

         

         

         

         

         

         

         

         

         

         

         

         

         

         

         

         

         

         

         

         

         

         

         

         

         

         

         

         

         

         

         

         

         

         

         

         

         

         

         

         

         

         

         

         

         

         

         

         

         

         

         

         

         

         

         

         

         

         

         

         

         

         

         

         

         

         

         

         

         

         

         

         

         

         

         

         

         

         

         

         

         

         

         

         

         

         

         

         

         

         

         

         

         

         

         

         

         

         

         

         

         

         

         

         

         

         

         

         

         

         

         

         

         

         

         

         

         

         

         

         

         

         

         

         

         

         

         

         

         

         

         

         

         

         

         

         

         

         

         

         

         

         

         

         

         

         

         

         

         

         

         

         

         

         

         

         

         

         

         

         

         

         

         

         

         

         

         

         

         

         

         

         

         

         

         

         

         

         

         

         

         

         

         

         

         

         

         

         

         

         

         

         

         

         

         

         

         

         

         

         

         

         

         

         

         

         

         

         

         

         

         

         

         

         

         

         

         

         

         

         

         

         

         

         

         

         

         

         

         

         

         

         

         

         

         

         

         

         

         

         

         

         

         

         

         

         

         

         

         

         

         

         

         

         

         

         

         

         

         

         

         

         

         

         

         

         

         

         

         

         

         

         

         

         

         

         

         

         

         

         

         

         

         

         

         

         

         

         

         

         

         

         

         

         

         

         

         

         

         

         

         

         

         

         

         

         

         

         

         

         

         

         

         

         

         

         

         

         

         

         

         

         

         

         

         

         

         

         

         

         

         

         

         

         

         

         

         

         

         

         

         

         

         

         

         

         

         

         

         

         

         

         

         

         

         

         

         

         

         

         

         

         

         

         

         

         

         

         

         

         

         

         

         

         

         

         

         

         

         

         

         

         

         

         

         

         

         

         

         

         

         

         

         

         

         

         

         

         

         

         

         

         

         

         

         

         

         

         

         

         

         

         

         

         

         

         

         

         

         

         

         

         

         

         

         

         

         

         

         

         

         

         

         

         

         

         

         

         

         

         

         

         

         

         

         

         

         

         

         

         

         

         

         

         

         

         

         

         

         

         

         

         

         

         

         

         

         

         

         

         

         

         

         

         

         

         

         

         

         

         

         

         

         

         

         

         

         

         

         

         

         

         

         

         

         

         

         

         

         

         

         

         

         

         

         

         

         

         

         

         

         

         

         

         

         

         

         

         

         

         

         

         

         

         

         

         

         

         

         

         

         

         

         

         

         

         

         

         

         

         

         

         

         

         

         

         

         

         

         

         

         

         

         

         

         

         

         

         

         

         

         

         

         

         

         

         

         

         

         

         

         

         

         

         

         

         

         

         

         

         

         

         

         

         

         

         

         

         

         

         

         

         

         

         

         

         

         

         

         

         

         

         

         

         

         

         

         

         

         

         

         

         

         

         

         

         

         

         

         

         

         

         

         

         

         

         

         

         

         

         

         

         

         

         

         

         

         

         

         

         

         

         

         

         

         

         

         

         

         

         

         

         

         

         

         

         

         

         

         

         

         

         

         

         

         

         

         

         

         

         

         

         

         

         

         

         

         

         

         

         

         

         

         

         

         

         

         

         

         

         

         

         

         

         

         

         

         

         

         

         

         

         

         

         

         

         

         

         

         

         

         

         

         

         

         

         

         

         

         

         

         

         

         

         

         

         

         

         

         

         

         

         

         

         

         

         

         

         

         

         

         

         

         

         

         

         

         

         

         

         

         

         

         

         

         

         

         

         

         

         

         

         

         

         

         

         

         

         

         

         

         

         

         

         

         

         

         

         

         

         

         

         

         

         

         

         

         

         

         

         

         

         

         

         

         

         

         

         

         

         

         

         

         

         

         

         

         

         

         

         

         

         

         

         

         

         

         

         

         

         

         

         

         

         

         

         

         

         

         

         

         

         

         

         

         

         

         

         

         

         

         

         

         

         

         

         

         

         

         

         

         

         

         

         

         

         

         

         

         

         

         

         

         

         

         

         

         

         

         

         

         

         

         

         

         

         

         

         

         

         

         

         

         

         

         

         

         

         

         

         

         

         

         

         

         

         

         

         

         

         

         

         

         

         

         

         

         

         

         

         

         

         

         

         

         

         

         

         

         

         

         

         

         

         

         

         

         

         

         

         

         

         

         

         

         

         

         

         

         

         

         

         

         

         

         

         

         

         

         

         

         

         

         

         

         

         

         

         

         

         

         

         

         

         

         

         

         

         

         

         

         

         

         

         

         

         

         

         

         

         

         

         

         

         

         

         

         

         

         

         

         

         

         

         

         

         

         

         

         

         

         

         

         

         

         

         

         

         

         

         

         

         

         

         

         

         

         

         

         

         

         

         

         

         

         

         

         

         

         

         

         

         

         

         

         

         

         

         

         

         

         

         

         

         

         

         

         

         

         

         

         

         

         

         

         

         

         

         

         

         

         

         

         

         

         

         

         

         

         

         

         

         

         

         

         

         

         

         

         

         

         

         

         

         

         

         

         

         

         

         

         

         

         

         

         

         

         

         

         

         

         

         

         

         

         

         

         

         

         

         

         

         

         

         

         

         

         

         

         

         

         

         

         

         

         

         

         

         

         

         

         

         

         

         

         

         

         

         

         

         

         

         

         

         

         

         

         

         

         

         

         

         

         

         

         

         

         

         

         

         

         

         

         

         

         

         

         

         

         

         

         

         

         

         

         

         

         

         

         

         

         

         

         

         

         

         

         

         

         

         

         

         

         

         

         

         

         

         

         

         

         

         

         

         

         

         

         

         

         

         

         

         

         

         

         

         

         

         

         

         

         

         

         

         

         

         

         

         

         

         

         

         

         

         

         

         

         

         

         

         

         

         

         

         

         

         

         

         

         

         

         

         

         

         

         

         

         

         

         

         

         

         

         

         

         

         

         

         

         

         

         

         

         

         

         

         

         

         

         

         

         

         

         

         

         

         

         

         

         

         

         

         

         

         

         

         

         

         

         

         

         

         

         

         

         

         

         

         

         

         

         

         

         

         

         

         

         

         

         

         

         

         

         

         

         

         

         

         

         

         

         

         

         

         

         

         

         

         

         

         

         

         

         

         

         

         

         

         

         

         

         

         

         

         

         

         

         

         

         

         

         

         

         

         

         

         

         

         

         

         

         

         

         

         

         

         

         

         

         

         

         

         

         

         

         

         

         

         

         

         

         

         

         

         

         

         

         

         

         

         

         

         

         

         

         

         

         

         

         

         

         

         

         

         

         

         

         

         

         

         

         

         

         

         

         

         

         

         

         

         

         

         

         

         

         

         

         

         

         

         

         

         

         

         

         

         

         

         

         

         

         

         

         

         

         

         

         

         

         

         

         

         

         

         

         

         

         

         

         

         

         

         

         

         

         

         

         

         

         

         

         

         

         

         

         

         

         

         

         

         

         

         

         

         

         

         

         

         

         

         

         

         

         

         

         

         

         

         

         

         

         

         

         

         

         

         

         

         

         

         

         

         

         

         

         

         

         

         

         

         

         

         

         

         

         

         

         

         

         

         

         

         

         

         

         

         

         

         

         

         

         

         

         

         

         

         

         

         

         

         

         

         

         

         

         

         

         

         

         

         

         

         

         

         

         

         

         

         

         

         

         

         

         

         

         

         

         

         

         

         

         

         

         

         

         

         

         

         

         

         

         

         

         

         

         

         

         

         

         

         

         

         

         

         

         

         

         

         

         

         

         

         

         

         

         

         

         

         

         

         

         

         

         

         

         

         

         

         

         

         

         

         

         

         

         

         

         

         

         

         

         

         

         

         

         

         

         

         

         

         

         

         

         

         

         

         

         

         

         

         

         

         

         

         

         

         

         

         

         

         

         

         

         

         

         

         

         

         

         

         

         

         

         

         

         

         

         

         

         

         

         

         

         

         

         

         

         

         

         

         

         

         

         

         

         

         

         

         

         

         

         

         

         

         

         

         

         

         

         

         

         

         

         

         

         

         

         

         

         

         

         

         

         

         

         

         

         

         

         

         

         

         

         

         

         

         

         

         

         

         

         

         

         

         

         

         

         

         

         

         

         

         

         

         

         

         

         

         

         

         

         

         

         

         

         

         

         

         

         

         

         

         

         

         

         

         

         

         

         

         

         

         

         

         

         

         

         

         

         

         

         

         

         

         

         

         

         

         

         

         

         

         

         

         

         

         

         

         

         

         

         

         

         

         

         

         

         

         

         

         

         

         

         

         

         

         

         

         

         

         

         

         

         

         

         

         

         

         

         

         

         

         

         

         

         

         

         

         

         

         

         

         

         

         

         

         

         

         

         

         

         

         

         

         

         

         

         

         

         

         

         

         

         

         

         

         

         

         

         

         

         

         

         

         

         

         

         

         

         

         

         

         

         

         

         

         

         

         

         

         

         

         

         

         

         

         

         

         

         

         

         

         

         

         

         

         

         

         

         

         

         

         

         

         

         

         

         

         

         

         

         

         

         

         

         

         

         

         

         

         

         

         

         

         

         

         

         

         

         

         

         

         

         

         

         

         

         

         

         

         

         

         

         

         

         

         

         

         

         

         

         

         

         

         

         

         

         

         

         

         

         

         

         

         

         

         

         

         

         

         

         

         

         

         

         

         

         

         

         

         

         

         

         

         

         

         

         

         

         

         

         

         

         

         

         

         

         

         

         

         

         

         

         

         

         

         

         

         

         

         

         

         

         

         

         

         

         

         

         

         

         

         

         

         

         

         

         

         

         

         

         

         

         

         

         

         

         

         

         

         

         

         

         

         

         

         

         

         

         

         

         

         

         

         

         

         

         

         

         

         

         

         

         

         

         

         

         

         

         

         

         

         

         

         

         

         

         

         

         

         

         

         

         

         

         

         

         

         

         

         

         

         

         

         

         

         

         

         

         

         

         

         

         

         

         

         

         

         

         

         

         

         

         

         

         

         

         

         

         

         

         

         

         

         

         

         

         

         

         

         

         

         

         

         

         

         

         

         

         

         

         

         

         

         

         

         

         

         

         

         

         

         

         

         

         

         

         

         

         

         

         

         

         

         

         

         

         

         

         

         

         

         

         

         

         

         

         

         

         

         

         

         

         

         

         

         

         

         

         

         

         

         

         

         

         

         

         

         

         

         

         

         

         

         

         

         

         

         

         

         

         

         

         

         

         

         

         

         

         

         

         

         

         

         

         

         

         

         

         

         

         

         

         

         

         

         

         

         

         

         

         

         

         

         

         

         

         

         

         

         

         

         

         

         

         

         

         

         

         

         

         

         

         

         

         

         

         

         

         

         

         

         

         

         

         

         

         

         

         

         

         

         

         

         

         

         

         

         

         

         

         

         

         

         

         

         

         

         

         

         

         

         

         

         

         

         

         

         

         

         

         

         

         

         

         

         

         

         

         

         

         

         

         

         

         

         

         

         

         

         

         

         

         

         

         

         

         

         

         

         

         

         

         

         

         

         

         

         

         

         

         

         

         

         

         

         

         

         

         

         

         

         

         

         

         

         

         

         

         

         

         

         

         

         

         

         

         

         

         

         

         

         

         

         

         

         

         

         

         

         

         

         

         

         

         

         

         

         

         

         

         

         

         

         

         

         

         

         

         

         

         

         

         

         

         

         

         

         

         

         

         

         

         

         

         

         

         

         

         

         

         

         

         

         

         

         

         

         

         

         

         

         

         

         

         

         

         

         

         

         

         

         

         

         

         

         

         

         

         

         

         

         

         

         

         

         

         

         

         

         

         

         

         

         

         

         

         

         

         

         

         

         

         

         

         

         

         

         

         

         

         

         

         

         

         

         

         

         

         

         

         

         

         

         

         

         

         

         

         

         

         

         

         

         

         

         

         

         

         

         

         

         

         

         

         

         

         

         

         

         

         

         

         

         

         

         

         

         

         

         

         

         

         

         

         

         

         

         

         

         

         

         

         

         

         

         

         

         

         

         

         

         

         

         

         

         

         

         

         

         

         

         

         

         

         

         

         

         

         

         

         

         

         

         

         

         

         

         

         

         

         

         

         

         

         

         

         

         

         

         

         

         

         

         

         

         

         

         

         

         

         

         

         

         

         

         

         

         

         

         

         

         

         

         

         

         

         

         

         

         

         

         

         

         

         

         

         

         

         

         

         

         

         

         

         

         

         

         

         

         

         

         

         

         

         

         

         

         

         

         

         

         

         

         

         

         

         

         

         

         

         

         

         

         

         

         

         

         

         

         

         

         

         

         

         

         

         

         

         

         

         

         

         

         

         

         

         

         

         

         

         

         

         

         

         

         

         

         

         

         

         

         

         

         

         

         

         

         

         

         

         

         

         

         

         

         

         

         

         

         

         

         

         

         

         

         

         

         

         

         

         

         

         

         

         

         

         

         

         

         

         

         

         

         

         

         

         

         

         

         

         

         

         

         

         

         

         

         

         

         

         

         

         

         

         

         

         

         

         

         

         

         

         

         

         

         

         

         

         

         

         

         

         

         

         

         

         

         

         

         

         

         

         

         

         

         

         

         

         

         

         

         

         

         

         

         

         

         

         

         

         

         

         

         

         

         

         

         

         

         

         

         

         

         

         

         

         

         

         

         

         

         

         

         

         

         

         

         

         

         

         

         

         

         

         

         

         

         

         

         

         

         

         

         

         

         

         

         

         

         

         

         

         

         

         

         

         

         

         

         

         

         

         

         

         

         

         

         

         

         

         

         

         

         

         

         

         

         

         

         

         

         

         

         

         

         

         

         

         

         

         

         

         

         

         

         

         

         

         

         

         

         

         

         

         

         

         

         

         

         

         

         

         

         

         

         

         

         

         

         

         

         

         

         

         

         

         

         

         

         

         

         

         

         

         

         

         

         

         

         

         

         

         

         

         

         

         

         

         

         

         

         

         

         

         

         

         

         

         

         

         

         

         

         

         

         

         

         

         

         

         

         

         

         

         

         

         

         

         

         

         

         

         

         

         

         

         

         

         

         

         

         

         

         

         

         

         

         

         

         

         

         

         

         

         

         

         

         

         

         

         

         

         

         

         

         

         

         

         

         

         

         

         

         

         

         

         

         

         

         

         

         

         

         

         

         

         

         

         

         

         

         

         

         

         

         

         

         

         

         

         

         

         

         

         

         

         

         

         

         

         

         

         

         

         

         

         

         

         

         

         

         

         

         

         

         

         

         

         

         

         

         

         

         

         

         

         

         

         

         

         

         

         

         

         

         

         

         

         

         

         

         

         

         

         

         

         

         

         

         

         

         

         

         

         

         

         

         

         

         

         

         

         

         

         

         

         

         

         

         

         

         

         

         

         

         

         

         

         

         

         

         

         

         

         

         

         

         

         

         

         

         

         

         

         

         

         

         

         

         

         

         

         

         

         

         

         

         

         

         

         

         

         

         

         

         

         

         

         

         

         

         

         

         

         

         

         

         

         

         

         

         

         

         

         

         

         

         

         

         

         

         

         

         

         

         

         

         

         

         

         

         

         

         

         

         

         

         

         

         

         

         

         

         

         

         

         

         

         

         

         

         

         

         

         

         

         

         

         

         

         

         

         

         

         

         

         

         

         

         

         

         

         

         

         

         

         

         

         

         

         

         

         

         

         

         

         

         

         

         

         

         

         

         

         

         

         

         

         

         

         

         

         

         

         

         

         

         

         

         

         

         

         

         

         

         

         

         

         

         

         

         

         

         

         

         

         

         

         

         

         

         

         

         

         

         

         

         

         

         

         

         

         

         

         

         

         

         

         

         

         

         

         

         

         

         
"
architecture,phase1_reasoning,generate,generate,gpt-oss-120b,openrouter/openai/gpt-oss-120b,max,PB-Advanced-023,IMO-medium,1,competition-hard,False,0,False,,,0,3,0.015249,1268.64,
architecture,phase1_reasoning,generate,generate,gpt-oss-120b,openrouter/openai/gpt-oss-120b,max,PB-Advanced-024,IMO-hard,1,competition-hard,False,0,False,,,0,3,0.034983,1844.06,
architecture,phase1_reasoning,generate,generate,gpt-oss-120b,openrouter/openai/gpt-oss-120b,max,PB-Advanced-025,IMO-easy,1,competition-hard,False,7,True,,,6,3,0.023563,2381.09,
architecture,phase1_reasoning,generate,generate,gpt-oss-120b,openrouter/openai/gpt-oss-120b,max,PB-Advanced-026,IMO-medium,1,competition-hard,False,1,False,,,1,3,0.064967,3258.36,
architecture,phase1_reasoning,generate,generate,gpt-oss-120b,openrouter/openai/gpt-oss-120b,max,PB-Advanced-027,IMO-hard,1,competition-hard,False,0,False,,,0,3,0.021996,1089.89,
architecture,phase1_reasoning,generate,generate,gpt-oss-120b,openrouter/openai/gpt-oss-120b,max,PB-Advanced-028,IMO-easy,1,competition-hard,False,7,True,,,7,3,0.025161,3176.9,
architecture,phase1_reasoning,generate,generate,gpt-oss-120b,openrouter/openai/gpt-oss-120b,max,PB-Advanced-029,IMO-medium,1,competition-hard,False,1,False,,,1,3,0.029215,3531.35,
architecture,phase1_reasoning,generate,generate,gpt-oss-120b,openrouter/openai/gpt-oss-120b,max,PB-Advanced-030,IMO-hard,1,competition-hard,False,0,False,,,0,3,0.071198,3431.64,
architecture,phase1_reasoning,generate,generate,gpt-oss-120b,openrouter/openai/gpt-oss-120b,max,PB-Basic-001,IMO-easy,1,competition-hard,False,7,True,,,7,3,0.008122,748.83,
architecture,phase1_reasoning,generate,generate,gpt-oss-120b,openrouter/openai/gpt-oss-120b,max,PB-Basic-002,pre-IMO,0,pre-competition,False,7,True,,,7,3,0.008047,568.56,
architecture,phase1_reasoning,generate,generate,gpt-oss-120b,openrouter/openai/gpt-oss-120b,max,PB-Basic-003,IMO-easy,1,competition-hard,False,0,False,,,0,3,0.016039,1510.02,
architecture,phase1_reasoning,generate,generate,gpt-oss-120b,openrouter/openai/gpt-oss-120b,max,PB-Basic-004,IMO-easy,1,competition-hard,False,1,False,,,1,3,0.029095,4335.29,
architecture,phase1_reasoning,generate,generate,gpt-oss-120b,openrouter/openai/gpt-oss-120b,max,PB-Basic-005,IMO-easy,1,competition-hard,False,7,True,,,6,3,0.024393,5022.47,
architecture,phase1_reasoning,generate,generate,gpt-oss-120b,openrouter/openai/gpt-oss-120b,max,PB-Basic-006,IMO-medium,1,competition-hard,False,0,False,,,0,3,0.032523,6133.3,
architecture,phase1_reasoning,generate,generate,gpt-oss-120b,openrouter/openai/gpt-oss-120b,max,PB-Basic-007,IMO-medium,1,competition-hard,False,6,True,,,6,3,0.0355,3526.6,
architecture,phase1_reasoning,generate,generate,gpt-oss-120b,openrouter/openai/gpt-oss-120b,max,PB-Basic-008,pre-IMO,0,pre-competition,False,0,False,,,0,3,0.035677,2354.74,
architecture,phase1_reasoning,generate,generate,gpt-oss-120b,openrouter/openai/gpt-oss-120b,max,PB-Basic-009,IMO-easy,1,competition-hard,False,0,False,,,0,3,0.03012,1857.19,
architecture,phase1_reasoning,generate,generate,gpt-oss-120b,openrouter/openai/gpt-oss-120b,max,PB-Basic-010,IMO-easy,1,competition-hard,False,7,True,,,7,3,0.006998,434.53,
architecture,phase1_reasoning,generate,generate,gpt-oss-120b,openrouter/openai/gpt-oss-120b,max,PB-Basic-011,IMO-easy,1,competition-hard,False,6,True,,,6,3,0.045559,2603.06,
architecture,phase1_reasoning,generate,generate,gpt-oss-120b,openrouter/openai/gpt-oss-120b,max,PB-Basic-012,IMO-medium,1,competition-hard,False,7,True,,,6,3,0.02645,991.29,
architecture,phase1_reasoning,generate,generate,gpt-oss-120b,openrouter/openai/gpt-oss-120b,max,PB-Basic-013,pre-IMO,0,pre-competition,False,7,True,,,7,3,0.013851,954.08,
architecture,phase1_reasoning,generate,generate,gpt-oss-120b,openrouter/openai/gpt-oss-120b,max,PB-Basic-014,pre-IMO,0,pre-competition,False,7,True,,,7,3,0.014455,761.61,
architecture,phase1_reasoning,generate,generate,gpt-oss-120b,openrouter/openai/gpt-oss-120b,max,PB-Basic-015,pre-IMO,0,pre-competition,False,6,True,,,1,3,0.027212,2149.65,
architecture,phase1_reasoning,generate,generate,gpt-oss-120b,openrouter/openai/gpt-oss-120b,max,PB-Basic-016,pre-IMO,0,pre-competition,False,7,True,,,7,3,0.017202,1854.34,
architecture,phase1_reasoning,generate,generate,gpt-oss-120b,openrouter/openai/gpt-oss-120b,max,PB-Basic-017,pre-IMO,0,pre-competition,False,7,True,,,7,3,0.003547,242.86,
architecture,phase1_reasoning,generate,generate,gpt-oss-120b,openrouter/openai/gpt-oss-120b,max,PB-Basic-018,pre-IMO,0,pre-competition,False,7,True,,,6,3,0.031754,1762.66,
architecture,phase1_reasoning,generate,generate,gpt-oss-120b,openrouter/openai/gpt-oss-120b,max,PB-Basic-019,IMO-easy,1,competition-hard,False,7,True,,,7,3,0.01006,801.4,
architecture,phase1_reasoning,generate,generate,gpt-oss-120b,openrouter/openai/gpt-oss-120b,max,PB-Basic-020,IMO-easy,1,competition-hard,False,7,True,,,0,3,0.018243,2214.03,
architecture,phase1_reasoning,generate,generate,gpt-oss-120b,openrouter/openai/gpt-oss-120b,max,PB-Basic-021,IMO-easy,1,competition-hard,False,,,,,,0,0.013195,2648.8,"litellm.APIError: APIError: OpenrouterException - Unable to get json response - Expecting value: line 2551 column 1 (char 14025), Original Response: 
         

         

         

         

         

         

         

         

         

         

         

         

         

         

         

         

         

         

         

         

         

         

         

         

         

         

         

         

         

         

         

         

         

         

         

         

         

         

         

         

         

         

         

         

         

         

         

         

         

         

         

         

         

         

         

         

         

         

         

         

         

         

         

         

         

         

         

         

         

         

         

         

         

         

         

         

         

         

         

         

         

         

         

         

         

         

         

         

         

         

         

         

         

         

         

         

         

         

         

         

         

         

         

         

         

         

         

         

         

         

         

         

         

         

         

         

         

         

         

         

         

         

         

         

         

         

         

         

         

         

         

         

         

         

         

         

         

         

         

         

         

         

         

         

         

         

         

         

         

         

         

         

         

         

         

         

         

         

         

         

         

         

         

         

         

         

         

         

         

         

         

         

         

         

         

         

         

         

         

         

         

         

         

         

         

         

         

         

         

         

         

         

         

         

         

         

         

         

         

         

         

         

         

         

         

         

         

         

         

         

         

         

         

         

         

         

         

         

         

         

         

         

         

         

         

         

         

         

         

         

         

         

         

         

         

         

         

         

         

         

         

         

         

         

         

         

         

         

         

         

         

         

         

         

         

         

         

         

         

         

         

         

         

         

         

         

         

         

         

         

         

         

         

         

         

         

         

         

         

         

         

         

         

         

         

         

         

         

         

         

         

         

         

         

         

         

         

         

         

         

         

         

         

         

         

         

         

         

         

         

         

         

         

         

         

         

         

         

         

         

         

         

         

         

         

         

         

         

         

         

         

         

         

         

         

         

         

         

         

         

         

         

         

         

         

         

         

         

         

         

         

         

         

         

         

         

         

         

         

         

         

         

         

         

         

         

         

         

         

         

         

         

         

         

         

         

         

         

         

         

         

         

         

         

         

         

         

         

         

         

         

         

         

         

         

         

         

         

         

         

         

         

         

         

         

         

         

         

         

         

         

         

         

         

         

         

         

         

         

         

         

         

         

         

         

         

         

         

         

         

         

         

         

         

         

         

         

         

         

         

         

         

         

         

         

         

         

         

         

         

         

         

         

         

         

         

         

         

         

         

         

         

         

         

         

         

         

         

         

         

         

         

         

         

         

         

         

         

         

         

         

         

         

         

         

         

         

         

         

         

         

         

         

         

         

         

         

         

         

         

         

         

         

         

         

         

         

         

         

         

         

         

         

         

         

         

         

         

         

         

         

         

         

         

         

         

         

         

         

         

         

         

         

         

         

         

         

         

         

         

         

         

         

         

         

         

         

         

         

         

         

         

         

         

         

         

         

         

         

         

         

         

         

         

         

         

         

         

         

         

         

         

         

         

         

         

         

         

         

         

         

         

         

         

         

         

         

         

         

         

         

         

         

         

         

         

         

         

         

         

         

         

         

         

         

         

         

         

         

         

         

         

         

         

         

         

         

         

         

         

         

         

         

         

         

         

         

         

         

         

         

         

         

         

         

         

         

         

         

         

         

         

         

         

         

         

         

         

         

         

         

         

         

         

         

         

         

         

         

         

         

         

         

         

         

         

         

         

         

         

         

         

         

         

         

         

         

         

         

         

         

         

         

         

         

         

         

         

         

         

         

         

         

         

         

         

         

         

         

         

         

         

         

         

         

         

         

         

         

         

         

         

         

         

         

         

         

         

         

         

         

         

         

         

         

         

         

         

         

         

         

         

         

         

         

         

         

         

         

         

         

         

         

         

         

         

         

         

         

         

         

         

         

         

         

         

         

         

         

         

         

         

         

         

         

         

         

         

         

         

         

         

         

         

         

         

         

         

         

         

         

         

         

         

         

         

         

         

         

         

         

         

         

         

         

         

         

         

         

         

         

         

         

         

         

         

         

         

         

         

         

         

         

         

         

         

         

         

         

         

         

         

         

         

         

         

         

         

         

         

         

         

         

         

         

         

         

         

         

         

         

         

         

         

         

         

         

         

         

         

         

         

         

         

         

         

         

         

         

         

         

         

         

         

         

         

         

         

         

         

         

         

         

         

         

         

         

         

         

         

         

         

         

         

         

         

         

         

         

         

         

         

         

         

         

         

         

         

         

         

         

         

         

         

         

         

         

         

         

         

         

         

         

         

         

         

         

         

         

         

         

         

         

         

         

         

         

         

         

         

         

         

         

         

         

         

         

         

         

         

         

         

         

         

         

         

         

         

         

         

         

         

         

         

         

         

         

         

         

         

         

         

         

         

         

         

         

         

         

         

         

         

         

         

         

         

         

         

         

         

         

         

         

         

         

         

         

         

         

         

         

         

         

         

         

         

         

         

         

         

         

         

         

         

         

         

         

         

         

         

         

         

         

         

         

         

         

         

         

         

         

         

         

         

         

         

         

         

         

         

         

         

         

         

         

         

         

         

         

         

         

         

         

         

         

         

         

         

         

         

         

         

         

         

         

         

         

         

         

         

         

         

         

         

         

         

         

         

         

         

         

         

         

         

         

         

         

         

         

         

         

         

         

         

         

         

         

         

         

         

         

         

         

         

         

         

         

         

         

         

         

         

         

         

         

         

         

         

         

         

         

         

         

         

         

         

         

         

         

         

         

         

         

         

         

         

         

         

         

         

         

         

         

         

         

         

         

         

         

         

         

         

         

         

         

         

         

         

         

         

         

         

         

         

         

         

         

         

         

         

         

         

         

         

         

         

         

         

         

         

         

         

         

         

         

         

         

         

         

         

         

         

         

         

         

         

         

         

         

         

         

         

         

         

         

         

         

         

         

         

         

         

         

         

         

         

         

         

         

         

         

         

         

         

         

         

         

         

         

         

         

         

         

         

         

         

         

         

         

         

         

         

         

         

         

         

         

         

         

         

         

         

         

         

         

         

         

         

         

         

         

         

         

         

         

         

         

         

         

         

         

         

         

         

         

         

         

         

         

         

         

         

         

         

         
"
architecture,phase1_reasoning,generate,generate,gpt-oss-120b,openrouter/openai/gpt-oss-120b,max,PB-Basic-022,IMO-easy,1,competition-hard,False,0,False,,,0,3,0.023272,2046.28,
architecture,phase1_reasoning,generate,generate,gpt-oss-120b,openrouter/openai/gpt-oss-120b,max,PB-Basic-023,IMO-medium,1,competition-hard,False,1,False,,,1,3,0.030912,3859.08,
architecture,phase1_reasoning,generate,generate,gpt-oss-120b,openrouter/openai/gpt-oss-120b,max,PB-Basic-024,IMO-medium,1,competition-hard,False,7,True,,,6,3,0.021096,1041.64,
architecture,phase1_reasoning,generate,generate,gpt-oss-120b,openrouter/openai/gpt-oss-120b,max,PB-Basic-025,IMO-easy,1,competition-hard,False,0,False,,,0,3,0.02555,1485.59,
architecture,phase1_reasoning,generate,generate,gpt-oss-120b,openrouter/openai/gpt-oss-120b,max,PB-Basic-026,IMO-medium,1,competition-hard,False,0,False,,,0,3,0.092694,8581.37,
architecture,phase1_reasoning,generate,generate,gpt-oss-120b,openrouter/openai/gpt-oss-120b,max,PB-Basic-027,IMO-easy,1,competition-hard,False,,,,,,0,0.008914,3266.32,Model openrouter/openai/gpt-oss-120b returned empty content + reasoning_content
architecture,phase1_reasoning,generate,generate,gpt-oss-120b,openrouter/openai/gpt-oss-120b,max,PB-Basic-028,IMO-medium,1,competition-hard,False,0,False,,,0,3,0.047082,2290.92,
architecture,phase1_reasoning,generate,generate,gpt-oss-120b,openrouter/openai/gpt-oss-120b,max,PB-Basic-029,IMO-medium,1,competition-hard,False,0,False,,,0,3,0.046818,1654.98,
architecture,phase1_reasoning,generate,generate,gpt-oss-120b,openrouter/openai/gpt-oss-120b,max,PB-Basic-030,IMO-easy,1,competition-hard,False,0,False,,,0,3,0.034216,2454.85,
architecture,phase1_reasoning,generate,generate,gpt-oss-120b,openrouter/openai/gpt-oss-120b,max,erdos-1051,Minor Novelty,3,research-medium,True,0,False,,,0,3,0.025164,3113.17,
architecture,phase1_reasoning,generate,generate,gpt-oss-120b,openrouter/openai/gpt-oss-120b,max,erdos-333,Literature Identification,2,research-easy,True,0,False,,,0,3,0.018677,1133.25,
architecture,phase1_reasoning,generate,generate,gpt-oss-120b,openrouter/openai/gpt-oss-120b,max,erdos-397,Independent Rediscovery,1,competition-hard,True,0,False,,,0,3,0.022645,1265.36,
architecture,phase1_reasoning,generate,generate,gpt-oss-120b,openrouter/openai/gpt-oss-120b,max,erdos-654,Negligible Novelty,2,research-easy,True,0,False,,,0,3,0.0238,3353.61,
architecture,phase1_reasoning,generate,generate,gpt-oss-120b,openrouter/openai/gpt-oss-120b,max,erdos-659,Negligible Novelty,2,research-easy,True,0,False,,,0,3,0.020878,1104.46,
architecture,phase1_reasoning,generate,generate,gpt-oss-120b,openrouter/openai/gpt-oss-120b,max,first-proof-10-official,1,2,research-easy,True,7,True,,,0,3,0.024724,957.02,
architecture,phase1_reasoning,generate,generate,gpt-oss-120b,openrouter/openai/gpt-oss-120b,max,first-proof-4-official,3,4,research-hard,True,0,False,,,0,3,0.033416,5446.91,
architecture,phase1_reasoning,generate,generate,gpt-oss-120b,openrouter/openai/gpt-oss-120b,max,first-proof-5-official,2,3,research-medium,True,0,False,,,0,3,0.022287,1798.25,
architecture,phase1_reasoning,generate,generate,gpt-oss-120b,openrouter/openai/gpt-oss-120b,max,first-proof-6-official,3,4,research-hard,True,0,False,,,0,3,0.063744,6013.92,
architecture,phase1_reasoning,generate,generate,gpt-oss-120b,openrouter/openai/gpt-oss-120b,max,ramsey-hypergraphs,Moderately Interesting,5,research-frontier,True,0,False,,,0,3,0.010176,1630.21,
architecture,phase1_reasoning,full,full,gemma-4-31b-it,openrouter/google/gemma-4-31b-it,max,PB-Advanced-001,IMO-easy,1,competition-hard,False,7,True,,,,1,0.011495,930.83,
architecture,phase1_reasoning,full,full,gemma-4-31b-it,openrouter/google/gemma-4-31b-it,max,PB-Advanced-002,IMO-medium,1,competition-hard,False,0,False,,,,1,0.013787,1761.29,
architecture,phase1_reasoning,full,full,gemma-4-31b-it,openrouter/google/gemma-4-31b-it,max,PB-Advanced-003,IMO-hard,1,competition-hard,False,0,False,,,,1,0.02111,5191.05,
architecture,phase1_reasoning,full,full,gemma-4-31b-it,openrouter/google/gemma-4-31b-it,max,PB-Advanced-004,IMO-easy,1,competition-hard,False,7,True,,,,1,0.010062,1981.93,
architecture,phase1_reasoning,full,full,gemma-4-31b-it,openrouter/google/gemma-4-31b-it,max,PB-Advanced-005,IMO-medium,1,competition-hard,False,0,False,,,,1,0.027722,2087.82,
architecture,phase1_reasoning,full,full,gemma-4-31b-it,openrouter/google/gemma-4-31b-it,max,PB-Advanced-006,IMO-hard,1,competition-hard,False,0,False,,,,1,0.023142,2241.87,
architecture,phase1_reasoning,full,full,gemma-4-31b-it,openrouter/google/gemma-4-31b-it,max,PB-Advanced-007,IMO-easy,1,competition-hard,False,7,True,,,,1,0.018823,1811.82,
architecture,phase1_reasoning,full,full,gemma-4-31b-it,openrouter/google/gemma-4-31b-it,max,PB-Advanced-008,IMO-medium,1,competition-hard,False,0,False,,,,1,0.031312,4619.06,
architecture,phase1_reasoning,full,full,gemma-4-31b-it,openrouter/google/gemma-4-31b-it,max,PB-Advanced-009,IMO-hard,1,competition-hard,False,0,False,,,,1,0.027122,5686.19,
architecture,phase1_reasoning,full,full,gemma-4-31b-it,openrouter/google/gemma-4-31b-it,max,PB-Advanced-010,IMO-medium,1,competition-hard,False,0,False,,,,1,0.02356,3320.26,
architecture,phase1_reasoning,full,full,gemma-4-31b-it,openrouter/google/gemma-4-31b-it,max,PB-Advanced-011,IMO-medium,1,competition-hard,False,0,False,,,,1,0.022068,2835.57,
architecture,phase1_reasoning,full,full,gemma-4-31b-it,openrouter/google/gemma-4-31b-it,max,PB-Advanced-012,IMO-hard,1,competition-hard,False,1,False,,,,1,0.01062,788.33,
architecture,phase1_reasoning,full,full,gemma-4-31b-it,openrouter/google/gemma-4-31b-it,max,PB-Advanced-013,IMO-easy,1,competition-hard,False,0,False,,,,1,0.029643,4027.27,
architecture,phase1_reasoning,full,full,gemma-4-31b-it,openrouter/google/gemma-4-31b-it,max,PB-Advanced-014,IMO-medium,1,competition-hard,False,1,False,,,,1,0.011006,976.87,
architecture,phase1_reasoning,full,full,gemma-4-31b-it,openrouter/google/gemma-4-31b-it,max,PB-Advanced-015,IMO-hard,1,competition-hard,False,0,False,,,,1,0.022654,4958.52,
architecture,phase1_reasoning,full,full,gemma-4-31b-it,openrouter/google/gemma-4-31b-it,max,PB-Advanced-016,IMO-easy,1,competition-hard,False,0,False,,,,1,0.021938,3960.08,
architecture,phase1_reasoning,full,full,gemma-4-31b-it,openrouter/google/gemma-4-31b-it,max,PB-Advanced-017,IMO-easy,1,competition-hard,False,0,False,,,,1,0.011714,1019.34,
architecture,phase1_reasoning,full,full,gemma-4-31b-it,openrouter/google/gemma-4-31b-it,max,PB-Advanced-018,IMO-hard,1,competition-hard,False,0,False,,,,1,0.032767,4316.65,
architecture,phase1_reasoning,full,full,gemma-4-31b-it,openrouter/google/gemma-4-31b-it,max,PB-Advanced-019,IMO-easy,1,competition-hard,False,1,False,,,,1,0.017769,5156.0,
architecture,phase1_reasoning,full,full,gemma-4-31b-it,openrouter/google/gemma-4-31b-it,max,PB-Advanced-020,IMO-medium,1,competition-hard,False,1,False,,,,1,0.030078,3576.08,
architecture,phase1_reasoning,full,full,gemma-4-31b-it,openrouter/google/gemma-4-31b-it,max,PB-Advanced-021,IMO-hard,1,competition-hard,False,0,False,,,,1,0.028756,6585.3,
architecture,phase1_reasoning,full,full,gemma-4-31b-it,openrouter/google/gemma-4-31b-it,max,PB-Advanced-022,IMO-easy,1,competition-hard,False,0,False,,,,1,0.023502,3343.04,
architecture,phase1_reasoning,full,full,gemma-4-31b-it,openrouter/google/gemma-4-31b-it,max,PB-Advanced-023,IMO-medium,1,competition-hard,False,0,False,,,,1,0.013104,1788.61,
architecture,phase1_reasoning,full,full,gemma-4-31b-it,openrouter/google/gemma-4-31b-it,max,PB-Advanced-024,IMO-hard,1,competition-hard,False,0,False,,,,1,0.024577,4113.31,
architecture,phase1_reasoning,full,full,gemma-4-31b-it,openrouter/google/gemma-4-31b-it,max,PB-Advanced-025,IMO-easy,1,competition-hard,False,6,True,,,,1,0.011842,816.67,
architecture,phase1_reasoning,full,full,gemma-4-31b-it,openrouter/google/gemma-4-31b-it,max,PB-Advanced-026,IMO-medium,1,competition-hard,False,0,False,,,,1,0.028137,3347.31,
architecture,phase1_reasoning,full,full,gemma-4-31b-it,openrouter/google/gemma-4-31b-it,max,PB-Advanced-027,IMO-hard,1,competition-hard,False,0,False,,,,1,0.010831,859.5,
architecture,phase1_reasoning,full,full,gemma-4-31b-it,openrouter/google/gemma-4-31b-it,max,PB-Advanced-028,IMO-easy,1,competition-hard,False,7,True,,,,1,0.010736,1306.56,
architecture,phase1_reasoning,full,full,gemma-4-31b-it,openrouter/google/gemma-4-31b-it,max,PB-Advanced-029,IMO-medium,1,competition-hard,False,0,False,,,,1,0.027438,5599.38,
architecture,phase1_reasoning,full,full,gemma-4-31b-it,openrouter/google/gemma-4-31b-it,max,PB-Advanced-030,IMO-hard,1,competition-hard,False,0,False,,,,1,0.026156,4110.58,
architecture,phase1_reasoning,full,full,gemma-4-31b-it,openrouter/google/gemma-4-31b-it,max,PB-Basic-001,IMO-easy,1,competition-hard,False,7,True,,,,1,0.00781,747.33,
architecture,phase1_reasoning,full,full,gemma-4-31b-it,openrouter/google/gemma-4-31b-it,max,PB-Basic-002,pre-IMO,0,pre-competition,False,7,True,,,,1,0.00513,633.53,
architecture,phase1_reasoning,full,full,gemma-4-31b-it,openrouter/google/gemma-4-31b-it,max,PB-Basic-003,IMO-easy,1,competition-hard,False,1,False,,,,1,0.019948,2025.83,
architecture,phase1_reasoning,full,full,gemma-4-31b-it,openrouter/google/gemma-4-31b-it,max,PB-Basic-004,IMO-easy,1,competition-hard,False,0,False,,,,1,0.018558,2056.37,
architecture,phase1_reasoning,full,full,gemma-4-31b-it,openrouter/google/gemma-4-31b-it,max,PB-Basic-005,IMO-easy,1,competition-hard,False,7,True,,,,1,0.013277,1174.98,
architecture,phase1_reasoning,full,full,gemma-4-31b-it,openrouter/google/gemma-4-31b-it,max,PB-Basic-006,IMO-medium,1,competition-hard,False,0,False,,,,1,0.023585,4325.81,
architecture,phase1_reasoning,full,full,gemma-4-31b-it,openrouter/google/gemma-4-31b-it,max,PB-Basic-007,IMO-medium,1,competition-hard,False,0,False,,,,1,0.033825,3738.78,
architecture,phase1_reasoning,full,full,gemma-4-31b-it,openrouter/google/gemma-4-31b-it,max,PB-Basic-008,pre-IMO,0,pre-competition,False,1,False,,,,1,0.011445,538.85,
architecture,phase1_reasoning,full,full,gemma-4-31b-it,openrouter/google/gemma-4-31b-it,max,PB-Basic-009,IMO-easy,1,competition-hard,False,0,False,,,,1,0.026911,7075.32,
architecture,phase1_reasoning,full,full,gemma-4-31b-it,openrouter/google/gemma-4-31b-it,max,PB-Basic-010,IMO-easy,1,competition-hard,False,7,True,,,,1,0.005102,677.5,
architecture,phase1_reasoning,full,full,gemma-4-31b-it,openrouter/google/gemma-4-31b-it,max,PB-Basic-011,IMO-easy,1,competition-hard,False,7,True,,,,1,0.011856,2126.28,
architecture,phase1_reasoning,full,full,gemma-4-31b-it,openrouter/google/gemma-4-31b-it,max,PB-Basic-012,IMO-medium,1,competition-hard,False,7,True,,,,1,0.012638,1266.91,
architecture,phase1_reasoning,full,full,gemma-4-31b-it,openrouter/google/gemma-4-31b-it,max,PB-Basic-013,pre-IMO,0,pre-competition,False,7,True,,,,1,0.008802,505.16,
architecture,phase1_reasoning,full,full,gemma-4-31b-it,openrouter/google/gemma-4-31b-it,max,PB-Basic-014,pre-IMO,0,pre-competition,False,7,True,,,,1,0.008837,894.52,
architecture,phase1_reasoning,full,full,gemma-4-31b-it,openrouter/google/gemma-4-31b-it,max,PB-Basic-015,pre-IMO,0,pre-competition,False,7,True,,,,1,0.009695,1640.91,
architecture,phase1_reasoning,full,full,gemma-4-31b-it,openrouter/google/gemma-4-31b-it,max,PB-Basic-016,pre-IMO,0,pre-competition,False,7,True,,,,1,0.009173,1338.53,
architecture,phase1_reasoning,full,full,gemma-4-31b-it,openrouter/google/gemma-4-31b-it,max,PB-Basic-017,pre-IMO,0,pre-competition,False,7,True,,,,1,0.004054,383.86,
architecture,phase1_reasoning,full,full,gemma-4-31b-it,openrouter/google/gemma-4-31b-it,max,PB-Basic-018,pre-IMO,0,pre-competition,False,0,False,,,,1,0.011539,1945.45,
architecture,phase1_reasoning,full,full,gemma-4-31b-it,openrouter/google/gemma-4-31b-it,max,PB-Basic-019,IMO-easy,1,competition-hard,False,7,True,,,,1,0.00515,755.54,
architecture,phase1_reasoning,full,full,gemma-4-31b-it,openrouter/google/gemma-4-31b-it,max,PB-Basic-020,IMO-easy,1,competition-hard,False,6,True,,,,1,0.012183,1325.04,
architecture,phase1_reasoning,full,full,gemma-4-31b-it,openrouter/google/gemma-4-31b-it,max,PB-Basic-021,IMO-easy,1,competition-hard,False,0,False,,,,1,0.01389,2469.94,
architecture,phase1_reasoning,full,full,gemma-4-31b-it,openrouter/google/gemma-4-31b-it,max,PB-Basic-022,IMO-easy,1,competition-hard,False,0,False,,,,1,0.009427,2160.16,
architecture,phase1_reasoning,full,full,gemma-4-31b-it,openrouter/google/gemma-4-31b-it,max,PB-Basic-023,IMO-medium,1,competition-hard,False,1,False,,,,1,0.031885,7091.17,
architecture,phase1_reasoning,full,full,gemma-4-31b-it,openrouter/google/gemma-4-31b-it,max,PB-Basic-024,IMO-medium,1,competition-hard,False,7,True,,,,1,0.008002,924.46,
architecture,phase1_reasoning,full,full,gemma-4-31b-it,openrouter/google/gemma-4-31b-it,max,PB-Basic-025,IMO-easy,1,competition-hard,False,0,False,,,,1,0.012273,933.49,
architecture,phase1_reasoning,full,full,gemma-4-31b-it,openrouter/google/gemma-4-31b-it,max,PB-Basic-026,IMO-medium,1,competition-hard,False,0,False,,,,1,0.032079,3712.16,
architecture,phase1_reasoning,full,full,gemma-4-31b-it,openrouter/google/gemma-4-31b-it,max,PB-Basic-027,IMO-easy,1,competition-hard,False,7,True,,,,1,0.02865,3442.67,
architecture,phase1_reasoning,full,full,gemma-4-31b-it,openrouter/google/gemma-4-31b-it,max,PB-Basic-028,IMO-medium,1,competition-hard,False,0,False,,,,1,0.028725,3118.13,
architecture,phase1_reasoning,full,full,gemma-4-31b-it,openrouter/google/gemma-4-31b-it,max,PB-Basic-029,IMO-medium,1,competition-hard,False,0,False,,,,1,0.019641,2207.84,
architecture,phase1_reasoning,full,full,gemma-4-31b-it,openrouter/google/gemma-4-31b-it,max,PB-Basic-030,IMO-easy,1,competition-hard,False,0,False,,,,1,0.021607,4305.1,
architecture,phase1_reasoning,full,full,gemma-4-31b-it,openrouter/google/gemma-4-31b-it,max,erdos-1051,Minor Novelty,3,research-medium,True,0,False,,,,1,0.033507,6346.55,
architecture,phase1_reasoning,full,full,gemma-4-31b-it,openrouter/google/gemma-4-31b-it,max,erdos-333,Literature Identification,2,research-easy,True,0,False,,,,1,0.02936,3089.52,
architecture,phase1_reasoning,full,full,gemma-4-31b-it,openrouter/google/gemma-4-31b-it,max,erdos-397,Independent Rediscovery,1,competition-hard,True,0,False,,,,1,0.027605,5076.3,
architecture,phase1_reasoning,full,full,gemma-4-31b-it,openrouter/google/gemma-4-31b-it,max,erdos-654,Negligible Novelty,2,research-easy,True,0,False,,,,1,0.013382,3574.37,
architecture,phase1_reasoning,full,full,gemma-4-31b-it,openrouter/google/gemma-4-31b-it,max,erdos-659,Negligible Novelty,2,research-easy,True,0,False,,,,1,0.022021,2884.1,
architecture,phase1_reasoning,full,full,gemma-4-31b-it,openrouter/google/gemma-4-31b-it,max,first-proof-10-official,1,2,research-easy,True,7,True,,,,1,0.013425,1360.42,
architecture,phase1_reasoning,full,full,gemma-4-31b-it,openrouter/google/gemma-4-31b-it,max,first-proof-4-official,3,4,research-hard,True,0,False,,,,1,0.033109,4682.2,
architecture,phase1_reasoning,full,full,gemma-4-31b-it,openrouter/google/gemma-4-31b-it,max,first-proof-5-official,2,3,research-medium,True,0,False,,,,1,0.027,2555.75,
architecture,phase1_reasoning,full,full,gemma-4-31b-it,openrouter/google/gemma-4-31b-it,max,first-proof-6-official,3,4,research-hard,True,0,False,,,,1,0.027965,7364.03,
architecture,phase1_reasoning,full,full,gemma-4-31b-it,openrouter/google/gemma-4-31b-it,max,ramsey-hypergraphs,Moderately Interesting,5,research-frontier,True,0,False,,,,1,0.031806,2760.65,
architecture,phase1_reasoning,full,full,gpt-oss-120b,openrouter/openai/gpt-oss-120b,max,PB-Advanced-001,IMO-easy,1,competition-hard,False,0,False,,,,1,0.011922,1956.36,
architecture,phase1_reasoning,full,full,gpt-oss-120b,openrouter/openai/gpt-oss-120b,max,PB-Advanced-002,IMO-medium,1,competition-hard,False,0,False,,,,1,0.017834,2898.5,
architecture,phase1_reasoning,full,full,gpt-oss-120b,openrouter/openai/gpt-oss-120b,max,PB-Advanced-003,IMO-hard,1,competition-hard,False,0,False,,,,1,0.021796,3146.97,
architecture,phase1_reasoning,full,full,gpt-oss-120b,openrouter/openai/gpt-oss-120b,max,PB-Advanced-004,IMO-easy,1,competition-hard,False,7,True,,,,1,0.021387,2127.58,
architecture,phase1_reasoning,full,full,gpt-oss-120b,openrouter/openai/gpt-oss-120b,max,PB-Advanced-005,IMO-medium,1,competition-hard,False,0,False,,,,1,0.032434,6685.45,
architecture,phase1_reasoning,full,full,gpt-oss-120b,openrouter/openai/gpt-oss-120b,max,PB-Advanced-006,IMO-hard,1,competition-hard,False,0,False,,,,1,0.04311,6026.68,
architecture,phase1_reasoning,full,full,gpt-oss-120b,openrouter/openai/gpt-oss-120b,max,PB-Advanced-007,IMO-easy,1,competition-hard,False,7,True,,,,1,0.005469,1435.94,
architecture,phase1_reasoning,full,full,gpt-oss-120b,openrouter/openai/gpt-oss-120b,max,PB-Advanced-008,IMO-medium,1,competition-hard,False,0,False,,,,1,0.031294,3045.98,
architecture,phase1_reasoning,full,full,gpt-oss-120b,openrouter/openai/gpt-oss-120b,max,PB-Advanced-009,IMO-hard,1,competition-hard,False,0,False,,,,1,0.063603,4594.33,
architecture,phase1_reasoning,full,full,gpt-oss-120b,openrouter/openai/gpt-oss-120b,max,PB-Advanced-010,IMO-medium,1,competition-hard,False,0,False,,,,1,0.02309,6799.88,
architecture,phase1_reasoning,full,full,gpt-oss-120b,openrouter/openai/gpt-oss-120b,max,PB-Advanced-011,IMO-medium,1,competition-hard,False,0,False,,,,1,0.029338,3550.09,
architecture,phase1_reasoning,full,full,gpt-oss-120b,openrouter/openai/gpt-oss-120b,max,PB-Advanced-012,IMO-hard,1,competition-hard,False,0,False,,,,1,0.027858,2542.14,
architecture,phase1_reasoning,full,full,gpt-oss-120b,openrouter/openai/gpt-oss-120b,max,PB-Advanced-013,IMO-easy,1,competition-hard,False,6,True,,,,1,0.032525,2496.18,
architecture,phase1_reasoning,full,full,gpt-oss-120b,openrouter/openai/gpt-oss-120b,max,PB-Advanced-014,IMO-medium,1,competition-hard,False,0,False,,,,1,0.035414,3065.32,
architecture,phase1_reasoning,full,full,gpt-oss-120b,openrouter/openai/gpt-oss-120b,max,PB-Advanced-015,IMO-hard,1,competition-hard,False,0,False,,,,1,0.041578,4161.59,
architecture,phase1_reasoning,full,full,gpt-oss-120b,openrouter/openai/gpt-oss-120b,max,PB-Advanced-016,IMO-easy,1,competition-hard,False,0,False,,,,1,0.046324,1449.75,
architecture,phase1_reasoning,full,full,gpt-oss-120b,openrouter/openai/gpt-oss-120b,max,PB-Advanced-017,IMO-easy,1,competition-hard,False,7,True,,,,1,0.029527,2878.49,
architecture,phase1_reasoning,full,full,gpt-oss-120b,openrouter/openai/gpt-oss-120b,max,PB-Advanced-018,IMO-hard,1,competition-hard,False,0,False,,,,1,0.036199,2125.77,
architecture,phase1_reasoning,full,full,gpt-oss-120b,openrouter/openai/gpt-oss-120b,max,PB-Advanced-019,IMO-easy,1,competition-hard,False,7,True,,,,1,0.012327,2376.84,
architecture,phase1_reasoning,full,full,gpt-oss-120b,openrouter/openai/gpt-oss-120b,max,PB-Advanced-020,IMO-medium,1,competition-hard,False,0,False,,,,1,0.025258,3242.64,
architecture,phase1_reasoning,full,full,gpt-oss-120b,openrouter/openai/gpt-oss-120b,max,PB-Advanced-021,IMO-hard,1,competition-hard,False,0,False,,,,1,0.017832,2390.3,
architecture,phase1_reasoning,full,full,gpt-oss-120b,openrouter/openai/gpt-oss-120b,max,PB-Advanced-022,IMO-easy,1,competition-hard,False,0,False,,,,1,0.058877,3640.75,
architecture,phase1_reasoning,full,full,gpt-oss-120b,openrouter/openai/gpt-oss-120b,max,PB-Advanced-023,IMO-medium,1,competition-hard,False,0,False,,,,1,0.00251,983.6,
architecture,phase1_reasoning,full,full,gpt-oss-120b,openrouter/openai/gpt-oss-120b,max,PB-Advanced-024,IMO-hard,1,competition-hard,False,0,False,,,,1,0.039162,3935.89,
architecture,phase1_reasoning,full,full,gpt-oss-120b,openrouter/openai/gpt-oss-120b,max,PB-Advanced-025,IMO-easy,1,competition-hard,False,7,True,,,,1,0.019929,1648.59,
architecture,phase1_reasoning,full,full,gpt-oss-120b,openrouter/openai/gpt-oss-120b,max,PB-Advanced-026,IMO-medium,1,competition-hard,False,0,False,,,,1,0.012834,2275.96,
architecture,phase1_reasoning,full,full,gpt-oss-120b,openrouter/openai/gpt-oss-120b,max,PB-Advanced-027,IMO-hard,1,competition-hard,False,0,False,,,,1,0.017514,1650.39,
architecture,phase1_reasoning,full,full,gpt-oss-120b,openrouter/openai/gpt-oss-120b,max,PB-Advanced-028,IMO-easy,1,competition-hard,False,6,True,,,,1,0.006167,2427.55,
architecture,phase1_reasoning,full,full,gpt-oss-120b,openrouter/openai/gpt-oss-120b,max,PB-Advanced-029,IMO-medium,1,competition-hard,False,0,False,,,,1,0.030426,3174.7,
architecture,phase1_reasoning,full,full,gpt-oss-120b,openrouter/openai/gpt-oss-120b,max,PB-Advanced-030,IMO-hard,1,competition-hard,False,0,False,,,,1,0.029575,1289.17,
architecture,phase1_reasoning,full,full,gpt-oss-120b,openrouter/openai/gpt-oss-120b,max,PB-Basic-001,IMO-easy,1,competition-hard,False,7,True,,,,1,0.004725,514.32,
architecture,phase1_reasoning,full,full,gpt-oss-120b,openrouter/openai/gpt-oss-120b,max,PB-Basic-002,pre-IMO,0,pre-competition,False,7,True,,,,1,0.003115,473.67,
architecture,phase1_reasoning,full,full,gpt-oss-120b,openrouter/openai/gpt-oss-120b,max,PB-Basic-003,IMO-easy,1,competition-hard,False,7,True,,,,1,0.016678,1521.8,
architecture,phase1_reasoning,full,full,gpt-oss-120b,openrouter/openai/gpt-oss-120b,max,PB-Basic-004,IMO-easy,1,competition-hard,False,0,False,,,,1,0.018691,1657.93,
architecture,phase1_reasoning,full,full,gpt-oss-120b,openrouter/openai/gpt-oss-120b,max,PB-Basic-005,IMO-easy,1,competition-hard,False,0,False,,,,1,0.025955,2051.37,
architecture,phase1_reasoning,full,full,gpt-oss-120b,openrouter/openai/gpt-oss-120b,max,PB-Basic-006,IMO-medium,1,competition-hard,False,0,False,,,,1,0.028003,4582.63,
architecture,phase1_reasoning,full,full,gpt-oss-120b,openrouter/openai/gpt-oss-120b,max,PB-Basic-007,IMO-medium,1,competition-hard,False,0,False,,,,1,0.032414,1930.28,
architecture,phase1_reasoning,full,full,gpt-oss-120b,openrouter/openai/gpt-oss-120b,max,PB-Basic-008,pre-IMO,0,pre-competition,False,7,True,,,,1,0.008695,428.12,
architecture,phase1_reasoning,full,full,gpt-oss-120b,openrouter/openai/gpt-oss-120b,max,PB-Basic-009,IMO-easy,1,competition-hard,False,0,False,,,,1,0.032524,3872.61,
architecture,phase1_reasoning,full,full,gpt-oss-120b,openrouter/openai/gpt-oss-120b,max,PB-Basic-010,IMO-easy,1,competition-hard,False,7,True,,,,1,0.003084,219.6,
architecture,phase1_reasoning,full,full,gpt-oss-120b,openrouter/openai/gpt-oss-120b,max,PB-Basic-011,IMO-easy,1,competition-hard,False,6,True,,,,1,0.015068,916.2,
architecture,phase1_reasoning,full,full,gpt-oss-120b,openrouter/openai/gpt-oss-120b,max,PB-Basic-012,IMO-medium,1,competition-hard,False,7,True,,,,1,0.016118,769.19,
architecture,phase1_reasoning,full,full,gpt-oss-120b,openrouter/openai/gpt-oss-120b,max,PB-Basic-013,pre-IMO,0,pre-competition,False,7,True,,,,1,0.004477,265.18,
architecture,phase1_reasoning,full,full,gpt-oss-120b,openrouter/openai/gpt-oss-120b,max,PB-Basic-014,pre-IMO,0,pre-competition,False,7,True,,,,1,0.009135,609.59,
architecture,phase1_reasoning,full,full,gpt-oss-120b,openrouter/openai/gpt-oss-120b,max,PB-Basic-015,pre-IMO,0,pre-competition,False,1,False,,,,1,0.029502,2661.73,
architecture,phase1_reasoning,full,full,gpt-oss-120b,openrouter/openai/gpt-oss-120b,max,PB-Basic-016,pre-IMO,0,pre-competition,False,7,True,,,,1,0.006581,328.53,
architecture,phase1_reasoning,full,full,gpt-oss-120b,openrouter/openai/gpt-oss-120b,max,PB-Basic-017,pre-IMO,0,pre-competition,False,7,True,,,,1,0.003839,402.22,
architecture,phase1_reasoning,full,full,gpt-oss-120b,openrouter/openai/gpt-oss-120b,max,PB-Basic-018,pre-IMO,0,pre-competition,False,7,True,,,,1,0.023733,3583.84,
architecture,phase1_reasoning,full,full,gpt-oss-120b,openrouter/openai/gpt-oss-120b,max,PB-Basic-019,IMO-easy,1,competition-hard,False,7,True,,,,1,0.005963,576.48,
architecture,phase1_reasoning,full,full,gpt-oss-120b,openrouter/openai/gpt-oss-120b,max,PB-Basic-020,IMO-easy,1,competition-hard,False,7,True,,,,1,0.015643,1857.07,
architecture,phase1_reasoning,full,full,gpt-oss-120b,openrouter/openai/gpt-oss-120b,max,PB-Basic-021,IMO-easy,1,competition-hard,False,0,False,,,,1,0.02022,2365.44,
architecture,phase1_reasoning,full,full,gpt-oss-120b,openrouter/openai/gpt-oss-120b,max,PB-Basic-022,IMO-easy,1,competition-hard,False,0,False,,,,1,0.02006,2272.04,
architecture,phase1_reasoning,full,full,gpt-oss-120b,openrouter/openai/gpt-oss-120b,max,PB-Basic-023,IMO-medium,1,competition-hard,False,0,False,,,,1,0.04055,4406.16,
architecture,phase1_reasoning,full,full,gpt-oss-120b,openrouter/openai/gpt-oss-120b,max,PB-Basic-024,IMO-medium,1,competition-hard,False,7,True,,,,1,0.016969,1946.02,
architecture,phase1_reasoning,full,full,gpt-oss-120b,openrouter/openai/gpt-oss-120b,max,PB-Basic-025,IMO-easy,1,competition-hard,False,7,True,,,,1,0.023375,2403.74,
architecture,phase1_reasoning,full,full,gpt-oss-120b,openrouter/openai/gpt-oss-120b,max,PB-Basic-026,IMO-medium,1,competition-hard,False,0,False,,,,1,0.02206,1598.22,
architecture,phase1_reasoning,full,full,gpt-oss-120b,openrouter/openai/gpt-oss-120b,max,PB-Basic-027,IMO-easy,1,competition-hard,False,0,False,,,,1,0.046496,3166.36,
architecture,phase1_reasoning,full,full,gpt-oss-120b,openrouter/openai/gpt-oss-120b,max,PB-Basic-028,IMO-medium,1,competition-hard,False,0,False,,,,1,0.022442,1165.95,
architecture,phase1_reasoning,full,full,gpt-oss-120b,openrouter/openai/gpt-oss-120b,max,PB-Basic-029,IMO-medium,1,competition-hard,False,0,False,,,,1,0.066761,2192.94,
architecture,phase1_reasoning,full,full,gpt-oss-120b,openrouter/openai/gpt-oss-120b,max,PB-Basic-030,IMO-easy,1,competition-hard,False,0,False,,,,1,0.034293,6417.18,
architecture,phase1_reasoning,full,full,gpt-oss-120b,openrouter/openai/gpt-oss-120b,max,erdos-1051,Minor Novelty,3,research-medium,True,0,False,,,,1,0.031286,1421.15,
architecture,phase1_reasoning,full,full,gpt-oss-120b,openrouter/openai/gpt-oss-120b,max,erdos-333,Literature Identification,2,research-easy,True,0,False,,,,1,0.024669,1649.27,
architecture,phase1_reasoning,full,full,gpt-oss-120b,openrouter/openai/gpt-oss-120b,max,erdos-397,Independent Rediscovery,1,competition-hard,True,0,False,,,,1,0.017943,775.51,
architecture,phase1_reasoning,full,full,gpt-oss-120b,openrouter/openai/gpt-oss-120b,max,erdos-654,Negligible Novelty,2,research-easy,True,6,True,,,,1,0.00805,632.38,
architecture,phase1_reasoning,full,full,gpt-oss-120b,openrouter/openai/gpt-oss-120b,max,erdos-659,Negligible Novelty,2,research-easy,True,0,False,,,,1,0.019992,1418.04,
architecture,phase1_reasoning,full,full,gpt-oss-120b,openrouter/openai/gpt-oss-120b,max,first-proof-10-official,1,2,research-easy,True,0,False,,,,1,0.023645,2056.22,
architecture,phase1_reasoning,full,full,gpt-oss-120b,openrouter/openai/gpt-oss-120b,max,first-proof-4-official,3,4,research-hard,True,0,False,,,,1,0.021747,2236.55,
architecture,phase1_reasoning,full,full,gpt-oss-120b,openrouter/openai/gpt-oss-120b,max,first-proof-5-official,2,3,research-medium,True,0,False,,,,1,0.023767,2270.56,
architecture,phase1_reasoning,full,full,gpt-oss-120b,openrouter/openai/gpt-oss-120b,max,first-proof-6-official,3,4,research-hard,True,,,,,,0,0.024109,472.04,"litellm.BadRequestError: OpenrouterException - {""error"":{""message"":""This endpoint's maximum context length is 131072 tokens. However, you requested about 131158 tokens (65622 of text input, 65536 in the output). Please reduce the length of either one, or use the context-compression plugin to compress your prompt automatically."",""code"":400,""metadata"":{""provider_name"":null}},""user_id"":""user_30sw5F332ckZvvtyWeO89Jbf7rG""}"
architecture,phase1_reasoning,full,full,gpt-oss-120b,openrouter/openai/gpt-oss-120b,max,ramsey-hypergraphs,Moderately Interesting,5,research-frontier,True,,,,,,0,0.013499,1588.05,"litellm.BadRequestError: OpenrouterException - {""error"":{""message"":""This endpoint's maximum context length is 131072 tokens. However, you requested about 134333 tokens (68797 of text input, 65536 in the output). Please reduce the length of either one, or use the context-compression plugin to compress your prompt automatically."",""code"":400,""metadata"":{""provider_name"":null}},""user_id"":""user_30sw5F332ckZvvtyWeO89Jbf7rG""}"
architecture,phase1_reasoning,seed_generate,seed_generate,gemma-4-31b-it,openrouter/google/gemma-4-31b-it,max,PB-Advanced-001,IMO-easy,1,competition-hard,False,7,True,,,,3,0.028978,1347.67,
architecture,phase1_reasoning,seed_generate,seed_generate,gemma-4-31b-it,openrouter/google/gemma-4-31b-it,max,PB-Advanced-002,IMO-medium,1,competition-hard,False,3,False,,,,3,0.035737,2352.19,
architecture,phase1_reasoning,seed_generate,seed_generate,gemma-4-31b-it,openrouter/google/gemma-4-31b-it,max,PB-Advanced-003,IMO-hard,1,competition-hard,False,0,False,,,,3,0.026418,3156.56,
architecture,phase1_reasoning,seed_generate,seed_generate,gemma-4-31b-it,openrouter/google/gemma-4-31b-it,max,PB-Advanced-004,IMO-easy,1,competition-hard,False,7,True,,,,3,0.025659,1053.72,
architecture,phase1_reasoning,seed_generate,seed_generate,gemma-4-31b-it,openrouter/google/gemma-4-31b-it,max,PB-Advanced-005,IMO-medium,1,competition-hard,False,0,False,,,,3,0.0274,901.28,
architecture,phase1_reasoning,seed_generate,seed_generate,gemma-4-31b-it,openrouter/google/gemma-4-31b-it,max,PB-Advanced-006,IMO-hard,1,competition-hard,False,0,False,,,,3,0.017618,1677.63,
architecture,phase1_reasoning,seed_generate,seed_generate,gemma-4-31b-it,openrouter/google/gemma-4-31b-it,max,PB-Advanced-007,IMO-easy,1,competition-hard,False,7,True,,,,3,0.015934,740.82,
architecture,phase1_reasoning,seed_generate,seed_generate,gemma-4-31b-it,openrouter/google/gemma-4-31b-it,max,PB-Advanced-008,IMO-medium,1,competition-hard,False,0,False,,,,3,0.029708,2593.17,
architecture,phase1_reasoning,seed_generate,seed_generate,gemma-4-31b-it,openrouter/google/gemma-4-31b-it,max,PB-Advanced-009,IMO-hard,1,competition-hard,False,0,False,,,,3,0.020101,1007.46,
architecture,phase1_reasoning,seed_generate,seed_generate,gemma-4-31b-it,openrouter/google/gemma-4-31b-it,max,PB-Advanced-010,IMO-medium,1,competition-hard,False,0,False,,,,3,0.020084,1556.89,
architecture,phase1_reasoning,seed_generate,seed_generate,gemma-4-31b-it,openrouter/google/gemma-4-31b-it,max,PB-Advanced-011,IMO-medium,1,competition-hard,False,0,False,,,,3,0.013567,706.85,
architecture,phase1_reasoning,seed_generate,seed_generate,gemma-4-31b-it,openrouter/google/gemma-4-31b-it,max,PB-Advanced-012,IMO-hard,1,competition-hard,False,0,False,,,,3,0.02628,2076.34,
architecture,phase1_reasoning,seed_generate,seed_generate,gemma-4-31b-it,openrouter/google/gemma-4-31b-it,max,PB-Advanced-013,IMO-easy,1,competition-hard,False,0,False,,,,3,0.024943,1882.08,
architecture,phase1_reasoning,seed_generate,seed_generate,gemma-4-31b-it,openrouter/google/gemma-4-31b-it,max,PB-Advanced-014,IMO-medium,1,competition-hard,False,1,False,,,,3,0.024615,2144.13,
architecture,phase1_reasoning,seed_generate,seed_generate,gemma-4-31b-it,openrouter/google/gemma-4-31b-it,max,PB-Advanced-015,IMO-hard,1,competition-hard,False,0,False,,,,3,0.022389,2738.66,
architecture,phase1_reasoning,seed_generate,seed_generate,gemma-4-31b-it,openrouter/google/gemma-4-31b-it,max,PB-Advanced-016,IMO-easy,1,competition-hard,False,0,False,,,,3,0.018823,2551.26,
architecture,phase1_reasoning,seed_generate,seed_generate,gemma-4-31b-it,openrouter/google/gemma-4-31b-it,max,PB-Advanced-017,IMO-easy,1,competition-hard,False,0,False,,,,3,0.030048,2973.7,
architecture,phase1_reasoning,seed_generate,seed_generate,gemma-4-31b-it,openrouter/google/gemma-4-31b-it,max,PB-Advanced-018,IMO-hard,1,competition-hard,False,0,False,,,,3,0.028298,2146.01,
architecture,phase1_reasoning,seed_generate,seed_generate,gemma-4-31b-it,openrouter/google/gemma-4-31b-it,max,PB-Advanced-019,IMO-easy,1,competition-hard,False,7,True,,,,3,0.024421,2924.04,
architecture,phase1_reasoning,seed_generate,seed_generate,gemma-4-31b-it,openrouter/google/gemma-4-31b-it,max,PB-Advanced-020,IMO-medium,1,competition-hard,False,0,False,,,,3,0.027559,2286.79,
architecture,phase1_reasoning,seed_generate,seed_generate,gemma-4-31b-it,openrouter/google/gemma-4-31b-it,max,PB-Advanced-021,IMO-hard,1,competition-hard,False,0,False,,,,3,0.025856,1359.63,
architecture,phase1_reasoning,seed_generate,seed_generate,gemma-4-31b-it,openrouter/google/gemma-4-31b-it,max,PB-Advanced-022,IMO-easy,1,competition-hard,False,0,False,,,,3,0.022585,2479.44,
architecture,phase1_reasoning,seed_generate,seed_generate,gemma-4-31b-it,openrouter/google/gemma-4-31b-it,max,PB-Advanced-023,IMO-medium,1,competition-hard,False,0,False,,,,3,0.025625,3817.28,
architecture,phase1_reasoning,seed_generate,seed_generate,gemma-4-31b-it,openrouter/google/gemma-4-31b-it,max,PB-Advanced-024,IMO-hard,1,competition-hard,False,0,False,,,,3,0.023724,2104.52,
architecture,phase1_reasoning,seed_generate,seed_generate,gemma-4-31b-it,openrouter/google/gemma-4-31b-it,max,PB-Advanced-025,IMO-easy,1,competition-hard,False,7,True,,,,3,0.025995,2101.06,
architecture,phase1_reasoning,seed_generate,seed_generate,gemma-4-31b-it,openrouter/google/gemma-4-31b-it,max,PB-Advanced-026,IMO-medium,1,competition-hard,False,0,False,,,,3,0.026597,2390.67,
architecture,phase1_reasoning,seed_generate,seed_generate,gemma-4-31b-it,openrouter/google/gemma-4-31b-it,max,PB-Advanced-027,IMO-hard,1,competition-hard,False,0,False,,,,3,0.029788,2164.58,
architecture,phase1_reasoning,seed_generate,seed_generate,gemma-4-31b-it,openrouter/google/gemma-4-31b-it,max,PB-Advanced-028,IMO-easy,1,competition-hard,False,7,True,,,,3,0.024683,1160.07,
architecture,phase1_reasoning,seed_generate,seed_generate,gemma-4-31b-it,openrouter/google/gemma-4-31b-it,max,PB-Advanced-029,IMO-medium,1,competition-hard,False,1,False,,,,3,0.024144,2687.3,
architecture,phase1_reasoning,seed_generate,seed_generate,gemma-4-31b-it,openrouter/google/gemma-4-31b-it,max,PB-Advanced-030,IMO-hard,1,competition-hard,False,0,False,,,,3,0.025837,1754.29,
architecture,phase1_reasoning,seed_generate,seed_generate,gemma-4-31b-it,openrouter/google/gemma-4-31b-it,max,PB-Basic-001,IMO-easy,1,competition-hard,False,7,True,,,,3,0.013516,676.01,
architecture,phase1_reasoning,seed_generate,seed_generate,gemma-4-31b-it,openrouter/google/gemma-4-31b-it,max,PB-Basic-002,pre-IMO,0,pre-competition,False,7,True,,,,3,0.01586,1291.98,
architecture,phase1_reasoning,seed_generate,seed_generate,gemma-4-31b-it,openrouter/google/gemma-4-31b-it,max,PB-Basic-003,IMO-easy,1,competition-hard,False,6,True,,,,3,0.019309,1006.41,
architecture,phase1_reasoning,seed_generate,seed_generate,gemma-4-31b-it,openrouter/google/gemma-4-31b-it,max,PB-Basic-004,IMO-easy,1,competition-hard,False,7,True,,,,3,0.025809,1758.52,
architecture,phase1_reasoning,seed_generate,seed_generate,gemma-4-31b-it,openrouter/google/gemma-4-31b-it,max,PB-Basic-005,IMO-easy,1,competition-hard,False,7,True,,,,3,0.025382,2362.75,
architecture,phase1_reasoning,seed_generate,seed_generate,gemma-4-31b-it,openrouter/google/gemma-4-31b-it,max,PB-Basic-006,IMO-medium,1,competition-hard,False,0,False,,,,3,0.031814,1286.06,
architecture,phase1_reasoning,seed_generate,seed_generate,gemma-4-31b-it,openrouter/google/gemma-4-31b-it,max,PB-Basic-007,IMO-medium,1,competition-hard,False,0,False,,,,3,0.023328,808.43,
architecture,phase1_reasoning,seed_generate,seed_generate,gemma-4-31b-it,openrouter/google/gemma-4-31b-it,max,PB-Basic-008,pre-IMO,0,pre-competition,False,7,True,,,,3,0.019933,1513.69,
architecture,phase1_reasoning,seed_generate,seed_generate,gemma-4-31b-it,openrouter/google/gemma-4-31b-it,max,PB-Basic-009,IMO-easy,1,competition-hard,False,0,False,,,,3,0.02519,2034.21,
architecture,phase1_reasoning,seed_generate,seed_generate,gemma-4-31b-it,openrouter/google/gemma-4-31b-it,max,PB-Basic-010,IMO-easy,1,competition-hard,False,7,True,,,,3,0.013342,612.41,
architecture,phase1_reasoning,seed_generate,seed_generate,gemma-4-31b-it,openrouter/google/gemma-4-31b-it,max,PB-Basic-011,IMO-easy,1,competition-hard,False,7,True,,,,3,0.032667,1447.84,
architecture,phase1_reasoning,seed_generate,seed_generate,gemma-4-31b-it,openrouter/google/gemma-4-31b-it,max,PB-Basic-012,IMO-medium,1,competition-hard,False,7,True,,,,3,0.022024,1128.07,
architecture,phase1_reasoning,seed_generate,seed_generate,gemma-4-31b-it,openrouter/google/gemma-4-31b-it,max,PB-Basic-013,pre-IMO,0,pre-competition,False,7,True,,,,3,0.014661,1490.55,
architecture,phase1_reasoning,seed_generate,seed_generate,gemma-4-31b-it,openrouter/google/gemma-4-31b-it,max,PB-Basic-014,pre-IMO,0,pre-competition,False,7,True,,,,3,0.017528,1362.75,
architecture,phase1_reasoning,seed_generate,seed_generate,gemma-4-31b-it,openrouter/google/gemma-4-31b-it,max,PB-Basic-015,pre-IMO,0,pre-competition,False,7,True,,,,3,0.020285,1409.39,
architecture,phase1_reasoning,seed_generate,seed_generate,gemma-4-31b-it,openrouter/google/gemma-4-31b-it,max,PB-Basic-016,pre-IMO,0,pre-competition,False,7,True,,,,3,0.018256,1144.96,
architecture,phase1_reasoning,seed_generate,seed_generate,gemma-4-31b-it,openrouter/google/gemma-4-31b-it,max,PB-Basic-017,pre-IMO,0,pre-competition,False,7,True,,,,3,0.013312,940.33,
architecture,phase1_reasoning,seed_generate,seed_generate,gemma-4-31b-it,openrouter/google/gemma-4-31b-it,max,PB-Basic-018,pre-IMO,0,pre-competition,False,7,True,,,,3,0.028688,1248.17,
architecture,phase1_reasoning,seed_generate,seed_generate,gemma-4-31b-it,openrouter/google/gemma-4-31b-it,max,PB-Basic-019,IMO-easy,1,competition-hard,False,7,True,,,,3,0.020157,1622.43,
architecture,phase1_reasoning,seed_generate,seed_generate,gemma-4-31b-it,openrouter/google/gemma-4-31b-it,max,PB-Basic-020,IMO-easy,1,competition-hard,False,7,True,,,,3,0.024384,1580.11,
architecture,phase1_reasoning,seed_generate,seed_generate,gemma-4-31b-it,openrouter/google/gemma-4-31b-it,max,PB-Basic-021,IMO-easy,1,competition-hard,False,7,True,,,,3,0.025918,2362.49,
architecture,phase1_reasoning,seed_generate,seed_generate,gemma-4-31b-it,openrouter/google/gemma-4-31b-it,max,PB-Basic-022,IMO-easy,1,competition-hard,False,0,False,,,,3,0.020844,1463.43,
architecture,phase1_reasoning,seed_generate,seed_generate,gemma-4-31b-it,openrouter/google/gemma-4-31b-it,max,PB-Basic-023,IMO-medium,1,competition-hard,False,1,False,,,,3,0.022425,1972.1,
architecture,phase1_reasoning,seed_generate,seed_generate,gemma-4-31b-it,openrouter/google/gemma-4-31b-it,max,PB-Basic-024,IMO-medium,1,competition-hard,False,6,True,,,,3,0.024921,2443.31,
architecture,phase1_reasoning,seed_generate,seed_generate,gemma-4-31b-it,openrouter/google/gemma-4-31b-it,max,PB-Basic-025,IMO-easy,1,competition-hard,False,0,False,,,,3,0.018256,1992.01,
architecture,phase1_reasoning,seed_generate,seed_generate,gemma-4-31b-it,openrouter/google/gemma-4-31b-it,max,PB-Basic-026,IMO-medium,1,competition-hard,False,0,False,,,,3,0.020914,2371.03,
architecture,phase1_reasoning,seed_generate,seed_generate,gemma-4-31b-it,openrouter/google/gemma-4-31b-it,max,PB-Basic-027,IMO-easy,1,competition-hard,False,7,True,,,,3,0.0297,1334.78,
architecture,phase1_reasoning,seed_generate,seed_generate,gemma-4-31b-it,openrouter/google/gemma-4-31b-it,max,PB-Basic-028,IMO-medium,1,competition-hard,False,0,False,,,,3,0.024513,2133.25,
architecture,phase1_reasoning,seed_generate,seed_generate,gemma-4-31b-it,openrouter/google/gemma-4-31b-it,max,PB-Basic-029,IMO-medium,1,competition-hard,False,0,False,,,,3,0.024269,2453.1,
architecture,phase1_reasoning,seed_generate,seed_generate,gemma-4-31b-it,openrouter/google/gemma-4-31b-it,max,PB-Basic-030,IMO-easy,1,competition-hard,False,0,False,,,,3,0.02641,2004.0,
architecture,phase1_reasoning,seed_generate,seed_generate,gemma-4-31b-it,openrouter/google/gemma-4-31b-it,max,erdos-1051,Minor Novelty,3,research-medium,True,0,False,,,,3,0.027547,2087.95,
architecture,phase1_reasoning,seed_generate,seed_generate,gemma-4-31b-it,openrouter/google/gemma-4-31b-it,max,erdos-333,Literature Identification,2,research-easy,True,0,False,,,,3,0.020196,2502.78,
architecture,phase1_reasoning,seed_generate,seed_generate,gemma-4-31b-it,openrouter/google/gemma-4-31b-it,max,erdos-397,Independent Rediscovery,1,competition-hard,True,0,False,,,,3,0.022912,1388.29,
architecture,phase1_reasoning,seed_generate,seed_generate,gemma-4-31b-it,openrouter/google/gemma-4-31b-it,max,erdos-654,Negligible Novelty,2,research-easy,True,0,False,,,,3,0.025909,1996.5,
architecture,phase1_reasoning,seed_generate,seed_generate,gemma-4-31b-it,openrouter/google/gemma-4-31b-it,max,erdos-659,Negligible Novelty,2,research-easy,True,0,False,,,,3,0.023107,2022.54,
architecture,phase1_reasoning,seed_generate,seed_generate,gemma-4-31b-it,openrouter/google/gemma-4-31b-it,max,first-proof-10-official,1,2,research-easy,True,6,True,,,,3,0.031747,1756.98,
architecture,phase1_reasoning,seed_generate,seed_generate,gemma-4-31b-it,openrouter/google/gemma-4-31b-it,max,first-proof-4-official,3,4,research-hard,True,0,False,,,,3,0.025499,1267.1,
architecture,phase1_reasoning,seed_generate,seed_generate,gemma-4-31b-it,openrouter/google/gemma-4-31b-it,max,first-proof-5-official,2,3,research-medium,True,0,False,,,,3,0.016231,1381.06,
architecture,phase1_reasoning,seed_generate,seed_generate,gemma-4-31b-it,openrouter/google/gemma-4-31b-it,max,first-proof-6-official,3,4,research-hard,True,0,False,,,,3,0.027105,2968.69,
architecture,phase1_reasoning,seed_generate,seed_generate,gemma-4-31b-it,openrouter/google/gemma-4-31b-it,max,ramsey-hypergraphs,Moderately Interesting,5,research-frontier,True,0,False,,,,3,0.034332,2343.77,
architecture,phase1_reasoning,seed_generate,seed_generate,gpt-oss-120b,openrouter/openai/gpt-oss-120b,max,PB-Advanced-001,IMO-easy,1,competition-hard,False,6,True,,,,3,0.02052,1161.73,
architecture,phase1_reasoning,seed_generate,seed_generate,gpt-oss-120b,openrouter/openai/gpt-oss-120b,max,PB-Advanced-002,IMO-medium,1,competition-hard,False,0,False,,,,3,0.026781,2121.84,
architecture,phase1_reasoning,seed_generate,seed_generate,gpt-oss-120b,openrouter/openai/gpt-oss-120b,max,PB-Advanced-003,IMO-hard,1,competition-hard,False,0,False,,,,3,0.068133,1946.2,
architecture,phase1_reasoning,seed_generate,seed_generate,gpt-oss-120b,openrouter/openai/gpt-oss-120b,max,PB-Advanced-004,IMO-easy,1,competition-hard,False,0,False,,,,3,0.026091,1546.05,
architecture,phase1_reasoning,seed_generate,seed_generate,gpt-oss-120b,openrouter/openai/gpt-oss-120b,max,PB-Advanced-005,IMO-medium,1,competition-hard,False,0,False,,,,3,0.05833,1361.87,
architecture,phase1_reasoning,seed_generate,seed_generate,gpt-oss-120b,openrouter/openai/gpt-oss-120b,max,PB-Advanced-006,IMO-hard,1,competition-hard,False,0,False,,,,3,0.043567,4278.44,
architecture,phase1_reasoning,seed_generate,seed_generate,gpt-oss-120b,openrouter/openai/gpt-oss-120b,max,PB-Advanced-007,IMO-easy,1,competition-hard,False,7,True,,,,3,0.017769,2069.19,
architecture,phase1_reasoning,seed_generate,seed_generate,gpt-oss-120b,openrouter/openai/gpt-oss-120b,max,PB-Advanced-008,IMO-medium,1,competition-hard,False,0,False,,,,3,0.039376,3899.24,
architecture,phase1_reasoning,seed_generate,seed_generate,gpt-oss-120b,openrouter/openai/gpt-oss-120b,max,PB-Advanced-009,IMO-hard,1,competition-hard,False,0,False,,,,3,0.026644,1157.74,
architecture,phase1_reasoning,seed_generate,seed_generate,gpt-oss-120b,openrouter/openai/gpt-oss-120b,max,PB-Advanced-010,IMO-medium,1,competition-hard,False,0,False,,,,3,0.030952,1872.14,
architecture,phase1_reasoning,seed_generate,seed_generate,gpt-oss-120b,openrouter/openai/gpt-oss-120b,max,PB-Advanced-011,IMO-medium,1,competition-hard,False,0,False,,,,3,0.020891,1945.05,
architecture,phase1_reasoning,seed_generate,seed_generate,gpt-oss-120b,openrouter/openai/gpt-oss-120b,max,PB-Advanced-012,IMO-hard,1,competition-hard,False,0,False,,,,3,0.033641,1030.44,
architecture,phase1_reasoning,seed_generate,seed_generate,gpt-oss-120b,openrouter/openai/gpt-oss-120b,max,PB-Advanced-013,IMO-easy,1,competition-hard,False,0,False,,,,3,0.026263,1146.63,
architecture,phase1_reasoning,seed_generate,seed_generate,gpt-oss-120b,openrouter/openai/gpt-oss-120b,max,PB-Advanced-014,IMO-medium,1,competition-hard,False,7,True,,,,3,0.033372,1153.62,
architecture,phase1_reasoning,seed_generate,seed_generate,gpt-oss-120b,openrouter/openai/gpt-oss-120b,max,PB-Advanced-015,IMO-hard,1,competition-hard,False,0,False,,,,3,0.058814,2388.69,
architecture,phase1_reasoning,seed_generate,seed_generate,gpt-oss-120b,openrouter/openai/gpt-oss-120b,max,PB-Advanced-016,IMO-easy,1,competition-hard,False,0,False,,,,3,0.056416,2388.58,
architecture,phase1_reasoning,seed_generate,seed_generate,gpt-oss-120b,openrouter/openai/gpt-oss-120b,max,PB-Advanced-017,IMO-easy,1,competition-hard,False,0,False,,,,3,0.035587,4466.5,
architecture,phase1_reasoning,seed_generate,seed_generate,gpt-oss-120b,openrouter/openai/gpt-oss-120b,max,PB-Advanced-018,IMO-hard,1,competition-hard,False,0,False,,,,3,0.033439,3262.64,
architecture,phase1_reasoning,seed_generate,seed_generate,gpt-oss-120b,openrouter/openai/gpt-oss-120b,max,PB-Advanced-019,IMO-easy,1,competition-hard,False,0,False,,,,3,0.013449,834.48,
architecture,phase1_reasoning,seed_generate,seed_generate,gpt-oss-120b,openrouter/openai/gpt-oss-120b,max,PB-Advanced-020,IMO-medium,1,competition-hard,False,0,False,,,,3,0.065644,1874.14,
architecture,phase1_reasoning,seed_generate,seed_generate,gpt-oss-120b,openrouter/openai/gpt-oss-120b,max,PB-Advanced-021,IMO-hard,1,competition-hard,False,0,False,,,,3,0.023318,814.42,
architecture,phase1_reasoning,seed_generate,seed_generate,gpt-oss-120b,openrouter/openai/gpt-oss-120b,max,PB-Advanced-022,IMO-easy,1,competition-hard,False,0,False,,,,3,0.054147,3271.83,
architecture,phase1_reasoning,seed_generate,seed_generate,gpt-oss-120b,openrouter/openai/gpt-oss-120b,max,PB-Advanced-023,IMO-medium,1,competition-hard,False,0,False,,,,3,0.010241,533.55,
architecture,phase1_reasoning,seed_generate,seed_generate,gpt-oss-120b,openrouter/openai/gpt-oss-120b,max,PB-Advanced-024,IMO-hard,1,competition-hard,False,0,False,,,,3,0.038503,1686.71,
architecture,phase1_reasoning,seed_generate,seed_generate,gpt-oss-120b,openrouter/openai/gpt-oss-120b,max,PB-Advanced-025,IMO-easy,1,competition-hard,False,7,True,,,,3,0.023197,1591.76,
architecture,phase1_reasoning,seed_generate,seed_generate,gpt-oss-120b,openrouter/openai/gpt-oss-120b,max,PB-Advanced-026,IMO-medium,1,competition-hard,False,0,False,,,,3,0.049677,1613.78,
architecture,phase1_reasoning,seed_generate,seed_generate,gpt-oss-120b,openrouter/openai/gpt-oss-120b,max,PB-Advanced-027,IMO-hard,1,competition-hard,False,0,False,,,,3,0.022653,2612.35,
architecture,phase1_reasoning,seed_generate,seed_generate,gpt-oss-120b,openrouter/openai/gpt-oss-120b,max,PB-Advanced-028,IMO-easy,1,competition-hard,False,7,True,,,,3,0.025905,960.01,
architecture,phase1_reasoning,seed_generate,seed_generate,gpt-oss-120b,openrouter/openai/gpt-oss-120b,max,PB-Advanced-029,IMO-medium,1,competition-hard,False,1,False,,,,3,0.023831,2154.26,
architecture,phase1_reasoning,seed_generate,seed_generate,gpt-oss-120b,openrouter/openai/gpt-oss-120b,max,PB-Advanced-030,IMO-hard,1,competition-hard,False,0,False,,,,3,0.024292,503.43,
architecture,phase1_reasoning,seed_generate,seed_generate,gpt-oss-120b,openrouter/openai/gpt-oss-120b,max,PB-Basic-001,IMO-easy,1,competition-hard,False,7,True,,,,3,0.00971,379.27,
architecture,phase1_reasoning,seed_generate,seed_generate,gpt-oss-120b,openrouter/openai/gpt-oss-120b,max,PB-Basic-002,pre-IMO,0,pre-competition,False,7,True,,,,3,0.012947,1078.4,
architecture,phase1_reasoning,seed_generate,seed_generate,gpt-oss-120b,openrouter/openai/gpt-oss-120b,max,PB-Basic-003,IMO-easy,1,competition-hard,False,6,True,,,,3,0.018793,764.8,
architecture,phase1_reasoning,seed_generate,seed_generate,gpt-oss-120b,openrouter/openai/gpt-oss-120b,max,PB-Basic-004,IMO-easy,1,competition-hard,False,0,False,,,,3,0.023199,1090.36,
architecture,phase1_reasoning,seed_generate,seed_generate,gpt-oss-120b,openrouter/openai/gpt-oss-120b,max,PB-Basic-005,IMO-easy,1,competition-hard,False,6,True,,,,3,0.016614,1345.86,
architecture,phase1_reasoning,seed_generate,seed_generate,gpt-oss-120b,openrouter/openai/gpt-oss-120b,max,PB-Basic-006,IMO-medium,1,competition-hard,False,7,True,,,,3,0.032462,1162.81,
architecture,phase1_reasoning,seed_generate,seed_generate,gpt-oss-120b,openrouter/openai/gpt-oss-120b,max,PB-Basic-007,IMO-medium,1,competition-hard,False,0,False,,,,3,0.019975,976.8,
architecture,phase1_reasoning,seed_generate,seed_generate,gpt-oss-120b,openrouter/openai/gpt-oss-120b,max,PB-Basic-008,pre-IMO,0,pre-competition,False,6,True,,,,3,0.033304,1401.79,
architecture,phase1_reasoning,seed_generate,seed_generate,gpt-oss-120b,openrouter/openai/gpt-oss-120b,max,PB-Basic-009,IMO-easy,1,competition-hard,False,0,False,,,,3,0.044703,913.48,
architecture,phase1_reasoning,seed_generate,seed_generate,gpt-oss-120b,openrouter/openai/gpt-oss-120b,max,PB-Basic-010,IMO-easy,1,competition-hard,False,7,True,,,,3,0.008207,370.81,
architecture,phase1_reasoning,seed_generate,seed_generate,gpt-oss-120b,openrouter/openai/gpt-oss-120b,max,PB-Basic-011,IMO-easy,1,competition-hard,False,6,True,,,,3,0.063027,2207.68,
architecture,phase1_reasoning,seed_generate,seed_generate,gpt-oss-120b,openrouter/openai/gpt-oss-120b,max,PB-Basic-012,IMO-medium,1,competition-hard,False,7,True,,,,3,0.0234,815.37,
architecture,phase1_reasoning,seed_generate,seed_generate,gpt-oss-120b,openrouter/openai/gpt-oss-120b,max,PB-Basic-013,pre-IMO,0,pre-competition,False,7,True,,,,3,0.013311,805.29,
architecture,phase1_reasoning,seed_generate,seed_generate,gpt-oss-120b,openrouter/openai/gpt-oss-120b,max,PB-Basic-014,pre-IMO,0,pre-competition,False,7,True,,,,3,0.013979,916.03,
architecture,phase1_reasoning,seed_generate,seed_generate,gpt-oss-120b,openrouter/openai/gpt-oss-120b,max,PB-Basic-015,pre-IMO,0,pre-competition,False,7,True,,,,3,0.032342,924.85,
architecture,phase1_reasoning,seed_generate,seed_generate,gpt-oss-120b,openrouter/openai/gpt-oss-120b,max,PB-Basic-016,pre-IMO,0,pre-competition,False,7,True,,,,3,0.01606,1010.6,
architecture,phase1_reasoning,seed_generate,seed_generate,gpt-oss-120b,openrouter/openai/gpt-oss-120b,max,PB-Basic-017,pre-IMO,0,pre-competition,False,7,True,,,,3,0.009233,462.31,
architecture,phase1_reasoning,seed_generate,seed_generate,gpt-oss-120b,openrouter/openai/gpt-oss-120b,max,PB-Basic-018,pre-IMO,0,pre-competition,False,7,True,,,,3,0.033844,1196.22,
architecture,phase1_reasoning,seed_generate,seed_generate,gpt-oss-120b,openrouter/openai/gpt-oss-120b,max,PB-Basic-019,IMO-easy,1,competition-hard,False,7,True,,,,3,0.02257,778.56,
architecture,phase1_reasoning,seed_generate,seed_generate,gpt-oss-120b,openrouter/openai/gpt-oss-120b,max,PB-Basic-020,IMO-easy,1,competition-hard,False,7,True,,,,3,0.015486,952.93,
architecture,phase1_reasoning,seed_generate,seed_generate,gpt-oss-120b,openrouter/openai/gpt-oss-120b,max,PB-Basic-021,IMO-easy,1,competition-hard,False,,,,,,0,0.002926,2927.66,"litellm.APIError: APIError: OpenrouterException - Unable to get json response - Expecting value: line 945 column 1 (char 5192), Original Response: 
         

         

         

         

         

         

         

         

         

         

         

         

         

         

         

         

         

         

         

         

         

         

         

         

         

         

         

         

         

         

         

         

         

         

         

         

         

         

         

         

         

         

         

         

         

         

         

         

         

         

         

         

         

         

         

         

         

         

         

         

         

         

         

         

         

         

         

         

         

         

         

         

         

         

         

         

         

         

         

         

         

         

         

         

         

         

         

         

         

         

         

         

         

         

         

         

         

         

         

         

         

         

         

         

         

         

         

         

         

         

         

         

         

         

         

         

         

         

         

         

         

         

         

         

         

         

         

         

         

         

         

         

         

         

         

         

         

         

         

         

         

         

         

         

         

         

         

         

         

         

         

         

         

         

         

         

         

         

         

         

         

         

         

         

         

         

         

         

         

         

         

         

         

         

         

         

         

         

         

         

         

         

         

         

         

         

         

         

         

         

         

         

         

         

         

         

         

         

         

         

         

         

         

         

         

         

         

         

         

         

         

         

         

         

         

         

         

         

         

         

         

         

         

         

         

         

         

         

         

         

         

         

         

         

         

         

         

         

         

         

         

         

         

         

         

         

         

         

         

         

         

         

         

         

         

         

         

         

         

         

         

         

         

         

         

         

         

         

         

         

         

         

         

         

         

         

         

         

         

         

         

         

         

         

         

         

         

         

         

         

         

         

         

         

         

         

         

         

         

         

         

         

         

         

         

         

         

         

         

         

         

         

         

         

         

         

         

         

         

         

         

         

         

         

         

         

         

         

         

         

         

         

         

         

         

         

         

         

         

         

         

         

         

         

         

         

         

         

         

         

         

         

         

         

         

         

         

         

         

         

         

         

         

         

         

         

         

         

         

         

         

         

         

         

         

         

         

         

         

         

         

         

         

         

         

         

         

         

         

         

         

         

         

         

         

         

         

         

         

         

         

         

         

         

         

         

         

         

         

         

         

         

         

         

         

         

         

         

         

         

         

         

         

         

         

         

         

         

         

         

         

         

         

         

         

         

         

         

         

         

         

         

         

         

         

         

         

         

         

         

         

         

         

         

         

         

         

         

         

         

         

         

         

         

         

         

         

         

         

         

         

         
"
architecture,phase1_reasoning,seed_generate,seed_generate,gpt-oss-120b,openrouter/openai/gpt-oss-120b,max,PB-Basic-022,IMO-easy,1,competition-hard,False,6,True,,,,3,0.032212,2176.66,
architecture,phase1_reasoning,seed_generate,seed_generate,gpt-oss-120b,openrouter/openai/gpt-oss-120b,max,PB-Basic-023,IMO-medium,1,competition-hard,False,1,False,,,,3,0.041411,1399.47,
architecture,phase1_reasoning,seed_generate,seed_generate,gpt-oss-120b,openrouter/openai/gpt-oss-120b,max,PB-Basic-024,IMO-medium,1,competition-hard,False,0,False,,,,3,0.012387,587.32,
architecture,phase1_reasoning,seed_generate,seed_generate,gpt-oss-120b,openrouter/openai/gpt-oss-120b,max,PB-Basic-025,IMO-easy,1,competition-hard,False,6,True,,,,3,0.019171,1489.66,
architecture,phase1_reasoning,seed_generate,seed_generate,gpt-oss-120b,openrouter/openai/gpt-oss-120b,max,PB-Basic-026,IMO-medium,1,competition-hard,False,0,False,,,,3,0.046802,1982.98,
architecture,phase1_reasoning,seed_generate,seed_generate,gpt-oss-120b,openrouter/openai/gpt-oss-120b,max,PB-Basic-027,IMO-easy,1,competition-hard,False,6,True,,,,3,0.03046,1497.3,
architecture,phase1_reasoning,seed_generate,seed_generate,gpt-oss-120b,openrouter/openai/gpt-oss-120b,max,PB-Basic-028,IMO-medium,1,competition-hard,False,0,False,,,,3,0.04765,969.1,
architecture,phase1_reasoning,seed_generate,seed_generate,gpt-oss-120b,openrouter/openai/gpt-oss-120b,max,PB-Basic-029,IMO-medium,1,competition-hard,False,0,False,,,,3,0.035764,1828.57,
architecture,phase1_reasoning,seed_generate,seed_generate,gpt-oss-120b,openrouter/openai/gpt-oss-120b,max,PB-Basic-030,IMO-easy,1,competition-hard,False,0,False,,,,3,0.057402,4318.21,
architecture,phase1_reasoning,seed_generate,seed_generate,gpt-oss-120b,openrouter/openai/gpt-oss-120b,max,erdos-1051,Minor Novelty,3,research-medium,True,0,False,,,,3,0.038892,1874.79,
architecture,phase1_reasoning,seed_generate,seed_generate,gpt-oss-120b,openrouter/openai/gpt-oss-120b,max,erdos-333,Literature Identification,2,research-easy,True,0,False,,,,3,0.031428,1708.57,
architecture,phase1_reasoning,seed_generate,seed_generate,gpt-oss-120b,openrouter/openai/gpt-oss-120b,max,erdos-397,Independent Rediscovery,1,competition-hard,True,0,False,,,,3,0.021,894.01,
architecture,phase1_reasoning,seed_generate,seed_generate,gpt-oss-120b,openrouter/openai/gpt-oss-120b,max,erdos-654,Negligible Novelty,2,research-easy,True,0,False,,,,3,0.021255,255.92,
architecture,phase1_reasoning,seed_generate,seed_generate,gpt-oss-120b,openrouter/openai/gpt-oss-120b,max,erdos-659,Negligible Novelty,2,research-easy,True,0,False,,,,3,0.02388,630.87,
architecture,phase1_reasoning,seed_generate,seed_generate,gpt-oss-120b,openrouter/openai/gpt-oss-120b,max,first-proof-10-official,1,2,research-easy,True,6,True,,,,3,0.02476,782.66,
architecture,phase1_reasoning,seed_generate,seed_generate,gpt-oss-120b,openrouter/openai/gpt-oss-120b,max,first-proof-4-official,3,4,research-hard,True,0,False,,,,3,0.032933,748.45,
architecture,phase1_reasoning,seed_generate,seed_generate,gpt-oss-120b,openrouter/openai/gpt-oss-120b,max,first-proof-5-official,2,3,research-medium,True,0,False,,,,3,0.024092,579.51,
architecture,phase1_reasoning,seed_generate,seed_generate,gpt-oss-120b,openrouter/openai/gpt-oss-120b,max,first-proof-6-official,3,4,research-hard,True,0,False,,,,3,0.037998,715.26,
architecture,phase1_reasoning,seed_generate,seed_generate,gpt-oss-120b,openrouter/openai/gpt-oss-120b,max,ramsey-hypergraphs,Moderately Interesting,5,research-frontier,True,0,False,,,,3,0.071357,1676.17,
architecture,phase1_reasoning,seed_full,seed_full,gemma-4-31b-it,openrouter/google/gemma-4-31b-it,max,PB-Advanced-001,IMO-easy,1,competition-hard,False,7,True,,,,3,0.039381,1237.25,
architecture,phase1_reasoning,seed_full,seed_full,gemma-4-31b-it,openrouter/google/gemma-4-31b-it,max,PB-Advanced-002,IMO-medium,1,competition-hard,False,0,False,,,,3,0.057291,5873.34,
architecture,phase1_reasoning,seed_full,seed_full,gemma-4-31b-it,openrouter/google/gemma-4-31b-it,max,PB-Advanced-003,IMO-hard,1,competition-hard,False,0,False,,,,3,0.07435,6310.28,
architecture,phase1_reasoning,seed_full,seed_full,gemma-4-31b-it,openrouter/google/gemma-4-31b-it,max,PB-Advanced-004,IMO-easy,1,competition-hard,False,7,True,,,,3,0.045799,3333.12,
architecture,phase1_reasoning,seed_full,seed_full,gemma-4-31b-it,openrouter/google/gemma-4-31b-it,max,PB-Advanced-005,IMO-medium,1,competition-hard,False,0,False,,,,3,0.087872,6623.97,
architecture,phase1_reasoning,seed_full,seed_full,gemma-4-31b-it,openrouter/google/gemma-4-31b-it,max,PB-Advanced-006,IMO-hard,1,competition-hard,False,1,False,,,,3,0.070127,5652.46,
architecture,phase1_reasoning,seed_full,seed_full,gemma-4-31b-it,openrouter/google/gemma-4-31b-it,max,PB-Advanced-007,IMO-easy,1,competition-hard,False,7,True,,,,3,0.03323,1562.12,
architecture,phase1_reasoning,seed_full,seed_full,gemma-4-31b-it,openrouter/google/gemma-4-31b-it,max,PB-Advanced-008,IMO-medium,1,competition-hard,False,0,False,,,,3,0.085663,5929.08,
architecture,phase1_reasoning,seed_full,seed_full,gemma-4-31b-it,openrouter/google/gemma-4-31b-it,max,PB-Advanced-009,IMO-hard,1,competition-hard,False,0,False,,,,3,0.074189,3878.66,
architecture,phase1_reasoning,seed_full,seed_full,gemma-4-31b-it,openrouter/google/gemma-4-31b-it,max,PB-Advanced-010,IMO-medium,1,competition-hard,False,0,False,,,,3,0.076604,4564.86,
architecture,phase1_reasoning,seed_full,seed_full,gemma-4-31b-it,openrouter/google/gemma-4-31b-it,max,PB-Advanced-011,IMO-medium,1,competition-hard,False,0,False,,,,3,0.064119,5515.41,
architecture,phase1_reasoning,seed_full,seed_full,gemma-4-31b-it,openrouter/google/gemma-4-31b-it,max,PB-Advanced-012,IMO-hard,1,competition-hard,False,1,False,,,,3,0.058938,4109.78,
architecture,phase1_reasoning,seed_full,seed_full,gemma-4-31b-it,openrouter/google/gemma-4-31b-it,max,PB-Advanced-013,IMO-easy,1,competition-hard,False,0,False,,,,3,0.070908,6995.47,
architecture,phase1_reasoning,seed_full,seed_full,gemma-4-31b-it,openrouter/google/gemma-4-31b-it,max,PB-Advanced-014,IMO-medium,1,competition-hard,False,7,True,,,,3,0.07326,4704.15,
architecture,phase1_reasoning,seed_full,seed_full,gemma-4-31b-it,openrouter/google/gemma-4-31b-it,max,PB-Advanced-015,IMO-hard,1,competition-hard,False,0,False,,,,3,0.08632,6109.83,
architecture,phase1_reasoning,seed_full,seed_full,gemma-4-31b-it,openrouter/google/gemma-4-31b-it,max,PB-Advanced-016,IMO-easy,1,competition-hard,False,0,False,,,,3,0.07895,6186.0,
architecture,phase1_reasoning,seed_full,seed_full,gemma-4-31b-it,openrouter/google/gemma-4-31b-it,max,PB-Advanced-017,IMO-easy,1,competition-hard,False,0,False,,,,3,0.041215,3536.67,
architecture,phase1_reasoning,seed_full,seed_full,gemma-4-31b-it,openrouter/google/gemma-4-31b-it,max,PB-Advanced-018,IMO-hard,1,competition-hard,False,0,False,,,,3,0.086843,4592.53,
architecture,phase1_reasoning,seed_full,seed_full,gemma-4-31b-it,openrouter/google/gemma-4-31b-it,max,PB-Advanced-019,IMO-easy,1,competition-hard,False,7,True,,,,3,0.03558,1603.68,
architecture,phase1_reasoning,seed_full,seed_full,gemma-4-31b-it,openrouter/google/gemma-4-31b-it,max,PB-Advanced-020,IMO-medium,1,competition-hard,False,1,False,,,,3,0.052994,4600.79,
architecture,phase1_reasoning,seed_full,seed_full,gemma-4-31b-it,openrouter/google/gemma-4-31b-it,max,PB-Advanced-021,IMO-hard,1,competition-hard,False,0,False,,,,3,0.0852,5465.64,
architecture,phase1_reasoning,seed_full,seed_full,gemma-4-31b-it,openrouter/google/gemma-4-31b-it,max,PB-Advanced-022,IMO-easy,1,competition-hard,False,0,False,,,,3,0.083277,4828.78,
architecture,phase1_reasoning,seed_full,seed_full,gemma-4-31b-it,openrouter/google/gemma-4-31b-it,max,PB-Advanced-023,IMO-medium,1,competition-hard,False,0,False,,,,3,0.053702,6850.03,
architecture,phase1_reasoning,seed_full,seed_full,gemma-4-31b-it,openrouter/google/gemma-4-31b-it,max,PB-Advanced-024,IMO-hard,1,competition-hard,False,0,False,,,,3,0.080969,6466.09,
architecture,phase1_reasoning,seed_full,seed_full,gemma-4-31b-it,openrouter/google/gemma-4-31b-it,max,PB-Advanced-025,IMO-easy,1,competition-hard,False,7,True,,,,3,0.041346,2640.81,
architecture,phase1_reasoning,seed_full,seed_full,gemma-4-31b-it,openrouter/google/gemma-4-31b-it,max,PB-Advanced-026,IMO-medium,1,competition-hard,False,0,False,,,,3,0.080565,4806.45,
architecture,phase1_reasoning,seed_full,seed_full,gemma-4-31b-it,openrouter/google/gemma-4-31b-it,max,PB-Advanced-027,IMO-hard,1,competition-hard,False,0,False,,,,3,0.055047,2764.19,
architecture,phase1_reasoning,seed_full,seed_full,gemma-4-31b-it,openrouter/google/gemma-4-31b-it,max,PB-Advanced-028,IMO-easy,1,competition-hard,False,7,True,,,,3,0.047449,2388.73,
architecture,phase1_reasoning,seed_full,seed_full,gemma-4-31b-it,openrouter/google/gemma-4-31b-it,max,PB-Advanced-029,IMO-medium,1,competition-hard,False,0,False,,,,3,0.085087,4624.69,
architecture,phase1_reasoning,seed_full,seed_full,gemma-4-31b-it,openrouter/google/gemma-4-31b-it,max,PB-Advanced-030,IMO-hard,1,competition-hard,False,0,False,,,,3,0.070572,4820.96,
architecture,phase1_reasoning,seed_full,seed_full,gemma-4-31b-it,openrouter/google/gemma-4-31b-it,max,PB-Basic-001,IMO-easy,1,competition-hard,False,7,True,,,,3,0.020324,1578.03,
architecture,phase1_reasoning,seed_full,seed_full,gemma-4-31b-it,openrouter/google/gemma-4-31b-it,max,PB-Basic-002,pre-IMO,0,pre-competition,False,7,True,,,,3,0.021495,2109.21,
architecture,phase1_reasoning,seed_full,seed_full,gemma-4-31b-it,openrouter/google/gemma-4-31b-it,max,PB-Basic-003,IMO-easy,1,competition-hard,False,7,True,,,,3,0.046806,3356.93,
architecture,phase1_reasoning,seed_full,seed_full,gemma-4-31b-it,openrouter/google/gemma-4-31b-it,max,PB-Basic-004,IMO-easy,1,competition-hard,False,7,True,,,,3,0.050006,1677.01,
architecture,phase1_reasoning,seed_full,seed_full,gemma-4-31b-it,openrouter/google/gemma-4-31b-it,max,PB-Basic-005,IMO-easy,1,competition-hard,False,7,True,,,,3,0.051351,4057.16,
architecture,phase1_reasoning,seed_full,seed_full,gemma-4-31b-it,openrouter/google/gemma-4-31b-it,max,PB-Basic-006,IMO-medium,1,competition-hard,False,7,True,,,,3,0.086232,4170.3,
architecture,phase1_reasoning,seed_full,seed_full,gemma-4-31b-it,openrouter/google/gemma-4-31b-it,max,PB-Basic-007,IMO-medium,1,competition-hard,False,0,False,,,,3,0.100239,5146.86,
architecture,phase1_reasoning,seed_full,seed_full,gemma-4-31b-it,openrouter/google/gemma-4-31b-it,max,PB-Basic-008,pre-IMO,0,pre-competition,False,7,True,,,,3,0.046577,3443.44,
architecture,phase1_reasoning,seed_full,seed_full,gemma-4-31b-it,openrouter/google/gemma-4-31b-it,max,PB-Basic-009,IMO-easy,1,competition-hard,False,0,False,,,,3,0.07386,7416.2,
architecture,phase1_reasoning,seed_full,seed_full,gemma-4-31b-it,openrouter/google/gemma-4-31b-it,max,PB-Basic-010,IMO-easy,1,competition-hard,False,7,True,,,,3,0.020573,2230.86,
architecture,phase1_reasoning,seed_full,seed_full,gemma-4-31b-it,openrouter/google/gemma-4-31b-it,max,PB-Basic-011,IMO-easy,1,competition-hard,False,7,True,,,,3,0.037795,2652.56,
architecture,phase1_reasoning,seed_full,seed_full,gemma-4-31b-it,openrouter/google/gemma-4-31b-it,max,PB-Basic-012,IMO-medium,1,competition-hard,False,7,True,,,,3,0.034491,3240.01,
architecture,phase1_reasoning,seed_full,seed_full,gemma-4-31b-it,openrouter/google/gemma-4-31b-it,max,PB-Basic-013,pre-IMO,0,pre-competition,False,7,True,,,,3,0.016555,1018.6,
architecture,phase1_reasoning,seed_full,seed_full,gemma-4-31b-it,openrouter/google/gemma-4-31b-it,max,PB-Basic-014,pre-IMO,0,pre-competition,False,7,True,,,,3,0.024816,1608.28,
architecture,phase1_reasoning,seed_full,seed_full,gemma-4-31b-it,openrouter/google/gemma-4-31b-it,max,PB-Basic-015,pre-IMO,0,pre-competition,False,7,True,,,,3,0.056665,4199.11,
architecture,phase1_reasoning,seed_full,seed_full,gemma-4-31b-it,openrouter/google/gemma-4-31b-it,max,PB-Basic-016,pre-IMO,0,pre-competition,False,7,True,,,,3,0.026207,2083.38,
architecture,phase1_reasoning,seed_full,seed_full,gemma-4-31b-it,openrouter/google/gemma-4-31b-it,max,PB-Basic-017,pre-IMO,0,pre-competition,False,7,True,,,,3,0.019294,1066.82,
architecture,phase1_reasoning,seed_full,seed_full,gemma-4-31b-it,openrouter/google/gemma-4-31b-it,max,PB-Basic-018,pre-IMO,0,pre-competition,False,7,True,,,,3,0.032027,1116.37,
architecture,phase1_reasoning,seed_full,seed_full,gemma-4-31b-it,openrouter/google/gemma-4-31b-it,max,PB-Basic-019,IMO-easy,1,competition-hard,False,7,True,,,,3,0.026055,2872.72,
architecture,phase1_reasoning,seed_full,seed_full,gemma-4-31b-it,openrouter/google/gemma-4-31b-it,max,PB-Basic-020,IMO-easy,1,competition-hard,False,7,True,,,,3,0.03116,2611.02,
architecture,phase1_reasoning,seed_full,seed_full,gemma-4-31b-it,openrouter/google/gemma-4-31b-it,max,PB-Basic-021,IMO-easy,1,competition-hard,False,7,True,,,,3,0.08078,5618.63,
architecture,phase1_reasoning,seed_full,seed_full,gemma-4-31b-it,openrouter/google/gemma-4-31b-it,max,PB-Basic-022,IMO-easy,1,competition-hard,False,6,True,,,,3,0.048265,4149.09,
architecture,phase1_reasoning,seed_full,seed_full,gemma-4-31b-it,openrouter/google/gemma-4-31b-it,max,PB-Basic-023,IMO-medium,1,competition-hard,False,0,False,,,,3,0.091594,5648.17,
architecture,phase1_reasoning,seed_full,seed_full,gemma-4-31b-it,openrouter/google/gemma-4-31b-it,max,PB-Basic-024,IMO-medium,1,competition-hard,False,7,True,,,,3,0.048912,2107.47,
architecture,phase1_reasoning,seed_full,seed_full,gemma-4-31b-it,openrouter/google/gemma-4-31b-it,max,PB-Basic-025,IMO-easy,1,competition-hard,False,7,True,,,,3,0.049053,3910.55,
architecture,phase1_reasoning,seed_full,seed_full,gemma-4-31b-it,openrouter/google/gemma-4-31b-it,max,PB-Basic-026,IMO-medium,1,competition-hard,False,0,False,,,,3,0.078063,5557.9,
architecture,phase1_reasoning,seed_full,seed_full,gemma-4-31b-it,openrouter/google/gemma-4-31b-it,max,PB-Basic-027,IMO-easy,1,competition-hard,False,7,True,,,,3,0.045268,2844.7,
architecture,phase1_reasoning,seed_full,seed_full,gemma-4-31b-it,openrouter/google/gemma-4-31b-it,max,PB-Basic-028,IMO-medium,1,competition-hard,False,0,False,,,,3,0.066912,4542.04,
architecture,phase1_reasoning,seed_full,seed_full,gemma-4-31b-it,openrouter/google/gemma-4-31b-it,max,PB-Basic-029,IMO-medium,1,competition-hard,False,0,False,,,,3,0.063527,4583.73,
architecture,phase1_reasoning,seed_full,seed_full,gemma-4-31b-it,openrouter/google/gemma-4-31b-it,max,PB-Basic-030,IMO-easy,1,competition-hard,False,0,False,,,,3,0.061244,4030.66,
architecture,phase1_reasoning,seed_full,seed_full,gemma-4-31b-it,openrouter/google/gemma-4-31b-it,max,erdos-1051,Minor Novelty,3,research-medium,True,0,False,,,,3,0.071462,5725.26,
architecture,phase1_reasoning,seed_full,seed_full,gemma-4-31b-it,openrouter/google/gemma-4-31b-it,max,erdos-333,Literature Identification,2,research-easy,True,6,True,,,,3,0.096389,6149.79,
architecture,phase1_reasoning,seed_full,seed_full,gemma-4-31b-it,openrouter/google/gemma-4-31b-it,max,erdos-397,Independent Rediscovery,1,competition-hard,True,0,False,,,,3,0.084643,3208.44,
architecture,phase1_reasoning,seed_full,seed_full,gemma-4-31b-it,openrouter/google/gemma-4-31b-it,max,erdos-654,Negligible Novelty,2,research-easy,True,7,True,,,,3,0.095735,6500.03,
architecture,phase1_reasoning,seed_full,seed_full,gemma-4-31b-it,openrouter/google/gemma-4-31b-it,max,erdos-659,Negligible Novelty,2,research-easy,True,0,False,,,,3,0.069316,3761.39,
architecture,phase1_reasoning,seed_full,seed_full,gemma-4-31b-it,openrouter/google/gemma-4-31b-it,max,first-proof-10-official,1,2,research-easy,True,7,True,,,,3,0.07184,5013.75,
architecture,phase1_reasoning,seed_full,seed_full,gemma-4-31b-it,openrouter/google/gemma-4-31b-it,max,first-proof-4-official,3,4,research-hard,True,0,False,,,,3,0.089318,6625.67,
architecture,phase1_reasoning,seed_full,seed_full,gemma-4-31b-it,openrouter/google/gemma-4-31b-it,max,first-proof-5-official,2,3,research-medium,True,0,False,,,,3,0.070281,3798.86,
architecture,phase1_reasoning,seed_full,seed_full,gemma-4-31b-it,openrouter/google/gemma-4-31b-it,max,first-proof-6-official,3,4,research-hard,True,0,False,,,,3,0.089452,4097.96,
architecture,phase1_reasoning,seed_full,seed_full,gemma-4-31b-it,openrouter/google/gemma-4-31b-it,max,ramsey-hypergraphs,Moderately Interesting,5,research-frontier,True,0,False,,,,3,0.110221,5354.27,
architecture,phase1_reasoning,seed_full,seed_full,gpt-oss-120b,openrouter/openai/gpt-oss-120b,max,PB-Advanced-001,IMO-easy,1,competition-hard,False,7,True,,,,3,0.040327,3360.81,
architecture,phase1_reasoning,seed_full,seed_full,gpt-oss-120b,openrouter/openai/gpt-oss-120b,max,PB-Advanced-002,IMO-medium,1,competition-hard,False,,,,,,0,0.002961,5112.94,"litellm.BadRequestError: OpenrouterException - {""error"":{""message"":""This endpoint's maximum context length is 131072 tokens. However, you requested about 131478 tokens (65942 of text input, 65536 in the output). Please reduce the length of either one, or use the context-compression plugin to compress your prompt automatically."",""code"":400,""metadata"":{""provider_name"":null}},""user_id"":""user_30sw5F332ckZvvtyWeO89Jbf7rG""}"
architecture,phase1_reasoning,seed_full,seed_full,gpt-oss-120b,openrouter/openai/gpt-oss-120b,max,PB-Advanced-003,IMO-hard,1,competition-hard,False,0,False,,,,3,0.106022,4325.86,
architecture,phase1_reasoning,seed_full,seed_full,gpt-oss-120b,openrouter/openai/gpt-oss-120b,max,PB-Advanced-004,IMO-easy,1,competition-hard,False,7,True,,,,3,0.081449,3080.25,
architecture,phase1_reasoning,seed_full,seed_full,gpt-oss-120b,openrouter/openai/gpt-oss-120b,max,PB-Advanced-005,IMO-medium,1,competition-hard,False,0,False,,,,3,0.14472,4402.77,
architecture,phase1_reasoning,seed_full,seed_full,gpt-oss-120b,openrouter/openai/gpt-oss-120b,max,PB-Advanced-006,IMO-hard,1,competition-hard,False,0,False,,,,3,0.114348,4682.86,
architecture,phase1_reasoning,seed_full,seed_full,gpt-oss-120b,openrouter/openai/gpt-oss-120b,max,PB-Advanced-007,IMO-easy,1,competition-hard,False,7,True,,,,3,0.032838,3914.81,
architecture,phase1_reasoning,seed_full,seed_full,gpt-oss-120b,openrouter/openai/gpt-oss-120b,max,PB-Advanced-008,IMO-medium,1,competition-hard,False,0,False,,,,3,0.084,4492.26,
architecture,phase1_reasoning,seed_full,seed_full,gpt-oss-120b,openrouter/openai/gpt-oss-120b,max,PB-Advanced-009,IMO-hard,1,competition-hard,False,0,False,,,,3,0.111335,4918.31,
architecture,phase1_reasoning,seed_full,seed_full,gpt-oss-120b,openrouter/openai/gpt-oss-120b,max,PB-Advanced-010,IMO-medium,1,competition-hard,False,0,False,,,,3,0.1491,3907.98,
architecture,phase1_reasoning,seed_full,seed_full,gpt-oss-120b,openrouter/openai/gpt-oss-120b,max,PB-Advanced-011,IMO-medium,1,competition-hard,False,0,False,,,,3,0.092904,4516.33,
architecture,phase1_reasoning,seed_full,seed_full,gpt-oss-120b,openrouter/openai/gpt-oss-120b,max,PB-Advanced-012,IMO-hard,1,competition-hard,False,0,False,,,,3,0.103105,10787.06,
architecture,phase1_reasoning,seed_full,seed_full,gpt-oss-120b,openrouter/openai/gpt-oss-120b,max,PB-Advanced-013,IMO-easy,1,competition-hard,False,0,False,,,,3,0.101892,3314.84,
architecture,phase1_reasoning,seed_full,seed_full,gpt-oss-120b,openrouter/openai/gpt-oss-120b,max,PB-Advanced-014,IMO-medium,1,competition-hard,False,0,False,,,,3,0.106084,3543.05,
architecture,phase1_reasoning,seed_full,seed_full,gpt-oss-120b,openrouter/openai/gpt-oss-120b,max,PB-Advanced-015,IMO-hard,1,competition-hard,False,0,False,,,,3,0.134336,5597.41,
architecture,phase1_reasoning,seed_full,seed_full,gpt-oss-120b,openrouter/openai/gpt-oss-120b,max,PB-Advanced-016,IMO-easy,1,competition-hard,False,0,False,,,,3,0.13777,2954.86,
architecture,phase1_reasoning,seed_full,seed_full,gpt-oss-120b,openrouter/openai/gpt-oss-120b,max,PB-Advanced-017,IMO-easy,1,competition-hard,False,7,True,,,,3,0.086299,3820.78,
architecture,phase1_reasoning,seed_full,seed_full,gpt-oss-120b,openrouter/openai/gpt-oss-120b,max,PB-Advanced-018,IMO-hard,1,competition-hard,False,,,,,,0,0.002967,3733.35,"litellm.APIError: APIError: OpenrouterException - Unable to get json response - Expecting value: line 2851 column 1 (char 15675), Original Response: 
         

         

         

         

         

         

         

         

         

         

         

         

         

         

         

         

         

         

         

         

         

         

         

         

         

         

         

         

         

         

         

         

         

         

         

         

         

         

         

         

         

         

         

         

         

         

         

         

         

         

         

         

         

         

         

         

         

         

         

         

         

         

         

         

         

         

         

         

         

         

         

         

         

         

         

         

         

         

         

         

         

         

         

         

         

         

         

         

         

         

         

         

         

         

         

         

         

         

         

         

         

         

         

         

         

         

         

         

         

         

         

         

         

         

         

         

         

         

         

         

         

         

         

         

         

         

         

         

         

         

         

         

         

         

         

         

         

         

         

         

         

         

         

         

         

         

         

         

         

         

         

         

         

         

         

         

         

         

         

         

         

         

         

         

         

         

         

         

         

         

         

         

         

         

         

         

         

         

         

         

         

         

         

         

         

         

         

         

         

         

         

         

         

         

         

         

         

         

         

         

         

         

         

         

         

         

         

         

         

         

         

         

         

         

         

         

         

         

         

         

         

         

         

         

         

         

         

         

         

         

         

         

         

         

         

         

         

         

         

         

         

         

         

         

         

         

         

         

         

         

         

         

         

         

         

         

         

         

         

         

         

         

         

         

         

         

         

         

         

         

         

         

         

         

         

         

         

         

         

         

         

         

         

         

         

         

         

         

         

         

         

         

         

         

         

         

         

         

         

         

         

         

         

         

         

         

         

         

         

         

         

         

         

         

         

         

         

         

         

         

         

         

         

         

         

         

         

         

         

         

         

         

         

         

         

         

         

         

         

         

         

         

         

         

         

         

         

         

         

         

         

         

         

         

         

         

         

         

         

         

         

         

         

         

         

         

         

         

         

         

         

         

         

         

         

         

         

         

         

         

         

         

         

         

         

         

         

         

         

         

         

         

         

         

         

         

         

         

         

         

         

         

         

         

         

         

         

         

         

         

         

         

         

         

         

         

         

         

         

         

         

         

         

         

         

         

         

         

         

         

         

         

         

         

         

         

         

         

         

         

         

         

         

         

         

         

         

         

         

         

         

         

         

         

         

         

         

         

         

         

         

         

         

         

         

         

         

         

         

         

         

         

         

         

         

         

         

         

         

         

         

         

         

         

         

         

         

         

         

         

         

         

         

         

         

         

         

         

         

         

         

         

         

         

         

         

         

         

         

         

         

         

         

         

         

         

         

         

         

         

         

         

         

         

         

         

         

         

         

         

         

         

         

         

         

         

         

         

         

         

         

         

         

         

         

         

         

         

         

         

         

         

         

         

         

         

         

         

         

         

         

         

         

         

         

         

         

         

         

         

         

         

         

         

         

         

         

         

         

         

         

         

         

         

         

         

         

         

         

         

         

         

         

         

         

         

         

         

         

         

         

         

         

         

         

         

         

         

         

         

         

         

         

         

         

         

         

         

         

         

         

         

         

         

         

         

         

         

         

         

         

         

         

         

         

         

         

         

         

         

         

         

         

         

         

         

         

         

         

         

         

         

         

         

         

         

         

         

         

         

         

         

         

         

         

         

         

         

         

         

         

         

         

         

         

         

         

         

         

         

         

         

         

         

         

         

         

         

         

         

         

         

         

         

         

         

         

         

         

         

         

         

         

         

         

         

         

         

         

         

         

         

         

         

         

         

         

         

         

         

         

         

         

         

         

         

         

         

         

         

         

         

         

         

         

         

         

         

         

         

         

         

         

         

         

         

         

         

         

         

         

         

         

         

         

         

         

         

         

         

         

         

         

         

         

         

         

         

         

         

         

         

         

         

         

         

         

         

         

         

         

         

         

         

         

         

         

         

         

         

         

         

         

         

         

         

         

         

         

         

         

         

         

         

         

         

         

         

         

         

         

         

         

         

         

         

         

         

         

         

         

         

         

         

         

         

         

         

         

         

         

         

         

         

         

         

         

         

         

         

         

         

         

         

         

         

         

         

         

         

         

         

         

         

         

         

         

         

         

         

         

         

         

         

         

         

         

         

         

         

         

         

         

         

         

         

         

         

         

         

         

         

         

         

         

         

         

         

         

         

         

         

         

         

         

         

         

         

         

         

         

         

         

         

         

         

         

         

         

         

         

         

         

         

         

         

         

         

         

         

         

         

         

         

         

         

         

         

         

         

         

         

         

         

         

         

         

         

         

         

         

         

         

         

         

         

         

         

         

         

         

         

         

         

         

         

         

         

         

         

         

         

         

         

         

         

         

         

         

         

         

         

         

         

         

         

         

         

         

         

         

         

         

         

         

         

         

         

         

         

         

         

         

         

         

         

         

         

         

         

         

         

         

         

         

         

         

         

         

         

         

         

         

         

         

         

         

         

         

         

         

         

         

         

         

         

         

         

         

         

         

         

         

         

         

         

         

         

         

         

         

         

         

         

         

         

         

         

         

         

         

         

         

         

         

         

         

         

         

         

         

         

         

         

         

         

         

         

         

         

         

         

         

         

         

         

         

         

         

         

         

         

         

         

         

         

         

         

         

         

         

         

         

         

         

         

         

         

         

         

         

         

         

         

         

         

         

         

         

         

         

         

         

         

         

         

         

         

         

         

         

         

         

         

         

         

         

         

         

         

         

         

         

         

         

         

         

         

         

         

         

         

         

         

         

         

         

         

         

         

         

         

         

         

         

         

         

         

         

         

         

         

         

         

         

         

         

         

         

         

         

         

         

         

         

         

         

         

         

         

         

         

         

         

         

         

         

         

         

         

         

         

         

         

         

         

         

         

         

         

         

         

         

         

         

         

         

         

         

         

         

         

         

         

         

         

         

         

         

         

         

         

         

         

         

         

         

         

         

         

         

         

         

         

         

         

         

         

         

         

         

         

         

         

         

         

         

         

         

         

         

         

         

         

         

         

         

         

         

         

         

         

         

         

         

         

         

         

         

         

         

         

         

         

         

         

         

         

         

         

         

         

         

         

         

         

         

         

         

         

         

         

         

         

         

         

         

         

         

         

         

         

         

         

         

         

         

         

         

         

         

         

         

         

         

         

         

         

         

         

         

         

         

         

         

         

         

         

         

         

         

         

         

         

         

         

         

         

         

         

         

         

         

         

         

         

         

         

         

         

         

         

         

         

         

         

         

         

         

         

         

         

         

         

         

         

         

         

         

         

         

         

         

         

         

         

         

         

         

         

         

         

         

         

         

         

         

         

         

         

         

         

         

         

         

         

         

         

         

         

         

         

         

         

         

         

         

         

         

         

         

         

         

         

         

         

         

         

         

         

         

         

         

         

         
"
architecture,phase1_reasoning,seed_full,seed_full,gpt-oss-120b,openrouter/openai/gpt-oss-120b,max,PB-Advanced-019,IMO-easy,1,competition-hard,False,7,True,,,,3,0.06058,3027.68,
architecture,phase1_reasoning,seed_full,seed_full,gpt-oss-120b,openrouter/openai/gpt-oss-120b,max,PB-Advanced-020,IMO-medium,1,competition-hard,False,0,False,,,,3,0.130232,3441.88,
architecture,phase1_reasoning,seed_full,seed_full,gpt-oss-120b,openrouter/openai/gpt-oss-120b,max,PB-Advanced-021,IMO-hard,1,competition-hard,False,0,False,,,,3,0.072778,2861.85,
architecture,phase1_reasoning,seed_full,seed_full,gpt-oss-120b,openrouter/openai/gpt-oss-120b,max,PB-Advanced-022,IMO-easy,1,competition-hard,False,0,False,,,,3,0.14908,6361.48,
architecture,phase1_reasoning,seed_full,seed_full,gpt-oss-120b,openrouter/openai/gpt-oss-120b,max,PB-Advanced-023,IMO-medium,1,competition-hard,False,0,False,,,,3,0.025924,1403.69,
architecture,phase1_reasoning,seed_full,seed_full,gpt-oss-120b,openrouter/openai/gpt-oss-120b,max,PB-Advanced-024,IMO-hard,1,competition-hard,False,0,False,,,,3,0.085335,6295.3,
architecture,phase1_reasoning,seed_full,seed_full,gpt-oss-120b,openrouter/openai/gpt-oss-120b,max,PB-Advanced-025,IMO-easy,1,competition-hard,False,7,True,,,,3,0.039841,2569.87,
architecture,phase1_reasoning,seed_full,seed_full,gpt-oss-120b,openrouter/openai/gpt-oss-120b,max,PB-Advanced-026,IMO-medium,1,competition-hard,False,0,False,,,,3,0.107371,3031.27,
architecture,phase1_reasoning,seed_full,seed_full,gpt-oss-120b,openrouter/openai/gpt-oss-120b,max,PB-Advanced-027,IMO-hard,1,competition-hard,False,0,False,,,,3,0.073182,4322.31,
architecture,phase1_reasoning,seed_full,seed_full,gpt-oss-120b,openrouter/openai/gpt-oss-120b,max,PB-Advanced-028,IMO-easy,1,competition-hard,False,7,True,,,,3,0.047009,2819.62,
architecture,phase1_reasoning,seed_full,seed_full,gpt-oss-120b,openrouter/openai/gpt-oss-120b,max,PB-Advanced-029,IMO-medium,1,competition-hard,False,1,False,,,,3,0.124449,4838.9,
architecture,phase1_reasoning,seed_full,seed_full,gpt-oss-120b,openrouter/openai/gpt-oss-120b,max,PB-Advanced-030,IMO-hard,1,competition-hard,False,0,False,,,,3,0.076432,2341.72,
architecture,phase1_reasoning,seed_full,seed_full,gpt-oss-120b,openrouter/openai/gpt-oss-120b,max,PB-Basic-001,IMO-easy,1,competition-hard,False,7,True,,,,3,0.011555,477.36,
architecture,phase1_reasoning,seed_full,seed_full,gpt-oss-120b,openrouter/openai/gpt-oss-120b,max,PB-Basic-002,pre-IMO,0,pre-competition,False,7,True,,,,3,0.028297,1625.56,
architecture,phase1_reasoning,seed_full,seed_full,gpt-oss-120b,openrouter/openai/gpt-oss-120b,max,PB-Basic-003,IMO-easy,1,competition-hard,False,7,True,,,,3,0.062925,2809.48,
architecture,phase1_reasoning,seed_full,seed_full,gpt-oss-120b,openrouter/openai/gpt-oss-120b,max,PB-Basic-004,IMO-easy,1,competition-hard,False,6,True,,,,3,0.067836,3155.88,
architecture,phase1_reasoning,seed_full,seed_full,gpt-oss-120b,openrouter/openai/gpt-oss-120b,max,PB-Basic-005,IMO-easy,1,competition-hard,False,7,True,,,,3,0.07099,2737.67,
architecture,phase1_reasoning,seed_full,seed_full,gpt-oss-120b,openrouter/openai/gpt-oss-120b,max,PB-Basic-006,IMO-medium,1,competition-hard,False,0,False,,,,3,0.065075,3923.88,
architecture,phase1_reasoning,seed_full,seed_full,gpt-oss-120b,openrouter/openai/gpt-oss-120b,max,PB-Basic-007,IMO-medium,1,competition-hard,False,0,False,,,,3,0.09129,5703.31,
architecture,phase1_reasoning,seed_full,seed_full,gpt-oss-120b,openrouter/openai/gpt-oss-120b,max,PB-Basic-008,pre-IMO,0,pre-competition,False,7,True,,,,3,0.051203,2503.6,
architecture,phase1_reasoning,seed_full,seed_full,gpt-oss-120b,openrouter/openai/gpt-oss-120b,max,PB-Basic-009,IMO-easy,1,competition-hard,False,0,False,,,,3,0.092817,4684.34,
architecture,phase1_reasoning,seed_full,seed_full,gpt-oss-120b,openrouter/openai/gpt-oss-120b,max,PB-Basic-010,IMO-easy,1,competition-hard,False,7,True,,,,3,0.028258,1840.62,
architecture,phase1_reasoning,seed_full,seed_full,gpt-oss-120b,openrouter/openai/gpt-oss-120b,max,PB-Basic-011,IMO-easy,1,competition-hard,False,7,True,,,,3,0.045575,2381.13,
architecture,phase1_reasoning,seed_full,seed_full,gpt-oss-120b,openrouter/openai/gpt-oss-120b,max,PB-Basic-012,IMO-medium,1,competition-hard,False,7,True,,,,3,0.048732,3378.22,
architecture,phase1_reasoning,seed_full,seed_full,gpt-oss-120b,openrouter/openai/gpt-oss-120b,max,PB-Basic-013,pre-IMO,0,pre-competition,False,7,True,,,,3,0.024313,1543.45,
architecture,phase1_reasoning,seed_full,seed_full,gpt-oss-120b,openrouter/openai/gpt-oss-120b,max,PB-Basic-014,pre-IMO,0,pre-competition,False,7,True,,,,3,0.029498,2499.33,
architecture,phase1_reasoning,seed_full,seed_full,gpt-oss-120b,openrouter/openai/gpt-oss-120b,max,PB-Basic-015,pre-IMO,0,pre-competition,False,7,True,,,,3,0.057718,3883.07,
architecture,phase1_reasoning,seed_full,seed_full,gpt-oss-120b,openrouter/openai/gpt-oss-120b,max,PB-Basic-016,pre-IMO,0,pre-competition,False,7,True,,,,3,0.027237,1862.12,
architecture,phase1_reasoning,seed_full,seed_full,gpt-oss-120b,openrouter/openai/gpt-oss-120b,max,PB-Basic-017,pre-IMO,0,pre-competition,False,7,True,,,,3,0.01389,1183.25,
architecture,phase1_reasoning,seed_full,seed_full,gpt-oss-120b,openrouter/openai/gpt-oss-120b,max,PB-Basic-018,pre-IMO,0,pre-competition,False,6,True,,,,3,0.057942,1782.02,
architecture,phase1_reasoning,seed_full,seed_full,gpt-oss-120b,openrouter/openai/gpt-oss-120b,max,PB-Basic-019,IMO-easy,1,competition-hard,False,7,True,,,,3,0.04868,2529.94,
architecture,phase1_reasoning,seed_full,seed_full,gpt-oss-120b,openrouter/openai/gpt-oss-120b,max,PB-Basic-020,IMO-easy,1,competition-hard,False,7,True,,,,3,0.0357,1842.57,
architecture,phase1_reasoning,seed_full,seed_full,gpt-oss-120b,openrouter/openai/gpt-oss-120b,max,PB-Basic-021,IMO-easy,1,competition-hard,False,0,False,,,,3,0.107321,4656.42,
architecture,phase1_reasoning,seed_full,seed_full,gpt-oss-120b,openrouter/openai/gpt-oss-120b,max,PB-Basic-022,IMO-easy,1,competition-hard,False,7,True,,,,3,0.068404,2806.03,
architecture,phase1_reasoning,seed_full,seed_full,gpt-oss-120b,openrouter/openai/gpt-oss-120b,max,PB-Basic-023,IMO-medium,1,competition-hard,False,0,False,,,,3,0.10586,3705.33,
architecture,phase1_reasoning,seed_full,seed_full,gpt-oss-120b,openrouter/openai/gpt-oss-120b,max,PB-Basic-024,IMO-medium,1,competition-hard,False,7,True,,,,3,0.039486,2092.03,
architecture,phase1_reasoning,seed_full,seed_full,gpt-oss-120b,openrouter/openai/gpt-oss-120b,max,PB-Basic-025,IMO-easy,1,competition-hard,False,7,True,,,,3,0.084495,3960.62,
architecture,phase1_reasoning,seed_full,seed_full,gpt-oss-120b,openrouter/openai/gpt-oss-120b,max,PB-Basic-026,IMO-medium,1,competition-hard,False,0,False,,,,3,0.088889,2627.14,
architecture,phase1_reasoning,seed_full,seed_full,gpt-oss-120b,openrouter/openai/gpt-oss-120b,max,PB-Basic-027,IMO-easy,1,competition-hard,False,7,True,,,,3,0.088191,2450.48,
architecture,phase1_reasoning,seed_full,seed_full,gpt-oss-120b,openrouter/openai/gpt-oss-120b,max,PB-Basic-028,IMO-medium,1,competition-hard,False,0,False,,,,3,0.103657,5389.68,
architecture,phase1_reasoning,seed_full,seed_full,gpt-oss-120b,openrouter/openai/gpt-oss-120b,max,PB-Basic-029,IMO-medium,1,competition-hard,False,0,False,,,,3,0.087165,2696.25,
architecture,phase1_reasoning,seed_full,seed_full,gpt-oss-120b,openrouter/openai/gpt-oss-120b,max,PB-Basic-030,IMO-easy,1,competition-hard,False,0,False,,,,3,0.087838,2584.35,
architecture,phase1_reasoning,seed_full,seed_full,gpt-oss-120b,openrouter/openai/gpt-oss-120b,max,erdos-1051,Minor Novelty,3,research-medium,True,0,False,,,,3,0.104369,2676.45,
architecture,phase1_reasoning,seed_full,seed_full,gpt-oss-120b,openrouter/openai/gpt-oss-120b,max,erdos-333,Literature Identification,2,research-easy,True,0,False,,,,3,0.08405,1814.65,
architecture,phase1_reasoning,seed_full,seed_full,gpt-oss-120b,openrouter/openai/gpt-oss-120b,max,erdos-397,Independent Rediscovery,1,competition-hard,True,0,False,,,,3,0.074671,2085.08,
architecture,phase1_reasoning,seed_full,seed_full,gpt-oss-120b,openrouter/openai/gpt-oss-120b,max,erdos-654,Negligible Novelty,2,research-easy,True,0,False,,,,3,0.043978,3678.89,
architecture,phase1_reasoning,seed_full,seed_full,gpt-oss-120b,openrouter/openai/gpt-oss-120b,max,erdos-659,Negligible Novelty,2,research-easy,True,0,False,,,,3,0.061253,1515.29,
architecture,phase1_reasoning,seed_full,seed_full,gpt-oss-120b,openrouter/openai/gpt-oss-120b,max,first-proof-10-official,1,2,research-easy,True,6,True,,,,3,0.065123,2247.98,
architecture,phase1_reasoning,seed_full,seed_full,gpt-oss-120b,openrouter/openai/gpt-oss-120b,max,first-proof-4-official,3,4,research-hard,True,0,False,,,,3,0.076082,5220.0,
architecture,phase1_reasoning,seed_full,seed_full,gpt-oss-120b,openrouter/openai/gpt-oss-120b,max,first-proof-5-official,2,3,research-medium,True,0,False,,,,3,0.067154,2942.51,
architecture,phase1_reasoning,seed_full,seed_full,gpt-oss-120b,openrouter/openai/gpt-oss-120b,max,first-proof-6-official,3,4,research-hard,True,0,False,,,,3,0.111745,3196.16,
architecture,phase1_reasoning,seed_full,seed_full,gpt-oss-120b,openrouter/openai/gpt-oss-120b,max,ramsey-hypergraphs,Moderately Interesting,5,research-frontier,True,,,,,,0,0.002941,3896.62,"litellm.BadRequestError: OpenrouterException - {""error"":{""message"":""This endpoint's maximum context length is 131072 tokens. However, you requested about 133876 tokens (68340 of text input, 65536 in the output). Please reduce the length of either one, or use the context-compression plugin to compress your prompt automatically."",""code"":400,""metadata"":{""provider_name"":null}},""user_id"":""user_30sw5F332ckZvvtyWeO89Jbf7rG""}"
architecture,gpt5_nano_pass3,generate,pass3_xhigh,gpt-5.4-nano,openrouter/openai/gpt-5.4-nano,max,PB-Advanced-001,IMO-easy,1,competition-hard,False,,,,,7,3,,,
architecture,gpt5_nano_pass3,generate,pass3_xhigh,gpt-5.4-nano,openrouter/openai/gpt-5.4-nano,max,PB-Advanced-002,IMO-medium,1,competition-hard,False,,,,,0,3,,,
architecture,gpt5_nano_pass3,generate,pass3_xhigh,gpt-5.4-nano,openrouter/openai/gpt-5.4-nano,max,PB-Advanced-003,IMO-hard,1,competition-hard,False,,,,,0,3,,,
architecture,gpt5_nano_pass3,generate,pass3_xhigh,gpt-5.4-nano,openrouter/openai/gpt-5.4-nano,max,PB-Advanced-004,IMO-easy,1,competition-hard,False,,,,,7,3,,,
architecture,gpt5_nano_pass3,generate,pass3_xhigh,gpt-5.4-nano,openrouter/openai/gpt-5.4-nano,max,PB-Advanced-005,IMO-medium,1,competition-hard,False,,,,,0,3,,,
architecture,gpt5_nano_pass3,generate,pass3_xhigh,gpt-5.4-nano,openrouter/openai/gpt-5.4-nano,max,PB-Advanced-006,IMO-hard,1,competition-hard,False,,,,,0,3,,,
architecture,gpt5_nano_pass3,generate,pass3_xhigh,gpt-5.4-nano,openrouter/openai/gpt-5.4-nano,max,PB-Advanced-007,IMO-easy,1,competition-hard,False,,,,,7,3,,,
architecture,gpt5_nano_pass3,generate,pass3_xhigh,gpt-5.4-nano,openrouter/openai/gpt-5.4-nano,max,PB-Advanced-008,IMO-medium,1,competition-hard,False,,,,,0,3,,,
architecture,gpt5_nano_pass3,generate,pass3_xhigh,gpt-5.4-nano,openrouter/openai/gpt-5.4-nano,max,PB-Advanced-009,IMO-hard,1,competition-hard,False,,,,,0,3,,,
architecture,gpt5_nano_pass3,generate,pass3_xhigh,gpt-5.4-nano,openrouter/openai/gpt-5.4-nano,max,PB-Advanced-010,IMO-medium,1,competition-hard,False,,,,,0,3,,,
architecture,gpt5_nano_pass3,generate,pass3_xhigh,gpt-5.4-nano,openrouter/openai/gpt-5.4-nano,max,PB-Advanced-011,IMO-medium,1,competition-hard,False,,,,,0,3,,,
architecture,gpt5_nano_pass3,generate,pass3_xhigh,gpt-5.4-nano,openrouter/openai/gpt-5.4-nano,max,PB-Advanced-012,IMO-hard,1,competition-hard,False,,,,,0,3,,,
architecture,gpt5_nano_pass3,generate,pass3_xhigh,gpt-5.4-nano,openrouter/openai/gpt-5.4-nano,max,PB-Advanced-013,IMO-easy,1,competition-hard,False,,,,,0,3,,,
architecture,gpt5_nano_pass3,generate,pass3_xhigh,gpt-5.4-nano,openrouter/openai/gpt-5.4-nano,max,PB-Advanced-014,IMO-medium,1,competition-hard,False,,,,,0,3,,,
architecture,gpt5_nano_pass3,generate,pass3_xhigh,gpt-5.4-nano,openrouter/openai/gpt-5.4-nano,max,PB-Advanced-015,IMO-hard,1,competition-hard,False,,,,,0,3,,,
architecture,gpt5_nano_pass3,generate,pass3_xhigh,gpt-5.4-nano,openrouter/openai/gpt-5.4-nano,max,PB-Advanced-016,IMO-easy,1,competition-hard,False,,,,,0,3,,,
architecture,gpt5_nano_pass3,generate,pass3_xhigh,gpt-5.4-nano,openrouter/openai/gpt-5.4-nano,max,PB-Advanced-017,IMO-easy,1,competition-hard,False,,,,,0,3,,,
architecture,gpt5_nano_pass3,generate,pass3_xhigh,gpt-5.4-nano,openrouter/openai/gpt-5.4-nano,max,PB-Advanced-018,IMO-hard,1,competition-hard,False,,,,,0,3,,,
architecture,gpt5_nano_pass3,generate,pass3_xhigh,gpt-5.4-nano,openrouter/openai/gpt-5.4-nano,max,PB-Advanced-019,IMO-easy,1,competition-hard,False,,,,,7,3,,,
architecture,gpt5_nano_pass3,generate,pass3_xhigh,gpt-5.4-nano,openrouter/openai/gpt-5.4-nano,max,PB-Advanced-020,IMO-medium,1,competition-hard,False,,,,,0,3,,,
architecture,gpt5_nano_pass3,generate,pass3_xhigh,gpt-5.4-nano,openrouter/openai/gpt-5.4-nano,max,PB-Advanced-021,IMO-hard,1,competition-hard,False,,,,,0,3,,,
architecture,gpt5_nano_pass3,generate,pass3_xhigh,gpt-5.4-nano,openrouter/openai/gpt-5.4-nano,max,PB-Advanced-022,IMO-easy,1,competition-hard,False,,,,,0,3,,,
architecture,gpt5_nano_pass3,generate,pass3_xhigh,gpt-5.4-nano,openrouter/openai/gpt-5.4-nano,max,PB-Advanced-023,IMO-medium,1,competition-hard,False,,,,,0,3,,,
architecture,gpt5_nano_pass3,generate,pass3_xhigh,gpt-5.4-nano,openrouter/openai/gpt-5.4-nano,max,PB-Advanced-024,IMO-hard,1,competition-hard,False,,,,,0,3,,,
architecture,gpt5_nano_pass3,generate,pass3_xhigh,gpt-5.4-nano,openrouter/openai/gpt-5.4-nano,max,PB-Advanced-025,IMO-easy,1,competition-hard,False,,,,,7,3,,,
architecture,gpt5_nano_pass3,generate,pass3_xhigh,gpt-5.4-nano,openrouter/openai/gpt-5.4-nano,max,PB-Advanced-026,IMO-medium,1,competition-hard,False,,,,,0,3,,,
architecture,gpt5_nano_pass3,generate,pass3_xhigh,gpt-5.4-nano,openrouter/openai/gpt-5.4-nano,max,PB-Advanced-027,IMO-hard,1,competition-hard,False,,,,,0,3,,,
architecture,gpt5_nano_pass3,generate,pass3_xhigh,gpt-5.4-nano,openrouter/openai/gpt-5.4-nano,max,PB-Advanced-028,IMO-easy,1,competition-hard,False,,,,,7,3,,,
architecture,gpt5_nano_pass3,generate,pass3_xhigh,gpt-5.4-nano,openrouter/openai/gpt-5.4-nano,max,PB-Advanced-029,IMO-medium,1,competition-hard,False,,,,,0,3,,,
architecture,gpt5_nano_pass3,generate,pass3_xhigh,gpt-5.4-nano,openrouter/openai/gpt-5.4-nano,max,PB-Advanced-030,IMO-hard,1,competition-hard,False,,,,,1,3,,,
architecture,gpt5_nano_pass3,generate,pass3_xhigh,gpt-5.4-nano,openrouter/openai/gpt-5.4-nano,max,PB-Basic-001,IMO-easy,1,competition-hard,False,,,,,7,3,,,
architecture,gpt5_nano_pass3,generate,pass3_xhigh,gpt-5.4-nano,openrouter/openai/gpt-5.4-nano,max,PB-Basic-002,pre-IMO,0,pre-competition,False,,,,,7,3,,,
architecture,gpt5_nano_pass3,generate,pass3_xhigh,gpt-5.4-nano,openrouter/openai/gpt-5.4-nano,max,PB-Basic-003,IMO-easy,1,competition-hard,False,,,,,7,3,,,
architecture,gpt5_nano_pass3,generate,pass3_xhigh,gpt-5.4-nano,openrouter/openai/gpt-5.4-nano,max,PB-Basic-004,IMO-easy,1,competition-hard,False,,,,,7,3,,,
architecture,gpt5_nano_pass3,generate,pass3_xhigh,gpt-5.4-nano,openrouter/openai/gpt-5.4-nano,max,PB-Basic-005,IMO-easy,1,competition-hard,False,,,,,6,3,,,
architecture,gpt5_nano_pass3,generate,pass3_xhigh,gpt-5.4-nano,openrouter/openai/gpt-5.4-nano,max,PB-Basic-006,IMO-medium,1,competition-hard,False,,,,,0,3,,,
architecture,gpt5_nano_pass3,generate,pass3_xhigh,gpt-5.4-nano,openrouter/openai/gpt-5.4-nano,max,PB-Basic-007,IMO-medium,1,competition-hard,False,,,,,0,3,,,
architecture,gpt5_nano_pass3,generate,pass3_xhigh,gpt-5.4-nano,openrouter/openai/gpt-5.4-nano,max,PB-Basic-008,pre-IMO,0,pre-competition,False,,,,,7,3,,,
architecture,gpt5_nano_pass3,generate,pass3_xhigh,gpt-5.4-nano,openrouter/openai/gpt-5.4-nano,max,PB-Basic-009,IMO-easy,1,competition-hard,False,,,,,7,3,,,
architecture,gpt5_nano_pass3,generate,pass3_xhigh,gpt-5.4-nano,openrouter/openai/gpt-5.4-nano,max,PB-Basic-010,IMO-easy,1,competition-hard,False,,,,,7,3,,,
architecture,gpt5_nano_pass3,generate,pass3_xhigh,gpt-5.4-nano,openrouter/openai/gpt-5.4-nano,max,PB-Basic-011,IMO-easy,1,competition-hard,False,,,,,0,3,,,
architecture,gpt5_nano_pass3,generate,pass3_xhigh,gpt-5.4-nano,openrouter/openai/gpt-5.4-nano,max,PB-Basic-012,IMO-medium,1,competition-hard,False,,,,,7,3,,,
architecture,gpt5_nano_pass3,generate,pass3_xhigh,gpt-5.4-nano,openrouter/openai/gpt-5.4-nano,max,PB-Basic-013,pre-IMO,0,pre-competition,False,,,,,7,3,,,
architecture,gpt5_nano_pass3,generate,pass3_xhigh,gpt-5.4-nano,openrouter/openai/gpt-5.4-nano,max,PB-Basic-014,pre-IMO,0,pre-competition,False,,,,,6,3,,,
architecture,gpt5_nano_pass3,generate,pass3_xhigh,gpt-5.4-nano,openrouter/openai/gpt-5.4-nano,max,PB-Basic-015,pre-IMO,0,pre-competition,False,,,,,7,3,,,
architecture,gpt5_nano_pass3,generate,pass3_xhigh,gpt-5.4-nano,openrouter/openai/gpt-5.4-nano,max,PB-Basic-016,pre-IMO,0,pre-competition,False,,,,,7,3,,,
architecture,gpt5_nano_pass3,generate,pass3_xhigh,gpt-5.4-nano,openrouter/openai/gpt-5.4-nano,max,PB-Basic-017,pre-IMO,0,pre-competition,False,,,,,7,3,,,
architecture,gpt5_nano_pass3,generate,pass3_xhigh,gpt-5.4-nano,openrouter/openai/gpt-5.4-nano,max,PB-Basic-018,pre-IMO,0,pre-competition,False,,,,,7,3,,,
architecture,gpt5_nano_pass3,generate,pass3_xhigh,gpt-5.4-nano,openrouter/openai/gpt-5.4-nano,max,PB-Basic-019,IMO-easy,1,competition-hard,False,,,,,7,3,,,
architecture,gpt5_nano_pass3,generate,pass3_xhigh,gpt-5.4-nano,openrouter/openai/gpt-5.4-nano,max,PB-Basic-020,IMO-easy,1,competition-hard,False,,,,,7,3,,,
architecture,gpt5_nano_pass3,generate,pass3_xhigh,gpt-5.4-nano,openrouter/openai/gpt-5.4-nano,max,PB-Basic-021,IMO-easy,1,competition-hard,False,,,,,0,3,,,
architecture,gpt5_nano_pass3,generate,pass3_xhigh,gpt-5.4-nano,openrouter/openai/gpt-5.4-nano,max,PB-Basic-022,IMO-easy,1,competition-hard,False,,,,,7,3,,,
architecture,gpt5_nano_pass3,generate,pass3_xhigh,gpt-5.4-nano,openrouter/openai/gpt-5.4-nano,max,PB-Basic-023,IMO-medium,1,competition-hard,False,,,,,0,3,,,
architecture,gpt5_nano_pass3,generate,pass3_xhigh,gpt-5.4-nano,openrouter/openai/gpt-5.4-nano,max,PB-Basic-024,IMO-medium,1,competition-hard,False,,,,,7,3,,,
architecture,gpt5_nano_pass3,generate,pass3_xhigh,gpt-5.4-nano,openrouter/openai/gpt-5.4-nano,max,PB-Basic-025,IMO-easy,1,competition-hard,False,,,,,7,3,,,
architecture,gpt5_nano_pass3,generate,pass3_xhigh,gpt-5.4-nano,openrouter/openai/gpt-5.4-nano,max,PB-Basic-026,IMO-medium,1,competition-hard,False,,,,,0,3,,,
architecture,gpt5_nano_pass3,generate,pass3_xhigh,gpt-5.4-nano,openrouter/openai/gpt-5.4-nano,max,PB-Basic-027,IMO-easy,1,competition-hard,False,,,,,0,3,,,
architecture,gpt5_nano_pass3,generate,pass3_xhigh,gpt-5.4-nano,openrouter/openai/gpt-5.4-nano,max,PB-Basic-028,IMO-medium,1,competition-hard,False,,,,,,3,,,
architecture,gpt5_nano_pass3,generate,pass3_xhigh,gpt-5.4-nano,openrouter/openai/gpt-5.4-nano,max,PB-Basic-029,IMO-medium,1,competition-hard,False,,,,,0,3,,,
architecture,gpt5_nano_pass3,generate,pass3_xhigh,gpt-5.4-nano,openrouter/openai/gpt-5.4-nano,max,PB-Basic-030,IMO-easy,1,competition-hard,False,,,,,0,3,,,
architecture,gpt5_nano_pass3,generate,pass3_xhigh,gpt-5.4-nano,openrouter/openai/gpt-5.4-nano,max,erdos-1051,Minor Novelty,3,research-medium,True,,,,,0,3,,,
architecture,gpt5_nano_pass3,generate,pass3_xhigh,gpt-5.4-nano,openrouter/openai/gpt-5.4-nano,max,erdos-333,Literature Identification,2,research-easy,True,,,,,0,3,,,
architecture,gpt5_nano_pass3,generate,pass3_xhigh,gpt-5.4-nano,openrouter/openai/gpt-5.4-nano,max,erdos-397,Independent Rediscovery,1,competition-hard,True,,,,,0,3,,,
architecture,gpt5_nano_pass3,generate,pass3_xhigh,gpt-5.4-nano,openrouter/openai/gpt-5.4-nano,max,erdos-654,Negligible Novelty,2,research-easy,True,,,,,0,3,,,
architecture,gpt5_nano_pass3,generate,pass3_xhigh,gpt-5.4-nano,openrouter/openai/gpt-5.4-nano,max,erdos-659,Negligible Novelty,2,research-easy,True,,,,,0,3,,,
architecture,gpt5_nano_pass3,generate,pass3_xhigh,gpt-5.4-nano,openrouter/openai/gpt-5.4-nano,max,first-proof-10-official,1,2,research-easy,True,,,,,7,3,,,
architecture,gpt5_nano_pass3,generate,pass3_xhigh,gpt-5.4-nano,openrouter/openai/gpt-5.4-nano,max,first-proof-4-official,3,4,research-hard,True,,,,,0,3,,,
architecture,gpt5_nano_pass3,generate,pass3_xhigh,gpt-5.4-nano,openrouter/openai/gpt-5.4-nano,max,first-proof-5-official,2,3,research-medium,True,,,,,0,3,,,
architecture,gpt5_nano_pass3,generate,pass3_xhigh,gpt-5.4-nano,openrouter/openai/gpt-5.4-nano,max,first-proof-6-official,3,4,research-hard,True,,,,,0,3,,,
architecture,gpt5_nano_pass3,generate,pass3_xhigh,gpt-5.4-nano,openrouter/openai/gpt-5.4-nano,max,ramsey-hypergraphs,Moderately Interesting,5,research-frontier,True,,,,,0,3,,,
