/Users/benjamingrayzel/sandbox/agentic-math-solver/agentic-math-solver/experiments/full_pipeline_imo_medium_pass1_20260327.py:243: DeprecationWarning: datetime.datetime.utcnow() is deprecated and scheduled for removal in a future version. Use timezone-aware objects to represent datetimes in UTC: datetime.datetime.now(datetime.UTC).
  ts       = datetime.utcnow().strftime("%Y%m%d_%H%M%S")
Problems (18):
  PB-Advanced-002  [IMO-medium]  (PB-Advanced)
  PB-Advanced-005  [IMO-medium]  (PB-Advanced)
  PB-Advanced-008  [IMO-medium]  (PB-Advanced)
  PB-Advanced-010  [IMO-medium]  (PB-Advanced)
  PB-Advanced-011  [IMO-medium]  (PB-Advanced)
  PB-Advanced-014  [IMO-medium]  (PB-Advanced)
  PB-Advanced-020  [IMO-medium]  (PB-Advanced)
  PB-Advanced-023  [IMO-medium]  (PB-Advanced)
  PB-Advanced-026  [IMO-medium]  (PB-Advanced)
  PB-Advanced-029  [IMO-medium]  (PB-Advanced)
  PB-Basic-006  [IMO-medium]  (PB-Basic)
  PB-Basic-007  [IMO-medium]  (PB-Basic)
  PB-Basic-012  [IMO-medium]  (PB-Basic)
  PB-Basic-023  [IMO-medium]  (PB-Basic)
  PB-Basic-024  [IMO-medium]  (PB-Basic)
  PB-Basic-026  [IMO-medium]  (PB-Basic)
  PB-Basic-028  [IMO-medium]  (PB-Basic)
  PB-Basic-029  [IMO-medium]  (PB-Basic)
Models:     ['nemotron-3-super-120b-a12b', 'deepseek-v3.2']
Seed:       [42]  (pass@1, threshold >= 6/7)
Iterations: 3 max verify/revise rounds
Total trials: 18 x 2 x 1 = 36

Submitting 36 trials (max_workers=16)

/Users/benjamingrayzel/sandbox/agentic-math-solver/agentic-math-solver/experiments/full_pipeline_imo_medium_pass1_20260327.py:69: DeprecationWarning: datetime.datetime.utcnow() is deprecated and scheduled for removal in a future version. Use timezone-aware objects to represent datetimes in UTC: datetime.datetime.now(datetime.UTC).
  return datetime.utcnow().strftime("%H:%M:%S")
[02:09:52] [PB-Advanced-005|nemotron-3-super-120b-a12b|seed=42] generate
[02:09:52] [PB-Advanced-002|nemotron-3-super-120b-a12b|seed=42] generate
[02:09:52] [PB-Advanced-010|nemotron-3-super-120b-a12b|seed=42] generate
[02:09:52] [PB-Advanced-005|deepseek-v3.2|seed=42] generate
[02:09:52] [PB-Advanced-010|deepseek-v3.2|seed=42] generate
[02:09:52] [PB-Advanced-011|deepseek-v3.2|seed=42] generate
[02:09:52] [PB-Advanced-008|nemotron-3-super-120b-a12b|seed=42] generate
[02:09:52] [PB-Advanced-011|nemotron-3-super-120b-a12b|seed=42] generate
[02:09:52] [PB-Advanced-014|nemotron-3-super-120b-a12b|seed=42] generate
[02:09:52] [PB-Advanced-020|deepseek-v3.2|seed=42] generate
[02:09:52] [PB-Advanced-002|deepseek-v3.2|seed=42] generate
[02:09:52] [PB-Advanced-023|deepseek-v3.2|seed=42] generate
[02:09:52] [PB-Advanced-008|deepseek-v3.2|seed=42] generate
[02:09:52] [PB-Advanced-014|deepseek-v3.2|seed=42] generate
[02:09:52] [PB-Advanced-020|nemotron-3-super-120b-a12b|seed=42] generate
[02:09:52] [PB-Advanced-023|nemotron-3-super-120b-a12b|seed=42] generate

[1;31mProvider List: https://docs.litellm.ai/docs/providers[0m


[1;31mProvider List: https://docs.litellm.ai/docs/providers[0m


[1;31mProvider List: https://docs.litellm.ai/docs/providers[0m


[1;31mProvider List: https://docs.litellm.ai/docs/providers[0m


[1;31mProvider List: https://docs.litellm.ai/docs/providers[0m


[1;31mProvider List: https://docs.litellm.ai/docs/providers[0m


[1;31mProvider List: https://docs.litellm.ai/docs/providers[0m


[1;31mProvider List: https://docs.litellm.ai/docs/providers[0m


[1;31mProvider List: https://docs.litellm.ai/docs/providers[0m


[1;31mProvider List: https://docs.litellm.ai/docs/providers[0m


[1;31mProvider List: https://docs.litellm.ai/docs/providers[0m


[1;31mProvider List: https://docs.litellm.ai/docs/providers[0m


[1;31mProvider List: https://docs.litellm.ai/docs/providers[0m


[1;31mProvider List: https://docs.litellm.ai/docs/providers[0m


[1;31mProvider List: https://docs.litellm.ai/docs/providers[0m


[1;31mProvider List: https://docs.litellm.ai/docs/providers[0m

[02:09:52] [PB-Advanced-010|deepseek-v3.2|seed=42] generate done (15682 chars, 60.2s)
[02:09:52] [PB-Advanced-010|deepseek-v3.2|seed=42] verify iter=1
[02:09:52] [PB-Advanced-010|deepseek-v3.2|seed=42] revise iter=1
[02:09:52] [PB-Advanced-020|deepseek-v3.2|seed=42] generate done (10566 chars, 135.7s)
[02:09:52] [PB-Advanced-020|deepseek-v3.2|seed=42] verify iter=1
[02:09:52] [PB-Advanced-011|deepseek-v3.2|seed=42] generate done (13650 chars, 145.4s)
[02:09:52] [PB-Advanced-011|deepseek-v3.2|seed=42] verify iter=1
[02:09:52] [PB-Advanced-005|deepseek-v3.2|seed=42] generate done (19554 chars, 152.9s)
[02:09:52] [PB-Advanced-005|deepseek-v3.2|seed=42] verify iter=1
[02:09:52] [PB-Advanced-008|deepseek-v3.2|seed=42] generate done (14129 chars, 160.8s)
[02:09:52] [PB-Advanced-008|deepseek-v3.2|seed=42] verify iter=1
[02:09:52] [PB-Advanced-020|deepseek-v3.2|seed=42] revise iter=1
[02:09:52] [PB-Advanced-011|deepseek-v3.2|seed=42] revise iter=1
[02:09:52] [PB-Advanced-008|deepseek-v3.2|seed=42] revise iter=1
[02:09:52] [PB-Advanced-010|deepseek-v3.2|seed=42] revised (14590 chars, 257.2s elapsed)
[02:09:52] [PB-Advanced-010|deepseek-v3.2|seed=42] verify iter=2
[02:09:52] [PB-Advanced-011|deepseek-v3.2|seed=42] revised (9900 chars, 300.1s elapsed)
[02:09:52] [PB-Advanced-011|deepseek-v3.2|seed=42] verify iter=2
[02:09:52] [PB-Advanced-014|deepseek-v3.2|seed=42] generate done (24618 chars, 302.8s)
[02:09:52] [PB-Advanced-014|deepseek-v3.2|seed=42] verify iter=1
[02:09:52] [PB-Advanced-020|deepseek-v3.2|seed=42] revised (20348 chars, 332.7s elapsed)
[02:09:52] [PB-Advanced-020|deepseek-v3.2|seed=42] verify iter=2
[02:09:52] [PB-Advanced-010|deepseek-v3.2|seed=42] revise iter=2
[02:09:52] [PB-Advanced-014|deepseek-v3.2|seed=42] revise iter=1
[02:09:52] [PB-Advanced-011|deepseek-v3.2|seed=42] revise iter=2
[02:09:52] [PB-Advanced-005|deepseek-v3.2|seed=42] revise iter=1
[02:09:52] [PB-Advanced-020|deepseek-v3.2|seed=42] revise iter=2
[02:09:52] [PB-Advanced-008|deepseek-v3.2|seed=42] revised (6909 chars, 422.4s elapsed)
[02:09:52] [PB-Advanced-008|deepseek-v3.2|seed=42] verify iter=2
[02:09:52] [PB-Advanced-005|deepseek-v3.2|seed=42] revised (4411 chars, 452.5s elapsed)
[02:09:52] [PB-Advanced-005|deepseek-v3.2|seed=42] verify iter=2
[02:09:52] [PB-Advanced-020|deepseek-v3.2|seed=42] revised (7639 chars, 488.9s elapsed)
[02:09:52] [PB-Advanced-020|deepseek-v3.2|seed=42] verify iter=3
[02:09:52] [PB-Advanced-005|deepseek-v3.2|seed=42] revise iter=2
[02:09:52] [PB-Advanced-010|deepseek-v3.2|seed=42] revised (15817 chars, 498.7s elapsed)
[02:09:52] [PB-Advanced-010|deepseek-v3.2|seed=42] verify iter=3
[02:09:52] [PB-Advanced-008|deepseek-v3.2|seed=42] revise iter=2
[02:09:52] [PB-Advanced-010|deepseek-v3.2|seed=42] revise iter=3

[1;31mProvider List: https://docs.litellm.ai/docs/providers[0m

[02:09:52] [PB-Advanced-020|nemotron-3-super-120b-a12b|seed=42] generate done (70696 chars, 513.6s)
[02:09:52] [PB-Advanced-020|nemotron-3-super-120b-a12b|seed=42] verify iter=1

[1;31mProvider List: https://docs.litellm.ai/docs/providers[0m


[1;31mProvider List: https://docs.litellm.ai/docs/providers[0m


[1;31mProvider List: https://docs.litellm.ai/docs/providers[0m

[02:09:52] [PB-Advanced-010|nemotron-3-super-120b-a12b|seed=42] generate done (87904 chars, 534.0s)
[02:09:52] [PB-Advanced-010|nemotron-3-super-120b-a12b|seed=42] verify iter=1

[1;31mProvider List: https://docs.litellm.ai/docs/providers[0m


[1;31mProvider List: https://docs.litellm.ai/docs/providers[0m

[02:09:52] [PB-Advanced-020|deepseek-v3.2|seed=42] revise iter=3

[1;31mProvider List: https://docs.litellm.ai/docs/providers[0m

[02:09:52] [PB-Advanced-005|nemotron-3-super-120b-a12b|seed=42] generate done (92368 chars, 535.4s)
[02:09:52] [PB-Advanced-005|nemotron-3-super-120b-a12b|seed=42] verify iter=1

[1;31mProvider List: https://docs.litellm.ai/docs/providers[0m


[1;31mProvider List: https://docs.litellm.ai/docs/providers[0m


[1;31mProvider List: https://docs.litellm.ai/docs/providers[0m

[02:09:52] [PB-Advanced-011|nemotron-3-super-120b-a12b|seed=42] generate done (94423 chars, 539.3s)
[02:09:52] [PB-Advanced-011|nemotron-3-super-120b-a12b|seed=42] verify iter=1

[1;31mProvider List: https://docs.litellm.ai/docs/providers[0m


[1;31mProvider List: https://docs.litellm.ai/docs/providers[0m


[1;31mProvider List: https://docs.litellm.ai/docs/providers[0m

[02:09:52] [PB-Advanced-008|nemotron-3-super-120b-a12b|seed=42] generate done (92682 chars, 540.8s)
[02:09:52] [PB-Advanced-008|nemotron-3-super-120b-a12b|seed=42] verify iter=1

[1;31mProvider List: https://docs.litellm.ai/docs/providers[0m


[1;31mProvider List: https://docs.litellm.ai/docs/providers[0m


[1;31mProvider List: https://docs.litellm.ai/docs/providers[0m

[02:09:52] [PB-Advanced-011|nemotron-3-super-120b-a12b|seed=42] revise iter=1

[1;31mProvider List: https://docs.litellm.ai/docs/providers[0m


[1;31mProvider List: https://docs.litellm.ai/docs/providers[0m


[1;31mProvider List: https://docs.litellm.ai/docs/providers[0m

[02:09:52] [PB-Advanced-014|nemotron-3-super-120b-a12b|seed=42] generate done (100671 chars, 544.1s)
[02:09:52] [PB-Advanced-014|nemotron-3-super-120b-a12b|seed=42] verify iter=1

[1;31mProvider List: https://docs.litellm.ai/docs/providers[0m


[1;31mProvider List: https://docs.litellm.ai/docs/providers[0m


[1;31mProvider List: https://docs.litellm.ai/docs/providers[0m

[02:09:52] [PB-Advanced-002|nemotron-3-super-120b-a12b|seed=42] generate done (126654 chars, 550.4s)
[02:09:52] [PB-Advanced-002|nemotron-3-super-120b-a12b|seed=42] verify iter=1

[1;31mProvider List: https://docs.litellm.ai/docs/providers[0m


[1;31mProvider List: https://docs.litellm.ai/docs/providers[0m


[1;31mProvider List: https://docs.litellm.ai/docs/providers[0m

[02:09:52] [PB-Advanced-023|nemotron-3-super-120b-a12b|seed=42] generate done (133426 chars, 554.1s)
[02:09:52] [PB-Advanced-023|nemotron-3-super-120b-a12b|seed=42] verify iter=1

[1;31mProvider List: https://docs.litellm.ai/docs/providers[0m


[1;31mProvider List: https://docs.litellm.ai/docs/providers[0m


[1;31mProvider List: https://docs.litellm.ai/docs/providers[0m

[02:09:52] [PB-Advanced-023|nemotron-3-super-120b-a12b|seed=42] revise iter=1

[1;31mProvider List: https://docs.litellm.ai/docs/providers[0m


[1;31mProvider List: https://docs.litellm.ai/docs/providers[0m


[1;31mProvider List: https://docs.litellm.ai/docs/providers[0m

[02:09:52] [PB-Advanced-008|nemotron-3-super-120b-a12b|seed=42] revise iter=1

[1;31mProvider List: https://docs.litellm.ai/docs/providers[0m


[1;31mProvider List: https://docs.litellm.ai/docs/providers[0m


[1;31mProvider List: https://docs.litellm.ai/docs/providers[0m

[02:09:52] [PB-Advanced-008|nemotron-3-super-120b-a12b|seed=42] revised (9818 chars, 604.9s elapsed)
[02:09:52] [PB-Advanced-008|nemotron-3-super-120b-a12b|seed=42] verify iter=2

[1;31mProvider List: https://docs.litellm.ai/docs/providers[0m


[1;31mProvider List: https://docs.litellm.ai/docs/providers[0m

[02:09:52] [PB-Advanced-023|deepseek-v3.2|seed=42] generate done (11214 chars, 619.6s)
[02:09:52] [PB-Advanced-023|deepseek-v3.2|seed=42] verify iter=1

[1;31mProvider List: https://docs.litellm.ai/docs/providers[0m

[02:09:52] [PB-Advanced-023|nemotron-3-super-120b-a12b|seed=42] revised (6782 chars, 620.7s elapsed)
[02:09:52] [PB-Advanced-023|nemotron-3-super-120b-a12b|seed=42] verify iter=2

[1;31mProvider List: https://docs.litellm.ai/docs/providers[0m


[1;31mProvider List: https://docs.litellm.ai/docs/providers[0m

[02:09:52] [PB-Advanced-010|deepseek-v3.2|seed=42] revised (12389 chars, 648.1s elapsed)
[02:09:52] [PB-Advanced-010|deepseek-v3.2|seed=42] judge (with ground truth)

[1;31mProvider List: https://docs.litellm.ai/docs/providers[0m

[02:09:52] [PB-Advanced-010|deepseek-v3.2|seed=42] → score=0/7 pass=False iters=3 stopped_early=False total=654.3s
/Users/benjamingrayzel/sandbox/agentic-math-solver/agentic-math-solver/experiments/full_pipeline_imo_medium_pass1_20260327.py:69: DeprecationWarning: datetime.datetime.utcnow() is deprecated and scheduled for removal in a future version. Use timezone-aware objects to represent datetimes in UTC: datetime.datetime.now(datetime.UTC).
  return datetime.utcnow().strftime("%H:%M:%S")
[02:20:46] Progress: 1/36
[02:20:46] [PB-Advanced-026|nemotron-3-super-120b-a12b|seed=42] generate

[1;31mProvider List: https://docs.litellm.ai/docs/providers[0m


[1;31mProvider List: https://docs.litellm.ai/docs/providers[0m

[02:09:52] [PB-Advanced-023|deepseek-v3.2|seed=42] revise iter=1

[1;31mProvider List: https://docs.litellm.ai/docs/providers[0m

[02:09:52] [PB-Advanced-023|nemotron-3-super-120b-a12b|seed=42] verifier satisfied at iter=2, stopping early
[02:09:52] [PB-Advanced-023|nemotron-3-super-120b-a12b|seed=42] judge (with ground truth)

[1;31mProvider List: https://docs.litellm.ai/docs/providers[0m

[02:09:52] [PB-Advanced-023|nemotron-3-super-120b-a12b|seed=42] → score=0/7 pass=False iters=2 stopped_early=True total=670.78s
[02:21:03] Progress: 2/36
[02:21:03] [PB-Advanced-026|deepseek-v3.2|seed=42] generate

[1;31mProvider List: https://docs.litellm.ai/docs/providers[0m

[02:09:52] [PB-Advanced-008|nemotron-3-super-120b-a12b|seed=42] revise iter=2

[1;31mProvider List: https://docs.litellm.ai/docs/providers[0m


[1;31mProvider List: https://docs.litellm.ai/docs/providers[0m


[1;31mProvider List: https://docs.litellm.ai/docs/providers[0m

[02:09:52] [PB-Advanced-011|nemotron-3-super-120b-a12b|seed=42] revised (5733 chars, 687.0s elapsed)
[02:09:52] [PB-Advanced-011|nemotron-3-super-120b-a12b|seed=42] verify iter=2

[1;31mProvider List: https://docs.litellm.ai/docs/providers[0m


[1;31mProvider List: https://docs.litellm.ai/docs/providers[0m


[1;31mProvider List: https://docs.litellm.ai/docs/providers[0m

[02:09:52] [PB-Advanced-005|nemotron-3-super-120b-a12b|seed=42] revise iter=1

[1;31mProvider List: https://docs.litellm.ai/docs/providers[0m


[1;31mProvider List: https://docs.litellm.ai/docs/providers[0m


[1;31mProvider List: https://docs.litellm.ai/docs/providers[0m

[02:09:52] [PB-Advanced-020|nemotron-3-super-120b-a12b|seed=42] revise iter=1

[1;31mProvider List: https://docs.litellm.ai/docs/providers[0m


[1;31mProvider List: https://docs.litellm.ai/docs/providers[0m

[02:21:03] [PB-Advanced-026|deepseek-v3.2|seed=42] generate done (14610 chars, 55.8s)
[02:21:03] [PB-Advanced-026|deepseek-v3.2|seed=42] verify iter=1

[1;31mProvider List: https://docs.litellm.ai/docs/providers[0m

[02:09:52] [PB-Advanced-002|nemotron-3-super-120b-a12b|seed=42] revise iter=1

[1;31mProvider List: https://docs.litellm.ai/docs/providers[0m


[1;31mProvider List: https://docs.litellm.ai/docs/providers[0m


[1;31mProvider List: https://docs.litellm.ai/docs/providers[0m

[02:09:52] [PB-Advanced-011|nemotron-3-super-120b-a12b|seed=42] revise iter=2

[1;31mProvider List: https://docs.litellm.ai/docs/providers[0m


[1;31mProvider List: https://docs.litellm.ai/docs/providers[0m

[02:21:03] [PB-Advanced-026|deepseek-v3.2|seed=42] revise iter=1

[1;31mProvider List: https://docs.litellm.ai/docs/providers[0m

[02:09:52] [PB-Advanced-014|nemotron-3-super-120b-a12b|seed=42] revise iter=1

[1;31mProvider List: https://docs.litellm.ai/docs/providers[0m


[1;31mProvider List: https://docs.litellm.ai/docs/providers[0m


[1;31mProvider List: https://docs.litellm.ai/docs/providers[0m

[02:09:52] [PB-Advanced-020|nemotron-3-super-120b-a12b|seed=42] revised (5799 chars, 758.3s elapsed)
[02:09:52] [PB-Advanced-020|nemotron-3-super-120b-a12b|seed=42] verify iter=2

[1;31mProvider List: https://docs.litellm.ai/docs/providers[0m


[1;31mProvider List: https://docs.litellm.ai/docs/providers[0m


[1;31mProvider List: https://docs.litellm.ai/docs/providers[0m

[02:09:52] [PB-Advanced-020|nemotron-3-super-120b-a12b|seed=42] revise iter=2

[1;31mProvider List: https://docs.litellm.ai/docs/providers[0m


[1;31mProvider List: https://docs.litellm.ai/docs/providers[0m


[1;31mProvider List: https://docs.litellm.ai/docs/providers[0m

[02:20:46] [PB-Advanced-026|nemotron-3-super-120b-a12b|seed=42] generate done (47 chars, 107.7s)
[02:20:46] [PB-Advanced-026|nemotron-3-super-120b-a12b|seed=42] verify iter=1

[1;31mProvider List: https://docs.litellm.ai/docs/providers[0m


[1;31mProvider List: https://docs.litellm.ai/docs/providers[0m


[1;31mProvider List: https://docs.litellm.ai/docs/providers[0m

[02:20:46] [PB-Advanced-026|nemotron-3-super-120b-a12b|seed=42] revise iter=1

[1;31mProvider List: https://docs.litellm.ai/docs/providers[0m


[1;31mProvider List: https://docs.litellm.ai/docs/providers[0m


[1;31mProvider List: https://docs.litellm.ai/docs/providers[0m

[02:09:52] [PB-Advanced-010|nemotron-3-super-120b-a12b|seed=42] revise iter=1

[1;31mProvider List: https://docs.litellm.ai/docs/providers[0m


[1;31mProvider List: https://docs.litellm.ai/docs/providers[0m

[02:09:52] [PB-Advanced-008|deepseek-v3.2|seed=42] revised (12650 chars, 782.3s elapsed)
[02:09:52] [PB-Advanced-008|deepseek-v3.2|seed=42] verify iter=3

[1;31mProvider List: https://docs.litellm.ai/docs/providers[0m

[02:20:46] [PB-Advanced-026|nemotron-3-super-120b-a12b|seed=42] revised (1015 chars, 131.0s elapsed)
[02:20:46] [PB-Advanced-026|nemotron-3-super-120b-a12b|seed=42] verify iter=2

[1;31mProvider List: https://docs.litellm.ai/docs/providers[0m


[1;31mProvider List: https://docs.litellm.ai/docs/providers[0m

[02:09:52] [PB-Advanced-002|deepseek-v3.2|seed=42] generate done (19180 chars, 791.4s)
[02:09:52] [PB-Advanced-002|deepseek-v3.2|seed=42] verify iter=1

[1;31mProvider List: https://docs.litellm.ai/docs/providers[0m

[02:20:46] [PB-Advanced-026|nemotron-3-super-120b-a12b|seed=42] revise iter=2

[1;31mProvider List: https://docs.litellm.ai/docs/providers[0m


[1;31mProvider List: https://docs.litellm.ai/docs/providers[0m


[1;31mProvider List: https://docs.litellm.ai/docs/providers[0m

[02:09:52] [PB-Advanced-010|nemotron-3-super-120b-a12b|seed=42] revised (3950 chars, 796.6s elapsed)
[02:09:52] [PB-Advanced-010|nemotron-3-super-120b-a12b|seed=42] verify iter=2

[1;31mProvider List: https://docs.litellm.ai/docs/providers[0m


[1;31mProvider List: https://docs.litellm.ai/docs/providers[0m

[02:09:52] [PB-Advanced-002|deepseek-v3.2|seed=42] revise iter=1

[1;31mProvider List: https://docs.litellm.ai/docs/providers[0m

[02:09:52] [PB-Advanced-020|nemotron-3-super-120b-a12b|seed=42] revised (15 chars, 811.5s elapsed)
[02:09:52] [PB-Advanced-020|nemotron-3-super-120b-a12b|seed=42] verify iter=3

[1;31mProvider List: https://docs.litellm.ai/docs/providers[0m


[1;31mProvider List: https://docs.litellm.ai/docs/providers[0m

[02:09:52] [PB-Advanced-011|deepseek-v3.2|seed=42] revised (10468 chars, 813.8s elapsed)
[02:09:52] [PB-Advanced-011|deepseek-v3.2|seed=42] verify iter=3

[1;31mProvider List: https://docs.litellm.ai/docs/providers[0m

[02:09:52] [PB-Advanced-011|nemotron-3-super-120b-a12b|seed=42] revised (6208 chars, 821.8s elapsed)
[02:09:52] [PB-Advanced-011|nemotron-3-super-120b-a12b|seed=42] verify iter=3

[1;31mProvider List: https://docs.litellm.ai/docs/providers[0m


[1;31mProvider List: https://docs.litellm.ai/docs/providers[0m


[1;31mProvider List: https://docs.litellm.ai/docs/providers[0m

[02:09:52] [PB-Advanced-020|nemotron-3-super-120b-a12b|seed=42] verifier satisfied at iter=3, stopping early
[02:09:52] [PB-Advanced-020|nemotron-3-super-120b-a12b|seed=42] judge (with ground truth)
[02:09:52] [PB-Advanced-008|deepseek-v3.2|seed=42] revise iter=3

[1;31mProvider List: https://docs.litellm.ai/docs/providers[0m

[02:09:52] [PB-Advanced-020|nemotron-3-super-120b-a12b|seed=42] → score=0/7 pass=False iters=3 stopped_early=True total=826.72s
[02:23:39] [PB-Advanced-029|nemotron-3-super-120b-a12b|seed=42] generate
[02:23:39] Progress: 3/36

[1;31mProvider List: https://docs.litellm.ai/docs/providers[0m


[1;31mProvider List: https://docs.litellm.ai/docs/providers[0m


[1;31mProvider List: https://docs.litellm.ai/docs/providers[0m

[02:20:46] [PB-Advanced-026|nemotron-3-super-120b-a12b|seed=42] revised (5205 chars, 185.4s elapsed)
[02:20:46] [PB-Advanced-026|nemotron-3-super-120b-a12b|seed=42] verify iter=3

[1;31mProvider List: https://docs.litellm.ai/docs/providers[0m


[1;31mProvider List: https://docs.litellm.ai/docs/providers[0m


[1;31mProvider List: https://docs.litellm.ai/docs/providers[0m

[02:09:52] [PB-Advanced-008|nemotron-3-super-120b-a12b|seed=42] revised (8897 chars, 841.2s elapsed)
[02:09:52] [PB-Advanced-008|nemotron-3-super-120b-a12b|seed=42] verify iter=3

[1;31mProvider List: https://docs.litellm.ai/docs/providers[0m


[1;31mProvider List: https://docs.litellm.ai/docs/providers[0m


[1;31mProvider List: https://docs.litellm.ai/docs/providers[0m

[02:09:52] [PB-Advanced-011|nemotron-3-super-120b-a12b|seed=42] verifier satisfied at iter=3, stopping early
[02:09:52] [PB-Advanced-011|nemotron-3-super-120b-a12b|seed=42] judge (with ground truth)

[1;31mProvider List: https://docs.litellm.ai/docs/providers[0m

[02:20:46] [PB-Advanced-026|nemotron-3-super-120b-a12b|seed=42] revise iter=3

[1;31mProvider List: https://docs.litellm.ai/docs/providers[0m


[1;31mProvider List: https://docs.litellm.ai/docs/providers[0m


[1;31mProvider List: https://docs.litellm.ai/docs/providers[0m

[02:09:52] [PB-Advanced-011|nemotron-3-super-120b-a12b|seed=42] → score=0/7 pass=False iters=3 stopped_early=True total=853.96s
[02:24:06] [PB-Advanced-029|deepseek-v3.2|seed=42] generate
[02:24:06] Progress: 4/36

[1;31mProvider List: https://docs.litellm.ai/docs/providers[0m

[02:20:46] [PB-Advanced-026|nemotron-3-super-120b-a12b|seed=42] revised (1295 chars, 205.1s elapsed)
[02:20:46] [PB-Advanced-026|nemotron-3-super-120b-a12b|seed=42] judge (with ground truth)
[02:09:52] [PB-Advanced-023|deepseek-v3.2|seed=42] revised (23240 chars, 859.7s elapsed)
[02:09:52] [PB-Advanced-023|deepseek-v3.2|seed=42] verify iter=2

[1;31mProvider List: https://docs.litellm.ai/docs/providers[0m

[02:09:52] [PB-Advanced-008|nemotron-3-super-120b-a12b|seed=42] revise iter=3

[1;31mProvider List: https://docs.litellm.ai/docs/providers[0m


[1;31mProvider List: https://docs.litellm.ai/docs/providers[0m


[1;31mProvider List: https://docs.litellm.ai/docs/providers[0m

[02:20:46] [PB-Advanced-026|nemotron-3-super-120b-a12b|seed=42] → score=0/7 pass=False iters=3 stopped_early=False total=208.94s
[02:24:15] Progress: 5/36
[02:24:15] [PB-Basic-006|nemotron-3-super-120b-a12b|seed=42] generate

[1;31mProvider List: https://docs.litellm.ai/docs/providers[0m


[1;31mProvider List: https://docs.litellm.ai/docs/providers[0m


[1;31mProvider List: https://docs.litellm.ai/docs/providers[0m

[02:09:52] [PB-Advanced-008|nemotron-3-super-120b-a12b|seed=42] revised (14826 chars, 882.5s elapsed)
[02:09:52] [PB-Advanced-008|nemotron-3-super-120b-a12b|seed=42] judge (with ground truth)

[1;31mProvider List: https://docs.litellm.ai/docs/providers[0m

[02:09:52] [PB-Advanced-008|nemotron-3-super-120b-a12b|seed=42] → score=0/7 pass=False iters=3 stopped_early=False total=887.39s
[02:24:39] Progress: 6/36
[02:24:39] [PB-Basic-006|deepseek-v3.2|seed=42] generate

[1;31mProvider List: https://docs.litellm.ai/docs/providers[0m

[02:09:52] [PB-Advanced-005|nemotron-3-super-120b-a12b|seed=42] revised (83510 chars, 931.0s elapsed)
[02:09:52] [PB-Advanced-005|nemotron-3-super-120b-a12b|seed=42] verify iter=2

[1;31mProvider List: https://docs.litellm.ai/docs/providers[0m


[1;31mProvider List: https://docs.litellm.ai/docs/providers[0m


[1;31mProvider List: https://docs.litellm.ai/docs/providers[0m

[02:23:39] [PB-Advanced-029|nemotron-3-super-120b-a12b|seed=42] generate done (79654 chars, 116.2s)
[02:23:39] [PB-Advanced-029|nemotron-3-super-120b-a12b|seed=42] verify iter=1

[1;31mProvider List: https://docs.litellm.ai/docs/providers[0m


[1;31mProvider List: https://docs.litellm.ai/docs/providers[0m


[1;31mProvider List: https://docs.litellm.ai/docs/providers[0m

[02:09:52] [PB-Advanced-002|nemotron-3-super-120b-a12b|seed=42] revised (26 chars, 949.9s elapsed)
[02:09:52] [PB-Advanced-002|nemotron-3-super-120b-a12b|seed=42] verify iter=2

[1;31mProvider List: https://docs.litellm.ai/docs/providers[0m


[1;31mProvider List: https://docs.litellm.ai/docs/providers[0m


[1;31mProvider List: https://docs.litellm.ai/docs/providers[0m

[02:23:39] [PB-Advanced-029|nemotron-3-super-120b-a12b|seed=42] revise iter=1

[1;31mProvider List: https://docs.litellm.ai/docs/providers[0m


[1;31mProvider List: https://docs.litellm.ai/docs/providers[0m


[1;31mProvider List: https://docs.litellm.ai/docs/providers[0m

[02:23:39] [PB-Advanced-029|nemotron-3-super-120b-a12b|seed=42] revised (149 chars, 133.7s elapsed)
[02:23:39] [PB-Advanced-029|nemotron-3-super-120b-a12b|seed=42] verify iter=2

[1;31mProvider List: https://docs.litellm.ai/docs/providers[0m


[1;31mProvider List: https://docs.litellm.ai/docs/providers[0m


[1;31mProvider List: https://docs.litellm.ai/docs/providers[0m

[02:09:52] [PB-Advanced-014|nemotron-3-super-120b-a12b|seed=42] revised (100055 chars, 971.8s elapsed)
[02:09:52] [PB-Advanced-014|nemotron-3-super-120b-a12b|seed=42] verify iter=2

[1;31mProvider List: https://docs.litellm.ai/docs/providers[0m


[1;31mProvider List: https://docs.litellm.ai/docs/providers[0m


[1;31mProvider List: https://docs.litellm.ai/docs/providers[0m

[02:23:39] [PB-Advanced-029|nemotron-3-super-120b-a12b|seed=42] revise iter=2

[1;31mProvider List: https://docs.litellm.ai/docs/providers[0m


[1;31mProvider List: https://docs.litellm.ai/docs/providers[0m


[1;31mProvider List: https://docs.litellm.ai/docs/providers[0m

[02:09:52] [PB-Advanced-002|nemotron-3-super-120b-a12b|seed=42] revise iter=2

[1;31mProvider List: https://docs.litellm.ai/docs/providers[0m


[1;31mProvider List: https://docs.litellm.ai/docs/providers[0m


[1;31mProvider List: https://docs.litellm.ai/docs/providers[0m

[02:24:15] [PB-Basic-006|nemotron-3-super-120b-a12b|seed=42] generate done (89687 chars, 119.6s)
[02:24:15] [PB-Basic-006|nemotron-3-super-120b-a12b|seed=42] verify iter=1

[1;31mProvider List: https://docs.litellm.ai/docs/providers[0m


[1;31mProvider List: https://docs.litellm.ai/docs/providers[0m


[1;31mProvider List: https://docs.litellm.ai/docs/providers[0m

[02:24:15] [PB-Basic-006|nemotron-3-super-120b-a12b|seed=42] verifier satisfied at iter=1, stopping early
[02:24:15] [PB-Basic-006|nemotron-3-super-120b-a12b|seed=42] judge (with ground truth)

[1;31mProvider List: https://docs.litellm.ai/docs/providers[0m

[02:09:52] [PB-Advanced-010|nemotron-3-super-120b-a12b|seed=42] revise iter=2

[1;31mProvider List: https://docs.litellm.ai/docs/providers[0m


[1;31mProvider List: https://docs.litellm.ai/docs/providers[0m


[1;31mProvider List: https://docs.litellm.ai/docs/providers[0m

[02:24:15] [PB-Basic-006|nemotron-3-super-120b-a12b|seed=42] → score=0/7 pass=False iters=1 stopped_early=True total=127.18s
[02:26:22] Progress: 7/36
[02:26:22] [PB-Basic-007|nemotron-3-super-120b-a12b|seed=42] generate

[1;31mProvider List: https://docs.litellm.ai/docs/providers[0m


[1;31mProvider List: https://docs.litellm.ai/docs/providers[0m


[1;31mProvider List: https://docs.litellm.ai/docs/providers[0m

[02:09:52] [PB-Advanced-005|nemotron-3-super-120b-a12b|seed=42] revise iter=2

[1;31mProvider List: https://docs.litellm.ai/docs/providers[0m


[1;31mProvider List: https://docs.litellm.ai/docs/providers[0m


[1;31mProvider List: https://docs.litellm.ai/docs/providers[0m

[02:09:52] [PB-Advanced-005|nemotron-3-super-120b-a12b|seed=42] revised (7802 chars, 1009.8s elapsed)
[02:09:52] [PB-Advanced-005|nemotron-3-super-120b-a12b|seed=42] verify iter=3

[1;31mProvider List: https://docs.litellm.ai/docs/providers[0m


[1;31mProvider List: https://docs.litellm.ai/docs/providers[0m


[1;31mProvider List: https://docs.litellm.ai/docs/providers[0m

[02:09:52] [PB-Advanced-014|nemotron-3-super-120b-a12b|seed=42] revise iter=2

[1;31mProvider List: https://docs.litellm.ai/docs/providers[0m


[1;31mProvider List: https://docs.litellm.ai/docs/providers[0m

[02:09:52] [PB-Advanced-014|deepseek-v3.2|seed=42] revised (8307 chars, 1045.5s elapsed)
[02:09:52] [PB-Advanced-014|deepseek-v3.2|seed=42] verify iter=2

[1;31mProvider List: https://docs.litellm.ai/docs/providers[0m

[02:23:39] [PB-Advanced-029|nemotron-3-super-120b-a12b|seed=42] revised (3839 chars, 229.0s elapsed)
[02:23:39] [PB-Advanced-029|nemotron-3-super-120b-a12b|seed=42] verify iter=3

[1;31mProvider List: https://docs.litellm.ai/docs/providers[0m


[1;31mProvider List: https://docs.litellm.ai/docs/providers[0m


[1;31mProvider List: https://docs.litellm.ai/docs/providers[0m

[02:09:52] [PB-Advanced-005|nemotron-3-super-120b-a12b|seed=42] revise iter=3

[1;31mProvider List: https://docs.litellm.ai/docs/providers[0m


[1;31mProvider List: https://docs.litellm.ai/docs/providers[0m


[1;31mProvider List: https://docs.litellm.ai/docs/providers[0m

[02:23:39] [PB-Advanced-029|nemotron-3-super-120b-a12b|seed=42] revise iter=3

[1;31mProvider List: https://docs.litellm.ai/docs/providers[0m


[1;31mProvider List: https://docs.litellm.ai/docs/providers[0m

[02:09:52] [PB-Advanced-005|deepseek-v3.2|seed=42] revised (14258 chars, 1074.6s elapsed)
[02:09:52] [PB-Advanced-005|deepseek-v3.2|seed=42] verify iter=3

[1;31mProvider List: https://docs.litellm.ai/docs/providers[0m

[02:23:39] [PB-Advanced-029|nemotron-3-super-120b-a12b|seed=42] revised (5735 chars, 258.8s elapsed)
[02:23:39] [PB-Advanced-029|nemotron-3-super-120b-a12b|seed=42] judge (with ground truth)

[1;31mProvider List: https://docs.litellm.ai/docs/providers[0m

[02:23:39] [PB-Advanced-029|nemotron-3-super-120b-a12b|seed=42] → score=0/7 pass=False iters=3 stopped_early=False total=264.68s
[02:28:03] Progress: 8/36
[02:28:03] [PB-Basic-007|deepseek-v3.2|seed=42] generate

[1;31mProvider List: https://docs.litellm.ai/docs/providers[0m

[02:09:52] [PB-Advanced-014|nemotron-3-super-120b-a12b|seed=42] revised (5219 chars, 1092.2s elapsed)
[02:09:52] [PB-Advanced-014|nemotron-3-super-120b-a12b|seed=42] verify iter=3

[1;31mProvider List: https://docs.litellm.ai/docs/providers[0m


[1;31mProvider List: https://docs.litellm.ai/docs/providers[0m


[1;31mProvider List: https://docs.litellm.ai/docs/providers[0m

[02:26:22] [PB-Basic-007|nemotron-3-super-120b-a12b|seed=42] generate done (44 chars, 104.4s)
[02:26:22] [PB-Basic-007|nemotron-3-super-120b-a12b|seed=42] verify iter=1

[1;31mProvider List: https://docs.litellm.ai/docs/providers[0m


[1;31mProvider List: https://docs.litellm.ai/docs/providers[0m

[02:24:39] [PB-Basic-006|deepseek-v3.2|seed=42] generate done (16732 chars, 214.2s)
[02:24:39] [PB-Basic-006|deepseek-v3.2|seed=42] verify iter=1

[1;31mProvider List: https://docs.litellm.ai/docs/providers[0m

[02:09:52] [PB-Advanced-005|nemotron-3-super-120b-a12b|seed=42] revised (42222 chars, 1112.8s elapsed)
[02:09:52] [PB-Advanced-005|nemotron-3-super-120b-a12b|seed=42] judge (with ground truth)

[1;31mProvider List: https://docs.litellm.ai/docs/providers[0m

[02:09:52] [PB-Advanced-010|nemotron-3-super-120b-a12b|seed=42] revised (63731 chars, 1112.8s elapsed)
[02:09:52] [PB-Advanced-010|nemotron-3-super-120b-a12b|seed=42] verify iter=3

[1;31mProvider List: https://docs.litellm.ai/docs/providers[0m


[1;31mProvider List: https://docs.litellm.ai/docs/providers[0m


[1;31mProvider List: https://docs.litellm.ai/docs/providers[0m

[02:09:52] [PB-Advanced-002|nemotron-3-super-120b-a12b|seed=42] revised (80529 chars, 1112.8s elapsed)
[02:09:52] [PB-Advanced-002|nemotron-3-super-120b-a12b|seed=42] verify iter=3

[1;31mProvider List: https://docs.litellm.ai/docs/providers[0m


[1;31mProvider List: https://docs.litellm.ai/docs/providers[0m


[1;31mProvider List: https://docs.litellm.ai/docs/providers[0m

[02:09:52] [PB-Advanced-005|nemotron-3-super-120b-a12b|seed=42] → score=1/7 pass=False iters=3 stopped_early=False total=1117.74s
[02:28:30] Progress: 9/36
[02:28:30] [PB-Basic-012|nemotron-3-super-120b-a12b|seed=42] generate

[1;31mProvider List: https://docs.litellm.ai/docs/providers[0m


[1;31mProvider List: https://docs.litellm.ai/docs/providers[0m


[1;31mProvider List: https://docs.litellm.ai/docs/providers[0m

[02:26:22] [PB-Basic-007|nemotron-3-super-120b-a12b|seed=42] revise iter=1

[1;31mProvider List: https://docs.litellm.ai/docs/providers[0m


[1;31mProvider List: https://docs.litellm.ai/docs/providers[0m

[02:09:52] [PB-Advanced-011|deepseek-v3.2|seed=42] revise iter=3
[02:09:52] [PB-Advanced-014|deepseek-v3.2|seed=42] revise iter=2
[02:24:39] [PB-Basic-006|deepseek-v3.2|seed=42] revise iter=1
[02:09:52] [PB-Advanced-005|deepseek-v3.2|seed=42] revise iter=3
[02:21:03] [PB-Advanced-026|deepseek-v3.2|seed=42] revised (10729 chars, 567.1s elapsed)
[02:21:03] [PB-Advanced-026|deepseek-v3.2|seed=42] verify iter=2
[02:09:52] [PB-Advanced-014|deepseek-v3.2|seed=42] revised (22601 chars, 1245.0s elapsed)
[02:09:52] [PB-Advanced-014|deepseek-v3.2|seed=42] verify iter=3
[02:09:52] [PB-Advanced-005|deepseek-v3.2|seed=42] revised (7400 chars, 1273.9s elapsed)
[02:09:52] [PB-Advanced-005|deepseek-v3.2|seed=42] judge (with ground truth)

[1;31mGive Feedback / Get Help: https://github.com/BerriAI/litellm/issues/new[0m
LiteLLM.Info: If you need to debug this error, use `litellm._turn_on_debug()'.

[02:24:06] [PB-Advanced-029|deepseek-v3.2|seed=42] ERROR generate: litellm.APIError: APIError: OpenrouterException - Unable to get json response - Expecting value: line 2001 column 1 (char 11000), Original Response: 
         

         

         

         

         

         

         

         

         

         

         

         

         

         

         

         

         

         

         

         

         

         

         

         

         

         

         

         

         

         

         

         

         

         

         

         

         

         

         

         

         

         

         

         

         

         

         

         

         

         

         

         

         

         

         

         

         

         

         

         

         

         

         

         

         

         

         

         

         

         

         

         

         

         

         

         

         

         

         

         

         

         

         

         

         

         

         

         

         

         

         

         

         

         

         

         

         

         

         

         

         

         

         

         

         

         

         

         

         

         

         

         

         

         

         

         

         

         

         

         

         

         

         

         

         

         

         

         

         

         

         

         

         

         

         

         

         

         

         

         

         

         

         

         

         

         

         

         

         

         

         

         

         

         

         

         

         

         

         

         

         

         

         

         

         

         

         

         

         

         

         

         

         

         

         

         

         

         

         

         

         

         

         

         

         

         

         

         

         

         

         

         

         

         

         

         

         

         

         

         

         

         

         

         

         

         

         

         

         

         

         

         

         

         

         

         

         

         

         

         

         

         

         

         

         

         

         

         

         

         

         

         

         

         

         

         

         

         

         

         

         

         

         

         

         

         

         

         

         

         

         

         

         

         

         

         

         

         

         

         

         

         

         

         

         

         

         

         

         

         

         

         

         

         

         

         

         

         

         

         

         

         

         

         

         

         

         

         

         

         

         

         

         

         

         

         

         

         

         

         

         

         

         

         

         

         

         

         

         

         

         

         

         

         

         

         

         

         

         

         

         

         

         

         

         

         

         

         

         

         

         

         

         

         

         

         

         

         

         

         

         

         

         

         

         

         

         

         

         

         

         

         

         

         

         

         

         

         

         

         

         

         

         

         

         

         

         

         

         

         

         

         

         

         

         

         

         

         

         

         

         

         

         

         

         

         

         

         

         

         

         

         

         

         

         

         

         

         

         

         

         

         

         

         

         

         

         

         

         

         

         

         

         

         

         

         

         

         

         

         

         

         

         

         

         

         

         

         

         

         

         

         

         

         

         

         

         

         

         

         

         

         

         

         

         

         

         

         

         

         

         

         

         

         

         

         

         

         

         

         

         

         

         

         

         

         

         

         

         

         

         

         

         

         

         

         

         

         

         

         

         

         

         

         

         

         

         

         

         

         

         

         

         

         

         

         

         

         

         

         

         

         

         

         

         

         

         

         

         

         

         

         

         

         

         

         

         

         

         

         

         

         

         

         

         

         

         

         

         

         

         

         

         

         

         

         

         

         

         

         

         

         

         

         

         

         

         

         

         

         

         

         

         

         

         

         

         

         

         

         

         

         

         

         

         

         

         

         

         

         

         

         

         

         

         

         

         

         

         

         

         

         

         

         

         

         

         

         

         

         

         

         

         

         

         

         

         

         

         

         

         

         

         

         

         

         

         

         

         

         

         

         

         

         

         

         

         

         

         

         

         

         

         

         

         

         

         

         

         

         

         

         

         

         

         

         

         

         

         

         

         

         

         

         

         

         

         

         

         

         

         

         

         

         

         

         

         

         

         

         

         

         

         

         

         

         

         

         

         

         

         

         

         

         

         

         

         

         

         

         

         

         

         

         

         

         

         

         

         

         

         

         

         

         

         

         

         

         

         

         

         

         

         

         

         

         

         

         

         

         

         

         

         

         

         

         

         

         

         

         

         

         

         

         

         

         

         

         

         

         

         

         

         

         

         

         

         

         

         

         

         

         

         

         

         

         

         

         

         

         

         

         

         

         

         

         

         

         

         

         

         

         

         

         

         

         

         

         

         

         

         

         

         

         

         

         

         

         

         

         

         

         

         

         

         

         

         

         

         

         

         

         

         

         

         

         

         

         

         

         

         

         

         

         

         

         

         

         

         

         

         

         

         

         

         

         

         

         

         

         

         

         

         

         

         

         

         

         

         

         

         

         

         

         

         

         

         

         

         

         

         

         

         

         

         

         

         

         

         

         

         

         

         

         

         

         

         

         

         

         

         

         

         

         

         

         

         

         

         

         

         

         

         

         

         

         

         

         

         

         

         

         

         

         

         

         

         

         

         

         

         

         

         

         

         

         

         

         

         

         

         

         

         

         

         

         

         

         

         

         

         

         

         

         

         

         

         

         

         

         

         

         

         

         

         

         

         

         

         

         

         

         

         

         

         

         

         

         

         

         

         

         

         

         

         

         

         

         

         

         

         

         

         

         

         

         

         

         

         

         

         

         

         

         

         

         

         

         

         

         

         

         

         

         

         

         

         

         

         

         

         

         

         

         

         

         

         

         

         

         

         

         

         

         

         

         

         

         

         

         

Traceback (most recent call last):
  File "/Users/benjamingrayzel/sandbox/agentic-math-solver/agentic-math-solver/.venv/lib/python3.12/site-packages/litellm/llms/openai/chat/gpt_transformation.py", line 635, in transform_response
    completion_response = raw_response.json()
                          ^^^^^^^^^^^^^^^^^^^
  File "/Users/benjamingrayzel/sandbox/agentic-math-solver/agentic-math-solver/.venv/lib/python3.12/site-packages/httpx/_models.py", line 832, in json
    return jsonlib.loads(self.content, **kwargs)
           ^^^^^^^^^^^^^^^^^^^^^^^^^^^^^^^^^^^^^
  File "/Users/benjamingrayzel/.local/share/uv/python/cpython-3.12.12-macos-aarch64-none/lib/python3.12/json/__init__.py", line 346, in loads
    return _default_decoder.decode(s)
           ^^^^^^^^^^^^^^^^^^^^^^^^^^
  File "/Users/benjamingrayzel/.local/share/uv/python/cpython-3.12.12-macos-aarch64-none/lib/python3.12/json/decoder.py", line 338, in decode
    obj, end = self.raw_decode(s, idx=_w(s, 0).end())
               ^^^^^^^^^^^^^^^^^^^^^^^^^^^^^^^^^^^^^^
  File "/Users/benjamingrayzel/.local/share/uv/python/cpython-3.12.12-macos-aarch64-none/lib/python3.12/json/decoder.py", line 356, in raw_decode
    raise JSONDecodeError("Expecting value", s, err.value) from None
json.decoder.JSONDecodeError: Expecting value: line 2001 column 1 (char 11000)

During handling of the above exception, another exception occurred:

Traceback (most recent call last):
  File "/Users/benjamingrayzel/sandbox/agentic-math-solver/agentic-math-solver/.venv/lib/python3.12/site-packages/litellm/main.py", line 3313, in completion
    response = base_llm_http_handler.completion(
               ^^^^^^^^^^^^^^^^^^^^^^^^^^^^^^^^^
  File "/Users/benjamingrayzel/sandbox/agentic-math-solver/agentic-math-solver/.venv/lib/python3.12/site-packages/litellm/llms/custom_httpx/llm_http_handler.py", line 570, in completion
    return provider_config.transform_response(
           ^^^^^^^^^^^^^^^^^^^^^^^^^^^^^^^^^^^
  File "/Users/benjamingrayzel/sandbox/agentic-math-solver/agentic-math-solver/.venv/lib/python3.12/site-packages/litellm/llms/openrouter/chat/transformation.py", line 201, in transform_response
    model_response = super().transform_response(
                     ^^^^^^^^^^^^^^^^^^^^^^^^^^^
  File "/Users/benjamingrayzel/sandbox/agentic-math-solver/agentic-math-solver/.venv/lib/python3.12/site-packages/litellm/llms/openai/chat/gpt_transformation.py", line 638, in transform_response
    raise OpenAIError(
litellm.llms.openai.common_utils.OpenAIError: Unable to get json response - Expecting value: line 2001 column 1 (char 11000), Original Response: 
         

         

         

         

         

         

         

         

         

         

         

         

         

         

         

         

         

         

         

         

         

         

         

         

         

         

         

         

         

         

         

         

         

         

         

         

         

         

         

         

         

         

         

         

         

         

         

         

         

         

         

         

         

         

         

         

         

         

         

         

         

         

         

         

         

         

         

         

         

         

         

         

         

         

         

         

         

         

         

         

         

         

         

         

         

         

         

         

         

         

         

         

         

         

         

         

         

         

         

         

         

         

         

         

         

         

         

         

         

         

         

         

         

         

         

         

         

         

         

         

         

         

         

         

         

         

         

         

         

         

         

         

         

         

         

         

         

         

         

         

         

         

         

         

         

         

         

         

         

         

         

         

         

         

         

         

         

         

         

         

         

         

         

         

         

         

         

         

         

         

         

         

         

         

         

         

         

         

         

         

         

         

         

         

         

         

         

         

         

         

         

         

         

         

         

         

         

         

         

         

         

         

         

         

         

         

         

         

         

         

         

         

         

         

         

         

         

         

         

         

         

         

         

         

         

         

         

         

         

         

         

         

         

         

         

         

         

         

         

         

         

         

         

         

         

         

         

         

         

         

         

         

         

         

         

         

         

         

         

         

         

         

         

         

         

         

         

         

         

         

         

         

         

         

         

         

         

         

         

         

         

         

         

         

         

         

         

         

         

         

         

         

         

         

         

         

         

         

         

         

         

         

         

         

         

         

         

         

         

         

         

         

         

         

         

         

         

         

         

         

         

         

         

         

         

         

         

         

         

         

         

         

         

         

         

         

         

         

         

         

         

         

         

         

         

         

         

         

         

         

         

         

         

         

         

         

         

         

         

         

         

         

         

         

         

         

         

         

         

         

         

         

         

         

         

         

         

         

         

         

         

         

         

         

         

         

         

         

         

         

         

         

         

         

         

         

         

         

         

         

         

         

         

         

         

         

         

         

         

         

         

         

         

         

         

         

         

         

         

         

         

         

         

         

         

         

         

         

         

         

         

         

         

         

         

         

         

         

         

         

         

         

         

         

         

         

         

         

         

         

         

         

         

         

         

         

         

         

         

         

         

         

         

         

         

         

         

         

         

         

         

         

         

         

         

         

         

         

         

         

         

         

         

         

         

         

         

         

         

         

         

         

         

         

         

         

         

         

         

         

         

         

         

         

         

         

         

         

         

         

         

         

         

         

         

         

         

         

         

         

         

         

         

         

         

         

         

         

         

         

         

         

         

         

         

         

         

         

         

         

         

         

         

         

         

         

         

         

         

         

         

         

         

         

         

         

         

         

         

         

         

         

         

         

         

         

         

         

         

         

         

         

         

         

         

         

         

         

         

         

         

         

         

         

         

         

         

         

         

         

         

         

         

         

         

         

         

         

         

         

         

         

         

         

         

         

         

         

         

         

         

         

         

         

         

         

         

         

         

         

         

         

         

         

         

         

         

         

         

         

         

         

         

         

         

         

         

         

         

         

         

         

         

         

         

         

         

         

         

         

         

         

         

         

         

         

         

         

         

         

         

         

         

         

         

         

         

         

         

         

         

         

         

         

         

         

         

         

         

         

         

         

         

         

         

         

         

         

         

         

         

         

         

         

         

         

         

         

         

         

         

         

         

         

         

         

         

         

         

         

         

         

         

         

         

         

         

         

         

         

         

         

         

         

         

         

         

         

         

         

         

         

         

         

         

         

         

         

         

         

         

         

         

         

         

         

         

         

         

         

         

         

         

         

         

         

         

         

         

         

         

         

         

         

         

         

         

         

         

         

         

         

         

         

         

         

         

         

         

         

         

         

         

         

         

         

         

         

         

         

         

         

         

         

         

         

         

         

         

         

         

         

         

         

         

         

         

         

         

         

         

         

         

         

         

         

         

         

         

         

         

         

         

         

         

         

         

         

         

         

         

         

         

         

         

         

         

         

         

         

         

         

         

         

         

         

         

         

         

         

         

         

         

         

         

         

         

         

         

         

         

         

         

         

         

         

         

         

         

         

         

         

         

         

         

         

         

         

         

         

         

         

         

         

         

         

         

         

         

         

         

         

         

         

         

         

         

         

         

         

         

         

         

         

         

         

         

         

         

         

         

         

         

         

         

         

         

         

         

         

         

         

         

         

         

         

         

         

         

         

         

         

         

         

         

         

         

         

         

         

         

         

         

         

         

         

         

         

         

         

         

         

         

         

         

         

         

         

         

         

         

         

         

         

         

         

         

         

         

         

         

         

         

         

         

         

         

         

         

         

         

         

         

         

         

         

         

         

         

         

         

         

         

         

         

         

         

         

         

         


During handling of the above exception, another exception occurred:

Traceback (most recent call last):
  File "/Users/benjamingrayzel/sandbox/agentic-math-solver/agentic-math-solver/experiments/full_pipeline_imo_medium_pass1_20260327.py", line 134, in run_trial
    solution = generate(
               ^^^^^^^^^
  File "/Users/benjamingrayzel/sandbox/agentic-math-solver/agentic-math-solver/src/pipeline.py", line 105, in generate
    response = _call_llm(system, problem, model, max_tokens)
               ^^^^^^^^^^^^^^^^^^^^^^^^^^^^^^^^^^^^^^^^^^^^^
  File "/Users/benjamingrayzel/sandbox/agentic-math-solver/agentic-math-solver/src/pipeline.py", line 88, in _call_llm
    return llm(prompt, model=model, system=system, max_tokens=max_tokens)
           ^^^^^^^^^^^^^^^^^^^^^^^^^^^^^^^^^^^^^^^^^^^^^^^^^^^^^^^^^^^^^^
  File "/Users/benjamingrayzel/sandbox/agentic-math-solver/agentic-math-solver/src/utils.py", line 38, in llm
    resp = litellm.completion(model=model, messages=messages, max_tokens=max_tokens)
           ^^^^^^^^^^^^^^^^^^^^^^^^^^^^^^^^^^^^^^^^^^^^^^^^^^^^^^^^^^^^^^^^^^^^^^^^^
  File "/Users/benjamingrayzel/sandbox/agentic-math-solver/agentic-math-solver/.venv/lib/python3.12/site-packages/litellm/utils.py", line 1775, in wrapper
    raise e
  File "/Users/benjamingrayzel/sandbox/agentic-math-solver/agentic-math-solver/.venv/lib/python3.12/site-packages/litellm/utils.py", line 1596, in wrapper
    result = original_function(*args, **kwargs)
             ^^^^^^^^^^^^^^^^^^^^^^^^^^^^^^^^^^
  File "/Users/benjamingrayzel/sandbox/agentic-math-solver/agentic-math-solver/.venv/lib/python3.12/site-packages/litellm/main.py", line 4408, in completion
    raise exception_type(
          ^^^^^^^^^^^^^^^
  File "/Users/benjamingrayzel/sandbox/agentic-math-solver/agentic-math-solver/.venv/lib/python3.12/site-packages/litellm/litellm_core_utils/exception_mapping_utils.py", line 2456, in exception_type
    raise e
  File "/Users/benjamingrayzel/sandbox/agentic-math-solver/agentic-math-solver/.venv/lib/python3.12/site-packages/litellm/litellm_core_utils/exception_mapping_utils.py", line 2389, in exception_type
    raise APIError(
litellm.exceptions.APIError: litellm.APIError: APIError: OpenrouterException - Unable to get json response - Expecting value: line 2001 column 1 (char 11000), Original Response: 
         

         

         

         

         

         

         

         

         

         

         

         

         

         

         

         

         

         

         

         

         

         

         

         

         

         

         

         

         

         

         

         

         

         

         

         

         

         

         

         

         

         

         

         

         

         

         

         

         

         

         

         

         

         

         

         

         

         

         

         

         

         

         

         

         

         

         

         

         

         

         

         

         

         

         

         

         

         

         

         

         

         

         

         

         

         

         

         

         

         

         

         

         

         

         

         

         

         

         

         

         

         

         

         

         

         

         

         

         

         

         

         

         

         

         

         

         

         

         

         

         

         

         

         

         

         

         

         

         

         

         

         

         

         

         

         

         

         

         

         

         

         

         

         

         

         

         

         

         

         

         

         

         

         

         

         

         

         

         

         

         

         

         

         

         

         

         

         

         

         

         

         

         

         

         

         

         

         

         

         

         

         

         

         

         

         

         

         

         

         

         

         

         

         

         

         

         

         

         

         

         

         

         

         

         

         

         

         

         

         

         

         

         

         

         

         

         

         

         

         

         

         

         

         

         

         

         

         

         

         

         

         

         

         

         

         

         

         

         

         

         

         

         

         

         

         

         

         

         

         

         

         

         

         

         

         

         

         

         

         

         

         

         

         

         

         

         

         

         

         

         

         

         

         

         

         

         

         

         

         

         

         

         

         

         

         

         

         

         

         

         

         

         

         

         

         

         

         

         

         

         

         

         

         

         

         

         

         

         

         

         

         

         

         

         

         

         

         

         

         

         

         

         

         

         

         

         

         

         

         

         

         

         

         

         

         

         

         

         

         

         

         

         

         

         

         

         

         

         

         

         

         

         

         

         

         

         

         

         

         

         

         

         

         

         

         

         

         

         

         

         

         

         

         

         

         

         

         

         

         

         

         

         

         

         

         

         

         

         

         

         

         

         

         

         

         

         

         

         

         

         

         

         

         

         

         

         

         

         

         

         

         

         

         

         

         

         

         

         

         

         

         

         

         

         

         

         

         

         

         

         

         

         

         

         

         

         

         

         

         

         

         

         

         

         

         

         

         

         

         

         

         

         

         

         

         

         

         

         

         

         

         

         

         

         

         

         

         

         

         

         

         

         

         

         

         

         

         

         

         

         

         

         

         

         

         

         

         

         

         

         

         

         

         

         

         

         

         

         

         

         

         

         

         

         

         

         

         

         

         

         

         

         

         

         

         

         

         

         

         

         

         

         

         

         

         

         

         

         

         

         

         

         

         

         

         

         

         

         

         

         

         

         

         

         

         

         

         

         

         

         

         

         

         

         

         

         

         

         

         

         

         

         

         

         

         

         

         

         

         

         

         

         

         

         

         

         

         

         

         

         

         

         

         

         

         

         

         

         

         

         

         

         

         

         

         

         

         

         

         

         

         

         

         

         

         

         

         

         

         

         

         

         

         

         

         

         

         

         

         

         

         

         

         

         

         

         

         

         

         

         

         

         

         

         

         

         

         

         

         

         

         

         

         

         

         

         

         

         

         

         

         

         

         

         

         

         

         

         

         

         

         

         

         

         

         

         

         

         

         

         

         

         

         

         

         

         

         

         

         

         

         

         

         

         

         

         

         

         

         

         

         

         

         

         

         

         

         

         

         

         

         

         

         

         

         

         

         

         

         

         

         

         

         

         

         

         

         

         

         

         

         

         

         

         

         

         

         

         

         

         

         

         

         

         

         

         

         

         

         

         

         

         

         

         

         

         

         

         

         

         

         

         

         

         

         

         

         

         

         

         

         

         

         

         

         

         

         

         

         

         

         

         

         

         

         

         

         

         

         

         

         

         

         

         

         

         

         

         

         

         

         

         

         

         

         

         

         

         

         

         

         

         

         

         

         

         

         

         

         

         

         

         

         

         

         

         

         

         

         

         

         

         

         

         

         

         

         

         

         

         

         

         

         

         

         

         

         

         

         

         

         

         

         

         

         

         

         

         

         

         

         

         

         

         

         

         

         

         

         

         

         

         

         

         

         

         

         

         

         

         

         

         

         

         

         

         

         

         

         

         

         

         

         

         

         

         

         

         

         

         

         

         

         

         

         

         

         

         

         

         

         

         

         

         

         

         

         

         

         

         

         

         

         

         

         

         

         

         

         

         

         

         

         

         

         

         

         

         

         

         

         

         

         

         

         

         

         

         

         

         

         

         

         

         

         

         

         

         

         

         

         

         

         

         

         

         

         

         

         

         

         

         

         

         

         

         

         

         

         

         

         

         

         

         

         

         

         

         

         

         

         

         

         

         

         

         

         

         

         

         

         

         

         

         

         

         

         

         

         


[02:31:09] FAILED [PB-Advanced-029|deepseek-v3.2|seed=42]: litellm.APIError: APIError: OpenrouterException - Unable to get json response - Expecting value: line 2001 column 1 (char 11000), Original Response: 
         

         

         

         

         

         

         

         

         

         

         

         

         

         

         

         

         

         

         

         

         

         

         

         

         

         

         

         

         

         

         

         

         

         

         

         

         

         

         

         

         

         

         

         

         

         

         

         

         

         

         

         

         

         

         

         

         

         

         

         

         

         

         

         

         

         

         

         

         

         

         

         

         

         

         

         

         

         

         

         

         

         

         

         

         

         

         

         

         

         

         

         

         

         

         

         

         

         

         

         

         

         

         

         

         

         

         

         

         

         

         

         

         

         

         

         

         

         

         

         

         

         

         

         

         

         

         

         

         

         

         

         

         

         

         

         

         

         

         

         

         

         

         

         

         

         

         

         

         

         

         

         

         

         

         

         

         

         

         

         

         

         

         

         

         

         

         

         

         

         

         

         

         

         

         

         

         

         

         

         

         

         

         

         

         

         

         

         

         

         

         

         

         

         

         

         

         

         

         

         

         

         

         

         

         

         

         

         

         

         

         

         

         

         

         

         

         

         

         

         

         

         

         

         

         

         

         

         

         

         

         

         

         

         

         

         

         

         

         

         

         

         

         

         

         

         

         

         

         

         

         

         

         

         

         

         

         

         

         

         

         

         

         

         

         

         

         

         

         

         

         

         

         

         

         

         

         

         

         

         

         

         

         

         

         

         

         

         

         

         

         

         

         

         

         

         

         

         

         

         

         

         

         

         

         

         

         

         

         

         

         

         

         

         

         

         

         

         

         

         

         

         

         

         

         

         

         

         

         

         

         

         

         

         

         

         

         

         

         

         

         

         

         

         

         

         

         

         

         

         

         

         

         

         

         

         

         

         

         

         

         

         

         

         

         

         

         

         

         

         

         

         

         

         

         

         

         

         

         

         

         

         

         

         

         

         

         

         

         

         

         

         

         

         

         

         

         

         

         

         

         

         

         

         

         

         

         

         

         

         

         

         

         

         

         

         

         

         

         

         

         

         

         

         

         

         

         

         

         

         

         

         

         

         

         

         

         

         

         

         

         

         

         

         

         

         

         

         

         

         

         

         

         

         

         

         

         

         

         

         

         

         

         

         

         

         

         

         

         

         

         

         

         

         

         

         

         

         

         

         

         

         

         

         

         

         

         

         

         

         

         

         

         

         

         

         

         

         

         

         

         

         

         

         

         

         

         

         

         

         

         

         

         

         

         

         

         

         

         

         

         

         

         

         

         

         

         

         

         

         

         

         

         

         

         

         

         

         

         

         

         

         

         

         

         

         

         

         

         

         

         

         

         

         

         

         

         

         

         

         

         

         

         

         

         

         

         

         

         

         

         

         

         

         

         

         

         

         

         

         

         

         

         

         

         

         

         

         

         

         

         

         

         

         

         

         

         

         

         

         

         

         

         

         

         

         

         

         

         

         

         

         

         

         

         

         

         

         

         

         

         

         

         

         

         

         

         

         

         

         

         

         

         

         

         

         

         

         

         

         

         

         

         

         

         

         

         

         

         

         

         

         

         

         

         

         

         

         

         

         

         

         

         

         

         

         

         

         

         

         

         

         

         

         

         

         

         

         

         

         

         

         

         

         

         

         

         

         

         

         

         

         

         

         

         

         

         

         

         

         

         

         

         

         

         

         

         

         

         

         

         

         

         

         

         

         

         

         

         

         

         

         

         

         

         

         

         

         

         

         

         

         

         

         

         

         

         

         

         

         

         

         

         

         

         

         

         

         

         

         

         

         

         

         

         

         

         

         

         

         

         

         

         

         

         

         

         

         

         

         

         

         

         

         

         

         

         

         

         

         

         

         

         

         

         

         

         

         

         

         

         

         

         

         

         

         

         

         

         

         

         

         

         

         

         

         

         

         

         

         

         

         

         

         

         

         

         

         

         

         

         

         

         

         

         

         

         

         

         

         

         

         

         

         

         

         

         

         

         

         

         

         

         

         

         

         

         

         

         

         

         

         

         

         

         

         

         

         

         

         

         

         

         

         

         

         

         

         

         

         

         

         

         

         

         

         

         

         

         

         

         

         

         

         

         

         

         

         

         

         

         

         

         

         

         

         

         

         

         

         

         

         

         

         

         

         

         

         

         

         

         

         

         

         

         

         

         

         

         

         

         

         

         

         

         

         

         

         

         

         

         

         

         

         

         

         

         

         

         

         

         

         

         

         

         

         

         

         

         

         

         

         

         

         

         

         

         

         

         

         

         

         

         

         

         

         

         

         

         

         

         

         

         

         

         

         

         

         

         

         

         

         

         

         

         

         

         

         

         

         

         

         

         

         

         

         

         

         

         

         

[02:31:09] [PB-Basic-012|deepseek-v3.2|seed=42] generate
[02:31:09] Progress: 10/36
[02:24:39] [PB-Basic-006|deepseek-v3.2|seed=42] revised (8049 chars, 390.4s elapsed)
[02:24:39] [PB-Basic-006|deepseek-v3.2|seed=42] verify iter=2

[1;31mProvider List: https://docs.litellm.ai/docs/providers[0m

[02:09:52] [PB-Advanced-005|deepseek-v3.2|seed=42] → score=0/7 pass=False iters=3 stopped_early=False total=1278.22s
[02:31:10] [PB-Basic-023|nemotron-3-super-120b-a12b|seed=42] generate
[02:31:10] Progress: 11/36

[1;31mProvider List: https://docs.litellm.ai/docs/providers[0m


[1;31mProvider List: https://docs.litellm.ai/docs/providers[0m

[02:28:03] [PB-Basic-007|deepseek-v3.2|seed=42] generate done (11524 chars, 196.3s)
[02:28:03] [PB-Basic-007|deepseek-v3.2|seed=42] verify iter=1
[02:09:52] [PB-Advanced-014|deepseek-v3.2|seed=42] revise iter=3

[1;31mGive Feedback / Get Help: https://github.com/BerriAI/litellm/issues/new[0m
LiteLLM.Info: If you need to debug this error, use `litellm._turn_on_debug()'.

[02:09:52] [PB-Advanced-011|deepseek-v3.2|seed=42] ERROR revise iter=3: litellm.APIError: APIError: OpenrouterException - Unable to get json response - Expecting value: line 615 column 1 (char 3377), Original Response: 
         

         

         

         

         

         

         

         

         

         

         

         

         

         

         

         

         

         

         

         

         

         

         

         

         

         

         

         

         

         

         

         

         

         

         

         

         

         

         

         

         

         

         

         

         

         

         

         

         

         

         

         

         

         

         

         

         

         

         

         

         

         

         

         

         

         

         

         

         

         

         

         

         

         

         

         

         

         

         

         

         

         

         

         

         

         

         

         

         

         

         

         

         

         

         

         

         

         

         

         

         

         

         

         

         

         

         

         

         

         

         

         

         

         

         

         

         

         

         

         

         

         

         

         

         

         

         

         

         

         

         

         

         

         

         

         

         

         

         

         

         

         

         

         

         

         

         

         

         

         

         

         

         

         

         

         

         

         

         

         

         

         

         

         

         

         

         

         

         

         

         

         

         

         

         

         

         

         

         

         

         

         

         

         

         

         

         

         

         

         

         

         

         

         

         

         

         

         

         

         

         

         

         

         

         

         

         

         

         

         

         

         

         

         

         

         

         

         

         

         

         

         

         

         

         

         

         

         

         

         

         

         

         

         

         

         

         

         

         

         

         

         

         

         

         

         

         

         

         

         

         

         

         

         

         

         

         

         

         

         

         

         

         

         

         

         

         

         

         

         

         

         

         

         

         

         

         

         

         

         

         

         

         

         

         

         

         

         

         

         

         

         

         

         

         

         

         

         

         

         

         

         

         

         

         

         

         

Traceback (most recent call last):
  File "/Users/benjamingrayzel/sandbox/agentic-math-solver/agentic-math-solver/.venv/lib/python3.12/site-packages/litellm/llms/openai/chat/gpt_transformation.py", line 635, in transform_response
    completion_response = raw_response.json()
                          ^^^^^^^^^^^^^^^^^^^
  File "/Users/benjamingrayzel/sandbox/agentic-math-solver/agentic-math-solver/.venv/lib/python3.12/site-packages/httpx/_models.py", line 832, in json
    return jsonlib.loads(self.content, **kwargs)
           ^^^^^^^^^^^^^^^^^^^^^^^^^^^^^^^^^^^^^
  File "/Users/benjamingrayzel/.local/share/uv/python/cpython-3.12.12-macos-aarch64-none/lib/python3.12/json/__init__.py", line 346, in loads
    return _default_decoder.decode(s)
           ^^^^^^^^^^^^^^^^^^^^^^^^^^
  File "/Users/benjamingrayzel/.local/share/uv/python/cpython-3.12.12-macos-aarch64-none/lib/python3.12/json/decoder.py", line 338, in decode
    obj, end = self.raw_decode(s, idx=_w(s, 0).end())
               ^^^^^^^^^^^^^^^^^^^^^^^^^^^^^^^^^^^^^^
  File "/Users/benjamingrayzel/.local/share/uv/python/cpython-3.12.12-macos-aarch64-none/lib/python3.12/json/decoder.py", line 356, in raw_decode
    raise JSONDecodeError("Expecting value", s, err.value) from None
json.decoder.JSONDecodeError: Expecting value: line 615 column 1 (char 3377)

During handling of the above exception, another exception occurred:

Traceback (most recent call last):
  File "/Users/benjamingrayzel/sandbox/agentic-math-solver/agentic-math-solver/.venv/lib/python3.12/site-packages/litellm/main.py", line 3313, in completion
    response = base_llm_http_handler.completion(
               ^^^^^^^^^^^^^^^^^^^^^^^^^^^^^^^^^
  File "/Users/benjamingrayzel/sandbox/agentic-math-solver/agentic-math-solver/.venv/lib/python3.12/site-packages/litellm/llms/custom_httpx/llm_http_handler.py", line 570, in completion
    return provider_config.transform_response(
           ^^^^^^^^^^^^^^^^^^^^^^^^^^^^^^^^^^^
  File "/Users/benjamingrayzel/sandbox/agentic-math-solver/agentic-math-solver/.venv/lib/python3.12/site-packages/litellm/llms/openrouter/chat/transformation.py", line 201, in transform_response
    model_response = super().transform_response(
                     ^^^^^^^^^^^^^^^^^^^^^^^^^^^
  File "/Users/benjamingrayzel/sandbox/agentic-math-solver/agentic-math-solver/.venv/lib/python3.12/site-packages/litellm/llms/openai/chat/gpt_transformation.py", line 638, in transform_response
    raise OpenAIError(
litellm.llms.openai.common_utils.OpenAIError: Unable to get json response - Expecting value: line 615 column 1 (char 3377), Original Response: 
         

         

         

         

         

         

         

         

         

         

         

         

         

         

         

         

         

         

         

         

         

         

         

         

         

         

         

         

         

         

         

         

         

         

         

         

         

         

         

         

         

         

         

         

         

         

         

         

         

         

         

         

         

         

         

         

         

         

         

         

         

         

         

         

         

         

         

         

         

         

         

         

         

         

         

         

         

         

         

         

         

         

         

         

         

         

         

         

         

         

         

         

         

         

         

         

         

         

         

         

         

         

         

         

         

         

         

         

         

         

         

         

         

         

         

         

         

         

         

         

         

         

         

         

         

         

         

         

         

         

         

         

         

         

         

         

         

         

         

         

         

         

         

         

         

         

         

         

         

         

         

         

         

         

         

         

         

         

         

         

         

         

         

         

         

         

         

         

         

         

         

         

         

         

         

         

         

         

         

         

         

         

         

         

         

         

         

         

         

         

         

         

         

         

         

         

         

         

         

         

         

         

         

         

         

         

         

         

         

         

         

         

         

         

         

         

         

         

         

         

         

         

         

         

         

         

         

         

         

         

         

         

         

         

         

         

         

         

         

         

         

         

         

         

         

         

         

         

         

         

         

         

         

         

         

         

         

         

         

         

         

         

         

         

         

         

         

         

         

         

         

         

         

         

         

         

         

         

         

         

         

         

         

         

         

         

         

         

         

         

         

         

         

         

         

         

         

         

         

         

         

         

         

         

         

         

         


During handling of the above exception, another exception occurred:

Traceback (most recent call last):
  File "/Users/benjamingrayzel/sandbox/agentic-math-solver/agentic-math-solver/experiments/full_pipeline_imo_medium_pass1_20260327.py", line 165, in run_trial
    new_solution = revise(
                   ^^^^^^^
  File "/Users/benjamingrayzel/sandbox/agentic-math-solver/agentic-math-solver/src/pipeline.py", line 169, in revise
    response = _call_llm(sys_instructions, prompt, model, max_tokens)
               ^^^^^^^^^^^^^^^^^^^^^^^^^^^^^^^^^^^^^^^^^^^^^^^^^^^^^^
  File "/Users/benjamingrayzel/sandbox/agentic-math-solver/agentic-math-solver/src/pipeline.py", line 88, in _call_llm
    return llm(prompt, model=model, system=system, max_tokens=max_tokens)
           ^^^^^^^^^^^^^^^^^^^^^^^^^^^^^^^^^^^^^^^^^^^^^^^^^^^^^^^^^^^^^^
  File "/Users/benjamingrayzel/sandbox/agentic-math-solver/agentic-math-solver/src/utils.py", line 38, in llm
    resp = litellm.completion(model=model, messages=messages, max_tokens=max_tokens)
           ^^^^^^^^^^^^^^^^^^^^^^^^^^^^^^^^^^^^^^^^^^^^^^^^^^^^^^^^^^^^^^^^^^^^^^^^^
  File "/Users/benjamingrayzel/sandbox/agentic-math-solver/agentic-math-solver/.venv/lib/python3.12/site-packages/litellm/utils.py", line 1775, in wrapper
    raise e
  File "/Users/benjamingrayzel/sandbox/agentic-math-solver/agentic-math-solver/.venv/lib/python3.12/site-packages/litellm/utils.py", line 1596, in wrapper
    result = original_function(*args, **kwargs)
             ^^^^^^^^^^^^^^^^^^^^^^^^^^^^^^^^^^
  File "/Users/benjamingrayzel/sandbox/agentic-math-solver/agentic-math-solver/.venv/lib/python3.12/site-packages/litellm/main.py", line 4408, in completion
    raise exception_type(
          ^^^^^^^^^^^^^^^
  File "/Users/benjamingrayzel/sandbox/agentic-math-solver/agentic-math-solver/.venv/lib/python3.12/site-packages/litellm/litellm_core_utils/exception_mapping_utils.py", line 2456, in exception_type
    raise e
  File "/Users/benjamingrayzel/sandbox/agentic-math-solver/agentic-math-solver/.venv/lib/python3.12/site-packages/litellm/litellm_core_utils/exception_mapping_utils.py", line 2389, in exception_type
    raise APIError(
litellm.exceptions.APIError: litellm.APIError: APIError: OpenrouterException - Unable to get json response - Expecting value: line 615 column 1 (char 3377), Original Response: 
         

         

         

         

         

         

         

         

         

         

         

         

         

         

         

         

         

         

         

         

         

         

         

         

         

         

         

         

         

         

         

         

         

         

         

         

         

         

         

         

         

         

         

         

         

         

         

         

         

         

         

         

         

         

         

         

         

         

         

         

         

         

         

         

         

         

         

         

         

         

         

         

         

         

         

         

         

         

         

         

         

         

         

         

         

         

         

         

         

         

         

         

         

         

         

         

         

         

         

         

         

         

         

         

         

         

         

         

         

         

         

         

         

         

         

         

         

         

         

         

         

         

         

         

         

         

         

         

         

         

         

         

         

         

         

         

         

         

         

         

         

         

         

         

         

         

         

         

         

         

         

         

         

         

         

         

         

         

         

         

         

         

         

         

         

         

         

         

         

         

         

         

         

         

         

         

         

         

         

         

         

         

         

         

         

         

         

         

         

         

         

         

         

         

         

         

         

         

         

         

         

         

         

         

         

         

         

         

         

         

         

         

         

         

         

         

         

         

         

         

         

         

         

         

         

         

         

         

         

         

         

         

         

         

         

         

         

         

         

         

         

         

         

         

         

         

         

         

         

         

         

         

         

         

         

         

         

         

         

         

         

         

         

         

         

         

         

         

         

         

         

         

         

         

         

         

         

         

         

         

         

         

         

         

         

         

         

         

         

         

         

         

         

         

         

         

         

         

         

         

         

         

         

         

         

         

         


[02:31:24] [PB-Basic-023|deepseek-v3.2|seed=42] generate
[02:31:24] FAILED [PB-Advanced-011|deepseek-v3.2|seed=42]: litellm.APIError: APIError: OpenrouterException - Unable to get json response - Expecting value: line 615 column 1 (char 3377), Original Response: 
         

         

         

         

         

         

         

         

         

         

         

         

         

         

         

         

         

         

         

         

         

         

         

         

         

         

         

         

         

         

         

         

         

         

         

         

         

         

         

         

         

         

         

         

         

         

         

         

         

         

         

         

         

         

         

         

         

         

         

         

         

         

         

         

         

         

         

         

         

         

         

         

         

         

         

         

         

         

         

         

         

         

         

         

         

         

         

         

         

         

         

         

         

         

         

         

         

         

         

         

         

         

         

         

         

         

         

         

         

         

         

         

         

         

         

         

         

         

         

         

         

         

         

         

         

         

         

         

         

         

         

         

         

         

         

         

         

         

         

         

         

         

         

         

         

         

         

         

         

         

         

         

         

         

         

         

         

         

         

         

         

         

         

         

         

         

         

         

         

         

         

         

         

         

         

         

         

         

         

         

         

         

         

         

         

         

         

         

         

         

         

         

         

         

         

         

         

         

         

         

         

         

         

         

         

         

         

         

         

         

         

         

         

         

         

         

         

         

         

         

         

         

         

         

         

         

         

         

         

         

         

         

         

         

         

         

         

         

         

         

         

         

         

         

         

         

         

         

         

         

         

         

         

         

         

         

         

         

         

         

         

         

         

         

         

         

         

         

         

         

         

         

         

         

         

         

         

         

         

         

         

         

         

         

         

         

         

         

         

         

         

         

         

         

         

         

         

         

         

         

         

         

         

         

         

         

         

[02:31:24] Progress: 12/36
[02:28:03] [PB-Basic-007|deepseek-v3.2|seed=42] revise iter=1
[02:24:39] [PB-Basic-006|deepseek-v3.2|seed=42] revise iter=2
[02:09:52] [PB-Advanced-023|deepseek-v3.2|seed=42] revise iter=2
[02:31:24] [PB-Basic-023|deepseek-v3.2|seed=42] generate done (9829 chars, 123.8s)
[02:31:24] [PB-Basic-023|deepseek-v3.2|seed=42] verify iter=1
[02:31:24] [PB-Basic-023|deepseek-v3.2|seed=42] verifier satisfied at iter=1, stopping early
[02:31:24] [PB-Basic-023|deepseek-v3.2|seed=42] judge (with ground truth)
[02:28:03] [PB-Basic-007|deepseek-v3.2|seed=42] revised (10861 chars, 339.4s elapsed)
[02:28:03] [PB-Basic-007|deepseek-v3.2|seed=42] verify iter=2

[1;31mProvider List: https://docs.litellm.ai/docs/providers[0m

[02:31:24] [PB-Basic-023|deepseek-v3.2|seed=42] → score=0/7 pass=False iters=1 stopped_early=True total=138.63s
[02:33:43] [PB-Basic-024|nemotron-3-super-120b-a12b|seed=42] generate
[02:33:43] Progress: 13/36

[1;31mProvider List: https://docs.litellm.ai/docs/providers[0m


[1;31mProvider List: https://docs.litellm.ai/docs/providers[0m

[02:09:52] [PB-Advanced-002|deepseek-v3.2|seed=42] revised (15956 chars, 1435.9s elapsed)
[02:09:52] [PB-Advanced-002|deepseek-v3.2|seed=42] verify iter=2

[1;31mProvider List: https://docs.litellm.ai/docs/providers[0m

[02:09:52] [PB-Advanced-010|nemotron-3-super-120b-a12b|seed=42] revise iter=3

[1;31mProvider List: https://docs.litellm.ai/docs/providers[0m


[1;31mProvider List: https://docs.litellm.ai/docs/providers[0m


[1;31mProvider List: https://docs.litellm.ai/docs/providers[0m

[02:28:30] [PB-Basic-012|nemotron-3-super-120b-a12b|seed=42] generate done (3965 chars, 323.0s)
[02:28:30] [PB-Basic-012|nemotron-3-super-120b-a12b|seed=42] verify iter=1

[1;31mProvider List: https://docs.litellm.ai/docs/providers[0m


[1;31mProvider List: https://docs.litellm.ai/docs/providers[0m

[02:09:52] [PB-Advanced-008|deepseek-v3.2|seed=42] revised (28957 chars, 1446.6s elapsed)
[02:09:52] [PB-Advanced-008|deepseek-v3.2|seed=42] judge (with ground truth)

[1;31mProvider List: https://docs.litellm.ai/docs/providers[0m

[02:09:52] [PB-Advanced-008|deepseek-v3.2|seed=42] → score=0/7 pass=False iters=3 stopped_early=False total=1452.02s
[02:34:04] Progress: 14/36
[02:34:04] [PB-Basic-024|deepseek-v3.2|seed=42] generate
[02:28:03] [PB-Basic-007|deepseek-v3.2|seed=42] revise iter=2

[1;31mProvider List: https://docs.litellm.ai/docs/providers[0m

[02:09:52] [PB-Advanced-014|nemotron-3-super-120b-a12b|seed=42] revise iter=3

[1;31mProvider List: https://docs.litellm.ai/docs/providers[0m


[1;31mProvider List: https://docs.litellm.ai/docs/providers[0m


[1;31mProvider List: https://docs.litellm.ai/docs/providers[0m

[02:26:22] [PB-Basic-007|nemotron-3-super-120b-a12b|seed=42] revised (74892 chars, 541.0s elapsed)
[02:26:22] [PB-Basic-007|nemotron-3-super-120b-a12b|seed=42] verify iter=2

[1;31mProvider List: https://docs.litellm.ai/docs/providers[0m


[1;31mProvider List: https://docs.litellm.ai/docs/providers[0m


[1;31mProvider List: https://docs.litellm.ai/docs/providers[0m

[02:28:30] [PB-Basic-012|nemotron-3-super-120b-a12b|seed=42] verifier satisfied at iter=1, stopping early
[02:28:30] [PB-Basic-012|nemotron-3-super-120b-a12b|seed=42] judge (with ground truth)

[1;31mProvider List: https://docs.litellm.ai/docs/providers[0m

[02:26:22] [PB-Basic-007|nemotron-3-super-120b-a12b|seed=42] revise iter=2

[1;31mProvider List: https://docs.litellm.ai/docs/providers[0m


[1;31mProvider List: https://docs.litellm.ai/docs/providers[0m


[1;31mProvider List: https://docs.litellm.ai/docs/providers[0m

[02:09:52] [PB-Advanced-002|nemotron-3-super-120b-a12b|seed=42] revise iter=3

[1;31mProvider List: https://docs.litellm.ai/docs/providers[0m


[1;31mProvider List: https://docs.litellm.ai/docs/providers[0m

[02:09:52] [PB-Advanced-002|deepseek-v3.2|seed=42] revise iter=2
[02:21:03] [PB-Advanced-026|deepseek-v3.2|seed=42] revise iter=2

[1;31mProvider List: https://docs.litellm.ai/docs/providers[0m

[02:28:30] [PB-Basic-012|nemotron-3-super-120b-a12b|seed=42] → score=7/7 pass=True iters=1 stopped_early=True total=424.81s
[02:35:35] Progress: 15/36
[02:35:35] [PB-Basic-026|nemotron-3-super-120b-a12b|seed=42] generate

[1;31mProvider List: https://docs.litellm.ai/docs/providers[0m


[1;31mProvider List: https://docs.litellm.ai/docs/providers[0m

[02:09:52] [PB-Advanced-023|deepseek-v3.2|seed=42] revised (21479 chars, 1560.4s elapsed)
[02:09:52] [PB-Advanced-023|deepseek-v3.2|seed=42] verify iter=3
[02:09:52] [PB-Advanced-014|deepseek-v3.2|seed=42] revised (36853 chars, 1578.2s elapsed)
[02:09:52] [PB-Advanced-014|deepseek-v3.2|seed=42] judge (with ground truth)

[1;31mProvider List: https://docs.litellm.ai/docs/providers[0m

[02:09:52] [PB-Advanced-014|deepseek-v3.2|seed=42] → score=1/7 pass=False iters=3 stopped_early=False total=1584.34s
[02:36:16] Progress: 16/36
[02:36:16] [PB-Basic-026|deepseek-v3.2|seed=42] generate
[02:24:39] [PB-Basic-006|deepseek-v3.2|seed=42] revised (23754 chars, 712.1s elapsed)
[02:24:39] [PB-Basic-006|deepseek-v3.2|seed=42] verify iter=3
[02:24:39] [PB-Basic-006|deepseek-v3.2|seed=42] revise iter=3
[02:34:04] [PB-Basic-024|deepseek-v3.2|seed=42] generate done (11575 chars, 185.4s)
[02:34:04] [PB-Basic-024|deepseek-v3.2|seed=42] verify iter=1
[02:09:52] [PB-Advanced-002|deepseek-v3.2|seed=42] revised (9266 chars, 1643.1s elapsed)
[02:09:52] [PB-Advanced-002|deepseek-v3.2|seed=42] verify iter=3
[02:31:09] [PB-Basic-012|deepseek-v3.2|seed=42] generate done (13451 chars, 376.3s)
[02:31:09] [PB-Basic-012|deepseek-v3.2|seed=42] verify iter=1

[1;31mProvider List: https://docs.litellm.ai/docs/providers[0m

[02:31:10] [PB-Basic-023|nemotron-3-super-120b-a12b|seed=42] generate done (74381 chars, 386.8s)
[02:31:10] [PB-Basic-023|nemotron-3-super-120b-a12b|seed=42] verify iter=1

[1;31mProvider List: https://docs.litellm.ai/docs/providers[0m


[1;31mProvider List: https://docs.litellm.ai/docs/providers[0m


[1;31mProvider List: https://docs.litellm.ai/docs/providers[0m

[02:26:22] [PB-Basic-007|nemotron-3-super-120b-a12b|seed=42] revised (8770 chars, 679.3s elapsed)
[02:26:22] [PB-Basic-007|nemotron-3-super-120b-a12b|seed=42] verify iter=3

[1;31mProvider List: https://docs.litellm.ai/docs/providers[0m


[1;31mProvider List: https://docs.litellm.ai/docs/providers[0m

[02:21:03] [PB-Advanced-026|deepseek-v3.2|seed=42] revised (13220 chars, 1033.9s elapsed)
[02:21:03] [PB-Advanced-026|deepseek-v3.2|seed=42] verify iter=3
[02:28:03] [PB-Basic-007|deepseek-v3.2|seed=42] revised (16791 chars, 615.5s elapsed)
[02:28:03] [PB-Basic-007|deepseek-v3.2|seed=42] verify iter=3

[1;31mProvider List: https://docs.litellm.ai/docs/providers[0m

[02:33:43] [PB-Basic-024|nemotron-3-super-120b-a12b|seed=42] generate done (3202 chars, 303.6s)
[02:33:43] [PB-Basic-024|nemotron-3-super-120b-a12b|seed=42] verify iter=1

[1;31mProvider List: https://docs.litellm.ai/docs/providers[0m


[1;31mProvider List: https://docs.litellm.ai/docs/providers[0m

[02:34:04] [PB-Basic-024|deepseek-v3.2|seed=42] revise iter=1
[02:28:03] [PB-Basic-007|deepseek-v3.2|seed=42] revise iter=3

[1;31mProvider List: https://docs.litellm.ai/docs/providers[0m

[02:33:43] [PB-Basic-024|nemotron-3-super-120b-a12b|seed=42] verifier satisfied at iter=1, stopping early
[02:33:43] [PB-Basic-024|nemotron-3-super-120b-a12b|seed=42] judge (with ground truth)

[1;31mProvider List: https://docs.litellm.ai/docs/providers[0m

[02:33:43] [PB-Basic-024|nemotron-3-super-120b-a12b|seed=42] → score=7/7 pass=True iters=1 stopped_early=True total=353.33s
[02:39:36] Progress: 17/36
[02:39:36] [PB-Basic-028|nemotron-3-super-120b-a12b|seed=42] generate

[1;31mProvider List: https://docs.litellm.ai/docs/providers[0m


[1;31mProvider List: https://docs.litellm.ai/docs/providers[0m

[02:21:03] [PB-Advanced-026|deepseek-v3.2|seed=42] revise iter=3

[1;31mProvider List: https://docs.litellm.ai/docs/providers[0m

[02:09:52] [PB-Advanced-010|nemotron-3-super-120b-a12b|seed=42] revised (62288 chars, 1801.4s elapsed)
[02:09:52] [PB-Advanced-010|nemotron-3-super-120b-a12b|seed=42] judge (with ground truth)

[1;31mProvider List: https://docs.litellm.ai/docs/providers[0m

[02:09:52] [PB-Advanced-010|nemotron-3-super-120b-a12b|seed=42] → score=0/7 pass=False iters=3 stopped_early=False total=1806.39s
[02:39:58] [PB-Basic-028|deepseek-v3.2|seed=42] generate
[02:39:58] Progress: 18/36

[1;31mProvider List: https://docs.litellm.ai/docs/providers[0m

[02:26:22] [PB-Basic-007|nemotron-3-super-120b-a12b|seed=42] revise iter=3

[1;31mProvider List: https://docs.litellm.ai/docs/providers[0m


[1;31mProvider List: https://docs.litellm.ai/docs/providers[0m


[1;31mProvider List: https://docs.litellm.ai/docs/providers[0m

[02:26:22] [PB-Basic-007|nemotron-3-super-120b-a12b|seed=42] revised (395 chars, 831.7s elapsed)
[02:26:22] [PB-Basic-007|nemotron-3-super-120b-a12b|seed=42] judge (with ground truth)

[1;31mProvider List: https://docs.litellm.ai/docs/providers[0m

[02:26:22] [PB-Basic-007|nemotron-3-super-120b-a12b|seed=42] → score=0/7 pass=False iters=3 stopped_early=False total=835.58s
[02:40:18] Progress: 19/36
[02:40:18] [PB-Basic-029|nemotron-3-super-120b-a12b|seed=42] generate

[1;31mProvider List: https://docs.litellm.ai/docs/providers[0m


[1;31mProvider List: https://docs.litellm.ai/docs/providers[0m


[1;31mProvider List: https://docs.litellm.ai/docs/providers[0m

[02:35:35] [PB-Basic-026|nemotron-3-super-120b-a12b|seed=42] generate done (164 chars, 287.8s)
[02:35:35] [PB-Basic-026|nemotron-3-super-120b-a12b|seed=42] verify iter=1

[1;31mProvider List: https://docs.litellm.ai/docs/providers[0m


[1;31mProvider List: https://docs.litellm.ai/docs/providers[0m


[1;31mProvider List: https://docs.litellm.ai/docs/providers[0m

[02:39:36] [PB-Basic-028|nemotron-3-super-120b-a12b|seed=42] generate done (3744 chars, 54.9s)
[02:39:36] [PB-Basic-028|nemotron-3-super-120b-a12b|seed=42] verify iter=1

[1;31mProvider List: https://docs.litellm.ai/docs/providers[0m


[1;31mProvider List: https://docs.litellm.ai/docs/providers[0m


[1;31mProvider List: https://docs.litellm.ai/docs/providers[0m

[02:35:35] [PB-Basic-026|nemotron-3-super-120b-a12b|seed=42] revise iter=1

[1;31mProvider List: https://docs.litellm.ai/docs/providers[0m


[1;31mProvider List: https://docs.litellm.ai/docs/providers[0m

[02:09:52] [PB-Advanced-023|deepseek-v3.2|seed=42] revise iter=3
[02:31:09] [PB-Basic-012|deepseek-v3.2|seed=42] revise iter=1

[1;31mGive Feedback / Get Help: https://github.com/BerriAI/litellm/issues/new[0m
LiteLLM.Info: If you need to debug this error, use `litellm._turn_on_debug()'.


[1;31mProvider List: https://docs.litellm.ai/docs/providers[0m

[02:39:36] [PB-Basic-028|nemotron-3-super-120b-a12b|seed=42] ERROR verify iter=1: litellm.APIError: APIError: OpenrouterException - The operation was aborted
Traceback (most recent call last):
  File "/Users/benjamingrayzel/sandbox/agentic-math-solver/agentic-math-solver/.venv/lib/python3.12/site-packages/litellm/main.py", line 3313, in completion
    response = base_llm_http_handler.completion(
               ^^^^^^^^^^^^^^^^^^^^^^^^^^^^^^^^^
  File "/Users/benjamingrayzel/sandbox/agentic-math-solver/agentic-math-solver/.venv/lib/python3.12/site-packages/litellm/llms/custom_httpx/llm_http_handler.py", line 570, in completion
    return provider_config.transform_response(
           ^^^^^^^^^^^^^^^^^^^^^^^^^^^^^^^^^^^
  File "/Users/benjamingrayzel/sandbox/agentic-math-solver/agentic-math-solver/.venv/lib/python3.12/site-packages/litellm/llms/openrouter/chat/transformation.py", line 201, in transform_response
    model_response = super().transform_response(
                     ^^^^^^^^^^^^^^^^^^^^^^^^^^^
  File "/Users/benjamingrayzel/sandbox/agentic-math-solver/agentic-math-solver/.venv/lib/python3.12/site-packages/litellm/llms/openai/chat/gpt_transformation.py", line 646, in transform_response
    final_response_obj = convert_to_model_response_object(
                         ^^^^^^^^^^^^^^^^^^^^^^^^^^^^^^^^^
  File "/Users/benjamingrayzel/sandbox/agentic-math-solver/agentic-math-solver/.venv/lib/python3.12/site-packages/litellm/litellm_core_utils/llm_response_utils/convert_dict_to_response.py", line 525, in convert_to_model_response_object
    raise raised_exception
Exception

During handling of the above exception, another exception occurred:

Traceback (most recent call last):
  File "/Users/benjamingrayzel/sandbox/agentic-math-solver/agentic-math-solver/experiments/full_pipeline_imo_medium_pass1_20260327.py", line 148, in run_trial
    critique = verify(
               ^^^^^^^
  File "/Users/benjamingrayzel/sandbox/agentic-math-solver/agentic-math-solver/src/pipeline.py", line 141, in verify
    response = _call_llm(sys_instructions, prompt, model, max_tokens)
               ^^^^^^^^^^^^^^^^^^^^^^^^^^^^^^^^^^^^^^^^^^^^^^^^^^^^^^
  File "/Users/benjamingrayzel/sandbox/agentic-math-solver/agentic-math-solver/src/pipeline.py", line 88, in _call_llm
    return llm(prompt, model=model, system=system, max_tokens=max_tokens)
           ^^^^^^^^^^^^^^^^^^^^^^^^^^^^^^^^^^^^^^^^^^^^^^^^^^^^^^^^^^^^^^
  File "/Users/benjamingrayzel/sandbox/agentic-math-solver/agentic-math-solver/src/utils.py", line 38, in llm
    resp = litellm.completion(model=model, messages=messages, max_tokens=max_tokens)
           ^^^^^^^^^^^^^^^^^^^^^^^^^^^^^^^^^^^^^^^^^^^^^^^^^^^^^^^^^^^^^^^^^^^^^^^^^
  File "/Users/benjamingrayzel/sandbox/agentic-math-solver/agentic-math-solver/.venv/lib/python3.12/site-packages/litellm/utils.py", line 1775, in wrapper
    raise e
  File "/Users/benjamingrayzel/sandbox/agentic-math-solver/agentic-math-solver/.venv/lib/python3.12/site-packages/litellm/utils.py", line 1596, in wrapper
    result = original_function(*args, **kwargs)
             ^^^^^^^^^^^^^^^^^^^^^^^^^^^^^^^^^^
  File "/Users/benjamingrayzel/sandbox/agentic-math-solver/agentic-math-solver/.venv/lib/python3.12/site-packages/litellm/main.py", line 4408, in completion
    raise exception_type(
          ^^^^^^^^^^^^^^^
  File "/Users/benjamingrayzel/sandbox/agentic-math-solver/agentic-math-solver/.venv/lib/python3.12/site-packages/litellm/litellm_core_utils/exception_mapping_utils.py", line 2456, in exception_type
    raise e
  File "/Users/benjamingrayzel/sandbox/agentic-math-solver/agentic-math-solver/.venv/lib/python3.12/site-packages/litellm/litellm_core_utils/exception_mapping_utils.py", line 2389, in exception_type
    raise APIError(
litellm.exceptions.APIError: litellm.APIError: APIError: OpenrouterException - The operation was aborted

[02:40:43] FAILED [PB-Basic-028|nemotron-3-super-120b-a12b|seed=42]: litellm.APIError: APIError: OpenrouterException - The operation was aborted
[02:40:43] [PB-Basic-029|deepseek-v3.2|seed=42] generate
[02:40:43] Progress: 20/36
[02:21:03] [PB-Advanced-026|deepseek-v3.2|seed=42] revised (16016 chars, 1196.7s elapsed)
[02:21:03] [PB-Advanced-026|deepseek-v3.2|seed=42] judge (with ground truth)

[1;31mProvider List: https://docs.litellm.ai/docs/providers[0m

[02:21:03] [PB-Advanced-026|deepseek-v3.2|seed=42] → score=2/7 pass=False iters=3 stopped_early=False total=1202.55s
[02:41:05] Progress: 21/36
[02:24:39] [PB-Basic-006|deepseek-v3.2|seed=42] revised (27596 chars, 1002.0s elapsed)
[02:24:39] [PB-Basic-006|deepseek-v3.2|seed=42] judge (with ground truth)

[1;31mProvider List: https://docs.litellm.ai/docs/providers[0m

[02:24:39] [PB-Basic-006|deepseek-v3.2|seed=42] → score=0/7 pass=False iters=3 stopped_early=False total=1007.78s
[02:41:27] Progress: 22/36

[1;31mProvider List: https://docs.litellm.ai/docs/providers[0m

[02:35:35] [PB-Basic-026|nemotron-3-super-120b-a12b|seed=42] revised (8082 chars, 365.8s elapsed)
[02:35:35] [PB-Basic-026|nemotron-3-super-120b-a12b|seed=42] verify iter=2

[1;31mProvider List: https://docs.litellm.ai/docs/providers[0m


[1;31mProvider List: https://docs.litellm.ai/docs/providers[0m


[1;31mProvider List: https://docs.litellm.ai/docs/providers[0m

[02:09:52] [PB-Advanced-014|nemotron-3-super-120b-a12b|seed=42] revised (96643 chars, 1908.4s elapsed)
[02:09:52] [PB-Advanced-014|nemotron-3-super-120b-a12b|seed=42] judge (with ground truth)

[1;31mProvider List: https://docs.litellm.ai/docs/providers[0m

[02:09:52] [PB-Advanced-014|nemotron-3-super-120b-a12b|seed=42] → score=7/7 pass=True iters=3 stopped_early=False total=1914.34s
[02:41:46] Progress: 23/36
[02:34:04] [PB-Basic-024|deepseek-v3.2|seed=42] revised (3254 chars, 463.3s elapsed)
[02:34:04] [PB-Basic-024|deepseek-v3.2|seed=42] verify iter=2
[02:28:03] [PB-Basic-007|deepseek-v3.2|seed=42] revised (18295 chars, 829.9s elapsed)
[02:28:03] [PB-Basic-007|deepseek-v3.2|seed=42] judge (with ground truth)

[1;31mProvider List: https://docs.litellm.ai/docs/providers[0m

[02:35:35] [PB-Basic-026|nemotron-3-super-120b-a12b|seed=42] revise iter=2

[1;31mProvider List: https://docs.litellm.ai/docs/providers[0m


[1;31mProvider List: https://docs.litellm.ai/docs/providers[0m


[1;31mProvider List: https://docs.litellm.ai/docs/providers[0m

[02:09:52] [PB-Advanced-002|nemotron-3-super-120b-a12b|seed=42] revised (106683 chars, 1923.1s elapsed)
[02:09:52] [PB-Advanced-002|nemotron-3-super-120b-a12b|seed=42] judge (with ground truth)

[1;31mProvider List: https://docs.litellm.ai/docs/providers[0m

[02:28:03] [PB-Basic-007|deepseek-v3.2|seed=42] → score=7/7 pass=True iters=3 stopped_early=False total=836.0s
[02:41:59] Progress: 24/36

[1;31mProvider List: https://docs.litellm.ai/docs/providers[0m

[02:09:52] [PB-Advanced-002|nemotron-3-super-120b-a12b|seed=42] → score=7/7 pass=True iters=3 stopped_early=False total=1928.34s
[02:42:00] Progress: 25/36

[1;31mProvider List: https://docs.litellm.ai/docs/providers[0m

[02:35:35] [PB-Basic-026|nemotron-3-super-120b-a12b|seed=42] revised (7149 chars, 386.6s elapsed)
[02:35:35] [PB-Basic-026|nemotron-3-super-120b-a12b|seed=42] verify iter=3

[1;31mProvider List: https://docs.litellm.ai/docs/providers[0m


[1;31mProvider List: https://docs.litellm.ai/docs/providers[0m


[1;31mProvider List: https://docs.litellm.ai/docs/providers[0m

[02:35:35] [PB-Basic-026|nemotron-3-super-120b-a12b|seed=42] revise iter=3

[1;31mProvider List: https://docs.litellm.ai/docs/providers[0m


[1;31mProvider List: https://docs.litellm.ai/docs/providers[0m


[1;31mProvider List: https://docs.litellm.ai/docs/providers[0m

[02:31:10] [PB-Basic-023|nemotron-3-super-120b-a12b|seed=42] revise iter=1

[1;31mProvider List: https://docs.litellm.ai/docs/providers[0m


[1;31mProvider List: https://docs.litellm.ai/docs/providers[0m


[1;31mProvider List: https://docs.litellm.ai/docs/providers[0m

[02:35:35] [PB-Basic-026|nemotron-3-super-120b-a12b|seed=42] revised (6084 chars, 396.0s elapsed)
[02:35:35] [PB-Basic-026|nemotron-3-super-120b-a12b|seed=42] judge (with ground truth)

[1;31mProvider List: https://docs.litellm.ai/docs/providers[0m

[02:35:35] [PB-Basic-026|nemotron-3-super-120b-a12b|seed=42] → score=0/7 pass=False iters=3 stopped_early=False total=400.84s
[02:42:15] Progress: 26/36
[02:34:04] [PB-Basic-024|deepseek-v3.2|seed=42] revise iter=2
[02:09:52] [PB-Advanced-002|deepseek-v3.2|seed=42] revise iter=3
[02:40:43] [PB-Basic-029|deepseek-v3.2|seed=42] generate done (17276 chars, 186.4s)
[02:40:43] [PB-Basic-029|deepseek-v3.2|seed=42] verify iter=1

[1;31mProvider List: https://docs.litellm.ai/docs/providers[0m

[02:31:10] [PB-Basic-023|nemotron-3-super-120b-a12b|seed=42] revised (77118 chars, 767.1s elapsed)
[02:31:10] [PB-Basic-023|nemotron-3-super-120b-a12b|seed=42] verify iter=2

[1;31mProvider List: https://docs.litellm.ai/docs/providers[0m


[1;31mProvider List: https://docs.litellm.ai/docs/providers[0m

[02:40:43] [PB-Basic-029|deepseek-v3.2|seed=42] revise iter=1
[02:09:52] [PB-Advanced-002|deepseek-v3.2|seed=42] revised (7451 chars, 2078.5s elapsed)
[02:09:52] [PB-Advanced-002|deepseek-v3.2|seed=42] judge (with ground truth)

[1;31mProvider List: https://docs.litellm.ai/docs/providers[0m

[02:09:52] [PB-Advanced-002|deepseek-v3.2|seed=42] → score=7/7 pass=True iters=3 stopped_early=False total=2083.58s
[02:44:36] Progress: 27/36

[1;31mProvider List: https://docs.litellm.ai/docs/providers[0m

[02:40:18] [PB-Basic-029|nemotron-3-super-120b-a12b|seed=42] generate done (119440 chars, 270.0s)
[02:40:18] [PB-Basic-029|nemotron-3-super-120b-a12b|seed=42] verify iter=1

[1;31mProvider List: https://docs.litellm.ai/docs/providers[0m


[1;31mProvider List: https://docs.litellm.ai/docs/providers[0m

[02:36:16] [PB-Basic-026|deepseek-v3.2|seed=42] generate done (14582 chars, 548.5s)
[02:36:16] [PB-Basic-026|deepseek-v3.2|seed=42] verify iter=1
[02:36:16] [PB-Basic-026|deepseek-v3.2|seed=42] revise iter=1
[02:34:04] [PB-Basic-024|deepseek-v3.2|seed=42] revised (3892 chars, 750.9s elapsed)
[02:34:04] [PB-Basic-024|deepseek-v3.2|seed=42] verify iter=3
[02:34:04] [PB-Basic-024|deepseek-v3.2|seed=42] revise iter=3
[02:36:16] [PB-Basic-026|deepseek-v3.2|seed=42] revised (9436 chars, 693.5s elapsed)
[02:36:16] [PB-Basic-026|deepseek-v3.2|seed=42] verify iter=2
[02:34:04] [PB-Basic-024|deepseek-v3.2|seed=42] revised (3678 chars, 832.5s elapsed)
[02:34:04] [PB-Basic-024|deepseek-v3.2|seed=42] judge (with ground truth)

[1;31mProvider List: https://docs.litellm.ai/docs/providers[0m

[02:34:04] [PB-Basic-024|deepseek-v3.2|seed=42] → score=7/7 pass=True iters=3 stopped_early=False total=836.66s
[02:48:01] Progress: 28/36
[02:36:16] [PB-Basic-026|deepseek-v3.2|seed=42] revise iter=2

[1;31mProvider List: https://docs.litellm.ai/docs/providers[0m

[02:31:10] [PB-Basic-023|nemotron-3-super-120b-a12b|seed=42] revise iter=2

[1;31mProvider List: https://docs.litellm.ai/docs/providers[0m


[1;31mProvider List: https://docs.litellm.ai/docs/providers[0m

[02:40:43] [PB-Basic-029|deepseek-v3.2|seed=42] revised (23595 chars, 489.3s elapsed)
[02:40:43] [PB-Basic-029|deepseek-v3.2|seed=42] verify iter=2
[02:40:43] [PB-Basic-029|deepseek-v3.2|seed=42] revise iter=2
[02:36:16] [PB-Basic-026|deepseek-v3.2|seed=42] revised (15685 chars, 784.3s elapsed)
[02:36:16] [PB-Basic-026|deepseek-v3.2|seed=42] verify iter=3
[02:39:58] [PB-Basic-028|deepseek-v3.2|seed=42] generate done (19672 chars, 578.9s)
[02:39:58] [PB-Basic-028|deepseek-v3.2|seed=42] verify iter=1
[02:36:16] [PB-Basic-026|deepseek-v3.2|seed=42] revise iter=3
[02:39:58] [PB-Basic-028|deepseek-v3.2|seed=42] revise iter=1

[1;31mProvider List: https://docs.litellm.ai/docs/providers[0m

[02:40:18] [PB-Basic-029|nemotron-3-super-120b-a12b|seed=42] revise iter=1

[1;31mProvider List: https://docs.litellm.ai/docs/providers[0m


[1;31mProvider List: https://docs.litellm.ai/docs/providers[0m

[02:40:43] [PB-Basic-029|deepseek-v3.2|seed=42] revised (15559 chars, 678.3s elapsed)
[02:40:43] [PB-Basic-029|deepseek-v3.2|seed=42] verify iter=3
[02:09:52] [PB-Advanced-023|deepseek-v3.2|seed=42] revised (15302 chars, 2582.0s elapsed)
[02:09:52] [PB-Advanced-023|deepseek-v3.2|seed=42] judge (with ground truth)

[1;31mProvider List: https://docs.litellm.ai/docs/providers[0m

[02:09:52] [PB-Advanced-023|deepseek-v3.2|seed=42] → score=7/7 pass=True iters=3 stopped_early=False total=2588.74s
[02:53:01] Progress: 29/36

[1;31mGive Feedback / Get Help: https://github.com/BerriAI/litellm/issues/new[0m
LiteLLM.Info: If you need to debug this error, use `litellm._turn_on_debug()'.

[02:31:09] [PB-Basic-012|deepseek-v3.2|seed=42] ERROR revise iter=1: litellm.APIError: APIError: OpenrouterException - Unable to get json response - Expecting value: line 3623 column 1 (char 19921), Original Response: 
         

         

         

         

         

         

         

         

         

         

         

         

         

         

         

         

         

         

         

         

         

         

         

         

         

         

         

         

         

         

         

         

         

         

         

         

         

         

         

         

         

         

         

         

         

         

         

         

         

         

         

         

         

         

         

         

         

         

         

         

         

         

         

         

         

         

         

         

         

         

         

         

         

         

         

         

         

         

         

         

         

         

         

         

         

         

         

         

         

         

         

         

         

         

         

         

         

         

         

         

         

         

         

         

         

         

         

         

         

         

         

         

         

         

         

         

         

         

         

         

         

         

         

         

         

         

         

         

         

         

         

         

         

         

         

         

         

         

         

         

         

         

         

         

         

         

         

         

         

         

         

         

         

         

         

         

         

         

         

         

         

         

         

         

         

         

         

         

         

         

         

         

         

         

         

         

         

         

         

         

         

         

         

         

         

         

         

         

         

         

         

         

         

         

         

         

         

         

         

         

         

         

         

         

         

         

         

         

         

         

         

         

         

         

         

         

         

         

         

         

         

         

         

         

         

         

         

         

         

         

         

         

         

         

         

         

         

         

         

         

         

         

         

         

         

         

         

         

         

         

         

         

         

         

         

         

         

         

         

         

         

         

         

         

         

         

         

         

         

         

         

         

         

         

         

         

         

         

         

         

         

         

         

         

         

         

         

         

         

         

         

         

         

         

         

         

         

         

         

         

         

         

         

         

         

         

         

         

         

         

         

         

         

         

         

         

         

         

         

         

         

         

         

         

         

         

         

         

         

         

         

         

         

         

         

         

         

         

         

         

         

         

         

         

         

         

         

         

         

         

         

         

         

         

         

         

         

         

         

         

         

         

         

         

         

         

         

         

         

         

         

         

         

         

         

         

         

         

         

         

         

         

         

         

         

         

         

         

         

         

         

         

         

         

         

         

         

         

         

         

         

         

         

         

         

         

         

         

         

         

         

         

         

         

         

         

         

         

         

         

         

         

         

         

         

         

         

         

         

         

         

         

         

         

         

         

         

         

         

         

         

         

         

         

         

         

         

         

         

         

         

         

         

         

         

         

         

         

         

         

         

         

         

         

         

         

         

         

         

         

         

         

         

         

         

         

         

         

         

         

         

         

         

         

         

         

         

         

         

         

         

         

         

         

         

         

         

         

         

         

         

         

         

         

         

         

         

         

         

         

         

         

         

         

         

         

         

         

         

         

         

         

         

         

         

         

         

         

         

         

         

         

         

         

         

         

         

         

         

         

         

         

         

         

         

         

         

         

         

         

         

         

         

         

         

         

         

         

         

         

         

         

         

         

         

         

         

         

         

         

         

         

         

         

         

         

         

         

         

         

         

         

         

         

         

         

         

         

         

         

         

         

         

         

         

         

         

         

         

         

         

         

         

         

         

         

         

         

         

         

         

         

         

         

         

         

         

         

         

         

         

         

         

         

         

         

         

         

         

         

         

         

         

         

         

         

         

         

         

         

         

         

         

         

         

         

         

         

         

         

         

         

         

         

         

         

         

         

         

         

         

         

         

         

         

         

         

         

         

         

         

         

         

         

         

         

         

         

         

         

         

         

         

         

         

         

         

         

         

         

         

         

         

         

         

         

         

         

         

         

         

         

         

         

         

         

         

         

         

         

         

         

         

         

         

         

         

         

         

         

         

         

         

         

         

         

         

         

         

         

         

         

         

         

         

         

         

         

         

         

         

         

         

         

         

         

         

         

         

         

         

         

         

         

         

         

         

         

         

         

         

         

         

         

         

         

         

         

         

         

         

         

         

         

         

         

         

         

         

         

         

         

         

         

         

         

         

         

         

         

         

         

         

         

         

         

         

         

         

         

         

         

         

         

         

         

         

         

         

         

         

         

         

         

         

         

         

         

         

         

         

         

         

         

         

         

         

         

         

         

         

         

         

         

         

         

         

         

         

         

         

         

         

         

         

         

         

         

         

         

         

         

         

         

         

         

         

         

         

         

         

         

         

         

         

         

         

         

         

         

         

         

         

         

         

         

         

         

         

         

         

         

         

         

         

         

         

         

         

         

         

         

         

         

         

         

         

         

         

         

         

         

         

         

         

         

         

         

         

         

         

         

         

         

         

         

         

         

         

         

         

         

         

         

         

         

         

         

         

         

         

         

         

         

         

         

         

         

         

         

         

         

         

         

         

         

         

         

         

         

         

         

         

         

         

         

         

         

         

         

         

         

         

         

         

         

         

         

         

         

         

         

         

         

         

         

         

         

         

         

         

         

         

         

         

         

         

         

         

         

         

         

         

         

         

         

         

         

         

         

         

         

         

         

         

         

         

         

         

         

         

         

         

         

         

         

         

         

         

         

         

         

         

         

         

         

         

         

         

         

         

         

         

         

         

         

         

         

         

         

         

         

         

         

         

         

         

         

         

         

         

         

         

         

         

         

         

         

         

         

         

         

         

         

         

         

         

         

         

         

         

         

         

         

         

         

         

         

         

         

         

         

         

         

         

         

         

         

         

         

         

         

         

         

         

         

         

         

         

         

         

         

         

         

         

         

         

         

         

         

         

         

         

         

         

         

         

         

         

         

         

         

         

         

         

         

         

         

         

         

         

         

         

         

         

         

         

         

         

         

         

         

         

         

         

         

         

         

         

         

         

         

         

         

         

         

         

         

         

         

         

         

         

         

         

         

         

         

         

         

         

         

         

         

         

         

         

         

         

         

         

         

         

         

         

         

         

         

         

         

         

         

         

         

         

         

         

         

         

         

         

         

         

         

         

         

         

         

         

         

         

         

         

         

         

         

         

         

         

         

         

         

         

         

         

         

         

         

         

         

         

         

         

         

         

         

         

         

         

         

         

         

         

         

         

         

         

         

         

         

         

         

         

         

         

         

         

         

         

         

         

         

         

         

         

         

         

         

         

         

         

         

         

         

         

         

         

         

         

         

         

         

         

         

         

         

         

         

         

         

         

         

         

         

         

         

         

         

         

         

         

         

         

         

         

         

         

         

         

         

         

         

         

         

         

         

         

         

         

         

         

         

         

         

         

         

         

         

         

         

         

         

         

         

         

         

         

         

         

         

         

         

         

         

         

         

         

         

         

         

         

         

         

         

         

         

         

         

         

         

         

         

         

         

         

         

         

         

         

         

         

         

         

         

         

         

         

         

         

         

         

         

         

         

         

         

         

         

         

         

         

         

         

         

         

         

         

         

         

         

         

         

         

         

         

         

         

         

         

         

         

         

         

         

         

         

         

         

         

         

         

         

         

         

         

         

         

         

         

         

         

         

         

         

         

         

         

         

         

         

         

         

         

         

         

         

         

         

         

         

         

         

         

         

         

         

         

         

         

         

         

         

         

         

         

         

         

         

         

         

         

         

         

         

         

         

         

         

         

         

         

         

         

         

         

         

         

         

         

         

         

         

         

         

         

         

         

         

         

         

         

         

         

         

         

         

         

         

         

         

         

         

         

         

         

         

         

         

         

         

         

         

         

         

         

         

         

         

         

         

         

         

         

         

         

         

         

         

         

         

         

         

         

         

         

         

         

         

         

         

         

         

         

         

         

         

         

         

         

         

         

         

         

         

         

         

         

         

         

         

         

         

         

         

         

         

         

         

         

         

         

         

         

         

         

         

         

         

         

         

         

         

         

         

         

         

         

         

         

         

         

         

         

         

         

         

         

         

         

         

         

         

         

         

         

         

         

         

         

         

         

         

         

         

         

         

         

         

         

         

         

         

         

         

         

         

         

         

         

         

         

         

         

         

         

         

         

         

         

         

         

         

         

         

         

         

         

         

         

         

         

         

         

         

         

         

         

         

         

         

         

         

         

         

         

         

         

         

         

         

         

         

         

         

         

         

         

         

         

         

         

         

         

         

         

         

         

         

         

         

         

         

         

         

         

         

         

         

         

         

         

         

         

         

         

         

         

         

         

         

         

         

         

         

         

         

         

         

         

         

         

         

         

         

         

         

         

         

         

         

         

         

         

         

         

         

         

         

         

         

         

         

         

         

         

         

         

         

         

         

         

         

         

         

         

         

         

         

         

         

         

         

         

         

         

         

         

         

         

         

         

         

         

         

         

         

         

         

         

         

         

         

         

         

         

         

         

         

         

         

         

         

         

         

         

         

         

         

         

         

         

Traceback (most recent call last):
  File "/Users/benjamingrayzel/sandbox/agentic-math-solver/agentic-math-solver/.venv/lib/python3.12/site-packages/litellm/llms/openai/chat/gpt_transformation.py", line 635, in transform_response
    completion_response = raw_response.json()
                          ^^^^^^^^^^^^^^^^^^^
  File "/Users/benjamingrayzel/sandbox/agentic-math-solver/agentic-math-solver/.venv/lib/python3.12/site-packages/httpx/_models.py", line 832, in json
    return jsonlib.loads(self.content, **kwargs)
           ^^^^^^^^^^^^^^^^^^^^^^^^^^^^^^^^^^^^^
  File "/Users/benjamingrayzel/.local/share/uv/python/cpython-3.12.12-macos-aarch64-none/lib/python3.12/json/__init__.py", line 346, in loads
    return _default_decoder.decode(s)
           ^^^^^^^^^^^^^^^^^^^^^^^^^^
  File "/Users/benjamingrayzel/.local/share/uv/python/cpython-3.12.12-macos-aarch64-none/lib/python3.12/json/decoder.py", line 338, in decode
    obj, end = self.raw_decode(s, idx=_w(s, 0).end())
               ^^^^^^^^^^^^^^^^^^^^^^^^^^^^^^^^^^^^^^
  File "/Users/benjamingrayzel/.local/share/uv/python/cpython-3.12.12-macos-aarch64-none/lib/python3.12/json/decoder.py", line 356, in raw_decode
    raise JSONDecodeError("Expecting value", s, err.value) from None
json.decoder.JSONDecodeError: Expecting value: line 3623 column 1 (char 19921)

During handling of the above exception, another exception occurred:

Traceback (most recent call last):
  File "/Users/benjamingrayzel/sandbox/agentic-math-solver/agentic-math-solver/.venv/lib/python3.12/site-packages/litellm/main.py", line 3313, in completion
    response = base_llm_http_handler.completion(
               ^^^^^^^^^^^^^^^^^^^^^^^^^^^^^^^^^
  File "/Users/benjamingrayzel/sandbox/agentic-math-solver/agentic-math-solver/.venv/lib/python3.12/site-packages/litellm/llms/custom_httpx/llm_http_handler.py", line 570, in completion
    return provider_config.transform_response(
           ^^^^^^^^^^^^^^^^^^^^^^^^^^^^^^^^^^^
  File "/Users/benjamingrayzel/sandbox/agentic-math-solver/agentic-math-solver/.venv/lib/python3.12/site-packages/litellm/llms/openrouter/chat/transformation.py", line 201, in transform_response
    model_response = super().transform_response(
                     ^^^^^^^^^^^^^^^^^^^^^^^^^^^
  File "/Users/benjamingrayzel/sandbox/agentic-math-solver/agentic-math-solver/.venv/lib/python3.12/site-packages/litellm/llms/openai/chat/gpt_transformation.py", line 638, in transform_response
    raise OpenAIError(
litellm.llms.openai.common_utils.OpenAIError: Unable to get json response - Expecting value: line 3623 column 1 (char 19921), Original Response: 
         

         

         

         

         

         

         

         

         

         

         

         

         

         

         

         

         

         

         

         

         

         

         

         

         

         

         

         

         

         

         

         

         

         

         

         

         

         

         

         

         

         

         

         

         

         

         

         

         

         

         

         

         

         

         

         

         

         

         

         

         

         

         

         

         

         

         

         

         

         

         

         

         

         

         

         

         

         

         

         

         

         

         

         

         

         

         

         

         

         

         

         

         

         

         

         

         

         

         

         

         

         

         

         

         

         

         

         

         

         

         

         

         

         

         

         

         

         

         

         

         

         

         

         

         

         

         

         

         

         

         

         

         

         

         

         

         

         

         

         

         

         

         

         

         

         

         

         

         

         

         

         

         

         

         

         

         

         

         

         

         

         

         

         

         

         

         

         

         

         

         

         

         

         

         

         

         

         

         

         

         

         

         

         

         

         

         

         

         

         

         

         

         

         

         

         

         

         

         

         

         

         

         

         

         

         

         

         

         

         

         

         

         

         

         

         

         

         

         

         

         

         

         

         

         

         

         

         

         

         

         

         

         

         

         

         

         

         

         

         

         

         

         

         

         

         

         

         

         

         

         

         

         

         

         

         

         

         

         

         

         

         

         

         

         

         

         

         

         

         

         

         

         

         

         

         

         

         

         

         

         

         

         

         

         

         

         

         

         

         

         

         

         

         

         

         

         

         

         

         

         

         

         

         

         

         

         

         

         

         

         

         

         

         

         

         

         

         

         

         

         

         

         

         

         

         

         

         

         

         

         

         

         

         

         

         

         

         

         

         

         

         

         

         

         

         

         

         

         

         

         

         

         

         

         

         

         

         

         

         

         

         

         

         

         

         

         

         

         

         

         

         

         

         

         

         

         

         

         

         

         

         

         

         

         

         

         

         

         

         

         

         

         

         

         

         

         

         

         

         

         

         

         

         

         

         

         

         

         

         

         

         

         

         

         

         

         

         

         

         

         

         

         

         

         

         

         

         

         

         

         

         

         

         

         

         

         

         

         

         

         

         

         

         

         

         

         

         

         

         

         

         

         

         

         

         

         

         

         

         

         

         

         

         

         

         

         

         

         

         

         

         

         

         

         

         

         

         

         

         

         

         

         

         

         

         

         

         

         

         

         

         

         

         

         

         

         

         

         

         

         

         

         

         

         

         

         

         

         

         

         

         

         

         

         

         

         

         

         

         

         

         

         

         

         

         

         

         

         

         

         

         

         

         

         

         

         

         

         

         

         

         

         

         

         

         

         

         

         

         

         

         

         

         

         

         

         

         

         

         

         

         

         

         

         

         

         

         

         

         

         

         

         

         

         

         

         

         

         

         

         

         

         

         

         

         

         

         

         

         

         

         

         

         

         

         

         

         

         

         

         

         

         

         

         

         

         

         

         

         

         

         

         

         

         

         

         

         

         

         

         

         

         

         

         

         

         

         

         

         

         

         

         

         

         

         

         

         

         

         

         

         

         

         

         

         

         

         

         

         

         

         

         

         

         

         

         

         

         

         

         

         

         

         

         

         

         

         

         

         

         

         

         

         

         

         

         

         

         

         

         

         

         

         

         

         

         

         

         

         

         

         

         

         

         

         

         

         

         

         

         

         

         

         

         

         

         

         

         

         

         

         

         

         

         

         

         

         

         

         

         

         

         

         

         

         

         

         

         

         

         

         

         

         

         

         

         

         

         

         

         

         

         

         

         

         

         

         

         

         

         

         

         

         

         

         

         

         

         

         

         

         

         

         

         

         

         

         

         

         

         

         

         

         

         

         

         

         

         

         

         

         

         

         

         

         

         

         

         

         

         

         

         

         

         

         

         

         

         

         

         

         

         

         

         

         

         

         

         

         

         

         

         

         

         

         

         

         

         

         

         

         

         

         

         

         

         

         

         

         

         

         

         

         

         

         

         

         

         

         

         

         

         

         

         

         

         

         

         

         

         

         

         

         

         

         

         

         

         

         

         

         

         

         

         

         

         

         

         

         

         

         

         

         

         

         

         

         

         

         

         

         

         

         

         

         

         

         

         

         

         

         

         

         

         

         

         

         

         

         

         

         

         

         

         

         

         

         

         

         

         

         

         

         

         

         

         

         

         

         

         

         

         

         

         

         

         

         

         

         

         

         

         

         

         

         

         

         

         

         

         

         

         

         

         

         

         

         

         

         

         

         

         

         

         

         

         

         

         

         

         

         

         

         

         

         

         

         

         

         

         

         

         

         

         

         

         

         

         

         

         

         

         

         

         

         

         

         

         

         

         

         

         

         

         

         

         

         

         

         

         

         

         

         

         

         

         

         

         

         

         

         

         

         

         

         

         

         

         

         

         

         

         

         

         

         

         

         

         

         

         

         

         

         

         

         

         

         

         

         

         

         

         

         

         

         

         

         

         

         

         

         

         

         

         

         

         

         

         

         

         

         

         

         

         

         

         

         

         

         

         

         

         

         

         

         

         

         

         

         

         

         

         

         

         

         

         

         

         

         

         

         

         

         

         

         

         

         

         

         

         

         

         

         

         

         

         

         

         

         

         

         

         

         

         

         

         

         

         

         

         

         

         

         

         

         

         

         

         

         

         

         

         

         

         

         

         

         

         

         

         

         

         

         

         

         

         

         

         

         

         

         

         

         

         

         

         

         

         

         

         

         

         

         

         

         

         

         

         

         

         

         

         

         

         

         

         

         

         

         

         

         

         

         

         

         

         

         

         

         

         

         

         

         

         

         

         

         

         

         

         

         

         

         

         

         

         

         

         

         

         

         

         

         

         

         

         

         

         

         

         

         

         

         

         

         

         

         

         

         

         

         

         

         

         

         

         

         

         

         

         

         

         

         

         

         

         

         

         

         

         

         

         

         

         

         

         

         

         

         

         

         

         

         

         

         

         

         

         

         

         

         

         

         

         

         

         

         

         

         

         

         

         

         

         

         

         

         

         

         

         

         

         

         

         

         

         

         

         

         

         

         

         

         

         

         

         

         

         

         

         

         

         

         

         

         

         

         

         

         

         

         

         

         

         

         

         

         

         

         

         

         

         

         

         

         

         

         

         

         

         

         

         

         

         

         

         

         

         

         

         

         

         

         

         

         

         

         

         

         

         

         

         

         

         

         

         

         

         

         

         

         

         

         

         

         

         

         

         

         

         

         

         

         

         

         

         

         

         

         

         

         

         

         

         

         

         

         

         

         

         

         

         

         

         

         

         

         

         

         

         

         

         

         

         

         

         

         

         

         

         

         

         

         

         

         

         

         

         

         

         

         

         

         

         

         

         

         

         

         

         

         

         

         

         

         

         

         

         

         

         

         

         

         

         

         

         

         

         

         

         

         

         

         

         

         

         

         

         

         

         

         

         

         

         

         

         

         

         

         

         

         

         

         

         

         

         

         

         

         

         

         

         

         

         

         

         

         

         

         

         

         

         

         

         

         

         

         

         

         

         

         

         

         

         

         

         

         

         

         

         

         

         

         

         

         

         

         

         

         

         

         

         

         

         

         

         

         

         

         

         

         

         

         

         

         

         

         

         

         

         

         

         

         

         

         

         

         

         

         

         

         

         

         

         

         

         

         

         

         

         

         

         

         

         

         

         

         

         

         

         

         

         

         

         

         

         

         

         

         

         

         

         

         

         

         

         

         

         

         

         

         

         

         

         

         

         

         

         

         

         

         

         

         

         

         

         

         

         

         

         

         

         

         

         

         

         

         

         

         

         

         

         

         

         

         

         

         

         

         

         

         

         

         

         

         

         

         

         

         

         

         

         

         

         

         

         

         

         

         

         

         

         

         

         

         

         

         

         

         

         

         

         

         

         

         

         

         

         

         

         

         

         

         

         

         

         

         

         

         

         

         

         

         

         

         

         

         

         

         

         

         

         

         

         

         

         

         

         

         

         

         

         

         

         

         

         

         

         

         

         

         

         

         

         

         

         

         

         

         

         

         

         

         

         

         

         

         

         

         

         

         

         

         

         

         

         

         

         

         

         

         

         

         

         

         

         

         

         

         

         

         

         

         

         

         

         

         

         

         

         

         

         

         

         

         

         

         

         

         

         

         

         

         

         

         

         

         

         

         

         

         

         

         

         

         

         

         

         

         

         

         

         

         

         

         

         

         

         

         

         


During handling of the above exception, another exception occurred:

Traceback (most recent call last):
  File "/Users/benjamingrayzel/sandbox/agentic-math-solver/agentic-math-solver/experiments/full_pipeline_imo_medium_pass1_20260327.py", line 165, in run_trial
    new_solution = revise(
                   ^^^^^^^
  File "/Users/benjamingrayzel/sandbox/agentic-math-solver/agentic-math-solver/src/pipeline.py", line 169, in revise
    response = _call_llm(sys_instructions, prompt, model, max_tokens)
               ^^^^^^^^^^^^^^^^^^^^^^^^^^^^^^^^^^^^^^^^^^^^^^^^^^^^^^
  File "/Users/benjamingrayzel/sandbox/agentic-math-solver/agentic-math-solver/src/pipeline.py", line 88, in _call_llm
    return llm(prompt, model=model, system=system, max_tokens=max_tokens)
           ^^^^^^^^^^^^^^^^^^^^^^^^^^^^^^^^^^^^^^^^^^^^^^^^^^^^^^^^^^^^^^
  File "/Users/benjamingrayzel/sandbox/agentic-math-solver/agentic-math-solver/src/utils.py", line 38, in llm
    resp = litellm.completion(model=model, messages=messages, max_tokens=max_tokens)
           ^^^^^^^^^^^^^^^^^^^^^^^^^^^^^^^^^^^^^^^^^^^^^^^^^^^^^^^^^^^^^^^^^^^^^^^^^
  File "/Users/benjamingrayzel/sandbox/agentic-math-solver/agentic-math-solver/.venv/lib/python3.12/site-packages/litellm/utils.py", line 1775, in wrapper
    raise e
  File "/Users/benjamingrayzel/sandbox/agentic-math-solver/agentic-math-solver/.venv/lib/python3.12/site-packages/litellm/utils.py", line 1596, in wrapper
    result = original_function(*args, **kwargs)
             ^^^^^^^^^^^^^^^^^^^^^^^^^^^^^^^^^^
  File "/Users/benjamingrayzel/sandbox/agentic-math-solver/agentic-math-solver/.venv/lib/python3.12/site-packages/litellm/main.py", line 4408, in completion
    raise exception_type(
          ^^^^^^^^^^^^^^^
  File "/Users/benjamingrayzel/sandbox/agentic-math-solver/agentic-math-solver/.venv/lib/python3.12/site-packages/litellm/litellm_core_utils/exception_mapping_utils.py", line 2456, in exception_type
    raise e
  File "/Users/benjamingrayzel/sandbox/agentic-math-solver/agentic-math-solver/.venv/lib/python3.12/site-packages/litellm/litellm_core_utils/exception_mapping_utils.py", line 2389, in exception_type
    raise APIError(
litellm.exceptions.APIError: litellm.APIError: APIError: OpenrouterException - Unable to get json response - Expecting value: line 3623 column 1 (char 19921), Original Response: 
         

         

         

         

         

         

         

         

         

         

         

         

         

         

         

         

         

         

         

         

         

         

         

         

         

         

         

         

         

         

         

         

         

         

         

         

         

         

         

         

         

         

         

         

         

         

         

         

         

         

         

         

         

         

         

         

         

         

         

         

         

         

         

         

         

         

         

         

         

         

         

         

         

         

         

         

         

         

         

         

         

         

         

         

         

         

         

         

         

         

         

         

         

         

         

         

         

         

         

         

         

         

         

         

         

         

         

         

         

         

         

         

         

         

         

         

         

         

         

         

         

         

         

         

         

         

         

         

         

         

         

         

         

         

         

         

         

         

         

         

         

         

         

         

         

         

         

         

         

         

         

         

         

         

         

         

         

         

         

         

         

         

         

         

         

         

         

         

         

         

         

         

         

         

         

         

         

         

         

         

         

         

         

         

         

         

         

         

         

         

         

         

         

         

         

         

         

         

         

         

         

         

         

         

         

         

         

         

         

         

         

         

         

         

         

         

         

         

         

         

         

         

         

         

         

         

         

         

         

         

         

         

         

         

         

         

         

         

         

         

         

         

         

         

         

         

         

         

         

         

         

         

         

         

         

         

         

         

         

         

         

         

         

         

         

         

         

         

         

         

         

         

         

         

         

         

         

         

         

         

         

         

         

         

         

         

         

         

         

         

         

         

         

         

         

         

         

         

         

         

         

         

         

         

         

         

         

         

         

         

         

         

         

         

         

         

         

         

         

         

         

         

         

         

         

         

         

         

         

         

         

         

         

         

         

         

         

         

         

         

         

         

         

         

         

         

         

         

         

         

         

         

         

         

         

         

         

         

         

         

         

         

         

         

         

         

         

         

         

         

         

         

         

         

         

         

         

         

         

         

         

         

         

         

         

         

         

         

         

         

         

         

         

         

         

         

         

         

         

         

         

         

         

         

         

         

         

         

         

         

         

         

         

         

         

         

         

         

         

         

         

         

         

         

         

         

         

         

         

         

         

         

         

         

         

         

         

         

         

         

         

         

         

         

         

         

         

         

         

         

         

         

         

         

         

         

         

         

         

         

         

         

         

         

         

         

         

         

         

         

         

         

         

         

         

         

         

         

         

         

         

         

         

         

         

         

         

         

         

         

         

         

         

         

         

         

         

         

         

         

         

         

         

         

         

         

         

         

         

         

         

         

         

         

         

         

         

         

         

         

         

         

         

         

         

         

         

         

         

         

         

         

         

         

         

         

         

         

         

         

         

         

         

         

         

         

         

         

         

         

         

         

         

         

         

         

         

         

         

         

         

         

         

         

         

         

         

         

         

         

         

         

         

         

         

         

         

         

         

         

         

         

         

         

         

         

         

         

         

         

         

         

         

         

         

         

         

         

         

         

         

         

         

         

         

         

         

         

         

         

         

         

         

         

         

         

         

         

         

         

         

         

         

         

         

         

         

         

         

         

         

         

         

         

         

         

         

         

         

         

         

         

         

         

         

         

         

         

         

         

         

         

         

         

         

         

         

         

         

         

         

         

         

         

         

         

         

         

         

         

         

         

         

         

         

         

         

         

         

         

         

         

         

         

         

         

         

         

         

         

         

         

         

         

         

         

         

         

         

         

         

         

         

         

         

         

         

         

         

         

         

         

         

         

         

         

         

         

         

         

         

         

         

         

         

         

         

         

         

         

         

         

         

         

         

         

         

         

         

         

         

         

         

         

         

         

         

         

         

         

         

         

         

         

         

         

         

         

         

         

         

         

         

         

         

         

         

         

         

         

         

         

         

         

         

         

         

         

         

         

         

         

         

         

         

         

         

         

         

         

         

         

         

         

         

         

         

         

         

         

         

         

         

         

         

         

         

         

         

         

         

         

         

         

         

         

         

         

         

         

         

         

         

         

         

         

         

         

         

         

         

         

         

         

         

         

         

         

         

         

         

         

         

         

         

         

         

         

         

         

         

         

         

         

         

         

         

         

         

         

         

         

         

         

         

         

         

         

         

         

         

         

         

         

         

         

         

         

         

         

         

         

         

         

         

         

         

         

         

         

         

         

         

         

         

         

         

         

         

         

         

         

         

         

         

         

         

         

         

         

         

         

         

         

         

         

         

         

         

         

         

         

         

         

         

         

         

         

         

         

         

         

         

         

         

         

         

         

         

         

         

         

         

         

         

         

         

         

         

         

         

         

         

         

         

         

         

         

         

         

         

         

         

         

         

         

         

         

         

         

         

         

         

         

         

         

         

         

         

         

         

         

         

         

         

         

         

         

         

         

         

         

         

         

         

         

         

         

         

         

         

         

         

         

         

         

         

         

         

         

         

         

         

         

         

         

         

         

         

         

         

         

         

         

         

         

         

         

         

         

         

         

         

         

         

         

         

         

         

         

         

         

         

         

         

         

         

         

         

         

         

         

         

         

         

         

         

         

         

         

         

         

         

         

         

         

         

         

         

         

         

         

         

         

         

         

         

         

         

         

         

         

         

         

         

         

         

         

         

         

         

         

         

         

         

         

         

         

         

         

         

         

         

         

         

         

         

         

         

         

         

         

         

         

         

         

         

         

         

         

         

         

         

         

         

         

         

         

         

         

         

         

         

         

         

         

         

         

         

         

         

         

         

         

         

         

         

         

         

         

         

         

         

         

         

         

         

         

         

         

         

         

         

         

         

         

         

         

         

         

         

         

         

         

         

         

         

         

         

         

         

         

         

         

         

         

         

         

         

         

         

         

         

         

         

         

         

         

         

         

         

         

         

         

         

         

         

         

         

         

         

         

         

         

         

         

         

         

         

         

         

         

         

         

         

         

         

         

         

         

         

         

         

         

         

         

         

         

         

         

         

         

         

         

         

         

         

         

         

         

         

         

         

         

         

         

         

         

         

         

         

         

         

         

         

         

         

         

         

         

         

         

         

         

         

         

         

         

         

         

         

         

         

         

         

         

         

         

         

         

         

         

         

         

         

         

         

         

         

         

         

         

         

         

         

         

         

         

         

         

         

         

         

         

         

         

         

         

         

         

         

         

         

         

         

         

         

         

         

         

         

         

         

         

         

         

         

         

         

         

         

         

         

         

         

         

         

         

         

         

         

         

         

         

         

         

         

         

         

         

         

         

         

         

         

         

         

         

         

         

         

         

         

         

         

         

         

         

         

         

         

         

         

         

         

         

         

         

         

         

         

         

         

         

         

         

         

         

         

         

         

         

         

         

         

         

         

         

         

         

         

         

         

         

         

         

         

         

         

         

         

         

         

         

         

         

         

         

         

         

         

         

         

         

         

         

         

         

         

         

         

         

         

         

         

         

         

         

         

         

         

         

         

         

         

         

         

         

         

         

         

         

         

         

         

         

         

         

         

         

         

         

         

         

         

         

         

         

         

         

         

         

         

         

         

         

         

         

         

         

         

         

         

         

         

         

         

         

         

         

         

         

         

         

         

         

         

         

         

         

         

         

         

         

         

         

         

         

         

         

         

         

         

         

         

         

         

         

         

         

         

         

         

         

         

         

         

         

         

         

         

         

         

         

         

         

         

         

         

         

         

         

         

         

         

         

         

         

         

         

         

         

         

         

         

         

         

         

         

         

         

         

         

         

         

         

         

         

         

         

         

         

         

         

         

         

         

         

         

         

         

         

         

         

         

         

         

         

         

         

         

         

         

         

         

         

         

         

         

         

         

         

         

         

         

         

         

         

         

         

         

         

         

         

         

         

         

         

         

         

         

         

         

         

         

         

         

         

         

         

         

         

         

         

         

         

         

         

         

         

         

         

         

         

         

         

         

         

         

         

         

         

         

         

         

         

         

         

         

         

         

         

         

         

         

         

         

         

         

         

         

         

         

         

         

         

         

         

         

         

         

         

         

         

         

         

         

         

         

         

         

         

         

         

         

         

         

         

         

         

         

         

         

         

         

         

         

         

         

         

         

         

         

         

         

         

         

         

         

         

         

         

         

         

         

         

         

         

         

         

         

         

         

         

         

         

         

         

         

         

         

         

         

         

         

         

         

         

         

         

         

         

         

         

         

         

         

         

         

         

         

         

         

         

         

         

         

         

         

         

         

         

         

         

         

         

         

         

         

         

         

         

         

         

         

         

         

         

         

         

         

         

         

         

         

         

         

         

         

         

         


[02:53:26] FAILED [PB-Basic-012|deepseek-v3.2|seed=42]: litellm.APIError: APIError: OpenrouterException - Unable to get json response - Expecting value: line 3623 column 1 (char 19921), Original Response: 
         

         

         

         

         

         

         

         

         

         

         

         

         

         

         

         

         

         

         

         

         

         

         

         

         

         

         

         

         

         

         

         

         

         

         

         

         

         

         

         

         

         

         

         

         

         

         

         

         

         

         

         

         

         

         

         

         

         

         

         

         

         

         

         

         

         

         

         

         

         

         

         

         

         

         

         

         

         

         

         

         

         

         

         

         

         

         

         

         

         

         

         

         

         

         

         

         

         

         

         

         

         

         

         

         

         

         

         

         

         

         

         

         

         

         

         

         

         

         

         

         

         

         

         

         

         

         

         

         

         

         

         

         

         

         

         

         

         

         

         

         

         

         

         

         

         

         

         

         

         

         

         

         

         

         

         

         

         

         

         

         

         

         

         

         

         

         

         

         

         

         

         

         

         

         

         

         

         

         

         

         

         

         

         

         

         

         

         

         

         

         

         

         

         

         

         

         

         

         

         

         

         

         

         

         

         

         

         

         

         

         

         

         

         

         

         

         

         

         

         

         

         

         

         

         

         

         

         

         

         

         

         

         

         

         

         

         

         

         

         

         

         

         

         

         

         

         

         

         

         

         

         

         

         

         

         

         

         

         

         

         

         

         

         

         

         

         

         

         

         

         

         

         

         

         

         

         

         

         

         

         

         

         

         

         

         

         

         

         

         

         

         

         

         

         

         

         

         

         

         

         

         

         

         

         

         

         

         

         

         

         

         

         

         

         

         

         

         

         

         

         

         

         

         

         

         

         

         

         

         

         

         

         

         

         

         

         

         

         

         

         

         

         

         

         

         

         

         

         

         

         

         

         

         

         

         

         

         

         

         

         

         

         

         

         

         

         

         

         

         

         

         

         

         

         

         

         

         

         

         

         

         

         

         

         

         

         

         

         

         

         

         

         

         

         

         

         

         

         

         

         

         

         

         

         

         

         

         

         

         

         

         

         

         

         

         

         

         

         

         

         

         

         

         

         

         

         

         

         

         

         

         

         

         

         

         

         

         

         

         

         

         

         

         

         

         

         

         

         

         

         

         

         

         

         

         

         

         

         

         

         

         

         

         

         

         

         

         

         

         

         

         

         

         

         

         

         

         

         

         

         

         

         

         

         

         

         

         

         

         

         

         

         

         

         

         

         

         

         

         

         

         

         

         

         

         

         

         

         

         

         

         

         

         

         

         

         

         

         

         

         

         

         

         

         

         

         

         

         

         

         

         

         

         

         

         

         

         

         

         

         

         

         

         

         

         

         

         

         

         

         

         

         

         

         

         

         

         

         

         

         

         

         

         

         

         

         

         

         

         

         

         

         

         

         

         

         

         

         

         

         

         

         

         

         

         

         

         

         

         

         

         

         

         

         

         

         

         

         

         

         

         

         

         

         

         

         

         

         

         

         

         

         

         

         

         

         

         

         

         

         

         

         

         

         

         

         

         

         

         

         

         

         

         

         

         

         

         

         

         

         

         

         

         

         

         

         

         

         

         

         

         

         

         

         

         

         

         

         

         

         

         

         

         

         

         

         

         

         

         

         

         

         

         

         

         

         

         

         

         

         

         

         

         

         

         

         

         

         

         

         

         

         

         

         

         

         

         

         

         

         

         

         

         

         

         

         

         

         

         

         

         

         

         

         

         

         

         

         

         

         

         

         

         

         

         

         

         

         

         

         

         

         

         

         

         

         

         

         

         

         

         

         

         

         

         

         

         

         

         

         

         

         

         

         

         

         

         

         

         

         

         

         

         

         

         

         

         

         

         

         

         

         

         

         

         

         

         

         

         

         

         

         

         

         

         

         

         

         

         

         

         

         

         

         

         

         

         

         

         

         

         

         

         

         

         

         

         

         

         

         

         

         

         

         

         

         

         

         

         

         

         

         

         

         

         

         

         

         

         

         

         

         

         

         

         

         

         

         

         

         

         

         

         

         

         

         

         

         

         

         

         

         

         

         

         

         

         

         

         

         

         

         

         

         

         

         

         

         

         

         

         

         

         

         

         

         

         

         

         

         

         

         

         

         

         

         

         

         

         

         

         

         

         

         

         

         

         

         

         

         

         

         

         

         

         

         

         

         

         

         

         

         

         

         

         

         

         

         

         

         

         

         

         

         

         

         

         

         

         

         

         

         

         

         

         

         

         

         

         

         

         

         

         

         

         

         

         

         

         

         

         

         

         

         

         

         

         

         

         

         

         

         

         

         

         

         

         

         

         

         

         

         

         

         

         

         

         

         

         

         

         

         

         

         

         

         

         

         

         

         

         

         

         

         

         

         

         

         

         

         

         

         

         

         

         

         

         

         

         

         

         

         

         

         

         

         

         

         

         

         

         

         

         

         

         

         

         

         

         

         

         

         

         

         

         

         

         

         

         

         

         

         

         

         

         

         

         

         

         

         

         

         

         

         

         

         

         

         

         

         

         

         

         

         

         

         

         

         

         

         

         

         

         

         

         

         

         

         

         

         

         

         

         

         

         

         

         

         

         

         

         

         

         

         

         

         

         

         

         

         

         

         

         

         

         

         

         

         

         

         

         

         

         

         

         

         

         

         

         

         

         

         

         

         

         

         

         

         

         

         

         

         

         

         

         

         

         

         

         

         

         

         

         

         

         

         

         

         

         

         

         

         

         

         

         

         

         

         

         

         

         

         

         

         

         

         

         

         

         

         

         

         

         

         

         

         

         

         

         

         

         

         

         

         

         

         

         

         

         

         

         

         

         

         

         

         

         

         

         

         

         

         

         

         

         

         

         

         

         

         

         

         

         

         

         

         

         

         

         

         

         

         

         

         

         

         

         

         

         

         

         

         

         

         

         

         

         

         

         

         

         

         

         

         

         

         

         

         

         

         

         

         

         

         

         

         

         

         

         

         

         

         

         

         

         

         

         

         

         

         

         

         

         

         

         

         

         

         

         

         

         

         

         

         

         

         

         

         

         

         

         

         

         

         

         

         

         

         

         

         

         

         

         

         

         

         

         

         

         

         

         

         

         

         

         

         

         

         

         

         

         

         

         

         

         

         

         

         

         

         

         

         

         

         

         

         

         

         

         

         

         

         

         

         

         

         

         

         

         

         

         

         

         

         

         

         

         

         

         

         

         

         

         

         

         

         

         

         

         

         

         

         

         

         

         

         

         

         

         

         

         

         

         

         

         

         

         

         

         

         

         

         

         

         

         

         

         

         

         

         

         

         

         

         

         

         

         

         

         

         

         

         

         

         

         

         

         

         

         

         

         

         

         

         

         

         

         

         

         

         

         

         

         

         

         

         

         

         

         

         

         

         

         

         

         

         

         

         

         

         

         

         

         

         

         

         

         

         

         

         

         

         

         

         

         

         

         

         

         

         

         

         

         

         

         

         

         

         

         

         

         

         

         

         

         

         

         

         

         

         

         

         

         

         

         

         

         

         

         

         

         

         

         

         

         

         

         

         

         

         

         

         

         

         

         

         

         

         

         

         

         

         

         

         

         

         

         

         

         

         

         

         

         

         

         

         

         

         

         

         

         

         

         

         

         

         

         

         

         

         

         

         

         

         

         

         

         

         

         

         

         

         

         

         

         

         

         

         

         

         

         

         

         

         

         

         

         

         

         

         

         

         

         

         

         

         

         

         

         

         

         

         

         

         

         

         

         

         

         

         

         

         

         

         

         

         

         

         

         

         

         

         

         

         

         

         

         

         

         

         

         

         

         

         

         

         

         

         

         

         

         

         

         

         

         

         

         

         

         

         

         

         

         

         

         

         

         

         

         

         

         

         

         

         

         

         

         

         

         

         

         

         

         

         

         

         

         

         

         

         

         

         

         

         

         

         

         

         

         

         

         

         

         

         

         

         

         

         

         

         

         

         

         

         

         

         

         

         

         

         

         

         

         

         

         

         

         

         

         

         

         

         

         

         

         

         

         

         

         

         

         

         

         

         

         

         

         

         

         

         

         

         

         

         

         

         

         

         

         

         

         

         

         

         

         

         

         

         

         

         

         

         

         

         

         

         

         

         

         

         

         

         

         

         

         

         

         

         

         

         

         

         

         

         

         

         

         

         

         

         

         

         

         

         

         

         

         

         

         

         

         

         

         

         

         

         

         

         

         

         

         

         

         

         

         

         

         

         

         

         

[02:53:26] Progress: 30/36

[1;31mProvider List: https://docs.litellm.ai/docs/providers[0m

[02:31:10] [PB-Basic-023|nemotron-3-super-120b-a12b|seed=42] revised (4419 chars, 1351.5s elapsed)
[02:31:10] [PB-Basic-023|nemotron-3-super-120b-a12b|seed=42] verify iter=3

[1;31mProvider List: https://docs.litellm.ai/docs/providers[0m


[1;31mProvider List: https://docs.litellm.ai/docs/providers[0m

[02:40:43] [PB-Basic-029|deepseek-v3.2|seed=42] verifier satisfied at iter=3, stopping early
[02:40:43] [PB-Basic-029|deepseek-v3.2|seed=42] judge (with ground truth)

[1;31mProvider List: https://docs.litellm.ai/docs/providers[0m

[02:40:43] [PB-Basic-029|deepseek-v3.2|seed=42] → score=0/7 pass=False iters=3 stopped_early=True total=795.32s
[02:53:58] Progress: 31/36
[02:36:16] [PB-Basic-026|deepseek-v3.2|seed=42] revised (22096 chars, 1076.2s elapsed)
[02:36:16] [PB-Basic-026|deepseek-v3.2|seed=42] judge (with ground truth)

[1;31mProvider List: https://docs.litellm.ai/docs/providers[0m

[02:36:16] [PB-Basic-026|deepseek-v3.2|seed=42] → score=0/7 pass=False iters=3 stopped_early=False total=1081.47s
[02:54:18] Progress: 32/36
[02:39:58] [PB-Basic-028|deepseek-v3.2|seed=42] revised (8202 chars, 962.5s elapsed)
[02:39:58] [PB-Basic-028|deepseek-v3.2|seed=42] verify iter=2

[1;31mProvider List: https://docs.litellm.ai/docs/providers[0m

[02:31:10] [PB-Basic-023|nemotron-3-super-120b-a12b|seed=42] revise iter=3

[1;31mProvider List: https://docs.litellm.ai/docs/providers[0m


[1;31mProvider List: https://docs.litellm.ai/docs/providers[0m


[1;31mGive Feedback / Get Help: https://github.com/BerriAI/litellm/issues/new[0m
LiteLLM.Info: If you need to debug this error, use `litellm._turn_on_debug()'.


[1;31mProvider List: https://docs.litellm.ai/docs/providers[0m

[02:31:10] [PB-Basic-023|nemotron-3-super-120b-a12b|seed=42] ERROR revise iter=3: litellm.APIError: APIError: OpenrouterException - Unable to get json response - Expecting value: line 161 column 1 (char 880), Original Response: 
         

         

         

         

         

         

         

         

         

         

         

         

         

         

         

         

         

         

         

         

         

         

         

         

         

         

         

         

         

         

         

         

         

         

         

         

         

         

         

         

         

         

         

         

         

         

         

         

         

         

         

         

         

         

         

         

         

         

         

         

         

         

         

         

         

         

         

         

         

         

         

         

         

         

         

         

         

         

         

         

Traceback (most recent call last):
  File "/Users/benjamingrayzel/sandbox/agentic-math-solver/agentic-math-solver/.venv/lib/python3.12/site-packages/litellm/llms/openai/chat/gpt_transformation.py", line 635, in transform_response
    completion_response = raw_response.json()
                          ^^^^^^^^^^^^^^^^^^^
  File "/Users/benjamingrayzel/sandbox/agentic-math-solver/agentic-math-solver/.venv/lib/python3.12/site-packages/httpx/_models.py", line 832, in json
    return jsonlib.loads(self.content, **kwargs)
           ^^^^^^^^^^^^^^^^^^^^^^^^^^^^^^^^^^^^^
  File "/Users/benjamingrayzel/.local/share/uv/python/cpython-3.12.12-macos-aarch64-none/lib/python3.12/json/__init__.py", line 346, in loads
    return _default_decoder.decode(s)
           ^^^^^^^^^^^^^^^^^^^^^^^^^^
  File "/Users/benjamingrayzel/.local/share/uv/python/cpython-3.12.12-macos-aarch64-none/lib/python3.12/json/decoder.py", line 338, in decode
    obj, end = self.raw_decode(s, idx=_w(s, 0).end())
               ^^^^^^^^^^^^^^^^^^^^^^^^^^^^^^^^^^^^^^
  File "/Users/benjamingrayzel/.local/share/uv/python/cpython-3.12.12-macos-aarch64-none/lib/python3.12/json/decoder.py", line 356, in raw_decode
    raise JSONDecodeError("Expecting value", s, err.value) from None
json.decoder.JSONDecodeError: Expecting value: line 161 column 1 (char 880)

During handling of the above exception, another exception occurred:

Traceback (most recent call last):
  File "/Users/benjamingrayzel/sandbox/agentic-math-solver/agentic-math-solver/.venv/lib/python3.12/site-packages/litellm/main.py", line 3313, in completion
    response = base_llm_http_handler.completion(
               ^^^^^^^^^^^^^^^^^^^^^^^^^^^^^^^^^
  File "/Users/benjamingrayzel/sandbox/agentic-math-solver/agentic-math-solver/.venv/lib/python3.12/site-packages/litellm/llms/custom_httpx/llm_http_handler.py", line 570, in completion
    return provider_config.transform_response(
           ^^^^^^^^^^^^^^^^^^^^^^^^^^^^^^^^^^^
  File "/Users/benjamingrayzel/sandbox/agentic-math-solver/agentic-math-solver/.venv/lib/python3.12/site-packages/litellm/llms/openrouter/chat/transformation.py", line 201, in transform_response
    model_response = super().transform_response(
                     ^^^^^^^^^^^^^^^^^^^^^^^^^^^
  File "/Users/benjamingrayzel/sandbox/agentic-math-solver/agentic-math-solver/.venv/lib/python3.12/site-packages/litellm/llms/openai/chat/gpt_transformation.py", line 638, in transform_response
    raise OpenAIError(
litellm.llms.openai.common_utils.OpenAIError: Unable to get json response - Expecting value: line 161 column 1 (char 880), Original Response: 
         

         

         

         

         

         

         

         

         

         

         

         

         

         

         

         

         

         

         

         

         

         

         

         

         

         

         

         

         

         

         

         

         

         

         

         

         

         

         

         

         

         

         

         

         

         

         

         

         

         

         

         

         

         

         

         

         

         

         

         

         

         

         

         

         

         

         

         

         

         

         

         

         

         

         

         

         

         

         

         


During handling of the above exception, another exception occurred:

Traceback (most recent call last):
  File "/Users/benjamingrayzel/sandbox/agentic-math-solver/agentic-math-solver/experiments/full_pipeline_imo_medium_pass1_20260327.py", line 165, in run_trial
    new_solution = revise(
                   ^^^^^^^
  File "/Users/benjamingrayzel/sandbox/agentic-math-solver/agentic-math-solver/src/pipeline.py", line 169, in revise
    response = _call_llm(sys_instructions, prompt, model, max_tokens)
               ^^^^^^^^^^^^^^^^^^^^^^^^^^^^^^^^^^^^^^^^^^^^^^^^^^^^^^
  File "/Users/benjamingrayzel/sandbox/agentic-math-solver/agentic-math-solver/src/pipeline.py", line 88, in _call_llm
    return llm(prompt, model=model, system=system, max_tokens=max_tokens)
           ^^^^^^^^^^^^^^^^^^^^^^^^^^^^^^^^^^^^^^^^^^^^^^^^^^^^^^^^^^^^^^
  File "/Users/benjamingrayzel/sandbox/agentic-math-solver/agentic-math-solver/src/utils.py", line 38, in llm
    resp = litellm.completion(model=model, messages=messages, max_tokens=max_tokens)
           ^^^^^^^^^^^^^^^^^^^^^^^^^^^^^^^^^^^^^^^^^^^^^^^^^^^^^^^^^^^^^^^^^^^^^^^^^
  File "/Users/benjamingrayzel/sandbox/agentic-math-solver/agentic-math-solver/.venv/lib/python3.12/site-packages/litellm/utils.py", line 1775, in wrapper
    raise e
  File "/Users/benjamingrayzel/sandbox/agentic-math-solver/agentic-math-solver/.venv/lib/python3.12/site-packages/litellm/utils.py", line 1596, in wrapper
    result = original_function(*args, **kwargs)
             ^^^^^^^^^^^^^^^^^^^^^^^^^^^^^^^^^^
  File "/Users/benjamingrayzel/sandbox/agentic-math-solver/agentic-math-solver/.venv/lib/python3.12/site-packages/litellm/main.py", line 4408, in completion
    raise exception_type(
          ^^^^^^^^^^^^^^^
  File "/Users/benjamingrayzel/sandbox/agentic-math-solver/agentic-math-solver/.venv/lib/python3.12/site-packages/litellm/litellm_core_utils/exception_mapping_utils.py", line 2456, in exception_type
    raise e
  File "/Users/benjamingrayzel/sandbox/agentic-math-solver/agentic-math-solver/.venv/lib/python3.12/site-packages/litellm/litellm_core_utils/exception_mapping_utils.py", line 2389, in exception_type
    raise APIError(
litellm.exceptions.APIError: litellm.APIError: APIError: OpenrouterException - Unable to get json response - Expecting value: line 161 column 1 (char 880), Original Response: 
         

         

         

         

         

         

         

         

         

         

         

         

         

         

         

         

         

         

         

         

         

         

         

         

         

         

         

         

         

         

         

         

         

         

         

         

         

         

         

         

         

         

         

         

         

         

         

         

         

         

         

         

         

         

         

         

         

         

         

         

         

         

         

         

         

         

         

         

         

         

         

         

         

         

         

         

         

         

         

         


[02:57:25] FAILED [PB-Basic-023|nemotron-3-super-120b-a12b|seed=42]: litellm.APIError: APIError: OpenrouterException - Unable to get json response - Expecting value: line 161 column 1 (char 880), Original Response: 
         

         

         

         

         

         

         

         

         

         

         

         

         

         

         

         

         

         

         

         

         

         

         

         

         

         

         

         

         

         

         

         

         

         

         

         

         

         

         

         

         

         

         

         

         

         

         

         

         

         

         

         

         

         

         

         

         

         

         

         

         

         

         

         

         

         

         

         

         

         

         

         

         

         

         

         

         

         

         

         

[02:57:25] Progress: 33/36
[02:39:58] [PB-Basic-028|deepseek-v3.2|seed=42] revise iter=2

[1;31mProvider List: https://docs.litellm.ai/docs/providers[0m

[02:40:18] [PB-Basic-029|nemotron-3-super-120b-a12b|seed=42] revised (103283 chars, 1070.9s elapsed)
[02:40:18] [PB-Basic-029|nemotron-3-super-120b-a12b|seed=42] verify iter=2

[1;31mProvider List: https://docs.litellm.ai/docs/providers[0m


[1;31mProvider List: https://docs.litellm.ai/docs/providers[0m

[02:39:58] [PB-Basic-028|deepseek-v3.2|seed=42] revised (27645 chars, 1355.8s elapsed)
[02:39:58] [PB-Basic-028|deepseek-v3.2|seed=42] verify iter=3
[02:39:58] [PB-Basic-028|deepseek-v3.2|seed=42] revise iter=3

[1;31mProvider List: https://docs.litellm.ai/docs/providers[0m

[02:40:18] [PB-Basic-029|nemotron-3-super-120b-a12b|seed=42] revise iter=2

[1;31mProvider List: https://docs.litellm.ai/docs/providers[0m


[1;31mProvider List: https://docs.litellm.ai/docs/providers[0m


[1;31mGive Feedback / Get Help: https://github.com/BerriAI/litellm/issues/new[0m
LiteLLM.Info: If you need to debug this error, use `litellm._turn_on_debug()'.


[1;31mProvider List: https://docs.litellm.ai/docs/providers[0m

[02:40:18] [PB-Basic-029|nemotron-3-super-120b-a12b|seed=42] ERROR revise iter=2: litellm.RateLimitError: RateLimitError: OpenrouterException - Provider returned error
Traceback (most recent call last):
  File "/Users/benjamingrayzel/sandbox/agentic-math-solver/agentic-math-solver/.venv/lib/python3.12/site-packages/litellm/main.py", line 3313, in completion
    response = base_llm_http_handler.completion(
               ^^^^^^^^^^^^^^^^^^^^^^^^^^^^^^^^^
  File "/Users/benjamingrayzel/sandbox/agentic-math-solver/agentic-math-solver/.venv/lib/python3.12/site-packages/litellm/llms/custom_httpx/llm_http_handler.py", line 570, in completion
    return provider_config.transform_response(
           ^^^^^^^^^^^^^^^^^^^^^^^^^^^^^^^^^^^
  File "/Users/benjamingrayzel/sandbox/agentic-math-solver/agentic-math-solver/.venv/lib/python3.12/site-packages/litellm/llms/openrouter/chat/transformation.py", line 201, in transform_response
    model_response = super().transform_response(
                     ^^^^^^^^^^^^^^^^^^^^^^^^^^^
  File "/Users/benjamingrayzel/sandbox/agentic-math-solver/agentic-math-solver/.venv/lib/python3.12/site-packages/litellm/llms/openai/chat/gpt_transformation.py", line 646, in transform_response
    final_response_obj = convert_to_model_response_object(
                         ^^^^^^^^^^^^^^^^^^^^^^^^^^^^^^^^^
  File "/Users/benjamingrayzel/sandbox/agentic-math-solver/agentic-math-solver/.venv/lib/python3.12/site-packages/litellm/litellm_core_utils/llm_response_utils/convert_dict_to_response.py", line 525, in convert_to_model_response_object
    raise raised_exception
Exception

During handling of the above exception, another exception occurred:

Traceback (most recent call last):
  File "/Users/benjamingrayzel/sandbox/agentic-math-solver/agentic-math-solver/experiments/full_pipeline_imo_medium_pass1_20260327.py", line 165, in run_trial
    new_solution = revise(
                   ^^^^^^^
  File "/Users/benjamingrayzel/sandbox/agentic-math-solver/agentic-math-solver/src/pipeline.py", line 169, in revise
    response = _call_llm(sys_instructions, prompt, model, max_tokens)
               ^^^^^^^^^^^^^^^^^^^^^^^^^^^^^^^^^^^^^^^^^^^^^^^^^^^^^^
  File "/Users/benjamingrayzel/sandbox/agentic-math-solver/agentic-math-solver/src/pipeline.py", line 88, in _call_llm
    return llm(prompt, model=model, system=system, max_tokens=max_tokens)
           ^^^^^^^^^^^^^^^^^^^^^^^^^^^^^^^^^^^^^^^^^^^^^^^^^^^^^^^^^^^^^^
  File "/Users/benjamingrayzel/sandbox/agentic-math-solver/agentic-math-solver/src/utils.py", line 38, in llm
    resp = litellm.completion(model=model, messages=messages, max_tokens=max_tokens)
           ^^^^^^^^^^^^^^^^^^^^^^^^^^^^^^^^^^^^^^^^^^^^^^^^^^^^^^^^^^^^^^^^^^^^^^^^^
  File "/Users/benjamingrayzel/sandbox/agentic-math-solver/agentic-math-solver/.venv/lib/python3.12/site-packages/litellm/utils.py", line 1775, in wrapper
    raise e
  File "/Users/benjamingrayzel/sandbox/agentic-math-solver/agentic-math-solver/.venv/lib/python3.12/site-packages/litellm/utils.py", line 1596, in wrapper
    result = original_function(*args, **kwargs)
             ^^^^^^^^^^^^^^^^^^^^^^^^^^^^^^^^^^
  File "/Users/benjamingrayzel/sandbox/agentic-math-solver/agentic-math-solver/.venv/lib/python3.12/site-packages/litellm/main.py", line 4408, in completion
    raise exception_type(
          ^^^^^^^^^^^^^^^
  File "/Users/benjamingrayzel/sandbox/agentic-math-solver/agentic-math-solver/.venv/lib/python3.12/site-packages/litellm/litellm_core_utils/exception_mapping_utils.py", line 2456, in exception_type
    raise e
  File "/Users/benjamingrayzel/sandbox/agentic-math-solver/agentic-math-solver/.venv/lib/python3.12/site-packages/litellm/litellm_core_utils/exception_mapping_utils.py", line 2362, in exception_type
    raise RateLimitError(
litellm.exceptions.RateLimitError: litellm.RateLimitError: RateLimitError: OpenrouterException - Provider returned error

[03:04:56] FAILED [PB-Basic-029|nemotron-3-super-120b-a12b|seed=42]: litellm.RateLimitError: RateLimitError: OpenrouterException - Provider returned error
[03:04:56] Progress: 34/36
[02:09:52] [PB-Advanced-020|deepseek-v3.2|seed=42] revised (47133 chars, 3572.2s elapsed)
[02:09:52] [PB-Advanced-020|deepseek-v3.2|seed=42] judge (with ground truth)

[1;31mProvider List: https://docs.litellm.ai/docs/providers[0m

[02:09:52] [PB-Advanced-020|deepseek-v3.2|seed=42] → score=1/7 pass=False iters=3 stopped_early=False total=3578.4s
[03:09:30] Progress: 35/36
[02:39:58] [PB-Basic-028|deepseek-v3.2|seed=42] revised (14841 chars, 1886.1s elapsed)
[02:39:58] [PB-Basic-028|deepseek-v3.2|seed=42] judge (with ground truth)

[1;31mProvider List: https://docs.litellm.ai/docs/providers[0m

[02:39:58] [PB-Basic-028|deepseek-v3.2|seed=42] → score=7/7 pass=True iters=3 stopped_early=False total=1891.8s
[03:11:30] Progress: 36/36
/Users/benjamingrayzel/sandbox/agentic-math-solver/agentic-math-solver/experiments/full_pipeline_imo_medium_pass1_20260327.py:389: DeprecationWarning: datetime.datetime.utcnow() is deprecated and scheduled for removal in a future version. Use timezone-aware objects to represent datetimes in UTC: datetime.datetime.now(datetime.UTC).
  run_ts   = datetime.utcnow().strftime("%Y%m%d_%H%M%S")

======================================================================
RESULTS SUMMARY
======================================================================

nemotron-3-super-120b-a12b
  Mean score:    1.933 ± 3.065  (n=15)
  pass@1 rate:   26.7%  (4/15 problems)
  Avg iters:     2.53  (stopped early: 6/15)
  Score dist:    0/7:10  1/7:1  7/7:4
  Errors:        3

deepseek-v3.2
  Mean score:    2.600 ± 3.158  (n=15)
  pass@1 rate:   33.3%  (5/15 problems)
  Avg iters:     2.87  (stopped early: 2/15)
  Score dist:    0/7:7  1/7:2  2/7:1  7/7:5
  Errors:        3

--- PB-Basic IMO-medium  (8 problems) ---
  nemotron-3-super-120b-a12b                     mean=2.80±3.43  pass@1=40.0%  (2/5)
  deepseek-v3.2                                  mean=3.00±3.46  pass@1=42.9%  (3/7)

--- PB-Advanced IMO-medium  (10 problems) ---
  nemotron-3-super-120b-a12b                     mean=1.50±2.77  pass@1=20.0%  (2/10)
  deepseek-v3.2                                  mean=2.25±2.82  pass@1=25.0%  (2/8)

--- Per-problem scores (✓ = score >= 6/7) ---
  Problem                   Category      nemotron-3-super-120b-a1  deepseek-v3.2             
  --------------------------------------------------------------------------------------------
  PB-Advanced-002           PB-Advanced   ✓ [7/7]  iters=3          ✓ [7/7]  iters=3          
  PB-Advanced-005           PB-Advanced   ✗ [1/7]  iters=3          ✗ [0/7]  iters=3          
  PB-Advanced-008           PB-Advanced   ✗ [0/7]  iters=3          ✗ [0/7]  iters=3          
  PB-Advanced-010           PB-Advanced   ✗ [0/7]  iters=3          ✗ [0/7]  iters=3          
  PB-Advanced-011           PB-Advanced   ✗ [0/7]  iters=3          error                     
  PB-Advanced-014           PB-Advanced   ✓ [7/7]  iters=3          ✗ [1/7]  iters=3          
  PB-Advanced-020           PB-Advanced   ✗ [0/7]  iters=3          ✗ [1/7]  iters=3          
  PB-Advanced-023           PB-Advanced   ✗ [0/7]  iters=2          ✓ [7/7]  iters=3          
  PB-Advanced-026           PB-Advanced   ✗ [0/7]  iters=3          ✗ [2/7]  iters=3          
  PB-Advanced-029           PB-Advanced   ✗ [0/7]  iters=3          error                     
  PB-Basic-006              PB-Basic      ✗ [0/7]  iters=1          ✗ [0/7]  iters=3          
  PB-Basic-007              PB-Basic      ✗ [0/7]  iters=3          ✓ [7/7]  iters=3          
  PB-Basic-012              PB-Basic      ✓ [7/7]  iters=1          error                     
  PB-Basic-023              PB-Basic      error                     ✗ [0/7]  iters=1          
  PB-Basic-024              PB-Basic      ✓ [7/7]  iters=1          ✓ [7/7]  iters=3          
  PB-Basic-026              PB-Basic      ✗ [0/7]  iters=3          ✗ [0/7]  iters=3          
  PB-Basic-028              PB-Basic      error                     ✓ [7/7]  iters=3          
  PB-Basic-029              PB-Basic      error                     ✗ [0/7]  iters=3          

Results saved to: /Users/benjamingrayzel/sandbox/agentic-math-solver/agentic-math-solver/experiments/results/full_pipeline_imo_medium_pass1_20260327_031130.json
Pipeline log:     /Users/benjamingrayzel/sandbox/agentic-math-solver/agentic-math-solver/logs/pipeline_20260327_020952.jsonl
