Problem ID,Problem,Solution,Category,Level,Source
erdos-659,"Is there a set of $n$ points in $\mathbb{R}^2$ such that every subset of $4$ points determines at least $3$ distances, yet the total number of distinct distances is\[\ll \frac{n}{\sqrt{\log n}}?\]","\documentclass[11pt, reqno]{amsart} % Packages \usepackage{amsmath, amssymb, amsthm} \usepackage{geometry} \usepackage{enumitem} \usepackage{graphicx} \usepackage{lineno} \usepackage{hyperref} % Hyperref should generally be loaded last % Theorem Styles \newtheorem{theorem}{Theorem} \newtheorem{lemma}[theorem]{Lemma} \newtheorem{corollary}[theorem]{Corollary} \theoremstyle{definition} \newtheorem{definition}[theorem]{Definition} \theoremstyle{remark} \newtheorem*{remark}{Remark} % Macros \newcommand{\R}{\mathbb{R}} \newcommand{\Q}{\mathbb{Q}} \newcommand{\Z}{\mathbb{Z}} % Page Setup \geometry{a4paper, margin=1in} \title[Solution to a Problem of Erd\H{o}s Concerning Distances and Points]{Solution to a Problem of Erd\H{o}s Concerning Distances and Points} % AUTHOR INFORMATION - FILL THIS IN \author{XXX} \address{XXX College, Departments of Mathematics \& Computer Science} \email{XXX} % DATE \date{\today} \begin{document} \begin{abstract} In 1997, Erd\H{o}s asked \cite{erdos1997} whether for arbitrarily large $n$ there exists a set of $n$ points in $\R^2$ that determines $O(\frac{n}{\sqrt{\log n}})$ distinct distances while satisfying the local constraint that every $4$-point subset determines at least $3$ distinct pairwise distances. We use $n$-point subsets of an $m\times m$ box in the anisotropic lattice \[ L = \{(x,\sqrt{2}y):x,y \in \Z\} \subset \R^2. \] The distinct-distance bound follows from Bernays' theorem applied to the binary quadratic form $u^2+2v^2$ \cite{brinkmoreeosburn2011}, following earlier work on lattices with few distances \cite{sheffer2014blog, moreeosburn2006}. The local $4$-point constraint is verified using Perucca's classification \cite{perucca4points} of $4$-point two-distance sets, together with the observation noted here that this lattice excludes the remaining regular-pentagon trapezoid configuration. \end{abstract} \maketitle \section{Introduction} Erd\H{o}s asks whether there exists a set of $n$ points in $\R^2$ such that every subset of $4$ points determines at least $3$ distinct distances, yet the total number of distinct distances is \[ \le C\frac{n}{\sqrt{\log n}} \] for some constant $C > 0$ \cite{erdos1997}, which we write as $O\!\left(\frac{n}{\sqrt{\log n}}\right)$. Constructions of planar point sets with few distinct distances arising from anisotropic lattices, together with the use of Bernays' theorem (or related results) to count represented integers, appear in earlier work of Moree and Osburn \cite{moreeosburn2006}; see also Sheffer's discussion \cite{sheffer2014blog}. The additional point in the present note is that the specific lattice $\Z\times \sqrt2\,\Z$ also excludes the remaining $4$-point two-distance configuration consisting of four vertices of a regular pentagon (equivalently, the associated isosceles trapezoid). Combined with the complete similarity classification of $4$-point two-distance sets \cite{perucca4points}, this verifies the local constraint, answering Erd\H{o}s’ question in the affirmative. \begin{theorem}\label{thm:main} For every integer $n\ge 2$ there is a set $P\subset \R^2$ with $|P|=n$ satisfying: \begin{enumerate}[label=(\roman*)] \item every $4$-point subset of $P$ determines at least $3$ distinct pairwise distances; and \item $\bigl|\{\|p-q\|:\ p,q\in P,\ p\neq q\}\bigr| = O\!\left(\frac{n}{\sqrt{\log n}}\right)$. \end{enumerate} \end{theorem} \section{The Construction} Consider the anisotropic lattice \[ L = \{(x,\sqrt{2}y):x,y \in \Z\} \subset \R^2. \] For an integer $m\ge 1$, define the $m\times m$ box subset \[ P_m=\{(i,\sqrt2\,j): 0\le i,j\le m-1\}. \] Note that $|P_m|=m^2$. \begin{definition} For a finite set $P\subset\R^2$, let \[ D(P) := \{\|p-q\| : p,q\in P,\ p\neq q\} \] denote its set of (nonzero) distinct pairwise distances. \end{definition} \section{Verification of the distinct-distance bound}\label{sec:distinct-dist} Since $d\mapsto d^2$ is a bijection on the positive reals, we may bound $|D(P_m)|$ by counting distinct \emph{squared} distances. For $p=(x_1,\sqrt2\,y_1)$ and $q=(x_2,\sqrt2\,y_2)$ in $L$, \[ \|p-q\|^2=(x_1-x_2)^2+2(y_1-y_2)^2 = u^2+2v^2 \] where $u,v\in\Z$. For $p,q\in P_m$ we have $|u|\le m-1$ and $|v|\le m-1$, hence \[ \|p-q\|^2 \le (m-1)^2+2(m-1)^2 < 3m^2. \] Distinct squared distances in $P_m$ are exactly the values of the quadratic form $Q(u,v)=u^2+2v^2$ with $|u|,|v|\le m-1$, and as such are bounded by $3m^2$. Therefore \[ |D(P_m)| \le B_Q(3m^2), \] where $B_Q(x)$ denotes the number of positive integers $\le x$ represented by $Q$. \begin{theorem}[Bernays {\cite[Eq.~(2)]{brinkmoreeosburn2011}}]\label{thm:bernays} Let $f(X,Y)=aX^2+bXY+cY^2$ be a primitive integral binary quadratic form with non-square discriminant $\Delta=b^2-4ac$, and assume $f$ is positive definite. Let $B_f(x)$ denote the number of positive integers $\le x$ represented by $f$. Then there exists a constant $C_\Delta>0$ (depending on $\Delta$) such that \[ B_f(x)\sim C_\Delta\,\frac{x}{\sqrt{\log x}} \qquad (x\to\infty). \] \end{theorem} The form $Q(u,v)=u^2+2v^2$ is primitive and positive definite, with discriminant \[ \Delta = 0^2 - (4)\cdot(1)\cdot (2) = -8, \] which is not a square. Theorem~\ref{thm:bernays} therefore applies to $Q$, giving \[ B_Q(x) \sim C_{-8}\,\frac{x}{\sqrt{\log x}} \qquad (x\to\infty). \] In particular, \[ |D(P_m)| \le B_Q(3m^2) = O\!\left(\frac{m^2}{\sqrt{\log m}}\right) = O\!\left(\frac{|P_m|}{\sqrt{\log |P_m|}}\right). \] \begin{corollary}\label{cor:general-n} For every integer $n\ge 2$, there exists a set $P\subset\R^2$ with $|P|=n$ such that \[ |D(P)| = O\!\left(\frac{n}{\sqrt{\log n}}\right). \] \end{corollary} \begin{proof} Let $m=\lceil\sqrt{n}\rceil$ and choose any $n$-point subset $P\subset P_m$. Removing points cannot increase the number of distinct distances, so $|D(P)|\le |D(P_m)|$. Also $m^2\asymp n$ and $\log m \asymp \log n$, hence \[ |D(P)| \le |D(P_m)| = O\!\left(\frac{m^2}{\sqrt{\log m}}\right) = O\!\left(\frac{n}{\sqrt{\log n}}\right). \] \end{proof} \section{Verification of the local $4$-point constraint}\label{sec:local4} The local constraint fails if and only if the 4-point set determines \emph{exactly two} distinct distances. A complete classification of $4$-point two-distance configurations (up to similarity) is given in \cite{perucca4points} and depicted in Figure~\ref{fig:forbidden_shapes}. Note that the only similarity types that do \emph{not} contain an equilateral triangle are the square and the regular-pentagon trapezoid. \begin{figure}[ht] \centering \includegraphics[width=\linewidth]{Figure_1.png} \caption{The six $4$-point two-distance configurations (up to similarity). Short vs.\ long segments are color-coded.} \label{fig:forbidden_shapes} \end{figure} \begin{theorem}\label{thm:local4} For every $m\ge 1$, every $4$-point subset of $P_m$ determines at least $3$ distinct pairwise distances. \end{theorem} \begin{proof} Let $S\subset P_m$ with $|S|=4$. Suppose that $S$ determines exactly two distinct distances. By Perucca's classification \cite{perucca4points}, either $S$ is a square, $S$ contains an equilateral triangle, or $S$ is similar to the regular-pentagon trapezoid. The square case is impossible by Lemma~\ref{lem:nosquare}, and the equilateral-triangle case is impossible by Lemma~\ref{lem:noequilateral}. The regular-pentagon trapezoid case is impossible by Lemma~\ref{lem:nopentagon}. Hence $S$ cannot determine only two distances and must determine at least three. \end{proof} \subsection{Squares} \begin{lemma}\label{lem:nosquare} The lattice $L$ contains no non-degenerate square. \end{lemma} \begin{proof} If four points of $L$ form a square, then the vector between two adjacent vertices is a nonzero vector \[ \vec v=(u,\sqrt2\,v)\in L,\qquad (u,v)\in\Z^2\setminus\{(0,0)\}, \] and the other side vector is obtained by a $90^\circ$ rotation: \[ \begin{pmatrix} 0 & -1\\[2pt] 1 & 0\end{pmatrix} \vec v = (-\sqrt2\,v,\,u). \] As such, $(-\sqrt2\,v,\,u)$ must belong to L, which implies $-\sqrt2\,v \in \Z$ and $u\in\sqrt{2}\Z $. This is only possible if $ \vec v = 0$ and thus forces a contradiction. \end{proof} \subsection{Equilateral triangles} \begin{lemma}\label{lem:noequilateral} The lattice $L$ contains no non-degenerate equilateral triangle. \end{lemma} \begin{proof} If $p,q,r\in L$ form an equilateral triangle, then $\vec v=q-p\in L$ is nonzero and $r-p$ equals $R_{\pm 60}\vec v$, where \[ R_{60}=\begin{pmatrix} \tfrac12 & -\tfrac{\sqrt3}{2}\\[2pt] \tfrac{\sqrt3}{2} & \tfrac12\end{pmatrix}. \] Write $\vec v=(u,\sqrt2\,v)$ with $u,v\in\Z$, not both $0$. Then \[ R_{60}\vec v=\left(\frac{u-\sqrt6\,v}{2},\ \frac{\sqrt3\,u+\sqrt2\,v}{2}\right). \] For $R_{60}\vec v$ to lie in $L$, there must exist $k\in\Z$ such that \[ \frac{\sqrt3\,u+\sqrt2\,v}{2}=\sqrt2\,k, \] so $\sqrt3\,u=\sqrt2\,(2k-v)\in\Q(\sqrt2)$. Since $\sqrt3\notin\Q(\sqrt2)$, this forces $u=0$. Then the first coordinate becomes $-\frac{\sqrt6\,v}{2}$, which is irrational unless $v=0$. This implies $u=v=0$, forcing a contradiction with $\vec v\ne 0$. The same argument holds for $R_{-60}$. \end{proof} \begin{remark} The exclusion of squares and equilateral triangles in rectangular or anisotropic lattice constructions is standard; see \cite{sheffer2014blog} for related discussion. \end{remark} \subsection{The regular-pentagon trapezoid} \begin{lemma}\label{lem:nopentagon} The lattice $L$ contains no $4$-point set similar to the isosceles trapezoid arising from four vertices of a regular pentagon. \end{lemma} \begin{proof} In this configuration, the ratio of the diagonal length to the side length equals the golden ratio $\varphi=\frac{1+\sqrt5}{2}$, hence the ratio of squared lengths (diagonal to side) is $\varphi^2=\frac{3+\sqrt5}{2}$. For points in $L$, every squared distance equals $u^2+2v^2\in\Z$. Therefore any ratio of (nonzero) squared distances determined by a $4$-point subset of $L$ is rational, and in particular cannot equal $\varphi^2$. \end{proof} \section{Conclusion} We have shown that the anisotropic lattice box $P_m \subset \Z \times \sqrt2\,\Z$ satisfies both the asymptotic distinct-distance bound \[ |D(P_m)| = O(\frac{|P_m|}{\sqrt{\log |P_m|}}) \] and the local constraint that every $4$-point subset determines at least three distinct pairwise distances. For a general $n$, taking any $n$-point subset of $P_{\lceil\sqrt n\rceil}$ preserves the local constraint and gives the same asymptotic upper bound (up to constants), as in Corollary~\ref{cor:general-n}. The construction ultimately works because $60^\circ$ and $90^\circ$ rotations, as well as the golden-ratio distance relation, are incompatible with the quadratic field $\Q(\sqrt2)$ and this last obstruction rules out the regular-pentagon trapezoid configuration. \begin{thebibliography}{99} \bibitem{erdos1997} P. Erd\H{o}s, \textit{Some of my favourite unsolved problems}, Math. Japon. \textbf{46} (1997), 527--537. \bibitem{brinkmoreeosburn2011} D. Brink, P. Moree, and R. Osburn, \textit{Principal forms $X^2+nY^2$ representing many integers}, Integers \textbf{11} (2011), A66. \bibitem{bernays1912} P. Bernays, \textit{\""Uber die Darstellung von positiven, ganzen Zahlen durch die primitiven, bin\""aren quadratischen Formen einer nicht-quadratischen Diskriminante}, Dieterich, G\""ottingen, 1912. \bibitem{sheffer2014blog} A. Sheffer, \textit{Point sets with few distinct distances}, blog post (July 16, 2014), \url{https://adamsheffer.wordpress.com/2014/07/16/point-sets-with-few-distinct-distances/}. \bibitem{moreeosburn2006} P. Moree and R. Osburn, \textit{Two-dimensional lattices with few distances}, L'Enseignement Math\'ematique (2) \textbf{52} (2006), no.~3--4, 361--380; also available as \url{https://arxiv.org/abs/math/0604163}. \bibitem{perucca4points} A. Perucca, \textit{Four points, two distances}, available at \url{https://www.antonellaperucca.net/didactics/4points2distances.pdf}, accessed 2025-12-21. \end{thebibliography} \end{document}",Combinatorics,Negligible Novelty,https://arxiv.org/pdf/2601.09102
erdos-75-aletheia,Is there a graph of chromatic number $\aleph_1$ such that for all $\epsilon>0$ if $n$ is sufficiently large and $H$ is a subgraph on $n$ vertices then $H$ contains an independent set of size $>n^{1-\epsilon}$?,"\begin{theorem}
There exists a graph $G$ with chromatic number $\aleph_1$ such that for all $\epsilon > 0$, if $n$ is sufficiently large and $H$ is a subgraph of $G$ on $n$ vertices, then $H$ contains an independent set of size greater than $n^{1-\epsilon}$.
\end{theorem}

\begin{proof}
The proof relies on a result by Chris Lambie-Hanson regarding the existence of uncountably chromatic graphs whose finite subgraphs have arbitrarily slowly growing chromatic numbers relative to their size.

\paragraph{1. Lambie-Hanson's Theorem}
The following theorem was proven in ZFC (Zermelo–Fraenkel set theory with Choice):

\begin{quote}
\textbf{Theorem [Lambie-Hanson, 2020]:} For every function $f: \mathbb{N} \to \mathbb{N}$, there exists a graph $G$ with chromatic number $\chi(G) = \aleph_1$ such that for every integer $k \ge 3$, every subgraph of $G$ with chromatic number at least $k$ has at least $f(k-3)$ vertices.
\end{quote}

\textit{Reference:} C. Lambie-Hanson, ``On the growth rate of chromatic numbers of finite subgraphs,'' \textit{Advances in Mathematics}, vol. 369, Art. 107176, 2020.

\paragraph{2. Construction of the Graph}
Let $f: \mathbb{N} \to \mathbb{N}$ be the double exponential function defined by:
\[ f(x) = 2^{2^x}. \]
Applying Lambie-Hanson's Theorem with this specific function $f$, there exists a graph $G$ such that $\chi(G) = \aleph_1$, and for any subgraph $H \subseteq G$, if $\chi(H) = k \ge 3$, then $|V(H)| \ge 2^{2^{k-3}}$.

\paragraph{3. Analysis of Finite Subgraphs}
Let $\epsilon > 0$ be an arbitrary positive constant. Consider any subgraph $H$ of $G$ with $n$ vertices, where $n$ is sufficiently large (specifically, large enough to satisfy the inequality derived below).

Let $k = \chi(H)$ be the chromatic number of $H$. If $k < 3$, then $\chi(H) \le 2$ and $\alpha(H) \ge n/2$, which is greater than $n^{1-\epsilon}$ for large $n$. Thus, we assume $k \ge 3$.
According to the construction of $G$, the number of vertices $n$ must satisfy:
\[ n \ge 2^{2^{k-3}}. \]
Taking logarithms base 2 twice yields:
\[ \log_2(\log_2 n) \ge k - 3, \]
which provides an upper bound for the chromatic number of $H$:
\[ \chi(H) \le \log_2(\log_2 n) + 3. \]

We recall the elementary inequality relating the independence number $\alpha(H)$ and chromatic number $\chi(H)$ for a graph with $n$ vertices:
\[ \alpha(H) \ge \frac{n}{\chi(H)}. \]
Substituting our upper bound for $\chi(H)$:
\[ \alpha(H) \ge \frac{n}{\log_2(\log_2 n) + 3}. \]

\paragraph{4. Verification of the Independent Set Condition}
We require that $\alpha(H) > n^{1-\epsilon}$ for all sufficiently large $n$. Comparing our lower bound for $\alpha(H)$ to the desired value:
\[ \frac{\alpha(H)}{n^{1-\epsilon}} \ge \frac{n / (\log_2(\log_2 n) + 3)}{n^{1-\epsilon}} = \frac{n^\epsilon}{\log_2(\log_2 n) + 3}. \]
Because $\epsilon$ is a fixed positive constant, the polynomial term $n^\epsilon$ grows strictly faster than the iterated logarithmic term as $n \to \infty$. Formally:
\[ \lim_{n \to \infty} \frac{n^\epsilon}{\log_2(\log_2 n) + 3} = \infty. \]
Thus, there exists an integer $N_\epsilon$ such that for all $n > N_\epsilon$,
\[ \frac{n^\epsilon}{\log_2(\log_2 n) + 3} > 1 \implies \alpha(H) > n^{1-\epsilon}. \]

This establishes that for the chosen graph $G$, for \textit{any} $\epsilon > 0$, every sufficiently large finite subgraph $H$ contains an independent set of the required size.
\end{proof}

\subsubsection*{Conclusion}
Yes, such a graph exists. By utilizing Lambie-Hanson's construction in ZFC, we obtain a graph of chromatic number $\aleph_1$ where the chromatic number of finite subgraphs grows so slowly (at most double-logarithmically in vertex count) that the independence number $\alpha(H)$ asymptotically exceeds $n^{1-\epsilon}$ for every $\epsilon > 0$.",Graph Theory,Underspecified Example,https://github.com/google-deepmind/superhuman/tree/main/aletheia/Erdos
erdos-333-aletheia,"Let $A\subseteq \mathbb{N}$ be a set of density zero. Does there exist a basis $B$ such that $A\subseteq B+B$ and\[\lvert B\cap \{1,\ldots,N\}\rvert =o(N^{1/2})\]for all large $N$?","Let $A$ be a subset of the natural numbers $\N$. A set $B \subseteq \Nzero$ is called a \textit{basis} for $A$ if every element of $A$ can be expressed as the sum of two elements of $B$. That is,
\[
A \subseteq B+B = \{ b_1 + b_2 : b_1, b_2 \in B \}.
\]
A classic result in additive combinatorics states that if $A = \N$, the counting function $B(N) = |B \cap \{1, \ldots, N\}|$ must satisfy $B(N) \ge \sqrt{N}$. A natural question, appearing as Problem 333 in Erdős and Graham \cite{ErdosGraham}, is whether ""thin"" sets (those with asymptotic density zero) always possess sparse bases.

\begin{theorem} \label{thm:main}
There exists a set $A \subseteq \N$ of asymptotic density zero such that for every basis $B \subseteq \Nzero$ of $A$, the counting function $B(N)$ satisfies
\[
\limsup_{N \to \infty} \frac{B(N)}{\sqrt{N}} > 0.
\]
In particular, no basis for $A$ satisfies $B(N) = o(N^{1/2})$.
\end{theorem}

\section{Construction of the Set $A$}

Define a sequence of integers $N_k = 4^k$ for $k \ge 1$. Let $\{I_k\}_{k=1}^\infty$ be a sequence of disjoint intervals:
\[
I_k = \{ n \in \N : \frac{N_k}{2} < n \le N_k \}.
\]
Fix $\lambda = 0.1$. Let $\mathcal{F}_k$ be the collection of all subsets $S \subseteq \{0, 1, \ldots, N_k\}$ with $|S| \le \lambda \sqrt{N_k}$. Let $L_k = \lfloor \sqrt{N_k} \ln N_k \rfloor$.

\begin{lemma} \label{lemma:prob_existence}
There exists an integer $K$ such that for all $k \ge K$, there exists a set $A_k \subseteq I_k$ satisfying $|A_k| \le L_k$ and $A_k \not\subseteq S+S$ for all $S \in \mathcal{F}_k$.
\end{lemma}

\begin{proof}
Let $k$ be fixed and $m = \lfloor \lambda \sqrt{N_k} \rfloor$. The size of the family is bounded by:
\[
|\mathcal{F}_k| = \sum_{j=0}^m \binom{N_k+1}{j} \le (m+1) \left( \frac{e(N_k+1)}{m} \right)^m.
\]
Taking logarithms, we find $\ln |\mathcal{F}_k| \le \frac{\lambda}{2} \sqrt{N_k} \ln N_k + O(\sqrt{N_k})$.

For any $S \in \mathcal{F}_k$, the sumset $S+S$ has size at most $\binom{m+1}{2} \approx \frac{\lambda^2 N_k}{2}$. The probability $p$ that a random element $x \in I_k$ falls in $S+S$ is $p = \frac{|(S+S) \cap I_k|}{|I_k|} \le \lambda^2 (1 + o(1))$.

The probability that a random multiset $X$ of size $L_k$ is covered by some $S+S$ is bounded by the union bound:
\[
P_{\text{fail}} \le |\mathcal{F}_k| p^{L_k} \implies \ln P_{\text{fail}} \le \sqrt{N_k} \ln N_k \left( \frac{\lambda}{2} + 2 \ln \lambda \right) + o(\sqrt{N_k} \ln N_k).
\]
With $\lambda = 0.1$, the term in parentheses is approximately $-4.55$, so $P_{\text{fail}} \to 0$. Thus, a suitable $A_k$ exists for large $k$.
\end{proof}

We define our counterexample as $A = \bigcup_{k=K}^{\infty} A_k$.

\section{Density and Basis Growth}

\subsection{Asymptotic Density}
Since $|A_k| \le \sqrt{N_k} \ln N_k$, the cumulative size $|A \cap [1, x]|$ is dominated by the largest $N_k \le x$.
\[
\frac{|A \cap [1, x]|}{x} \le \frac{\sum_{j=K}^k (2 \ln 2) j 2^j}{2^{2k}} \approx \frac{k 2^k}{2^{2k}} = \frac{k}{2^k} \to 0.
\]
Thus, $d(A) = 0$.

\subsection{Proof of the Main Result}
Assume $B$ is a basis for $A$ with $B(N) = o(\sqrt{N})$. For large $k$, let $S^* = B \cap [0, N_k]$. Then $|S^*| \le B(N_k) + 1$. Since $B(N_k) = o(\sqrt{N_k})$, for sufficiently large $k$ we must have $|S^*| < \lambda \sqrt{N_k}$, meaning $S^* \in \mathcal{F}_k$.

Since $A_k \subseteq A$ and $A \subseteq B+B$, any $a \in A_k$ must satisfy $a = b_1 + b_2$ for $b_1, b_2 \in B$. Since $a \le N_k$ and $b_i \ge 0$, it follows $b_i \in [0, N_k]$, so $b_1, b_2 \in S^*$. This implies $A_k \subseteq S^* + S^*$, which contradicts the construction of $A_k$ in Lemma \ref{lemma:prob_existence}.

Therefore, $B(N) \neq o(\sqrt{N})$.

\begin{thebibliography}{9}
\bibitem{ErdosGraham}
P. Erdős and R. L. Graham, \textit{Old and New Problems and Results in Combinatorial Number Theory}, Monographies de L'Enseignement Mathématique, Vol. 28, Geneva, 1980.
\bibitem{ErdosNewman}
P. Erdős and D. J. Newman, \textit{Bases for sets of integers}, Journal of Number Theory \textbf{9} (1977), 420--425.
\end{thebibliography}",Additive Number Theory,Literature Identification,https://github.com/google-deepmind/superhuman/tree/main/aletheia/Erdos
erdos-397-aletheia,"Are there only finitely many solutions to\[\prod_i \binom{2m_i}{m_i}=\prod_j \binom{2n_j}{n_j}\]with the $m_i,n_j$ distinct?","The answer to the question of whether such solutions are finite is \textbf{No}; there are infinitely many solutions.

\begin{theorem}
There exist infinitely many distinct pairs of disjoint finite sets of positive integers $(A, B)$ such that
\[ \prod_{m \in A} \binom{2m}{m} = \prod_{n \in B} \binom{2n}{n}. \]
\end{theorem}

\begin{proof}
Let $C_k = \binom{2k}{k}$ denote the $k$-th central binomial coefficient. To prove the existence of infinitely many solutions, we will explicitly construct an infinite family of disjoint sets satisfying the required product identity.

For every integer $k \ge 3$, define the sets $A_k$ and $B_k$ as follows:
\begin{align*}
A_k &= \{k, \, 2k-2, \, 8k^2-8k+2\} \\
B_k &= \{k-1, \, 2k, \, 8k^2-8k+1\}
\end{align*}

We assert two properties for all $k \ge 3$:
\begin{enumerate}
    \item \textbf{Disjointness and Distinctness:} The sets $A_k$ and $B_k$ consist of strictly positive distinct integers and are disjoint.
    \item \textbf{Product Equality:} The product of central binomial coefficients indexed by $A_k$ equals the product of those indexed by $B_k$.
\end{enumerate}

Since the largest element of these sets, $8k^2-8k+2$, is strictly increasing for $k \ge 3$, each $k$ generates a unique solution pair. Thus, establishing these properties proves the theorem.

\subsection*{1. Proof of Distinctness and Disjointness}

We verify that all six indices appearing in $A_k \cup B_k$ are distinct integers. Let us order the elements by magnitude. We claim:
\[ k-1 < k < 2k-2 < 2k < 8k^2-8k+1 < 8k^2-8k+2. \]
Proof of the inequalities for $k \ge 3$:
\begin{enumerate}
    \item $k-1 < k$: Trivial.
    \item $k < 2k-2$: Rearranging gives $2 < k$, which is true by assumption.
    \item $2k-2 < 2k$: Trivial.
    \item $2k < 8k^2-8k+1$: This is equivalent to $8k^2-10k+1 > 0$. The roots of $8x^2-10x+1=0$ are $x = \frac{5 \pm \sqrt{17}}{8}$. Since $\frac{5+\sqrt{17}}{8} \approx 1.14$, the quadratic is positive for all $k \ge 2$.
    \item $8k^2-8k+1 < 8k^2-8k+2$: Trivial.
\end{enumerate}

Also, since $k \ge 3$, the smallest element $k-1 \ge 2$, ensuring all elements are positive integers. Because all elements in the union $A_k \cup B_k$ are distinct, the sets must be disjoint ($A_k \cap B_k = \emptyset$).

\subsection*{2. Proof of the Identity}

The condition $\prod_{m \in A_k} C_m = \prod_{n \in B_k} C_n$ holds if and only if the product of the ratios is $1$. Rearranging terms, we verify:
\[ \left(\frac{C_k}{C_{k-1}}\right) \cdot \left(\frac{C_{2k-2}}{C_{2k}}\right) \cdot \left(\frac{C_{8k^2-8k+2}}{C_{8k^2-8k+1}}\right) = 1. \]
Recall the ratio formula for consecutive central binomial coefficients:
\[ \frac{C_x}{C_{x-1}} = \frac{(2x)!}{(x!)^2} \cdot \frac{((x-1)!)^2}{(2x-2)!} = \frac{2x(2x-1)}{x^2} = \frac{2(2x-1)}{x}. \]

\textbf{Factor 1:} Let $x=k$.
\[ F_1 = \frac{C_k}{C_{k-1}} = \frac{2(2k-1)}{k}. \]

\textbf{Factor 2:} We compute $\frac{C_{2k-2}}{C_{2k}}$ as the reciprocal of the product of two consecutive steps.
\[ \frac{C_{2k}}{C_{2k-2}} = \frac{C_{2k}}{C_{2k-1}} \cdot \frac{C_{2k-1}}{C_{2k-2}} = \left(\frac{2(4k-1)}{2k}\right) \left(\frac{2(4k-3)}{2k-1}\right) = \frac{2(4k-1)(4k-3)}{k(2k-1)}. \]
Inverting this gives:
\[ F_2 = \frac{k(2k-1)}{2(4k-1)(4k-3)}. \]

\textbf{Factor 3:} Let $N = 8k^2-8k+2 = 2(2k-1)^2$. The ratio is:
\[ F_3 = \frac{2(2N-1)}{N} = \frac{2(2(2(2k-1)^2)-1)}{2(2k-1)^2} = \frac{4(2k-1)^2 - 1}{(2k-1)^2}. \]
Using the difference of squares $a^2-b^2 = (a-b)(a+b)$ where $a=2(2k-1)$:
\[ F_3 = \frac{(2(2k-1)-1)(2(2k-1)+1)}{(2k-1)^2} = \frac{(4k-3)(4k-1)}{(2k-1)^2}. \]

\textbf{Verification of Product:}
\[ \text{Product} = \left( \frac{2(2k-1)}{k} \right) \cdot \left( \frac{k(2k-1)}{2(4k-1)(4k-3)} \right) \cdot \left( \frac{(4k-1)(4k-3)}{(2k-1)^2} \right) = \frac{2k(2k-1)^2(4k-1)(4k-3)}{2k(2k-1)^2(4k-1)(4k-3)} = 1. \]
\end{proof}

\subsection*{Example ($k=3$)}
For $k=3$: $A_3 = \{3, 4, 50\}$ and $B_3 = \{2, 6, 49\}$.
\begin{align*}
\prod_{m \in A_3} \binom{2m}{m} &= \binom{6}{3} \binom{8}{4} \binom{100}{50} = 20 \cdot 70 \cdot \binom{100}{50} = 1400 \binom{100}{50}. \\
\prod_{n \in B_3} \binom{2n}{n} &= \binom{4}{2} \binom{12}{6} \binom{98}{49} = 6 \cdot 924 \cdot \binom{98}{49} = 5544 \binom{98}{49}.
\end{align*}
The ratio $\frac{1400 \binom{100}{50}}{5544 \binom{98}{49}} = \frac{1400}{5544} \cdot \frac{2(99)}{50} = \frac{28 \cdot 198}{5544} = \frac{5544}{5544} = 1$.",Number Theory,Independent Rediscovery,https://github.com/google-deepmind/superhuman/tree/main/aletheia/Erdos
erdos-591-aletheia,Let $\alpha$ be the infinite ordinal $\omega^{\omega^2}$. Is it true that in any red/blue colouring of the edges of $K_\alpha$ there is either a red $K_\alpha$ or a blue $K_3$?,"\textbf{Theorem.} The partition relation $\omega^{\omega^2} \to (\omega^{\omega^2}, 3)^2$ holds. That is, for any coloring of the edges of the complete graph on $\omega^{\omega^2}$ with two colors (red and blue), there exists either a red complete subgraph of order type $\omega^{\omega^2}$ or a blue complete subgraph of size 3.

\begin{proof}
We establish the validity of the relation by invoking the characterization of countable partition ordinals derived by Rene Schipperus and Carl Darby.

\subsection*{1. Representation of the Ordinal}
Let $\alpha = \omega^{\omega^2}$. We express $\alpha$ in the standard form used for partition ordinals:
\[ \alpha = \omega^{\omega^\beta} \]
Comparing exponents, we identify $\beta = 2$.

\subsection*{2. Characterization of Countable Partition Ordinals}
The set of countable ordinals $\alpha$ that satisfy the partition relation $\alpha \to (\alpha, 3)^2$ was characterized by Schipperus (2010) \cite{schipperus2010}.

\textit{Theorem (Schipperus):}
For a countable ordinal $\beta$, the relation $\omega^{\omega^\beta} \to (\omega^{\omega^\beta}, 3)^2$ holds if and only if $\beta$ satisfies one of the following conditions:
\begin{enumerate}
    \item $\beta$ is additively indecomposable.
    \item $\beta$ is the sum of exactly two additively indecomposable ordinals, i.e., $\beta = \gamma + \delta$ where $\gamma, \delta$ are indecomposable and $\gamma \ge \delta \ge 1$.
\end{enumerate}

\subsection*{3. Verification for $\beta = 2$}
We test the ordinal $\beta = 2$ against the stated conditions. Recall that an ordinal is additively indecomposable if it is a power of $\omega$ (including $\omega^0 = 1$). We decompose $\beta$:
\[ 2 = 1 + 1 \]
Here, $\gamma = 1$ and $\delta = 1$. Since $1 = \omega^0$, both $\gamma$ and $\delta$ are additively indecomposable. The inequality condition requires $\gamma \ge \delta \ge 1$. Substituting the values, we have $1 \ge 1 \ge 1$, which is clearly true.

Thus, $\beta = 2$ satisfies Condition 2 of Schipperus's Theorem.

\subsection*{4. Historical Confirmation}
Before Schipperus's general characterization, this specific case was established by Carl Darby. In his work on ordinal partition relations, Darby proved that $\omega^{\omega^2}$ satisfies the partition property for pairs into 3 colors. As stated in the \textit{Handbook of Set Theory} \cite{hajnal2010}:
\begin{quote}
    ``Darby (unpublished) proved $\omega^{\omega^2} \to (\omega^{\omega^2}, 3)^2$ about the same time as Schipperus proved his theorem.''
\end{quote}
Additionally, Darby and Larson extended this result to show that the relation actually holds for target size 4:
\[ \omega^{\omega^2} \to (\omega^{\omega^2}, 4)^2 \]
Since the existence of a blue $K_4$ implies the existence of a blue $K_3$, the positive result for 3 is a direct consequence of this stronger theorem.

\subsection*{5. Negative Results for Higher Values}
To contextualize the result, it is important to note that the relation does not hold for all finite integers on the right side. Specifically, for $m=5$:
\[ \omega^{\omega^2} \not\to (\omega^{\omega^2}, 5)^2 \]
This failure occurs because the bound for $\omega^{\omega^\beta}$ where $\beta$ is a sum of $n$ indecomposable ordinals is $2^n$. Since $2 = 1+1$ ($n=2$), the relation holds for $k \le 2^2 = 4$, but fails for $k > 4$. Thus, the question regarding the blue $K_3$ falls strictly within the range of validity.

\subsection*{Conclusion}
Since $\beta=2$ satisfies the necessary and sufficient conditions for the partition relation, the statement is true.
\end{proof}

\begin{thebibliography}{9}
\bibitem{schipperus2010} Schipperus, R. (2010). Countable partition ordinals. \textit{Annals of Pure and Applied Logic}, 161(10), 1195--1215.
\bibitem{hajnal2010} Hajnal, A., \& Larson, J. A. (2010). Partition Relations. In M. Foreman \& A. Kanamori (Eds.), \textit{Handbook of Set Theory} (Vol. 2, pp. 1229--1294). Springer.
\bibitem{darby1999} Darby, C. (1999). \textit{Negative Partition Relations for Ordinals}. Journal of Combinatorial Theory, Series B, 76, 205--222.
\end{thebibliography}",Ramsey Theory,Literature Identification,https://github.com/google-deepmind/superhuman/tree/main/aletheia/Erdos
erdos-652-aletheia,"Let $x_1,\ldots,x_n\in \mathbb{R}^2$ and let $R(x_i)=\#\{ \lvert x_j-x_i\rvert : j\neq i\}$, where the points are ordered such that\[R(x_1)\leq \cdots \leq R(x_n).\]Let $\alpha_k$ be minimal such that, for all large enough $n$, there exists a set of $n$ points with $R(x_k)<\alpha_kn^{1/2}$. Is it true that $\alpha_k\to \infty$ as $k\to \infty$?","The problem asks whether $\alpha_k \to \infty$ as $k \to \infty$, where $\alpha_k$ is the minimal value such that for sufficiently large $n$, there exists a set of $n$ points in $\mathbb{R}^2$ for which the $k$-th point (ordered by the number of distinct distances) determines fewer than $\alpha_k n^{1/2}$ distinct distances.

\textbf{Theorem.} \textit{Let $x_1, \ldots, x_n \in \mathbb{R}^2$ be a set of $n$ distinct points, ordered such that $R(x_1) \leq \cdots \leq R(x_n)$, where $R(x_i) = \#\{ |x_j - x_i| : j \neq i \}$. Let $\alpha_k$ be the minimal value such that for all sufficiently large $n$, there exists a configuration of $n$ points satisfying $R(x_k) < \alpha_k n^{1/2}$. Then $\lim_{k \to \infty} \alpha_k = \infty$. Specifically, $\alpha_k = \Omega(\sqrt{k})$.}

\begin{proof}
We establish a lower bound on $\alpha_k$ by utilizing incidence geometry, specifically the upper bound on incidences between points and circles in the plane.

Let $k$ be a fixed positive integer. By the definition of $\alpha_k$, for any $\epsilon > 0$, there exists an integer $N_0$ such that for all $n \geq N_0$, there exists a set $P_n = \{x_1, \ldots, x_n\} \subset \mathbb{R}^2$ satisfying:
\[ R(x_k) < (\alpha_k + \epsilon) n^{1/2}. \]
Since the points are ordered by non-decreasing distinct distance counts $R(x_i)$, it follows that for all $i \in \{1, \ldots, k\}$:
\[ R(x_i) \leq R(x_k) < (\alpha_k + \epsilon) n^{1/2}. \]
Let $C = \alpha_k + \epsilon$. Let $S = \{x_1, \ldots, x_k\}$ be the subset of the first $k$ points of $P_n$. For each $x_i \in S$, let $D_i$ denote the set of distinct distances from $x_i$ to the other points in $P_n$. That is, $D_i = \{ |p - x_i| : p \in P_n \setminus \{x_i\} \}$. We have $|D_i| = R(x_i) < C n^{1/2}$.

We construct a family of circles $\mathcal{C}$ defined by these distances:
\[ \mathcal{C} = \bigcup_{i=1}^k \{ \Gamma(x_i, r) \mid r \in D_i \}, \]
where $\Gamma(x_i, r)$ is the circle centered at $x_i$ with radius $r$.
All circles in $\mathcal{C}$ are distinct because:
\begin{enumerate}
    \item Circles with the same center $x_i$ have distinct radii $r \in D_i$.
    \item Circles with different centers $x_i, x_j$ are distinct regardless of radii.
\end{enumerate}
Therefore, the number of distinct circles in $\mathcal{C}$ is:
\[ |\mathcal{C}| = \sum_{i=1}^k |D_i| < k C n^{1/2}. \]

Next, we estimate the number of incidences $I(P_n, \mathcal{C})$. Consider any point $p \in P_n \setminus S$. For every center $x_i \in S$, the distance $r = |p - x_i|$ is in $D_i$. Thus, $p$ lies on the circle $\Gamma(x_i, r) \in \mathcal{C}$. Every point $p \in P_n \setminus S$ is incident to at least $k$ circles in $\mathcal{C}$. Consequently:
\[ I(P_n, \mathcal{C}) \geq (n - k) k = nk - k^2. \]

We now apply the Pach-Sharir incidence bound \cite{pach1992}.
\textbf{Theorem (Pach \& Sharir, 1992).} \textit{Let $P$ be a set of $m$ points and $\mathcal{L}$ be a set of $L$ distinct simple curves in the plane such that any two curves intersect in at most $s$ points. Then there exists a constant $K_s$ such that:}
\[ I(P, \mathcal{L}) \leq K_s \left( m^{2/3} L^{2/3} + m + L \right). \]
Applying this with $s=2$, $m=n$, and $L = |\mathcal{C}| < k C n^{1/2}$:
\[ I(P_n, \mathcal{C}) \leq K_2 \left( n^{2/3} (k C n^{1/2})^{2/3} + n + k C n^{1/2} \right). \]
Simplifying the first term gives $n k^{2/3} C^{2/3}$. Combining the bounds:
\[ nk - k^2 \leq K_2 \left( n k^{2/3} C^{2/3} + n + k C n^{1/2} \right). \]
Dividing by $n$ and taking the limit as $n \to \infty$:
\[ k \leq K_2 \left( k^{2/3} \alpha_k^{2/3} + 1 \right). \]
Rearranging for $\alpha_k$ (assuming $k$ is large enough such that $k - K_2 \geq k/2$):
\[ \frac{k}{2 K_2} \leq k^{2/3} \alpha_k^{2/3} \implies \frac{k^{1/3}}{2 K_2} \leq \alpha_k^{2/3}. \]
Raising to the power $3/2$:
\[ \alpha_k \geq \left(\frac{1}{2 K_2}\right)^{3/2} \sqrt{k}. \]
Thus, $\alpha_k = \Omega(\sqrt{k})$, which implies $\lim_{k \to \infty} \alpha_k = \infty$.
\end{proof}

\begin{thebibliography}{9}
\bibitem{pach1992}
Pach, J., \& Sharir, M. (1992). Repeated angles in the plane and related problems. \textit{Journal of Combinatorial Theory, Series A}, 59(1), 12–22.
\end{thebibliography}",Discrete Geometry,Negligible Novelty,https://github.com/google-deepmind/superhuman/tree/main/aletheia/Erdos
erdos-654-aletheia,"Let $x_1,\ldots,x_n\in \mathbb{R}^2$ with no four points on a circle. Must there exist some $x_i$ with at least $(1-o(1))n$ distinct distances to other $x_i$?","Let $S$ be a set of $n$ points in the Euclidean plane $\mathbb{R}^2$. The set $S$ is said to have \textit{no four points on a circle} if the intersection of $S$ with any Euclidean circle contains at most three points. The problem asks whether this condition forces the existence of at least one point $x \in S$ such that the number of distinct distances from $x$ to $S \setminus \{x\}$, denoted $|\mathcal{D}(x)|$, satisfies $|\mathcal{D}(x)| \ge (1-o(1))n$.

We prove that this assertion is false. We construct a family of point sets where every point determines at most roughly $\frac{3}{4}n$ distinct distances.

\section{Construction}

Let $m \ge 10$ be an integer, and let $n = 4m$. Define the index set $K = \{10, 11, \dots, m+9\}$.
We define two sets of points $P$ and $Q$ located on the $y$-axis and $x$-axis, respectively:
\[
P = \left\{ (0, y) \in \mathbb{R}^2 \;\middle|\; y \in \{ 3^k, -3^k : k \in K \} \right\},
\]
\[
Q = \left\{ (x, 0) \in \mathbb{R}^2 \;\middle|\; x \in \{ 2^j, -2^j : j \in K \} \right\}.
\]
Let $S = P \cup Q$.
Since all coordinates are non-zero (powers of primes are positive), neither set contains the origin. Thus $P \cap Q = \emptyset$.
The size of each subset is $2|K| = 2m$. The total size of $S$ is $4m = n$.

\section{Geometric Verification}

We interpret ``circle'' in the standard Euclidean sense (a locus of points equidistant from a center). Note that in $\mathbb{R}^2$, a straight line is not a circle.

\begin{theorem}
No four points of $S$ lie on a circle.
\end{theorem}

\begin{proof}
A Euclidean circle intersects a straight line in at most two points. Since $P$ lies on the line $x=0$ and $Q$ lies on the line $y=0$, any circle can contain at most two points from $P$ and at most two points from $Q$.
Consequently, for a circle to contain four points of $S$, it must contain exactly two points from $P$ and exactly two points from $Q$.

Suppose such a circle $\mathcal{C}$ exists. Let the points in $P \cap \mathcal{C}$ be $(0, y_1)$ and $(0, y_2)$, and the points in $Q \cap \mathcal{C}$ be $(x_1, 0)$ and $(x_2, 0)$.
The chords formed by these pairs intersect at the origin $(0,0)$. By the Power of a Point Theorem, the product of the signed lengths of the segments from the intersection point must be equal. In terms of coordinates, this implies:
\[
y_1 y_2 = x_1 x_2.
\]
Taking absolute values yields:
\[
|y_1| |y_2| = |x_1| |x_2|.
\]
By construction, $|y_i| = 3^{k_i}$ and $|x_i| = 2^{j_i}$ for some $k_i, j_i \in K$. Substituting these forms:
\[
3^{k_1} \cdot 3^{k_2} = 2^{j_1} \cdot 2^{j_2} \implies 3^{k_1 + k_2} = 2^{j_1 + j_2}.
\]
By the Fundamental Theorem of Arithmetic, a power of 3 equals a power of 2 if and only if both exponents are zero. However, since $k, j \ge 10$, the sums of exponents satisfy $k_1+k_2 \ge 20$ and $j_1+j_2 \ge 20$. Thus, equality is impossible.

This contradiction implies that no circle passes through two points of $P$ and two points of $Q$. Since any other combination of four points involves at least three collinear points (which cannot lie on a circle), we conclude that no four points of $S$ lie on a circle.
\end{proof}

\section{Upper Bound on Distinct Distances}

We establish that every point determines fewer than $\frac{3}{4}n$ distinct distances.

\begin{lemma}
For any $u \in S$, distances from $u$ to points on the same axis are integers, while distances to points on the orthogonal axis are irrational. Thus, the set of distances to $P$ and the set of distances to $Q$ are disjoint.
\end{lemma}

\begin{proof}
We consider two cases based on the location of $u$.

\paragraph{Case 1: $u \in P$.}
Let $u = (0, Y)$ with $|Y| = 3^{k_0}$ ($k_0 \ge 10$).
Distances to other points $v \in P$ correspond to distances between $(0, Y)$ and $(0, y)$, which are $|Y-y|$. Since coordinates are integers, these distances are integers.
Distances to points $w = (x, 0) \in Q$ are given by $\sqrt{Y^2 + x^2}$.
Suppose such a distance is an integer $z$. Then $z^2 - Y^2 = x^2$, which implies:
\[
z^2 - 3^{2k_0} = 2^{2j}.
\]
Factoring the difference of squares, $(z-3^{k_0})(z+3^{k_0}) = 2^{2j}$. The factors must be powers of 2, say $2^a$ and $2^b$, with $a < b$. The difference between factors is:
\[
(z+3^{k_0}) - (z-3^{k_0}) = 2 \cdot 3^{k_0} = 2^b - 2^a = 2^a(2^{b-a} - 1).
\]
Since $3^{k_0}$ is odd, comparing the powers of 2 gives $2^a = 2 \implies a=1$.
The remaining factor yields $3^{k_0} = 2^{b-1} - 1$.
Taking modulo 3: $0 \equiv 2^{b-1} - 1 \pmod 3$, implying $2^{b-1} \equiv 1 \pmod 3$. Thus $b-1$ is even; let $b-1 = 2t$.
Then $3^{k_0} = 2^{2t} - 1 = (2^t - 1)(2^t + 1)$.
Since the product is a power of 3, both factors are powers of 3. Their difference is $(2^t+1) - (2^t-1) = 2$.
The only powers of 3 differing by 2 are 1 and 3. Thus $2^t-1 = 1 \implies t=1$.
Substituting $t=1$ gives $3^{k_0} = 3 \implies k_0 = 1$.
However, by construction $k_0 \ge 10$. Thus, no integer solution exists.

\paragraph{Case 2: $u \in Q$.}
Let $u = (X, 0)$ with $|X| = 2^{j_0}$ ($j_0 \ge 10$).
Distances to points in $Q$ are integers $|X-x|$.
Distances to points in $P$ are $\sqrt{X^2 + y^2}$.
Assume an integer distance $z$. Then $z^2 - 2^{2j_0} = 3^{2k}$.
Factorizing: $(z-2^{j_0})(z+2^{j_0}) = 3^{2k}$.
Let factors be $3^a$ and $3^b$ ($a < b$). Difference:
\[
2 \cdot 2^{j_0} = 3^b - 3^a = 3^a(3^{b-a}-1).
\]
Since 2 is coprime to 3, $a=0$.
Then $2^{j_0+1} = 3^b - 1$.
Consider modulo 4: $0 \equiv 3^b - 1 \implies 3^b \equiv 1 \pmod 4$. Thus $b$ is even; let $b=2s$.
Then $2^{j_0+1} = (3^s-1)(3^s+1)$.
The factors are powers of 2 differing by 2.
Thus $3^s-1 = 2 \implies s=1$.
This implies $2^{j_0+1} = 3^2-1 = 8$, so $j_0+1=3 \implies j_0=2$.
But $j_0 \ge 10$. Thus, no integer solution exists.

In both cases, distances to the orthogonal axis are purely irrational, while distances along the resident axis are integers. Thus, the sets are disjoint.
\end{proof}

\begin{theorem}
For every point $u \in S$, $|\mathcal{D}(u)| < \frac{3}{4}n$.
\end{theorem}

\begin{proof}
Assume without loss of generality that $u \in P$.
By the Lemma, $|\mathcal{D}(u)| = |\mathcal{D}_P| + |\mathcal{D}_Q|$.
\begin{enumerate}
    \item \textbf{Bound for $\mathcal{D}_Q$:}
    The distances are $\{\sqrt{Y^2 + 4^j} \mid j \in K\}$. Since the function $f(j) = Y^2 + 4^j$ is strictly monotonic, there are exactly $|K| = m$ distinct values.
    \[ |\mathcal{D}_Q| = m. \]
    \item \textbf{Bound for $\mathcal{D}_P$:}
    Since $u \in P$, there are $|P|-1 = 2m-1$ other points in $P$. The number of distinct distances cannot exceed the number of target points.
    \[ |\mathcal{D}_P| \le 2m-1. \]
\end{enumerate}
Combining these:
\[
|\mathcal{D}(u)| \le m + (2m-1) = 3m - 1.
\]
Recalling $n = 4m$, we have $3m = \frac{3}{4}n$. Thus:
\[
|\mathcal{D}(u)| \le \frac{3}{4}n - 1 < \frac{3}{4}n.
\]
By symmetry, the same bound applies if $u \in Q$.
\end{proof}

\section{Conclusion}

Since $\frac{3}{4}n < (1-\epsilon)n$ for any $\epsilon \in (0, 0.25)$, our construction demonstrates that a set with no four points on a circle need not contain any point with $(1-o(1))n$ distinct distances.

\begin{remark}[General Position]
The set $S$ contains collinear points. However, if one requires the set to be in \textit{general position} (no three collinear), the answer remains negative. Dumitrescu \cite{Dumitrescu2008} established the existence of sets of $N$ points in general position with no four concyclic points such that the sum of distinct distances determined by all points is $O(N^2 / \sqrt{\log N})$. By the pigeonhole principle, or by extracting a suitable subset, one can find a set satisfying these strict conditions where \textit{every} point determines $o(N)$ distinct distances. While our explicit construction suffices to disprove the claim in the problem statement, this result illustrates that the non-existence holds even under stronger constraints.
\end{remark}

\begin{thebibliography}{9}
\bibitem{Dumitrescu2008} A. Dumitrescu, ``Planar point sets with forbidden 4-point patterns and few distinct distances,'' \textit{Discrete Mathematics}, vol. 308, no. 23, pp. 5598--5603, 2008.
\bibitem{Mihailescu2004} P. Mih\u{a}ilescu, ``Primary Cyclotomic Units and a Proof of Catalan's Conjecture,'' \textit{Journal f\""{u}r die reine und angewandte Mathematik}, vol. 572, pp. 167--195, 2004.
\end{thebibliography}",Discrete Geometry,Negligible Novelty,https://github.com/google-deepmind/superhuman/tree/main/aletheia/Erdos
erdos-659-aletheia,"Is there a set of $n$ points in $\mathbb{R}^2$ such that every subset of $4$ points determines at least $3$ distances, yet the total number of distinct distances is\[\ll \frac{n}{\sqrt{\log n}}?\]","\begin{theorem}
There exists a set $P$ of $n$ points in the Euclidean plane $\mathbb{R}^2$ such that every subset of $4$ points determines at least $3$ distinct distances, and the total number of distinct distances determined by $P$ is $O(n/\sqrt{\log n})$.
\end{theorem}

Consequently, the answer to the question is \textbf{YES} (interpreting the notation $\ll$ as the asymptotic bound $O(\cdot)$).

\begin{proof}
We construct the set $P$ as a subset of a specific integer lattice in $\mathbb{R}^2$. This lattice is chosen to ensure that all squared distances are integers (ruling out irrational distance ratios) and that it possesses no geometric symmetries that would allow for a 4-point subset with fewer than 3 distances.

\subsubsection*{1. Construction of the Lattice and Point Set}

Let $K = \mathbb{Q}(\sqrt{-7})$. The ring of integers $\mathcal{O}_K$ is generated over $\mathbb{Z}$ by $1$ and $\omega = \frac{1 + i\sqrt{7}}{2}$. We embed $\mathcal{O}_K$ into $\mathbb{R}^2$ to form the lattice $\Lambda$:
\[ \Lambda = \left\{ u = m(1, 0) + k\left(\frac{1}{2}, \frac{\sqrt{7}}{2}\right) \;\middle|\; m, k \in \mathbb{Z} \right\}. \]
The squared Euclidean norm of a vector $u = m + k\omega$ is given by the field norm $N(u)$:
\[ \|u\|^2 = \left(m + \frac{k}{2}\right)^2 + \left(\frac{k\sqrt{7}}{2}\right)^2 = m^2 + mk + 2k^2. \]
Let $Q(m, k) = m^2 + mk + 2k^2$. Since $m, k \in \mathbb{Z}$, the squared distance between any two points in $\Lambda$ is a non-negative integer. Thus, the ratio of any two squared distances in $\Lambda$ must be rational.

Let $P_n$ be the subset of $\Lambda$ consisting of the $n$ points closest to the origin. Since $\Lambda$ is a lattice, these points are contained within a disk of radius $R$, where $n \approx \frac{\pi R^2}{\text{vol}(\Lambda)}$. Thus $R^2 = \Theta(n)$.

\subsubsection*{2. Bound on Distinct Distances}

The set of distinct distances determined by $P_n$ is a subset of $\{\sqrt{N} \mid N \in \mathbb{Z}_{\ge 0}, N \le 4R^2, N \text{ represented by } Q\}$.
The quadratic form $Q(m, k) = m^2 + mk + 2k^2$ is positive definite with discriminant $\Delta = 1^2 - 4(2) = -7$.
A theorem by Bernays (1912), generalizing the Landau-Ramanujan theorem, states that the number of positive integers $h \le X$ representable by a positive definite binary quadratic form is asymptotically
\[ \mathcal{B}(X) \sim C \frac{X}{\sqrt{\log X}}, \]
for some constant $C > 0$. Since the maximum squared distance in $P_n$ is $X = 4R^2 = O(n)$, the number of distinct distances satisfies:
\[ |D(P_n)| \le \mathcal{B}(O(n)) = O\left(\frac{n}{\sqrt{\log n}}\right). \]

\subsubsection*{3. Verification of the 4-Point Condition}

We claim that every subset of 4 distinct points in $\Lambda$ determines at least 3 distinct distances.
Since no set of 4 points in $\mathbb{R}^2$ can determine exactly 1 distance, it suffices to prove that $\Lambda$ contains no subset of 4 points determining exactly 2 distinct distances.

According to the classification of 4-point sets with exactly 2 distinct distances, any such set must be similar to one of the following configurations:
\begin{enumerate}
    \item \textbf{Square} (Squared distances ratio 2).
    \item \textbf{Rhombus} composed of two equilateral triangles (Squared distances ratio 3).
    \item \textbf{Isosceles Trapezoid} composed of three equilateral triangles (Squared distances ratio 3).
    \item \textbf{Kite} composed of two equilateral triangles (Squared distances ratio 3).
    \item \textbf{Equilateral Triangle with Centroid} (Squared distances ratio 3).
    \item \textbf{Regular Pentagon Subsets} (Squared distances ratios involving $\sqrt{5}$).
\end{enumerate}

Observe that configurations 2 through 5 all contain an equilateral triangle as a sub-configuration. Configuration 6 involves irrational squared distance ratios (specifically $\frac{3+\sqrt{5}}{2}$), which cannot exist in $\Lambda$.

\begin{lemma}
The lattice $\Lambda$ contains no equilateral triangles.
\end{lemma}
\begin{proof}
Suppose points $0, u, v \in \Lambda$ form an equilateral triangle. Then $\|u\|^2 = \|v\|^2 = \|u-v\|^2 = L$.
Using complex numbers corresponding to the lattice points, $v/u = \frac{1 \pm i\sqrt{3}}{2}$.
For $u, v \in \Lambda$, the quotient $v/u$ must lie in the field of fractions of $\mathcal{O}_K$, which is $K = \mathbb{Q}(\sqrt{-7})$.
However, $\sqrt{3} \notin \mathbb{Q}(\sqrt{-7})$. Alternatively, equating the area $\frac{\sqrt{3}}{4}L$ to the lattice area $\frac{k\sqrt{7}}{4}$ yields $\sqrt{3/7} \in \mathbb{Q}$, which is false.
\end{proof}

\begin{lemma}
The lattice $\Lambda$ contains no squares.
\end{lemma}
\begin{proof}
Suppose points $0, u, w, u+w \in \Lambda$ form a square. In complex numbers, $w/u = \pm i$.
This requires $i \in K = \mathbb{Q}(\sqrt{-7})$. Let $i = a + b\sqrt{-7}$ with $a, b \in \mathbb{Q}$.
Squaring yields $-1 = a^2 - 7b^2 + 2ab\sqrt{-7}$. Thus $2ab = 0$.
If $b=0$, $a^2 = -1$ (impossible). If $a=0$, $7b^2 = 1$ (impossible). Thus $i \notin K$.
\end{proof}

\subsubsection*{Conclusion}
The set $P_n \subset \Lambda$ satisfies both requirements:
\begin{enumerate}
    \item Every subset of 4 points determines $\ge 3$ distinct distances.
    \item The total number of distinct distances is $O(n/\sqrt{\log n})$.
\end{enumerate}
\end{proof}

\textbf{Answer: YES}",Discrete Geometry,Independent Rediscovery,https://github.com/google-deepmind/superhuman/tree/main/aletheia/Erdos
erdos-705-aletheia,Let $G$ be a finite unit distance graph in $\mathbb{R}^2$ (i.e. the vertices are a finite collection of points in $\mathbb{R}^2$ and there is an edge between two points if and only if the distance between them is $1$). Is there some $k$ such that if $G$ has girth $\geq k$ (i.e. $G$ contains no cycles of length $<k$) then $\chi(G)\leq 3$?,"\noindent The answer to the question is \textbf{No}.

\begin{theorem}
There does not exist an integer $k$ such that every finite unit distance graph $G$ in $\mathbb{R}^2$ with girth at least $k$ satisfies $\chi(G) \leq 3$.
\end{theorem}

\begin{proof}
We proceed by contradiction. Suppose there exists an integer $k$ such that for every finite unit distance graph $G$ in the Euclidean plane, the condition $\text{girth}(G) \ge k$ implies $\chi(G) \leq 3$.

Recall that a unit distance graph $G = (V, E)$ is defined by a finite set of vertices $V \subset \mathbb{R}^2$ where $\{u, v\} \in E$ if and only if $\|u - v\| = 1$.

We invoke a result established by Paul O'Donnell in 2000, which generalizes earlier constructions of 4-chromatic unit distance graphs by Moser (girth 3) and Wormald (girth 5).

\paragraph{Theorem (O'Donnell, 2000):} For every integer $g \ge 3$, there exists a finite unit distance graph $H_g$ in $\mathbb{R}^2$ such that:
\begin{enumerate}
    \item The girth of $H_g$ is greater than $g$.
    \item The chromatic number of $H_g$ is 4.
\end{enumerate}

Let $g = k$. By O'Donnell's theorem, there exists a finite unit distance graph $H_k$ with $\text{girth}(H_k) > k$. Since the girth is strictly greater than $k$, the condition $\text{girth}(H_k) \ge k$ holds. Therefore, under our initial assumption, $H_k$ must satisfy $\chi(H_k) \leq 3$.

However, O'Donnell's construction guarantees that $\chi(H_k) = 4$. This yields the contradiction $4 \leq 3$.

Thus, the assumption is false. No such integer $k$ exists because there are finite unit distance graphs of arbitrarily large girth that require 4 colors.
\end{proof}

\section*{Discussion}
The problem of determining whether girth constraints can bound the chromatic number of unit distance graphs has been extensively studied in geometric graph theory.



\begin{enumerate}
    \item \textbf{Small Girth Examples:} The classical \textbf{Moser spindle} (1961) is a unit distance graph with 7 vertices and 11 edges that requires 4 colors. It contains 3-cycles, so its girth is 3.
    \item \textbf{Girth 5:} Nicholas Wormald (1979) constructed a unit distance graph with 6448 vertices that is triangle-free and square-free (girth 5) but still requires 4 colors. This demonstrated that excluding $C_3$ and $C_4$ is insufficient to force 3-colorability.
    \item \textbf{Arbitrary Girth:} Paul O'Donnell's work (2000) completed the picture by showing that for \textit{any} fixed cycle length exclusion, one can still construct a 4-chromatic unit distance graph. His construction involves defining a sequence of abstract graphs with high girth and chromatic number 4, then carefully embedding them into $\mathbb{R}^2$ such that edges map to unit distances and no spurious unit distances (which could form short cycles) are introduced.
\end{enumerate}

Consequently, the class of unit distance graphs behaves similarly to general graphs in this respect: high girth does not imply low chromatic number (specifically, it does not imply $\chi \le 3$). Note that the Hadwiger-Nelson problem remains open regarding whether a unit distance graph with $\chi \ge 5$ exists (recently, de Grey proved $\chi \ge 5$ for the infinite plane graph, and finite subgraphs with $\chi=5$ have been found, but their girth properties are separate questions). However, for the specific bound of 3, O'Donnell's result provides a definitive negative answer.

\section*{References}
\begin{enumerate}
    \item \textbf{O'Donnell, Paul.} ``Arbitrary Girth, 4-Chromatic Unit Distance Graphs in the Plane I: Graph Description.'' \textit{Geombinatorics} 9, no. 3 (2000): 145–152.
    \item \textbf{O'Donnell, Paul.} ``Arbitrary Girth, 4-Chromatic Unit Distance Graphs in the Plane II: Graph Embedding.'' \textit{Geombinatorics} 9, no. 4 (2000): 180–193.
    \item \textbf{Wormald, Nicholas C.} ``A 4-chromatic graph with a special plane drawing.'' \textit{Journal of the Australian Mathematical Society (Series A)} 28, no. 1 (1979): 1–8.
    \item \textbf{Graham, Ronald L.} ``Euclidean Ramsey Theory.'' In \textit{Handbook of Discrete and Computational Geometry}, edited by J.E. Goodman and J. O'Rourke, Chapter 11. CRC Press.
\end{enumerate}",Graph Theory,Literature Identification,https://github.com/google-deepmind/superhuman/tree/main/aletheia/Erdos
erdos-935-aletheia,"For any integer $n=\prod p^{k_p}$ let $Q_2(n)$ be the powerful part of $n$, so that\[Q_2(n) = \prod_{\substack{p\\ k_p\geq 2}}p^{k_p}.\]Is it true that, for every $\epsilon>0$ and $\ell\geq 1$, if $n$ is sufficiently large then\[Q_2(n(n+1)\cdots(n+\ell))<n^{2+\epsilon}?\]If $\ell\geq 2$ then is\[\limsup_{n\to \infty}\frac{Q_2(n(n+1)\cdots(n+\ell))}{n^2}\]infinite? If $\ell\geq 2$ then is\[\lim_{n\to \infty}\frac{Q_2(n(n+1)\cdots(n+\ell))}{n^{\ell+1}}=0?\]","We provide a complete and rigorous resolution to all three parts of the problem.
\begin{enumerate}
    \item \textbf{Upper Bound:} We answer \textbf{Yes}. We invoke the theorem of J. Cilleruelo (2008), which establishes that the limit superior of the log-ratio of the powerful part of a product of consecutive integers to $\log n$ is exactly 2. Consequently, for any $\epsilon > 0$, the powerful part is bounded by $n^{2+\epsilon}$ for sufficiently large $n$.
    \item \textbf{Infinite Limit Superior:} We answer \textbf{Yes}. We demonstrate that for $\ell \ge 2$, the ratio $Q_2(P(n, \ell))/n^2$ is unbounded. By constructing a sequence of integers $\{n_k\}$ based on the solutions to the Pell equation $x^2 - 8y^2 = 1$, we ensure that $n_k$ and $n_k+1$ are powerful numbers. We then use properties of the fundamental unit in $\mathbb{Z}[\sqrt{8}]$ to show that $n_k+2$ is divisible by the square of arbitrarily large primes $p \equiv 5 \pmod 8$, thereby making the powerful part arbitrarily large relative to $n^2$.
    \item \textbf{Vanishing Limit:} We answer \textbf{Yes}. This follows directly from the upper bound established in the first part. Since the powerful part grows at most as $n^{2+\epsilon}$ and the denominator grows as $n^{\ell+1}$ (with $\ell+1 \ge 3$), the ratio converges to zero.
\end{enumerate}


\section{Introduction}

Let $n$ be a positive integer. The \textit{powerful part} of $n$, denoted by $\Qtwo(n)$, is the maximal divisor of $n$ such that every prime factor of the divisor appears with multiplicity at least 2. Equivalently, if the prime factorization of $n$ is $n = \prod_{p} p^{v_p(n)}$, then
\[ \Qtwo(n) = \prod_{\substack{p \mid n \\ v_p(n) \ge 2}} p^{v_p(n)}. \]
Let $\ell \ge 1$ be a fixed integer. We examine the product of $\ell+1$ consecutive integers starting at $n$:
\[ P(n, \ell) = \prod_{i=0}^\ell (n+i). \]
We address three specific questions concerning the asymptotic growth of $\Qtwo(P(n, \ell))$ as $n \to \infty$.

\section{Upper Bound on the Powerful Part}

\textbf{Question 1.} Is it true that for every $\epsilon > 0$ and $\ell \ge 1$, if $n$ is sufficiently large, then $\Qtwo(P(n, \ell)) < n^{2+\epsilon}$?

\begin{theorem}
Let $\ell \ge 1$ and $\epsilon > 0$. There exists an integer $N$ such that for all $n > N$,
\[ \Qtwo(P(n, \ell)) < n^{2+\epsilon}. \]
\end{theorem}

\begin{proof}
The product $P(n, \ell)$ involves $k = \ell + 1$ consecutive integers, where $k \ge 2$. The logarithmic order of the powerful part for such products was precisely determined by Cilleruelo \cite{Cilleruelo2008}.

\begin{theorem}[Cilleruelo, 2008]
For any integer $k \ge 2$, let $P(n, k-1)$ denote the product of $k$ consecutive integers starting at $n$. Then
\[ \limsup_{n \to \infty} \frac{\log \Qtwo(P(n, k-1))}{\log n} = 2. \]
\end{theorem}

Using this result with $k = \ell + 1$, we have:
\[ \limsup_{n \to \infty} \frac{\log \Qtwo(P(n, \ell))}{\log n} = 2. \]
By the definition of the limit superior, for any preassigned $\epsilon > 0$, there exists a threshold $N$ such that for all $n > N$:
\[ \frac{\log \Qtwo(P(n, \ell))}{\log n} < 2 + \epsilon. \]
Since $\log n > 0$ for $n > N$ (assuming $N \ge 2$), multiplying by $\log n$ yields:
\[ \log \Qtwo(P(n, \ell)) < (2+\epsilon) \log n. \]
Exponentiating both sides gives:
\[ \Qtwo(P(n, \ell)) < n^{2+\epsilon}. \]
This establishes the upper bound for all sufficiently large $n$.
\end{proof}

\section{Infinite Limit Superior}

\textbf{Question 2.} If $\ell \ge 2$, is $\limsup_{n\to \infty}\frac{\Qtwo(P(n, \ell))}{n^2}$ infinite?

\begin{theorem}
For any fixed integer $\ell \ge 2$,
\[ \limsup_{n \to \infty} \frac{\Qtwo(P(n, \ell))}{n^2} = \infty. \]
\end{theorem}

\begin{proof}
Assume $\ell \ge 2$. The product $P(n, 2) = n(n+1)(n+2)$ is a divisor of $P(n, \ell)$. By the property that $A \mid B \implies \Qtwo(A) \le \Qtwo(B)$, we have:
\[ \frac{\Qtwo(P(n, \ell))}{n^2} \ge \frac{\Qtwo(P(n, 2))}{n^2}. \]
Thus, proving the divergence for $\ell=2$ is sufficient. We construct a specific sequence of integers $\{n_k\}$ along which the normalized powerful part is unbounded.

Consider the Pell equation:
\begin{equation} \label{eq:pell}
x^2 - 8y^2 = 1.
\end{equation}
Let $\alpha = 3 + \sqrt{8}$ be the fundamental unit of $\Z[\sqrt{8}]$. Define the sequences $(x_k)_{k \ge 1}$ and $(y_k)_{k \ge 1}$ of positive integers by the relation:
\[ x_k + y_k\sqrt{8} = \alpha^k. \]
We set $n_k = 8y_k^2$. From (\ref{eq:pell}), we derive $n_k+1 = x_k^2$ and $n_k+2 = x_k^2+1$.

\textbf{Analysis of Powerful Properties:}
\begin{enumerate}
\item \textbf{Term $n_k$:} We have $n_k = 2^3 y_k^2$. Every prime factor of $y_k^2$ appears with an even multiplicity. The prime $2$ has multiplicity $3 + 2v_2(y_k) \ge 3$. Thus, every prime factor of $n_k$ appears with multiplicity at least 2. Therefore, $n_k$ is a powerful number, so $\Qtwo(n_k) = n_k$. Note that $v_2(n_k)$ is odd.
\item \textbf{Term $n_k+1$:} Since $n_k+1 = x_k^2$, it is a perfect square and hence powerful. Thus $\Qtwo(n_k+1) = n_k+1$. Moreover, $x_k^2 - 8y_k^2 = 1$ implies $x_k$ is odd, so $n_k+1$ is odd.
\item \textbf{Term $n_k+2$:} As $x_k$ is odd, $x_k^2 \equiv 1 \pmod 8$. Thus $n_k+2 = x_k^2+1 \equiv 2 \pmod 8$. Consequently, $v_2(n_k+2) = 1$.
\end{enumerate}

\textbf{Calculating $\Qtwo(P(n_k, 2))$:}
Let $P_k = n_k(n_k+1)(n_k+2)$.
We examine the pairwise greatest common divisors:
\begin{itemize}
\item $\gcd(n_k, n_k+1) = 1$.
\item $\gcd(n_k+1, n_k+2) = 1$.
\item $\gcd(n_k, n_k+2) = \gcd(8y_k^2, x_k^2+1) = 2$.
\end{itemize}
The only shared prime factor is 2. The total valuation of 2 is:
\[ v_2(P_k) = v_2(n_k) + v_2(n_k+1) + v_2(n_k+2) = v_2(n_k) + 0 + 1. \]
Since $v_2(n_k)$ is odd, the sum is even. Thus, the factor $2^{v_2(P_k)}$ is powerful.
Because odd prime factors are disjoint across the three terms, the powerful part function acts multiplicatively on the odd components.
\[ \Qtwo(P_k) = 2^{v_2(P_k)} \cdot \Qtwo(\text{odd}(n_k)) \cdot \Qtwo(n_k+1) \cdot \Qtwo(\text{odd}(n_k+2)). \]
Since $n_k$ is powerful, $\Qtwo(\text{odd}(n_k)) = n_k / 2^{v_2(n_k)}$.
Since $v_2(n_k+2)=1$, the odd part of $n_k+2$ is $(n_k+2)/2$, and $\Qtwo((n_k+2)/2) = \Qtwo(n_k+2)$.
Substituting these into the expression:
\begin{align*}
\Qtwo(P_k) &= 2^{v_2(n_k)+1} \cdot \frac{n_k}{2^{v_2(n_k)}} \cdot (n_k+1) \cdot \Qtwo(n_k+2) \\
&= 2 \cdot n_k \cdot (n_k+1) \cdot \Qtwo(n_k+2).
\end{align*}
Forming the ratio of interest:
\[ \frac{\Qtwo(P_k)}{n_k^2} = 2 \left( 1 + \frac{1}{n_k} \right) \Qtwo(n_k+2). \]
This ratio exceeds $2 \Qtwo(n_k+2)$. It remains to prove that $\Qtwo(n_k+2)$ is unbounded.

\begin{lemma}
Let $p$ be any prime with $p \equiv 5 \pmod 8$. There exists an index $k \in \N$ such that $n_k + 2 \equiv 0 \pmod{p^2}$.
\end{lemma}
\begin{proof}
Recall $n_k+2 = x_k^2+1$. We seek $k$ such that $x_k^2 \equiv -1 \pmod{p^2}$.
Since $p \equiv 5 \pmod 8$, the Legendre symbol is $(2/p) = -1$. Thus $p$ is inert in $\Z[\sqrt{2}]$.
Let $\alpha = 3 + \sqrt{8} = (1+\sqrt{2})^2$.
In $\F_{p^2} \cong \Z[\sqrt{2}]/(p)$, the Frobenius map $\sigma(z) = z^p$ fixes elements of $\F_p$ and sends $\sqrt{2} \to -\sqrt{2}$.
Therefore,
\[ (1+\sqrt{2})^p = 1 - \sqrt{2}. \]
Then
\[ \alpha^{(p+1)/2} = \left((1+\sqrt{2})^2\right)^{(p+1)/2} = (1+\sqrt{2})^{p+1} = (1+\sqrt{2})(1-\sqrt{2}) = 1 - 2 = -1. \]
Let $m = (p+1)/2$. Since $p \equiv 5 \pmod 8$, $m$ is an odd integer.
Thus $\alpha^m \equiv -1 \pmod p$.
Next, we lift this congruence to modulo $p^2$. Write $\alpha^m = -1 + p\delta$ for some $\delta \in \Z[\sqrt{8}]$.
Raising to the power $p$ (which is odd):
\[ \alpha^{mp} = (-1 + p\delta)^p = \sum_{j=0}^p \binom{p}{j}(-1)^{p-j}(p\delta)^j. \]
Since $p \ge 3$, terms with $j \ge 1$ are divisible by $p^2$. The term for $j=0$ is $(-1)^p = -1$.
Thus, $\alpha^{mp} \equiv -1 \pmod{p^2}$.
Let $M = mp$. Since $m$ and $p$ are odd, $M$ is odd.
Define $k$ by $2k = M+1$. Note that $k$ is an integer.
Then
\[ \alpha^{2k} = \alpha^{M+1} = \alpha^M \cdot \alpha \equiv (-1) \cdot \alpha = -\alpha \pmod{p^2}. \]
Since $\alpha$ is a unit, $\alpha^{-2k} \equiv -\alpha^{-1} \pmod{p^2}$.
From the recurrence relation $2x_k = \alpha^k + \alpha^{-k}$, squaring yields:
\[ 4x_k^2 = \alpha^{2k} + \alpha^{-2k} + 2. \]
Substituting the modular expressions:
\[ 4x_k^2 \equiv -\alpha - \alpha^{-1} + 2 \pmod{p^2}. \]
Since $\alpha + \alpha^{-1} = (3+\sqrt{8}) + (3-\sqrt{8}) = 6$, we have:
\[ 4x_k^2 \equiv -6 + 2 = -4 \pmod{p^2}. \]
Since $p$ is odd, 4 is a unit modulo $p^2$. Dividing by 4 gives:
\[ x_k^2 \equiv -1 \pmod{p^2}. \]
Thus $n_k+2 = x_k^2+1 \equiv 0 \pmod{p^2}$.
\end{proof}

\textbf{Conclusion of Divergence:}
Let $B > 0$ be an arbitrary constant. By Dirichlet's theorem on primes in arithmetic progressions, there exist infinitely many primes $p \equiv 5 \pmod 8$. Select such a prime satisfying $p^2 > B/2$.
By the Lemma, there exists an index $k$ such that $p^2 \mid (n_k+2)$.
Since $p^2$ is a perfect square, it is a powerful number. Divisors of powerful numbers are not necessarily powerful, but $p^2$ itself satisfies the powerful condition. Thus $p^2$ must divide $\Qtwo(n_k+2)$.
Therefore, $\Qtwo(n_k+2) \ge p^2$.
Returning to the ratio:
\[ \frac{\Qtwo(P_k)}{n_k^2} > 2 \Qtwo(n_k+2) \ge 2p^2 > B. \]
Since $B$ can be arbitrarily large, we conclude:
\[ \limsup_{n \to \infty} \frac{\Qtwo(P(n, \ell))}{n^2} = \infty. \]
\end{proof}

\section{Convergence to Zero}

\textbf{Question 3.} If $\ell \ge 2$, is $\lim_{n \to \infty} \frac{\Qtwo(P(n, \ell))}{n^{\ell+1}} = 0$?

\begin{theorem}
For any integer $\ell \ge 2$,
\[ \lim_{n \to \infty} \frac{\Qtwo(P(n, \ell))}{n^{\ell+1}} = 0. \]
\end{theorem}

\begin{proof}
Let $\ell \ge 2$. By Theorem 1, we know that for any $\epsilon > 0$, there is a constant $N$ such that whenever $n > N$:
\[ 0 \le \Qtwo(P(n, \ell)) < n^{2+\epsilon}. \]
Let us evaluate the ratio $A_n = \frac{\Qtwo(P(n, \ell))}{n^{\ell+1}}$.
Substituting the upper bound for $n > N$:
\[ 0 \le A_n < \frac{n^{2+\epsilon}}{n^{\ell+1}} = n^{1+\epsilon - \ell}. \]
Because $\ell \ge 2$, we have $1 - \ell \le -1$.
Choosing $\epsilon = 0.5$, the exponent becomes:
\[ 1 + 0.5 - \ell = 1.5 - \ell \le 1.5 - 2 = -0.5. \]
Thus, for $n > N$:
\[ 0 \le A_n < n^{-0.5} = \frac{1}{\sqrt{n}}. \]
Since $\lim_{n \to \infty} n^{-0.5} = 0$, by the Squeeze Theorem:
\[ \lim_{n \to \infty} A_n = 0. \]
Therefore, the limit is zero.
\end{proof}

\begin{thebibliography}{9}

\bibitem{Cilleruelo2008}
J. Cilleruelo, \textit{The powerful part of the product of consecutive integers}, Bull. London Math. Soc. \textbf{40} (2008), 873--877.

\end{thebibliography}",Number Theory,Independent Rediscovery,https://github.com/google-deepmind/superhuman/tree/main/aletheia/Erdos
erdos-992-aletheia,"Let $x_1<x_2<\cdots$ be an infinite sequence of integers. Is it true that, for almost all $\alpha \in [0,1]$, the discrepancy\[D(N)=\max_{I\subseteq [0,1]} \lvert \#\{ n\leq N : \{ \alpha x_n\}\in I\} - \lvert I\rvert N\rvert\]satisfies\[D(N) \ll N^{1/2}(\log N)^{o(1)}?\]Or even\[D(N)\ll N^{1/2}(\log\log N)^{O(1)}?\]","\begin{theorem}
The answer is \textbf{no}. There exists a strictly increasing sequence of integers $(x_n)_{n \ge 1}$ such that for almost all $\alpha \in [0,1]$, the discrepancy
\[ D(N) = \sup_{I\subseteq [0,1]} \lvert \#\{ n\leq N : \{ \alpha x_n\}\in I\} - \lvert I\rvert N\rvert \]
satisfies
\[ \limsup_{N \to \infty} \frac{D(N)}{\sqrt{N \log N}} > 0. \]
In particular, the proposed bound $D(N) \ll N^{1/2}(\log N)^{o(1)}$ fails for this sequence for almost all $\alpha$. Consequently, the stronger bound $D(N) \ll N^{1/2}(\log\log N)^{O(1)}$ also fails.
\end{theorem}

\begin{proof}
Let $(x_n)_{n \ge 1}$ be a strictly increasing sequence of integers. The discrepancy $D(N)$ defined in the problem statement corresponds to the unnormalized star discrepancy, often denoted in the literature as $N D_N^*(\alpha)$.

We examine whether the bound
\[ D(N) \ll N^{1/2}(\log N)^{o(1)} \]
holds for almost all $\alpha$. If this bound were valid for every strictly increasing integer sequence, it would imply that for any $\varepsilon > 0$,
\[ D(N) = O(N^{1/2}(\log N)^\varepsilon) \quad \text{almost everywhere}. \]

However, in 1994, Istv\'{a}n Berkes and Walter Philipp proved that the logarithmic power in the discrepancy upper bound cannot be made arbitrarily small for general integer sequences.

\begin{lemma}[Berkes \& Philipp [1]]
There exists a strictly increasing sequence of integers $(x_n)_{n \ge 1}$ and a constant $c > 0$ such that for almost all $\alpha \in [0,1]$,
\[ \limsup_{N \to \infty} \frac{D(N)}{\sqrt{N \log N}} \geq c. \]
\end{lemma}

\paragraph{Verification of the Negative Answer:}
Suppose, for contradiction, that $D(N) \ll N^{1/2}(\log N)^{o(1)}$ holds for the sequence identified in the Lemma. This implies that for any $\varepsilon > 0$, there exists a constant $C_\alpha$ such that for all sufficiently large $N$,
\[ D(N) \leq C_\alpha N^{1/2}(\log N)^\varepsilon. \]
Choose $\varepsilon = 1/4$. Then we must have
\[ D(N) \leq C_\alpha N^{1/2}(\log N)^{1/4}. \]
However, the Lemma asserts that there are infinitely many $N$ such that
\[ D(N) \geq c N^{1/2}(\log N)^{1/2}. \]
Combining these inequalities for such $N$ gives
\[ c N^{1/2}(\log N)^{1/2} \leq C_\alpha N^{1/2}(\log N)^{1/4}, \]
which simplifies to
\[ (\log N)^{1/4} \leq \frac{C_\alpha}{c}. \]
This is a contradiction as $N \to \infty$. Thus, the bound $D(N) \ll N^{1/2}(\log N)^{o(1)}$ cannot hold.

Since $\sqrt{N \log N}$ grows strictly faster than $N^{1/2}(\log \log N)^{k}$ for any fixed $k$, the second proposed bound
\[ D(N) \ll N^{1/2}(\log\log N)^{O(1)} \]
is also false for this sequence.
\end{proof}

\begin{remark}
While R. C. Baker [2] established that $D(N) \ll N^{1/2}(\log N)^{3/2+\varepsilon}$ holds almost everywhere for \textit{any} distinct sequence of integers, the gap between the exponents $1/2$ (from the Berkes-Philipp lower bound) and $3/2$ (from Baker's upper bound) indicates that the discrepancy behavior of general integer sequences is significantly worse than that of lacunary sequences (which satisfy the Law of the Iterated Logarithm, $D(N) \sim \sqrt{N \log \log N}$, as shown by Philipp [3]). The Berkes-Philipp counterexample specifically exploits arithmetic structures in the sequence to create correlations that prevent the cancellations necessary for a smaller discrepancy bound.
\end{remark}

\section*{References}

\begin{enumerate}
    \item[{[1]}] I. Berkes and W. Philipp, ``The size of trigonometric and Walsh series and uniform distribution mod 1'', \textit{Journal of the London Mathematical Society} (2) \textbf{50} (1994), 454–464.
    \item[{[2]}] R. C. Baker, ``Metric number theory and the large sieve'', \textit{Journal of the London Mathematical Society} (2) \textbf{24} (1981), 34–40.
    \item[{[3]}] W. Philipp, ``Limit theorems for lacunary series and uniform distribution mod 1'', \textit{Acta Arithmetica} \textbf{26} (1975), 241–251.
\end{enumerate}",Discrepancy Theory,Literature Identification,https://github.com/google-deepmind/superhuman/tree/main/aletheia/Erdos
erdos-1040-aletheia,"Let $F\subseteq \mathbb{C}$ be a closed infinite set, and let $\mu(F)$ be the infimum of\[\lvert \{ z: \lvert f(z)\rvert < 1\}\rvert,\]as $f$ ranges over all polynomials of the shape $\prod (z-z_i)$ with $z_i\in F$. Is $\mu(F)$ determined by the transfinite diameter of $F$?","\section{Introduction}

Let $F \subseteq \mathbb{C}$ be a closed infinite set. We define $\mu(F)$ as the infimum of the area of the lemniscate $\{z \in \mathbb{C} : |P(z)| < 1\}$ taken over all monic polynomials $P$ with roots in $F$.
We address two specific questions regarding the properties of $\mu(F)$:
\begin{enumerate}
    \item Is $\mu(F)$ uniquely determined by the transfinite diameter $d_\infty(F)$?
    \item Does $d_\infty(F) \ge 1$ imply $\mu(F) = 0$?
\end{enumerate}



\section{Part 1: Independence from Transfinite Diameter}

\textbf{Answer: No.}

We prove that $\mu(F)$ is not determined by $d_\infty(F)$. To do so, we exhibit two distinct closed infinite sets, $F_1$ and $F_2$, which have identical transfinite diameters ($d_\infty = 0$) but yield markedly different values for $\mu(F)$.

Recall that for any countable compact set $K$, the transfinite diameter (logarithmic capacity) is zero.

\paragraph{1. Construction of $F_1$ (Positive Area Bound)}

Let $F_1 = \{0\} \cup \left\{ \frac{1}{n} : n \in \mathbb{Z}, n \ge 1 \right\}$.
Since $F_1$ is a countable compact subset of the interval $[0, 1]$, $d_\infty(F_1) = 0$.
Let $P(z) = \prod_{j=1}^m (z - x_j)$ be an arbitrary monic polynomial with roots $x_j \in F_1$.
Since $F_1 \subset [0, 1]$, every root satisfies $x_j \in [0, 1]$.
Consider the disk $D = \{ z : |z - 1/2| < 1/2 \}$.
For any $z \in D$, $|z - 1/2| < 1/2$. Also, since $x_j \in [0, 1]$, $|x_j - 1/2| \le 1/2$.
Applying the triangle inequality:
\[ |z - x_j| \le |z - 1/2| + |1/2 - x_j| < \frac{1}{2} + \frac{1}{2} = 1. \]
Thus, $|P(z)| = \prod |z - x_j| < 1^m = 1$ for all $z \in D$.
Consequently, the lemniscate contains $D$, so:
\[ \text{Area}(\{z : |P(z)| < 1\}) \ge \text{Area}(D) = \frac{\pi}{4}. \]
Taking the infimum over all $P$, we have $\mu(F_1) \ge \pi/4$.

\paragraph{2. Construction of $F_2$ (Vanishing Area)}

Let $R > 4$ be a real parameter. Define
\[ F_2 = \{0, R\} \cup \left\{ \frac{1}{n} : n \ge 1 \right\} \cup \left\{ R + \frac{1}{n} : n \ge 1 \right\}. \]
$F_2$ is a countable compact set, so $d_\infty(F_2) = 0$.
Consider the monic quadratic polynomial $Q(z) = z(z-R)$. Its roots $0, R$ lie in $F_2$.
We compute the area of the lemniscate $L = \{z : |z(z-R)| < 1\}$.
Let $w = z(z-R)$. By completing the square, $w = (z - R/2)^2 - R^2/4$.
Substitute $u = (z - R/2)^2$. The condition $|w| < 1$ transforms to $|u - R^2/4| < 1$.
Solving for $z$: $z = R/2 \pm \sqrt{u}$.
The Jacobian is $|dz/du|^2 = |1/(2\sqrt{u})|^2 = 1/(4|u|)$.
Summing the contributions from both branches of the square root:
\[ \text{Area}(L) = \int_{|u - R^2/4| < 1} \frac{1}{2|u|} dA_u. \]
In the domain of integration $D(R^2/4, 1)$, we have $|u| \ge R^2/4 - 1$. Thus, the integrand is bounded by $\frac{1}{2(R^2/4 - 1)}$.
\[ \text{Area}(L) \le \pi(1)^2 \cdot \frac{1}{2(R^2/4 - 1)} = \frac{2\pi}{R^2 - 4}. \]
As we increase $R$, this area tends to zero. By choosing $R$ sufficiently large (e.g., $R=20$), we ensure $\mu(F_2) < \pi/4$.

\textbf{Conclusion:}
Since $F_1$ and $F_2$ both possess transfinite diameter zero, yet $\mu(F_1) \ge \pi/4$ while $\mu(F_2)$ can be arbitrarily close to zero, $\mu(F)$ is not determined by $d_\infty(F)$.

\section{Part 2: Vanishing Area for Capacity $\ge 1$}

\textbf{Answer: Yes.}

We demonstrate that if $d_\infty(F) \ge 1$, then $\mu(F) = 0$. We divide the proof into two exhaustive cases: unbounded sets and bounded sets.

\paragraph{Case 1: $F$ is Unbounded}

If $F$ is unbounded, it contains pairs of points with arbitrarily large separation.
Fix $a \in F$. Since $F$ is unbounded, there exists a sequence $\{b_k\}_{k \ge 1} \subset F$ such that $R_k = |b_k - a| \to \infty$.
Define the sequence of monic polynomials $P_k(z) = (z - a)(z - b_k)$.
Following the area estimation derived in Part 1 (Construction 2), the area of the lemniscate associated with $P_k$ satisfies:
\[ \text{Area}(\{z : |P_k(z)| < 1\}) \le \frac{2\pi}{R_k^2 - 4}. \]
Since $\lim_{k \to \infty} R_k = \infty$, the area converges to 0.
Because $\mu(F)$ is the infimum of such areas, $\mu(F) = 0$.

\paragraph{Case 2: $F$ is Bounded}

If $F$ is closed and bounded, it is compact. Let $C = d_\infty(F)$. By hypothesis, $C \ge 1$.
Define the scaled set $K = \frac{1}{C}F = \{z/C : z \in F\}$.
Since capacity scales linearly, $d_\infty(K) = C^{-1} d_\infty(F) = 1$.
Thus, $K$ is a compact set with unit logarithmic capacity.
We now utilize the recent theorem concerning minimal lemniscate areas for such sets.

\begin{theorem*}[Krishnapur, Lundberg, Ramachandran, 2025]
Let $K \subset \mathbb{C}$ be a compact set with logarithmic capacity equal to 1. Let $\mathcal{A}_n(K)$ be the minimal area of $\{ z : |P(z)| < 1 \}$ over all monic polynomials $P$ of degree $n$ with roots in $K$. Then:
\[ \lim_{n \to \infty} \mathcal{A}_n(K) = 0. \]
More precisely, $\mathcal{A}_n(K) = O(1/\log \log n)$.
\end{theorem*}

Using this theorem, there exists a sequence of monic polynomials $\{q_n\}$ of degree $n$ with roots in $K$ such that $\text{Area}(\{|q_n| < 1\}) \to 0$.
Define polynomials on $F$ by $P_n(z) = C^n q_n(z/C)$.
Since $q_n$ has roots in $K$, $P_n$ has roots in $C \cdot K = F$. Furthermore, $P_n$ is monic.
Consider the lemniscate for $P_n$:
\[ \{ z : |P_n(z)| < 1 \} = \{ z : C^n |q_n(z/C)| < 1 \}. \]
Substitute $w = z/C$ (so $dA_z = C^2 dA_w$):
\[ \text{Area}(\{z : |P_n(z)| < 1\}) = C^2 \cdot \text{Area}(\{ w : |q_n(w)| < C^{-n} \}). \]
Since $C \ge 1$, we have $C^{-n} \le 1$. Thus:
\[ \{ w : |q_n(w)| < C^{-n} \} \subseteq \{ w : |q_n(w)| < 1 \}. \]
Consequently:
\[ \text{Area}(\{|P_n| < 1\}) \le C^2 \cdot \text{Area}(\{w : |q_n(w)| < 1\}). \]
As $n \to \infty$, the term $\text{Area}(\{|q_n| < 1\})$ tends to zero. Since $C$ is a fixed constant, the total area tends to zero.
Thus, $\mu(F) = 0$.

\section{Conclusion}

\begin{enumerate}
    \item \textbf{No.} $\mu(F)$ is not determined by the transfinite diameter. Even among sets with $d_\infty(F)=0$, the value of $\mu(F)$ can vary widely (e.g., $\ge \pi/4$ vs. $0$).
    \item \textbf{Yes.} If $d_\infty(F) \ge 1$, then $\mu(F) = 0$. Unbounded sets allow for quadratic polynomials with arbitrarily large root separations yielding zero area in the limit. Bounded sets rescaled to unit capacity utilize the theorem of Krishnapur, Lundberg, and Ramachandran to guarantee vanishing area.
\end{enumerate}

\begin{thebibliography}{9}
\bibitem{KLR25} M. Krishnapur, E. Lundberg, and K. Ramachandran, \textit{On the area of polynomial lemniscates}, arXiv:2503.18270, 2025.
\bibitem{EHP58} P. Erdős, F. Herzog, and G. Piranian, \textit{Metric properties of polynomials}, J. Analyse Math. 6 (1958), 125–148.
\end{thebibliography}",Complex Analysis,Negligible Novelty,https://github.com/google-deepmind/superhuman/tree/main/aletheia/Erdos
erdos-1051-aletheia,Is it true that if $a_1<a_2<\cdots$ is a sequence of integers with\[\liminf a_n^{1/2^n}>1\]then\[\sum_{n=1}^\infty \frac{1}{a_na_{n+1}}\]is irrational?,"\textbf{Introduction.} In this paper, we examine the arithmetic nature of the series
\[ S = \sum_{n=1}^\infty \frac{1}{a_n a_{n+1}}, \]
where $(a_n)_{n \ge 1}$ is a strictly increasing sequence of integers. We assume the sequence exhibits double exponential growth, quantified by the condition:
\begin{equation} \label{eq:hypothesis}
L := \liminf_{n\to\infty} a_n^{1/2^n} > 1.
\end{equation}
This problem relates to classical results by Erd\H{o}s, Graham, and Badea concerning the irrationality of series with rapidly growing denominators \cite{Erdos1980, Badea1987}. We prove that condition \eqref{eq:hypothesis} is sufficient to guarantee the irrationality of $S$.

\section{Main Result}

\begin{theorem}
Let $(a_n)_{n \ge 1}$ be a strictly increasing sequence of integers satisfying \eqref{eq:hypothesis}. Then the sum $S$ is an irrational number.
\end{theorem}

\begin{proof}
We proceed by contradiction. Assume that $S$ is a rational number.

\paragraph{Reduction to a Tail Sequence.}
Since $L > 1$, the terms $a_n$ tend to infinity. Let $c$ be a constant such that $1 < c < L$. By the definition of the limit inferior, there exists an index $N_0$ such that for all $n \ge N_0$, $a_n^{1/2^n} > c$. Consequently, $a_n \ge 2$ for all $n \ge N_0$. The original series $S$ can be decomposed into a finite sum and an infinite tail:
\[ S = \sum_{n=1}^{N_0-1} \frac{1}{a_n a_{n+1}} + \sum_{n=N_0}^\infty \frac{1}{a_n a_{n+1}}. \]
Since the finite sum is rational, $S$ is rational if and only if the tail sum is rational. We define a shifted sequence $(b_n)_{n \ge 1}$ by $b_n = a_{N_0 + n - 1}$. The sequence $(b_n)$ satisfies:
\begin{enumerate}
\item $b_n \in \mathbb{Z}$, $b_n \ge 2$, and $b_{n+1} > b_n$ for all $n \ge 1$.
\item The sum $S' = \sum_{n=1}^\infty \frac{1}{b_n b_{n+1}}$ is rational. Let $S' = p/q$ for positive integers $p, q$.
\item The growth rate is preserved in the limit. Let $\mathcal{L} = \liminf_{n \to \infty} b_n^{1/2^n}$. We have:
\[ \mathcal{L} = \liminf_{n \to \infty} \left( a_{N_0+n-1}^{1/2^{N_0+n-1}} \right)^{2^{N_0-1}} = L^{2^{N_0-1}}. \]
Since $L > 1$ and $N_0 \ge 1$, we have $\mathcal{L} > 1$.
\end{enumerate}

\paragraph{Integer Constraints from Rationality.}
Let $P_n = \prod_{k=1}^n b_k$. Define the partial sum $S'_n = \sum_{k=1}^{n-1} \frac{1}{b_k b_{k+1}}$ and the remainder $R_n = S' - S'_n$. Substituting $S' = p/q$:
\[ R_n = \frac{p}{q} - S'_n \implies q P_n R_n = p P_n - q (P_n S'_n). \]
The term $P_n S'_n = \sum_{k=1}^{n-1} \frac{P_n}{b_k b_{k+1}}$ is an integer because for every $k < n$, the distinct factors $b_k$ and $b_{k+1}$ divide $P_n$. Thus, the quantity $K_n := q P_n R_n$ is an integer. Since the terms of the series are strictly positive, $R_n > 0$, implying $K_n \ge 1$. This yields a lower bound for the remainder:
\begin{equation} \label{eq:Rn_lower}
R_n \ge \frac{1}{q P_n}.
\end{equation}

\paragraph{Recurrence Bound on Sequence Growth.}
We establish an upper bound for $b_{n+1}$ derived from the properties of $R_n$. Using the telescoping inequality $\frac{1}{b_k b_{k+1}} < \frac{1}{b_k} - \frac{1}{b_{k+1}}$, we sum from $k=n$ to infinity:
\[ R_n = \sum_{k=n}^\infty \frac{1}{b_k b_{k+1}} < \frac{1}{b_n}. \]
From $K_n = q P_n R_n$, we have:
\[ K_n < \frac{q P_n}{b_n} = q P_{n-1} \quad (\text{with } P_0=1). \]
Applying this to index $n+1$, we obtain $K_{n+1} < q P_n$. Next, we use the recurrence relation for the remainder:
\[ R_n = \frac{1}{b_n b_{n+1}} + R_{n+1}. \]
Multiplying by $q P_{n+1} = q P_n b_{n+1}$:
\[ q P_{n+1} R_n = \frac{q P_n b_{n+1}}{b_n b_{n+1}} + q P_{n+1} R_{n+1}. \]
Simplifying the first term on the right-hand side using $P_n/b_n = P_{n-1}$:
\[ b_{n+1} (q P_n R_n) = q P_{n-1} + (q P_{n+1} R_{n+1}). \]
Substituting $K_n$ and $K_{n+1}$:
\[ b_{n+1} K_n = q P_{n-1} + K_{n+1}. \]
Since $K_n \ge 1$, we have $b_{n+1} \le b_{n+1} K_n$. Therefore:
\[ b_{n+1} \le q P_{n-1} + K_{n+1}. \]
Using the bound $K_{n+1} < q P_n$:
\[ b_{n+1} < q P_{n-1} + q P_n = q P_{n-1} (1 + b_n). \]
Since $b_n \ge 2$, $1+b_n \le 2 b_n$. Thus:
\[ b_{n+1} < 2 q P_{n-1} b_n = 2 q P_n. \]
Substituting this into $P_{n+1} = P_n b_{n+1}$, we obtain the growth constraint:
\begin{equation} \label{eq:Pn_recurrence}
P_{n+1} < 2 q P_n^2.
\end{equation}

\paragraph{Convergence of Sequence Limits.}
We analyze the asymptotic behavior of $P_n$. Taking the natural logarithm of \eqref{eq:Pn_recurrence}:
\[ \ln P_{n+1} < 2 \ln P_n + \ln(2q). \]
Dividing by $2^{n+1}$:
\[ \frac{\ln P_{n+1}}{2^{n+1}} < \frac{\ln P_n}{2^n} + \frac{\ln(2q)}{2^{n+1}}. \]
Let $y_n = 2^{-n} \ln P_n$. Then $y_{n+1} < y_n + 2^{-(n+1)} \ln(2q)$. Consider the auxiliary sequence $z_n = y_n + 2^{-n} \ln(2q)$. We observe that $z_n$ is strictly decreasing. To prove convergence, we show it is bounded below. Since $\mathcal{L} > 1$, for sufficiently large $n$, $b_n > c^{2^n}$ for some $c > 1$. This implies $P_n$ grows at least double exponentially, so $y_n$ is bounded away from 0. Thus $z_n$ converges, implying $y_n$ converges. Let $Y = \lim_{n\to\infty} y_n$ and define:
\[ \Pi = \lim_{n\to\infty} P_n^{1/2^n} = e^Y. \]
We determine the limit of the normalized sequence terms. Since $b_n = P_n / P_{n-1}$:
\[ b_n^{1/2^n} = \frac{P_n^{1/2^n}}{ (P_{n-1}^{1/2^{n-1}})^{1/2} }. \]
Taking limits as $n \to \infty$:
\[ \lim_{n\to\infty} b_n^{1/2^n} = \frac{\Pi}{\sqrt{\Pi}} = \sqrt{\Pi}. \]
Since the limit exists, it must equal the limit inferior $\mathcal{L}$. Therefore:
\begin{equation} \label{eq:Pi_L2}
\Pi = \mathcal{L}^2.
\end{equation}

\subsection*{Contradiction via Remainder Estimation}

We now derive a conflicting lower bound for $\Pi$. Fix any constant $C$ such that $1 < C < \mathcal{L}$. For sufficiently large $k$, $b_k > C^{2^k}$. The term $b_k b_{k+1}$ grows as $C^{2^k} C^{2^{k+1}} = C^{3 \cdot 2^k}$. The remainder $R_n$ is bounded by:
\[ R_n = \sum_{k=n}^\infty \frac{1}{b_k b_{k+1}} < \sum_{k=n}^\infty C^{-3 \cdot 2^k}. \]
For $C > 1$, this series is dominated by its first term (bounded by a geometric series with ratio $\le 1/2$ for large $n$):
\[ R_n < 2 C^{-3 \cdot 2^n}. \]
Recall the rationality lower bound \eqref{eq:Rn_lower}, $R_n \ge \frac{1}{q P_n}$. Combining these:
\[ \frac{1}{q P_n} < 2 C^{-3 \cdot 2^n} \implies P_n > \frac{1}{2q} C^{3 \cdot 2^n}. \]
Raising to the power $1/2^n$ and taking the limit $n \to \infty$:
\[ \Pi \ge \lim_{n\to\infty} (2q)^{-1/2^n} C^3 = C^3. \]
Since this holds for all $C < \mathcal{L}$, we conclude:
\begin{equation} \label{eq:Pi_L3}
\Pi \ge \mathcal{L}^3.
\end{equation}

\subsection*{Conclusion}

We have derived two relations: $\Pi = \mathcal{L}^2$ and $\Pi \ge \mathcal{L}^3$. Combining them yields $\mathcal{L}^2 \ge \mathcal{L}^3$. Since $\mathcal{L} > 1$, we divide by $\mathcal{L}^2$ to obtain:
\[ 1 \ge \mathcal{L}. \]
This contradicts the condition $\mathcal{L} > 1$. Therefore, the assumption that $S$ is rational implies a contradiction.
\end{proof}

\begin{thebibliography}{9}
\bibitem{Erdos1980} P. Erd\H{o}s and R. L. Graham, \textit{Old and New Problems and Results in Combinatorial Number Theory}, Monographies de L'Enseignement Math\'ematique, No. 28, Universit\'e de Gen\`eve, Geneva, 1980.
\bibitem{Badea1987} C. Badea, ``The irrationality of certain infinite series,'' \textit{Glasgow Mathematical Journal}, vol. 29, no. 2, pp. 221--228, 1987.
\end{thebibliography}",Number Theory,Minor Novelty,https://github.com/google-deepmind/superhuman/tree/main/aletheia/Erdos
erdos-1089-aletheia,"Let $g_d(n)$ be minimal such that every collection of $g_d(n)$ points in $\mathbb{R}^d$ determines at least $n$ many distinct distances. Estimate $g_d(n)$. In particular, does\[\lim_{d\to \infty}\frac{g_d(n)}{d^{n-1}}\]exist?","\begin{theorem}
Let $n \ge 1$ be an integer. Let $g_d(n)$ denote the minimal integer such that every set of $g_d(n)$ distinct points in $\mathbb{R}^d$ determines at least $n$ distinct non-zero distances.
\begin{itemize}
\item For $n=1$, $g_d(1) = 2$, and the limit is $2$.
\item For $n \ge 2$, the limit exists and is equal to $\frac{1}{(n-1)!}$.
\end{itemize}
\end{theorem}

\begin{proof}
\textbf{1. Reduction to $s$-distance sets}

Let $P \subset \mathbb{R}^d$ be a finite set of points. The set of distinct non-zero distances determined by $P$ is defined as $D(P) = \{ \|x-y\| : x,y \in P, x \neq y \}$.
The definition of $g_d(n)$ implies that if $|P| \ge g_d(n)$, then $|D(P)| \ge n$.
Taking the contrapositive, if $|D(P)| \le n-1$, then $|P| < g_d(n)$.
Thus, $g_d(n) - 1$ is the maximum possible cardinality of a set $P \subset \mathbb{R}^d$ that determines at most $n-1$ distinct distances.
Let $s = n-1$. Let $M_d(s)$ denote the maximum size of an $s$-distance set in $\mathbb{R}^d$ (a set determining at most $s$ distinct distances).
Then:
\[ g_d(n) = M_d(s) + 1. \]

\textbf{2. Case $n=1$}

If $n=1$, then $s=0$.
A set with 0 distinct non-zero distances cannot contain any pair of distinct points. Thus, it contains at most 1 point.
So $M_d(0) = 1$.
Therefore, $g_d(1) = 1 + 1 = 2$.
The limit is:
\[ \lim_{d\to \infty} \frac{g_d(1)}{d^{1-1}} = \frac{2}{1} = 2. \]

\textbf{3. Case $n \ge 2$}

Here $s = n-1 \ge 1$. We estimate $M_d(s)$.

\textit{Upper Bound.}
We use the bound for $s$-distance sets in Euclidean space established by Bannai, Bannai, and Stanton (1983).
Let $X \subset \mathbb{R}^d$ be a set with $|D(X)| \le s$.
Let the distinct distances be $\alpha_1, \dots, \alpha_s$.
For each $y \in X$, define the polynomial $F_y: \mathbb{R}^d \to \mathbb{R}$ by:
\[ F_y(x) = \prod_{j=1}^s (\|x-y\|^2 - \alpha_j^2). \]
Notice that for any $z \in X$, $F_y(z) = 0$ if $z \ne y$, and $F_y(y) = \prod (-\alpha_j^2) \ne 0$.
This property implies that the polynomials $\{F_y\}_{y \in X}$ are linearly independent.
Expanding the expression $\|x-y\|^2 = \|x\|^2 - 2\langle x, y \rangle + \|y\|^2$, we observe that each $F_y(x)$ is a linear combination of terms of the form $(\|x\|^2)^k x_1^{e_1} \dots x_d^{e_d}$, where the total degree is at most $2s$.
Bannai et al. showed that these polynomials reside in a specific subspace of the polynomial ring associated with harmonic polynomials, which has dimension exactly $\binom{d+s}{s}$.
Since the polynomials are linearly independent, the number of points cannot exceed the dimension of this space.
Thus:
\[ |X| \le \binom{d+s}{s}. \]
Since this holds for any set with at most $s$ distances,
\[ M_d(s) \le \binom{d+s}{s}. \]
Substituting $s=n-1$:
\[ g_d(n) \le \binom{d+n-1}{n-1} + 1. \]

\textit{Lower Bound.}
We construct a set with a large number of points determining at most $s$ distances.
Consider the vector space $\mathbb{R}^{d+1}$. Let $V$ be the set of binary vectors with exactly $s$ ones (Hamming weight $s$):
\[ V = \left\{ v \in \{0,1\}^{d+1} : \sum_{i=1}^{d+1} v_i = s \right\}. \]
All points in $V$ satisfy the equation $\sum x_i = s$, defining a hyperplane $H \subset \mathbb{R}^{d+1}$. Since $H$ is a $d$-dimensional affine subspace, it is isometric to $\mathbb{R}^d$. Thus, $V$ is isometrically embeddable in $\mathbb{R}^d$.
The cardinality of $V$ is:
\[ |V| = \binom{d+1}{s}. \]
Now, let $u, v \in V$ be distinct points. The squared Euclidean distance is:
\[ \|u-v\|^2 = \sum_{i=1}^{d+1} (u_i - v_i)^2. \]
Since $u_i, v_i \in \{0,1\}$, $(u_i - v_i)^2 = |u_i - v_i|$.
Also, $\sum |u_i - v_i| = \text{weight}(u) + \text{weight}(v) - 2|u \cap v| = s + s - 2k = 2(s-k)$, where $k$ is the number of common ones.
Since $u \ne v$, the intersection size $k$ is an integer satisfying $0 \le k \le s-1$.
Thus, the possible squared distances are $\{ 2(s-k) : k = 0, 1, \dots, s-1 \}$.
There are at most $s$ distinct values (specifically $\sqrt{2}, \sqrt{4}, \dots, \sqrt{2s}$).
Therefore, $V$ is an $s$-distance set.
This implies:
\[ M_d(s) \ge |V| = \binom{d+1}{s}. \]
Substituting $s=n-1$:
\[ g_d(n) \ge \binom{d+1}{n-1} + 1. \]

\textbf{4. Calculating the Limit}

We combine the inequalities for $n \ge 2$:
\[ \binom{d+1}{n-1} + 1 \le g_d(n) \le \binom{d+n-1}{n-1} + 1. \]
Dividing by $d^{n-1}$:
\[ \frac{\binom{d+1}{n-1}}{d^{n-1}} + \frac{1}{d^{n-1}} \le \frac{g_d(n)}{d^{n-1}} \le \frac{\binom{d+n-1}{n-1}}{d^{n-1}} + \frac{1}{d^{n-1}}. \]
We evaluate the limits of the bounding terms as $d \to \infty$.
Using the expansion $\binom{N}{k} = \frac{N^k}{k!} + O(N^{k-1})$, we have:
\[ \lim_{d\to \infty} \frac{\binom{d+1}{n-1}}{d^{n-1}} = \lim_{d\to \infty} \frac{(d+1)\cdots(d-n+3)}{d^{n-1}(n-1)!} = \frac{1}{(n-1)!}. \]
Similarly,
\[ \lim_{d\to \infty} \frac{\binom{d+n-1}{n-1}}{d^{n-1}} = \lim_{d\to \infty} \frac{(d+n-1)\cdots(d+1)}{d^{n-1}(n-1)!} = \frac{1}{(n-1)!}. \]
Since the terms $1/d^{n-1}$ vanish as $d \to \infty$, both the upper and lower bounds converge to $\frac{1}{(n-1)!}$.
By the Squeeze Theorem,
\[ \lim_{d\to \infty}\frac{g_d(n)}{d^{n-1}} = \frac{1}{(n-1)!}. \]

\end{proof}

\textbf{Answer:}
For $n \ge 2$, the limit exists and equals $\frac{1}{(n-1)!}$.
For $n=1$, the limit is $2$.

\textbf{References}
\begin{enumerate}
\item Bannai, E., Bannai, E., \& Stanton, D. (1983). An upper bound for the cardinality of an s-distance subset in real Euclidean space. \textit{Combinatorica}, 3(2), 147–152.
\end{enumerate}",Discrete Geometry,Independent Rediscovery,https://github.com/google-deepmind/superhuman/tree/main/aletheia/Erdos
erdos-1105-aletheia,"The anti-Ramsey number $\mathrm{AR}(n,G)$ is the maximum possible number of colours in which the edges of $K_n$ can be coloured without creating a rainbow copy of $G$ (i.e. one in which all edges have different colours). Let $C_k$ be the cycle on $k$ vertices. Is it true that\[\mathrm{AR}(n,C_k)=\left(\frac{k-2}{2}+\frac{1}{k-1}\right)n+O(1)?\]Let $P_k$ be the path on $k$ vertices and $\ell=\lfloor\frac{k-1}{2}\rfloor$. If $n\geq k\geq 5$ then is $\mathrm{AR}(n,P_k)$ equal to\[\max\left(\binom{k-2}{2}+1, \binom{\ell-1}{2}+(\ell-1)(n-\ell+1)+\epsilon\right)\]where $\epsilon=1$ if $k$ is odd and $\epsilon=2$ otherwise?","\begin{theorem}
For any integer $k \ge 3$, the anti-Ramsey number of the cycle $C_k$ satisfies
\[ \AR(n, C_k) = \left(\frac{k-2}{2} + \frac{1}{k-1}\right)n + O(1). \]
\end{theorem}

\begin{proof}
We affirm that the stated asymptotic formula is correct. This follows from the exact determination of $\AR(n, C_k)$ by Montellano-Ballesteros and Neumann-Lara [1], confirming a conjecture of Erdős, Simonovits, and Sós.

\paragraph{Exact Formula:}
Montellano-Ballesteros and Neumann-Lara proved that for all $n \ge k \ge 3$,
\[ \AR(n, C_k) = \left\lfloor \frac{n}{k-1} \right\rfloor \binom{k-1}{2} + \binom{n \bmod (k-1)}{2} + \left\lceil \frac{n}{k-1} \right\rceil. \]
Let $n = q(k-1) + r$, where $0 \le r < k-1$. Then $q = \frac{n-r}{k-1}$.
Substituting these terms into the exact formula:
\begin{align*}
\AR(n, C_k) &= q \binom{k-1}{2} + \binom{r}{2} + \left(q + \mathbb{I}_{r>0}\right) \\
&= q \left( \frac{(k-1)(k-2)}{2} + 1 \right) + \binom{r}{2} + \mathbb{I}_{r>0} \\
&= \frac{n-r}{k-1} \left( \frac{k^2 - 3k + 4}{2} \right) + O(1).
\end{align*}
Extracting the coefficient of $n$:
\[ \text{Coefficient} = \frac{k^2 - 3k + 4}{2(k-1)}. \]
Observe that:
\[ \frac{k-2}{2} + \frac{1}{k-1} = \frac{(k-1)(k-2) + 2}{2(k-1)} = \frac{k^2 - 3k + 4}{2(k-1)}. \]
Thus,
\[ \AR(n, C_k) = \left( \frac{k-2}{2} + \frac{1}{k-1} \right)n + O(1). \]



To provide context, we briefly describe the lower bound construction. Partition the vertex set $V(K_n)$ into sets $V_1, \dots, V_q$ of size $k-1$ and one remainder set. Assign distinct colors to all internal edges of each set. Order the sets and assign a single unique color $x_i$ to all edges connecting $V_i$ to any set succeeding it in the ordering. Any cycle $C_k$ must intersect at least two sets. If $V_i$ is the first set visited by the cycle, the cycle must traverse at least two edges connecting $V_i$ to later sets; these edges share the color $x_i$, preventing the cycle from being rainbow.
\end{proof}


\begin{theorem}
Let $P_k$ be a path on $k$ vertices and $\ell = \lfloor \frac{k-1}{2} \rfloor$. For all integers $n \ge k \ge 5$, the anti-Ramsey number $\AR(n, P_k)$ is given exactly by:
\[ \AR(n, P_k) = \max\left(\binom{k-2}{2}+1, \binom{\ell-1}{2}+(\ell-1)(n-\ell+1)+\epsilon\right), \]
where $\epsilon=1$ if $k$ is odd and $\epsilon=2$ if $k$ is even.
\end{theorem}

\begin{proof}
We affirm that the statement is correct. The exact value of $\AR(n, P_k)$ for $n \ge k \ge 5$ was established by Yuan [2]. We rigorously verify the lower bounds corresponding to the two expressions in the maximization and cite the upper bound result.

Let $f_1(n, k) = \binom{k-2}{2} + 1$ and $f_2(n, k) = \binom{\ell-1}{2} + (\ell-1)(n-\ell+1) + \epsilon$.

\paragraph{Lower Bound Construction 1 (Value $f_1$):}
Select a subset $S \subset V(K_n)$ of size $k-2$.
Define the edge coloring $c$ as follows:
\begin{enumerate}
    \item Assign a distinct unique color to every edge in the induced subgraph $G[S]$. (Total: $\binom{k-2}{2}$ colors).
    \item Assign a single color $c_0$ to all other edges (edges in $V \setminus S$ and edges between $S$ and $V \setminus S$).
\end{enumerate}
Total colors used: $\binom{k-2}{2} + 1$.

\textit{Verification:} Suppose there exists a rainbow path $P$ with $k$ vertices (length $k-1$). Since all edges incident to $V \setminus S$ share the color $c_0$, a rainbow path can contain at most one such edge. Consequently, at least $(k-1) - 1 = k-2$ edges of $P$ must lie entirely within $S$. However, the subgraph induced by $S$ has only $k-2$ vertices. The longest path in a graph with $k-2$ vertices has length $k-3$. Thus, it is impossible to find $k-2$ edges within $S$. This contradiction proves no rainbow $P_k$ exists.

\paragraph{Lower Bound Construction 2 (Value $f_2$):}
Partition $V(K_n)$ into two sets $A$ and $B$ such that $|A| = \ell - 1$ and $|B| = n - \ell + 1$.
Define the edge coloring $c$ as follows:
\begin{enumerate}
    \item Assign distinct unique colors to every edge incident to at least one vertex in $A$ (i.e., edges in $A \times A$ and $A \times B$).
    The number of such edges is $\binom{|A|}{2} + |A||B| = \binom{\ell-1}{2} + (\ell-1)(n-\ell+1)$.
    \item Color the edges within the induced subgraph $G[B]$ using exactly $\epsilon$ colors:
    \begin{itemize}
        \item If $k$ is odd ($\epsilon=1$), assign all edges in $G[B]$ the same color $c_1$.
        \item If $k$ is even ($\epsilon=2$), partition the edges of $G[B]$ into two nonempty sets and assign colors $c_1, c_2$ respectively.
    \end{itemize}
\end{enumerate}
Total colors used: $\binom{\ell-1}{2} + (\ell-1)(n-\ell+1) + \epsilon$.



\textit{Verification:} Suppose there exists a rainbow path $P$ with $k$ vertices (length $k-1$).
Let $E_P$ denote the edge set of the path. We partition $E_P$ into edges incident to $A$ ($E_A$) and edges entirely within $B$ ($E_B$).
Every vertex in $A$ has degree at most 2 in the path $P$. Thus, the total number of edges in $P$ incident to vertices in $A$ satisfies $|E_A| \le \sum_{v \in A} \deg_P(v) \le 2|A| = 2(\ell - 1)$.
Since $|E_P| = k-1$, the number of edges required from $B$ is at least:
\[ |E_B| \ge (k-1) - 2(\ell - 1). \]

\textbf{Case 1: $k$ is odd.}
Here $\ell = \frac{k-1}{2}$.
Required $|E_B| \ge (k-1) - 2(\frac{k-1}{2} - 1) = k - 1 - (k - 3) = 2$.
However, all edges in $G[B]$ share a single color ($\epsilon=1$). Thus, any set of 2 edges in $B$ is monochromatic, not rainbow. A rainbow path can contain at most 1 edge from $B$. Contradiction.

\textbf{Case 2: $k$ is even.}
Here $\ell = \frac{k-2}{2}$.
Required $|E_B| \ge (k-1) - 2(\frac{k-2}{2} - 1) = (k-1) - (k-4) = 3$.
We have used only $\epsilon=2$ colors in $B$. By the Pigeonhole Principle, any selection of 3 edges from $B$ must contain at least two edges of the same color. Thus, a rainbow path can contain at most 2 edges from $B$. Contradiction.

In both cases, the constructed colorings avoid a rainbow $P_k$. Hence, $\AR(n, P_k) \ge f_2(n, k)$.

\paragraph{Upper Bound and Conclusion:}
Combining the two constructions yields $\AR(n, P_k) \ge \max(f_1, f_2)$.
Yuan [2] proved using stability analysis of the Erdős-Gallai Theorem that for $n \ge k \ge 5$, any edge coloring of $K_n$ using strictly more than this number of colors must contain a rainbow path $P_k$. Specifically, Yuan proved that extremal colorings must be structurally isomorphic to one of the two constructions detailed above.
Thus, the equality holds.
\end{proof}

\begin{thebibliography}{9}
\bibitem{1} J. J. Montellano-Ballesteros and V. Neumann-Lara, ``An anti-Ramsey theorem on cycles,'' \textit{Graphs and Combinatorics}, vol. 21, no. 3, pp. 343--354, 2005.
\bibitem{2} L. Yuan, ``The anti-Ramsey number for paths,'' \textit{Journal of Graph Theory}, vol. 102, no. 3, pp. 353--367, 2023.
\end{thebibliography}",Ramsey Theory,Literature Identification,https://github.com/google-deepmind/superhuman/tree/main/aletheia/Erdos
first-proof-1-official,"Let $\mathbb{T}^3$ be the three dimensional unit size torus and let $\mu$ be the $\Phi^4_3$ measure on the space of distributions $\mathcal{D}'(\mathbb{T}^3)$. Let $\psi : \mathbb{T}^3 \to \mathbb{R}$ be a smooth function that is not identically zero and let $T_\psi : \mathcal{D}'(\mathbb{T}^3) \to \mathcal{D}'(\mathbb{T}^3)$ be the shift map given by $T_\psi(u) = u + \psi$ (with the usual identification of smooth functions as distributions). Are the measures $\mu$ and $T_\psi^* \mu$ equivalent? Here, equivalence of measures is in the sense of having the same null sets and $T_\psi^*$ denotes the pushforward under $T_\psi$.","\title{(Lack of) quasi-shift invariance of the $\Phi^4_3$ measure} \author{Martin~Hairer} \date{} \maketitle \section{Question} Let $\TT^3$ be the three dimensional unit size torus and let $\mu$ be the $\Phi^4_3$ measure on the space of distributions $\dD'(\TT^3)$. Let $\psi : \TT^3 \to \RR$ be a smooth function that is not identically zero and let $T_\psi : \dD'(\TT^3) \to \dD'(\TT^3)$ be the shift map given by $T_\psi(u) = u + \psi$ (with the usual identification of smooth functions as distributions). Is the statement ``the measures $\mu$ and $T_\psi^* \mu$ are equivalent'' true? Here, equivalence of measures is in the sense of having the same null sets and $T_\psi^*$ denotes the pushforward under $T_\psi$. \section{Some Context} One of the very few interacting quantum field theories that can be rigorously constructed is the so-called (bosonic) $\Phi^4$ theory in (space-time) dimensions $2$ and $3$. It has long been known that in dimension $2$ and finite volume there is a natural identification between the Hilbert space of the interacting theory and that of the corresponding free theory. On the other hand, Glimm \cite{Glimm} observed that this is no longer the case in dimension $3$. At the level of the corresponding Euclidean theories (which are represented by probability measures on the space of Schwartz distributions on the corresponding space-time), this translates into the fact that the $\Phi^4$ measure $\mu$ and the corresponding free field measure $\nu$ are equivalent in dimension $2$ but mutually singular in dimension $3$. In fact, there is a sense in which the dimension that delimits between the two behaviors is $8/3$. It is then natural to ask in which dimensions $\mu$ has the weaker property that $\mu$ and $T_\psi^* \mu$ are equivalent for smooth $\psi$. Here it turns out that the borderline dimension is $3$, and the question probes on which side it falls. \subsection{An incomplete heuristic} Regarding the proof, a tempting heuristic is to use the fact that one should think of $\mu$ as having the density with respect to ``Lebesgue measure on $\dD'$'' (which of course doesn't exist) proportional to \begin{equ} \exp \Bigl(- \int_{\TT^3} \Bigl(\frac12 |\nabla\Phi(x)|^2 + \frac 14|\Phi(x)|^4 - \frac C2 |\Phi(x)|^2\Bigr)\,dx\Bigr)\;, \end{equ} where $C$ is a (diverging) constant of the form $C = 3c_1 - 9 c_2$, where $c_1$ is the expectation of $|\Phi(x)|^2$ under the free field measure $\nu$ (which is of course infinite) and $c_2$ is an additional logarithmically divergent constant. The density of $T_\psi^* \mu$ with respect to $\mu$ is then formally given by \begin{equs} \exp \Bigl(- \int_{\TT^3} &\Bigl(\frac12 |\nabla\psi(x)|^2 + \frac 14|\psi(x)|^4 + \Phi(x) \Delta \psi(x) - \Phi(x)\psi^3(x) \\ & - \psi(x) \bigl(\Phi^3(x) - C\Phi(x)\bigr) + \frac{\psi^2(x)}{2} \bigl(3\Phi^2(x) - C\bigr)\Bigr)\,dx\Bigr)\;, \end{equs} Since the terms on the first line are well-defined for smooth $\psi$ and one expects $\Phi^3 - C\Phi$ and $\Phi^2 - c_1$ to be quite well-behaved, the additional logarithmically divergent term proportional to $c_2$ causes this ``density'' to diverge, suggesting (correctly) that $\mu$ and $T_\psi^* \mu$ are mutually singular. There are at least two problems with such an approach. First, $\Phi^3 - C\Phi$ does actually \textit{not} define a random distribution, whether $\Phi$ is distributed according to $\mu$ or to the free field $\nu$ (which guides the heuristic). This is because if it were, it would have a covariance behaving like $|x-y|^{-3}$ around the diagonal, which is not integrable in dimension $3$. The second problem is that such an argument suggests that, if $\mu_n = \exp(- f_n)\,\nu$ for some ``nice'' probability measure $\nu$ and functions $f_n$ that fail to converge to a ``nice'' limit, then $\mu_n$ fails to converge to a limit $\mu$. This of course is not true: for a suitable (diverging) sequence of constants $c_n$, the sequence $f_n(x) = c_n + n \cos(nx)$ is such that if $\nu$ is Lebesgue measure on $[0,1]$, then $\mu_n$ converges weakly to Lebesgue measure even though the log-densities $f_n$ fail to converge. Any proof needs to be based on a different approach or to satisfactorily address these problems. \subsection*{Acknowledgement} {\small The proof presented below is a simplified version of an argument that will appear as part of a joint publication with Jacopo~Peroni. This in turn is based on the article \cite{HKN24}. } \section{Notations} We fix a space-time white noise $\xi$ on $\RR \times \TT^3$. We define \<1> as the stationary solution to the linear equation \[ (\d_t + 1-\Delta)\<1> = \xi, \qquad \mbox{on } \RR \times \TT^3\;. \] (We use the convention that symbols represent random space-time distributions rather than elements of a regularity structure.) Starting from this process, we define \<2> and \<3> as its Wick square and cube respectively, which are given by \begin{equ} \<2> = \lim_{N \to \infty} H_2(\<1>_N,c_{N})\;,\qquad \<3> = \lim_{N \to \infty} H_3(\<1>_N,c_{N})\;, \end{equ} where $\<1>_N = P_N \<1>$ and $c_{N} = \EE \<1>_N^2$ (which is constant in space and time). Here, $P_N$ denotes the projection onto Fourier modes with $|k| \le N$ and $H_n$ denotes the $n$th Hermite polynomial normalised such that $H_0 \equiv 1$, $H_n' = nH_{n-1}$, and $\EE H_n(Z,1) = 0$ for a normal random variable $Z$. The first convergence takes place in the space of continuous functions of time with values in $\cC^{-1-2\kappa}$, while the second convergence takes place in the space-time parabolic space $\cC^{-\frac32-3\kappa}$. With these notations in place, we define \<20> as the stationary solution to \[ (\d_t + 1-\Delta)\<20> = \<2>\;, \] and similarly for \<30>. For a more comprehensive and pedagogical introduction to the general tree-like notation, we refer the reader to \cite{MWX15}. We also write ``$\prec$'' for Bony's paraproduct (in space) as defined for example in \cite[Sec.~2.1]{GIP12} and, given a random $N$-dependent process $w$, we will sometimes use the physicists shorthand notation $\Wick{w^k}$ instead of $H_k(w,c_{N})$. \section{Answer and Proof} The statement is \textbf{false}. In particular, for any smooth function $\psi \not \equiv 0$ and any choice of the parameters involved in the definition of $\mu$ (mass and coupling constant, provided that the latter is non-zero), the measures $\mu$ and $T_\psi^* \mu$ are mutually singular. For notational simplicity, we fix the mass and the coupling constant to $1$, but this has no incidence on the proof. Our main starting point is the following statement, a proof of which can be found for example in \cite{Konstantin} and \cite[Lemma 4.19]{EW24} for \eqref{e:processu}, combined with \cite{CC18} for \eqref{e:paracontrolled} (see Ansatz~2.11 there). Throughout this proof, $\kappa>0$ is chosen small enough ($\kappa = 1/100$ is certainly sufficient). \begin{proposition} \label{v-regularity} There exists a stationary process $v$ that is almost surely continuous in time with values in $\cC^{1-2\kappa}(\TT^d)$ and such that the process \begin{equ}[e:processu] u = \<1> - \<30> + v\;, \end{equ} is stationary with fixed time distribution equal to $\mu$. Furthermore, the process $v$ is such that \begin{equ}[e:paracontrolled] v = -3 \bigl((v -\<30>) \prec \<20>\bigr) + v^\sharp\;, \end{equ} where $v^\sharp$ is continuous with values in $\cC^{1+4\kappa}(\TT^d)$. \end{proposition} It was furthermore shown in \cite[Lemmas~3.1 \& 3.4]{HKN24} (but see \cite{Hai14a} for a similar result using a slightly different regularisation) that the processes $\<1>$ and $\<30>$ are almost surely continuous in time with values in $\cC^{-\frac12-\kappa}$ and $\cC^{\frac12-3\kappa}$ respectively. Before we proceed, we remind some notations and preliminary results. First of all, we define the additional diverging constant \begin{equation} c_{N,2} := \EE \left [ \<2>_N \<20>_N \right ], \end{equation} where $\<2>_N:=P_N\<2>$ and $\<20>_N := P_N\<20>$. The main ingredient of our proof is the event \begin{equ} B^{\gamma}:= \left \{ u \in \dD' : \lim_{N \to \infty}\left \langle (\log N)^{-\gamma} \left ( H_3 \left ( P_N u; c_{N} \right ) + 9c_{N,2} P_Nu\right ),\psi \right \rangle_{\TT^3} = 0 \right \}, \end{equ} which will be used to distinguish between the shifted and the non-shifted measures. We will also use the following two technical lemmas whose proofs can be found in Section~\ref{proof-lemma-section}. These are very similar to \cite[Lemma 3.11 and Lemma 3.12]{HKN24}. \begin{lemma} \label{Z_to_zero_sigma} Let $\gamma > \frac12$. Then, for any fixed $t>0$, \begin{equ} \lim_{N\to\infty} (\log N) ^{-\gamma} \Wick{\left ( \<1>_N \right )^3}(t) = 0 \end{equ} almost surely in $\cC^{-\frac{3}{2}}\bigl ( \TT^{3} \bigr )$ and in $L^p \bigl ( \Omega; \cC^{-\frac{3}{2}} \bigl ( \TT^3 \bigr ) \bigr )$ for any $p >0$. \end{lemma} \begin{lemma} \label{cN2_div_frac} For $N$ large, one has $ c_{N,2} \gtrsim \log N $. \end{lemma} The following results are essentially standard, but we recall their statements for later reference. \begin{lemma}\label{lem:convSimple} For any polynomial $P$, the expression $\<1>_N P(\<30>_N)$ converges almost surely to some finite limit in $\cC^{-\frac12 -\kappa}$. \end{lemma} \begin{proof} By paralinearisation and standard commutator estimates (see \cite[Lems~2.4 \& 2.6]{GIP12}) it suffices to consider the case $P(x) = x$. This is by now standard, see for example \cite[Sec.~4.4]{CC18}. \end{proof} \begin{lemma}\label{lem:convParacontrolled} Let $v$ be a process satisfying the decomposition \eqref{e:paracontrolled}. Then, the expressions $\Wick{\<1>^2_N}\<30>_N - 3c_{N,2} \<1>_N$ and $\Wick{\<1>_N^2}v_N + 3c_{N,2} (v_N - \<30>_N)$ both converge almost surely to finite limits in $\cC^{-1 -2\kappa}$ as $N \to \infty$. \end{lemma} \begin{proof} Regarding the first expression, its convergence was essentially for example in \cite[Sec.~4.6]{CC18}. (The approximation used there is slightly different, but the differences are unimportant.) Regarding the second expression, the claim follows from \cite[Sec.~4.5]{CC18} (modulo again unimportant changes in the approximation scheme), combined with the commutator estimate \cite[Lem.~2.4]{GIP12}. \end{proof} We now turn to the proof of the main claim. For this, we first claim that if $u$ is as in \eqref{e:processu}, then, for any fixed $t$, one has $u(t) \in B^\gamma$. Indeed, writing $u_N$ as a shorthand for $P_N u$ and expanding the Wick power, we have \begin{align*} (\log N)^{-\gamma} &H_3 \left ( u_N; c_{N} \right ) =(\log N)^{-\gamma} H_3 \left ( \left ( \<1>_N - \<30>_N + v_N \right ); c_{N} \right )\\ &=(\log N)^{-\gamma} \sum_{i=0}^3 \binom{3}{i} \Wick{\left ( \<1>_N \right )^i} \left (- \<30>_N + v_N \right )^{3-i}\\ &=(\log N)^{-\gamma} \sum_{i=0}^3 \sum_{j=0}^{3-i} \binom{3}{i}\binom{3-i}{j} \Wick{\left ( \<1>_N \right )^i} \left ( - \<30>_N \right )^{j}\left ( v_N \right )^{3-i-j}\\ &=(\log N)^{-\gamma}\Wick{ \<1>_N^3} - 3(\log N)^{-\gamma}\Wick{\<1>_N^2} \, \<30>_N + 3(\log N)^{-\gamma}\Wick{\<1>_N^2} \, v_N \\ &\quad+ (\log N)^{-\gamma} \sum_{\substack{0 \le i+j \le 3 \\ (i,j) \neq (3,0),(2,1),(2,0)}} \binom{3}{i}\binom{3-i}{j} \Wick{\left ( \<1>_N \right )^i} \left ( - \<30>_N \right )^{j}\left ( v_N \right )^{3-i-j}. \end{align*} The first term $(\log N)^{-\gamma}\Wick{\<1>_N^3}$ and the terms present in the last sum all converge to $0$ by Lemma~\ref{Z_to_zero_sigma} (given that $\gamma > \frac{1}{2}$), standard product estimates (e.g. \cite[Theorem 2.5]{Bon81} or \cite[Proposition 2.3]{MWX15}) and Lemma~\ref{lem:convSimple}. It therefore remains to show that $-\Wick{\<1>^2_N}\<30>_N + \Wick{\<1>_N^2}v_N + 3c_{N,2} u_N$ also converges to zero almost surely in the sense of distributions. We rewrite this term as \begin{equ} \Wick{\<1>_N^2}v_N + 3c_{N,2} (v_N - \<30>_N) -\bigl(\Wick{\<1>^2_N}\<30>_N - 3c_{N,2} \<1>_N\bigr)\;. \end{equ} By Lemma~\ref{lem:convParacontrolled} we know that this expression converges to an element of $\cC^{-1-2\kappa}(\TT^d)$, whence we conclude that \[ \bigl\langle\left ( \log N \right )^{-\gamma} \left ( -\Wick{\<1>^2_N}\<30>_N + \Wick{\<1>_N^2}v_N + 3c_{N,2} u_N \right ),\psi\bigr\rangle \xrightarrow{N \to \infty} 0 \] almost surely, thus proving that $\mu(B^{\gamma}) = 1$. In order to conclude the proof, it suffices to show that $u + \psi \not \in B^\gamma$. For this, we expand similarly to before the expression appearing in this event as \begin{align*} (\log N)^{-\gamma}&H_3 \left( \left ( u_N + \psi_N \right ); c_{N} \right ) + (\log N)^{-\gamma}9c_{N,2} \left ( u_N + \psi_N \right )\\ &=(\log N)^{-\gamma} \sum_{i=0}^3 \binom{3}{i} \Wick{\left ( u_N \right )^i} \left ( \psi_N \right )^{3-i} + (\log N)^{-\gamma}9c_{N,2} \left ( u_N + \psi_N \right )\\ &=(\log N)^{-\gamma}\Wick{\left ( u_N \right )^3} + (\log N)^{-\gamma}9c_{N,2} u_N\\ &\qquad + 3(\log N)^{-\gamma} \Wick{\left ( u_N \right )^2} \left ( \psi_N \right ) + 3(\log N)^{-\gamma} \left ( u_N \right ) \left ( \psi_N \right )^2\\ &\qquad+ (\log N)^{-\gamma}\left ( \psi_N \right )^3 + (\log N)^{-\gamma}9c_{N,2} \psi_N. \end{align*} The sum of the first two terms was just shown to converge to $0$ almost surely in $\cC^{-\frac{3}{2}-3\kappa}(\TT^d)$ for $N\to \infty$. Since $\Wick{u_N^2}$ and $u_N$ both converge to finite distributional limits almost surely by Lemma~\ref{lem:convSimple}, the next three terms also converge to $0$ almost surely. Concerning the last element however, we know from Lemma \ref{cN2_div_frac} that \[ \left ( \log N\right )^{-\gamma} c_{N,2} \gtrsim \left ( \log N\right )^{-\gamma+1}\;. \] Since the contribution of this term to the expression in the event $B^\gamma$ is given by \begin{equ} 9\left ( \log N\right )^{-\gamma} c_{N,2} \scal{\psi_N,\psi}\;, \end{equ} and since $\scal{\psi_N,\psi} \to \|\psi\|^2 > 0$, this diverges, whence we conclude that $u + \psi \not \in B^\gamma$ and therefore $\bigl(T_\psi^* \mu\bigr)(B^\gamma) = 0$, so that $T_\psi^* \mu$ and $\mu$ are mutually singular. \subsection{Proof of the lemmas} \label{proof-lemma-section} \begin{proof}[Proof of Lemma \ref{Z_to_zero_sigma}] We use the embedding $W^{\beta, 2p} \hookrightarrow W^{\beta - \frac{d}{2p}, \infty} \hookrightarrow \cC^{\beta - \frac{d}{2p}}$, with $\beta = -\frac{d}{2}$. Using the definition of $W^{\beta,2p}$ norm and the equivalence of moments for Gaussian polynomials, one has \begin{align*} \EE \left [ \left \lVert (\log N)^{-\gamma} \Wick{\left ( \<1>_N \right )^J} \right \rVert^{2p}_{W^{-\frac{3}{2}, 2p}} \right ] \lesssim \int_{\TT^d} \EE \left [ (\log N)^{-2\gamma} \left | \left \langle \nabla \right \rangle^{-\frac{3}{2}} \Wick{\left ( \<1>_N \right )^3} \right |^{2} \right ]^p dx\;. \end{align*} Since one has \begin{align*} \EE \left [ (\log N)^{-2\gamma} \left | \left \langle \nabla \right \rangle^{-\frac{3}{2}} \Wick{\left ( \<1>_N \right )^3} \right |^{2} \right ] &\lesssim (\log N)^{-2\gamma} \sum_{|\omega_i| \le N} \left \langle \omega_1 + \dots + \omega_3 \right \rangle^{-3} \prod_{i=1}^3 \left \langle \omega_i \right \rangle^{-2}\\ &\lesssim (\log N)^{-2\gamma} \sum_{r_1=0}^N \frac{r_1^{2}}{\left ( 1+r_1^2\right )^{\frac{5}{2}}} r_1^{2} \lesssim (\log N)^{-2\gamma + 1}\;, \end{align*} the desired result follows from a standard Borel--Cantelli argument. \end{proof} Next, we prove Lemma~\ref{cN2_div_frac}, which provides a lower bound on the parameter $\gamma$. This bound ensures that the event $A^\gamma$ (or $B^\gamma$) is distinguishable under the shifted measure when compared to the non-shifted one. \begin{proof}[Proof of Lemma \ref{cN2_div_frac}] Expanding the definition of $c_{N,2} := \EE \left [ \<2>_N \<20>_N \right ]$, we get \begin{equs} c_{N,2} &= 2\sum_{\substack{\omega_1 + \omega_2 = \omega_3 \\ |\omega_i| \le N}} \int_{\RR} \hat{P}_{t-u}(\omega_3) \int_{\RR} \hat{P}_{t-u_1}(\omega_1)\hat{P}_{u-u_1}(-\omega_1)du_1\\ \quad&\times\int_{\RR}\hat{P}_{t-u_2}(\omega_2)\hat{P}_{u-u_2}(-\omega_2)du_2du\\ &\simeq \sum_{\substack{\omega_1 + \omega_2 = \omega_3 \\ |\omega_i| \le N}} \int_{\RR} e^{-|t-u|\langle \omega_3 \rangle^2} \frac{e^{-|t-u|\langle \omega_1 \rangle^2}}{\langle \omega_1 \rangle^{2}} \frac{e^{-|t-u|\langle \omega_2 \rangle^2}}{\langle \omega_2 \rangle^{2}}du\\ & \gtrsim \sum_{\substack{|\omega_i| \le N}} \frac{1}{\langle \omega_1 \rangle^{2}}\frac{1}{\langle \omega_2 \rangle^{2}}\frac{1}{\langle \omega_1 \rangle^2+\langle \omega_2 \rangle^2+\langle \omega_1+\omega_2 \rangle^2}\\ & \gtrsim \sum_{\substack{|\omega_i| \le N}} \frac{1}{1 + |\omega_1|^{2}}\frac{1}{1 + |\omega_2|^{2}}\frac{1}{1+|\omega_1|^{2} \vee |\omega_2|^{2}}\\ & \gtrsim \sum_{\substack{|\omega_1| \le |\omega_2| \le N}} \frac{1}{1 + |\omega_1|^{2}}\frac{1}{1 + |\omega_2|^{4}}\;. \end{equs} Bounding the sum by an integral, we finally conclude that this expression is bounded from below by a multiple of \begin{equ} \int_0^N \frac{r^2}{1+r^2} \int_r^\infty \frac{s^2}{1+s^4}\,ds\,dr \gtrsim \int_0^N \frac{1}{1+r^2}\,dr \simeq \log N\;, \end{equ} as claimed. \end{proof} \bibliographystyle{alpha} \bibliography{Refs}",Analysis,4,https://github.com/1stproof/batch-1/tree/main/author-solutions
first-proof-2-official,"Let \(F\) be a non-archimedean local field with ring of integers \(\mathfrak o\). Let $N_r$ denote the subgroup of $\mathrm{GL}_{r}(F)$ consisting of upper-triangular unipotent elements. Let \(\psi:F\to \mathbb C^\times\) be a nontrivial additive character of conductor \(\mathfrak o\), identified in the standard way with a generic character of $N_r$. Let \(\Pi\) be a generic irreducible admissible representation of \(\mathrm{GL}_{n + 1}(F)\), realized in its \(\psi^{-1}\)-Whittaker model \(\mathcal W(\Pi,\psi^{-1})\). Must there exist \(W\in \mathcal W(\Pi,\psi^{-1})\) with the following property? Let $\pi$ be a generic irreducible admissible representation of \(\mathrm{GL}_{n}(F)\), realized in its $\psi$-Whittaker model \(\mathcal W(\pi,\psi)\). Let $\mathfrak{q}$ denote the conductor ideal of $\pi$, let \(Q\in F^\times\) be a generator of \(\mathfrak q^{-1}\), and set \[ u_Q := I_{n+1} + Q\,E_{n,n+1} \in \mathrm{GL}_{n + 1}(F), \] where \(E_{i, j}\) is the matrix with a \(1\) in the \((i, j)\)-entry and \(0\) elsewhere. For some \(V\in \mathcal W(\pi,\psi)\), the local Rankin--Selberg integral \[ \int_{N_n\backslash \mathrm{GL}_{n}(F)} W(\operatorname{diag}(g,1) u_Q)\,V(g)\,|\det g|^{s-\frac12}\,dg \] is finite and nonzero for all \(s\in\mathbb C\).","\author{Paul D. Nelson} \section{Question} Let \(F\) be a non-archimedean local field with ring of integers \(\mathfrak o\). Let $N_r$ denote the subgroup of $\mathrm{GL}_{r}(F)$ consisting of upper-triangular unipotent elements. Let \(\psi:F\to \mathbb C^\times\) be a nontrivial additive character of conductor \(\mathfrak o\), identified in the standard way with a generic character of $N_r$. Let \(\Pi\) be a generic irreducible admissible representation of \(\mathrm{GL}_{n + 1}(F)\), realized in its \(\psi^{-1}\)-Whittaker model \(\mathcal W(\Pi,\psi^{-1})\). Must there exist \(W\in \mathcal W(\Pi,\psi^{-1})\) with the following property? Let $\pi$ be a generic irreducible admissible representation of \(\mathrm{GL}_{n}(F)\), realized in its $\psi$-Whittaker model \(\mathcal W(\pi,\psi)\). Let $\mathfrak{q}$ denote the conductor ideal of $\pi$, let \(Q\in F^\times\) be a generator of \(\mathfrak q^{-1}\), and set \[ u_Q := I_{n+1} + Q\,E_{n,n+1} \in \mathrm{GL}_{n + 1}(F), \] where \(E_{i, j}\) is the matrix with a \(1\) in the \((i, j)\)-entry and \(0\) elsewhere. For some \(V\in \mathcal W(\pi,\psi)\), the local Rankin--Selberg integral \[ \int_{N_n\backslash \mathrm{GL}_{n}(F)} W(\operatorname{diag}(g,1) u_Q)\,V(g)\,|\det g|^{s-\frac12}\,dg \] is finite and nonzero for all \(s\in\mathbb C\). \section{Statement} Let \(F\) be a non-archimedean local field with ring of integers \(\mathfrak o\). Let \(\psi:F\to \mathbb C^\times\) be a nontrivial additive character of conductor \(\mathfrak o\). We write \begin{equation*} G_r:=\operatorname{GL}_r(F), \end{equation*} and let \(N_r<G_r\) denote the subgroup of upper-triangular unipotent elements. We embed \(G_n \hookrightarrow G_{n + 1}\) as the upper-left block. We write \(E_{i j}\) for the matrix with a \(1\) in the \((i, j)\)-entry and \(0\) elsewhere. A more precise form of the following ``lemma'' will appear in forthcoming joint work with Subhajit Jana. It says informally that pure unipotent translates of fixed vectors in the Whittaker model of a representation of \(G_{n+1}\) may serve as test vectors for Rankin--Selberg integrals against all representations of \(G_n\) with a given conductor. \begin{theorem}\label{thm:main} Let \(\Pi\) be a generic irreducible admissible representation of \(G_{n+1}\), realized in its \(\psi^{-1}\)-Whittaker model \(\mathcal W(\Pi,\psi^{-1})\). Then there exists \(W\in \mathcal W(\Pi,\psi^{-1})\) with the following property. Let $\pi$ be a generic irreducible admissible representation of \(G_n\), realized in its $\psi$-Whittaker model \(\mathcal W(\pi,\psi)\). Let $\mathfrak{q}$ denote the conductor ideal of $\pi$, let \(Q\in F^\times\) be a generator of \(\mathfrak q^{-1}\), and set \[ u_Q := I_{n+1} + Q\,E_{n,n+1} \in G_{n + 1}. \] There exists \(V\in \mathcal W(\pi,\psi)\) so that the local Rankin--Selberg integral \[ \int_{N_n\backslash G_n} W(\operatorname{diag}(g,1) u_Q)\,V(g)\,|\det g|^{s-\frac12}\,dg \] is finite and nonzero for all \(s\in\mathbb C\). \end{theorem} \section{Context} Rankin--Selberg local zeta integrals arise as proportionality factors relating global Rankin--Selberg integrals and $L$-functions. The above result provides test vectors, obtained via pure translates of fixed vectors, that work simultaneously for all representations of the smaller group having some given conductor. Such results are sometimes useful in global applications because they relate problems concerning $L$-functions (subconvexity, moment asymptotics, ...) to problems concerning automorphic forms (quantitative equidistribution, ...). The $n = 1$ case follows from standard properties of Gauss sums and stationary phase analysis in one variable; it has been applied in, e.g., \cite{MR780071, michel-2009}. For general \(n\), \cite{MR4053059} contains a similar result, but with an average over many unipotent translates rather than just one. \section{Proof}\label{sec:proof} We first sketch the argument. The basic idea is to apply the Godement--Jacquet functional to the Whittaker function on the smaller group. This is readily seen to relate the unipotent-shifted Rankin--Selberg integral to an integral involving a translate of the standard congruence subgroup $K_1(\mathfrak{q}) \leq \mathrm{GL}_n(\mathfrak{o})$, consisting of matrices whose last row is congruent to \((0,\dotsc,0,1)\) modulo \(\mathfrak q\). We then conclude via newvector theory. Turning to details, we recall that $F$ is a non-archimedean local field, with ring of integers $\mathfrak{o}$. We denote by $\mathfrak{p}$ the maximal ideal and $q$ the residue field cardinality. We set $K_r := \mathrm{GL}_r(\mathfrak{o})$ and equip $G_r$ and $N_r$ with the Haar measures assigning volume one to $K_r$ and $N_r \cap K_r$, respectively. As in the theorem statement, we write $\Pi$ (resp.\ $\pi$) for a generic irreducible representation of $G_{n + 1}$ (resp.\ $G_n$). We continue to denote by $\mathfrak{q}$ the conductor ideal of $\pi$, defined to be the smallest ideal for which $\pi$ has a nonzero vector fixed by $K_1(\mathfrak{q})$. We choose a generator $Q$ for $\mathfrak{q}^{-1}$, so that $\lvert Q \rvert =[\mathfrak{o} : \mathfrak{q}]$. We recall (see \cite{MR620708, MR3138844}) that $\lvert Q \rvert$ (and hence $\mathfrak{q}$) may also be characterized in terms of the local $\varepsilon$-factor of $\pi$: \begin{equation}\label{eq:cuipy1wony} \varepsilon(\tfrac{1}{2} + s, \pi, \psi) = \lvert Q \rvert^{- s} \varepsilon(\tfrac{1}{2}, \pi, \psi). \end{equation} We recall the functional equation of Godement--Jacquet \cite[Theorem 3.3]{MR0342495}. \begin{lemma}\label{lemma:cq4itap0v1} Let $f$ be a matrix coefficient of $\pi$, and let $\phi \in \mathcal{S}(M_n(F))$. For $s \in \mathbb{C}$, the local zeta integral \begin{equation}\label{eq:cq73uvikdb} Z(\phi, f, s) := \int_{G_n} \phi(g) f(g) \lvert \det g \rvert^{\frac{n - 1}{2} + s} \, d g, \end{equation} converges absolutely for $\Re(s)$ sufficiently large. It extends to a meromorphic function on the complex plane for which the ratio \begin{equation*} \frac{Z(\phi, f, s)}{L(s, \pi)} \end{equation*} is holomorphic. It satisfies the local functional equation \begin{equation}\label{eq:cq4itiiq9o} \gamma(s, \pi, \psi) Z(\phi, f, s) = Z(\phi^\wedge, f^\vee, 1-s), \end{equation} where \begin{equation*} \gamma(s, \pi, \psi) = \varepsilon(s, \pi, \psi) \frac{L(1 - s, \tilde{\pi})}{L(s, \pi)}, \end{equation*} with $\tilde{\pi}$ the contragredient of $\pi$, and where the Fourier transform is defined by \begin{equation*} f^\vee (g) := f(g^{-1}), \end{equation*} \begin{equation*} \phi^\wedge(x) := \int_{M_n(F)} \phi(y) \psi(\operatorname{trace}(x y)) \, d y, \end{equation*} with $M_n$ the space of $n \times n$ matrices and the Haar measure normalized to be self-dual with respect to $\psi$. Moreover, both of the zeta integrals in \eqref{eq:cq4itiiq9o} converge absolutely provided that, e.g., $\pi$ is unitary and generic and $\Re(s) = 1/2$. \end{lemma} We recall that a matrix coefficient of $\pi$ is a linear combination of functions of the form $f(g) = \ell(g v)$, where $v \in \pi$ and $\ell$ lies in the contragredient of $\pi$ (i.e., the admissible dual). The conclusions of Lemma \ref{lemma:cq4itap0v1} remain valid for more general coefficients of $\pi$. For instance, suppose more generally that $f$ is of the same form, but with $\ell$ allowed to be any linear functional on $\pi$ (not necessarily in the admissible dual). Given $\phi$ as above, we may choose a compact open subgroup $U$ of $G_n$ under which $\phi$ is bi-invariant. The integrals in question do not change if we then replace $f$ by its two-sided average with respect to $U$, which has the effect of replacing $v$ by its average $v^U \in \pi^U$ and $\ell$ with its projection $\ell^U$ to the dual of $\pi^U$, extended by zero on the kernel of the averaging operator $\pi \rightarrow \pi^U$. In particular, by specializing to the case that $\ell$ is a Whittaker functional on $\pi$, we see that such identities remain valid when $f$ is a Whittaker function for $\pi$. We denote by $\mathcal{S}^{e}(F^\times)$ the space of all Schwartz--Bruhat functions $\beta \in \mathcal{S}(F^\times)$ such that $\beta(x y) = \beta(x)$ whenever $\lvert y \rvert = 1$, or equivalently, for which $\beta(x)$ depends only upon $\lvert x\rvert$. We note that each $\beta \in \mathcal{S}^{e}(F^\times)$ satisfies the Mellin inversion formula \begin{equation}\label{eq:cq73uvecsz} \beta(y) = \int_{(\sigma)} \tilde{\beta}(s) \lvert y \rvert^s \, d s, \qquad \tilde{\beta}(s) := \int_{F^\times} \beta(y) \lvert y \rvert^{-s} \,d^\times y. \end{equation} For $\beta \in \mathcal{S}^e(F^\times)$, we define the transform $\beta^\sharp := \beta^{\sharp, \pi}$ of $\beta$ by \begin{equation*} \beta^\sharp(y) := \int_{(\sigma)} \frac{ \tilde{\beta}(s) \lvert y \rvert^{- s} \, d s}{\gamma(\tfrac{1}{2} + s, \pi, \psi)}, \end{equation*} initially for $\sigma$ large enough. \begin{lemma}\label{example:cq4jqru7rh} Define $\beta$ via Mellin inversion \eqref{eq:cq73uvecsz} by \begin{equation*} \tilde{\beta}(s) := \frac{\varepsilon(\tfrac{1}{2} + s, \pi, \psi)}{L(\tfrac{1}{2} + s, \pi)}. \end{equation*} Then: \begin{enumerate} \item $\beta$ is supported on $\{y : \lvert Q \rvert \leq \lvert y \rvert \leq \lvert Q \rvert q^n \}$ and takes the value $\varepsilon(\tfrac{1}{2}, \pi, \psi)$ on $\{y : \lvert y \rvert = \lvert Q \rvert\}$. \item $\beta^\sharp$ is supported on $\{y : 1 \leq \lvert y \rvert \leq q^n\}$ and takes the value $1$ on $\{y : \lvert y \rvert = 1\} = \mathfrak{o}^\times$. \end{enumerate} \end{lemma} \begin{proof} We appeal to the characterization \eqref{eq:cuipy1wony} of $\lvert Q \rvert$. We note first that $\beta^\sharp$ has Mellin transform \begin{equation*} \widetilde{\beta^\sharp} (s) = \frac{1}{L(\tfrac{1}{2} + s, \tilde{\pi})}. \end{equation*} Since the inverse $L$-values appearing above are monic polynomials in $q^{- s}$ of degree at most $n$, we see by Mellin inversion that $\beta$ and $\beta^\sharp$ have the claimed properties. \end{proof} \begin{lemma}\label{lemma:cq4itbu91o} Assume that $\pi$ is unitary and generic. We then have the identity of absolutely convergent integrals \begin{equation}\label{eq:cq4jqjygcl} \int_{G_n} \phi(g) f(g) \beta(\det g) \lvert \det g \rvert^{\frac{n}{2}} \, d g = \int_{G_n} \phi^\wedge(g) f^\vee(g) \beta^\sharp(\det g) \lvert \det g \rvert^{\frac{n}{2}} \, d g. \end{equation} \end{lemma} \begin{proof} Starting with the left hand side, we insert the Mellin expansion of $\beta$, with $\sigma = 0$. The resulting double integral over $g$ and $s$ converges absolutely, so we may swap the order. We recognize the result as the integral $\int_{(0)} \tilde{\beta}(s) Z(\phi, f, \tfrac{1}{2} + s) \, d s$ involving the Godement--Jacquet zeta integral \eqref{eq:cq73uvikdb}. We now apply the local functional equation and expand the result as \begin{equation*} \int_{(0)} \frac{\tilde{\beta}(s)}{\gamma(\tfrac{1}{2} + s, \pi, \psi)} \left( \int_{G_n} \phi^\wedge(g) f^\vee(g) \lvert \det g \rvert^{\frac{n}{2} - s} \, d g \right) \, d s. \end{equation*} This double integral again converges absolutely, so we may rearrange it to obtain the stated identity. \end{proof} For the same reasons as indicated following the statement of Lemma \ref{lemma:cq4itap0v1}, such identities persist for more general coefficients than matrix coefficients, and in particular, when $f$ is a Whittaker function. Recall that we embed $G_n \hookrightarrow G_{n + 1}$ as the upper-left block. We set \begin{equation}\label{eq:cq4jqk9bz0} W_0(g):=\int_{N_n} 1_{K_n}(x g)\,\psi(x)\,d x, \end{equation} which defines a Whittaker function on $G_n$ and extends, by the theory of the Kirillov model \cite{MR748505}, to an element of $\mathcal{W}(\Pi,\psi^{-1})$ on $G_{n+1}$. For $x \in F$ and $y \in F^\times$, we set \begin{equation*} d_y:=\operatorname{diag}(1,\dotsc,1,y)\in G_n \hookrightarrow G_{n + 1}, \qquad u_x:=I_{n+1}+ x E_{n,n+1} \in N_{n + 1}. \end{equation*} We then define \begin{equation*} t_Q:= d_Q^{-1} u_Q = u_1 d_Q^{-1}. \end{equation*} \begin{lemma}\label{proposition:cq4jqgh7yi} There exist $\beta \in \mathcal{S}^e(F^\times)$ and $\phi \in \mathcal{S}(M_n(F))$ so that for all $g \in G_n$, we have \begin{equation}\label{eq:cq4jqjeuyf} \int_{N_n} \beta(\det x g) \phi(x g) \psi(x) \, d x = \varepsilon(\tfrac{1}{2}, \pi, \psi) W_0(g t_{Q}) \end{equation} and \begin{equation}\label{eq:cq4jqjy05j} \beta^\sharp(\det g) \phi^\wedge(g) = \lvert Q \rvert^n 1_{K_1(\mathfrak{q})}(g). \end{equation} \end{lemma} \begin{proof} We set \begin{equation*} \phi_0 := 1_{M_n(\mathfrak{o})}, \end{equation*} \begin{equation}\label{eq:cq4jqv74tm} \phi(x) := \psi(- x_{nn}) \phi_0(x d_{Q}^{-1}). \end{equation} and take $\beta$ as in Lemma \ref{example:cq4jqru7rh}, so that in particular, \begin{equation}\label{eq:cq73v9ep9j} \beta|_{Q \mathfrak{o}} = \varepsilon(\tfrac{1}{2}, \pi, \psi) 1_{Q \mathfrak{o}^\times} \end{equation} and \begin{equation}\label{eq:cq73v91fxa} \beta^\sharp |_{\mathfrak{o}} = 1_{\mathfrak{o}^\times}. \end{equation} We must verify the relations \eqref{eq:cq4jqjeuyf} and \eqref{eq:cq4jqjy05j}. We start with \eqref{eq:cq4jqjeuyf}. Recall from \eqref{eq:cq4jqk9bz0} that $W_0$ is the $\psi^{-1}$-Whittaker function $W_0(g) = \int_{N_n} 1_{K_n}(x g) \psi(x) \, d x$. In particular, \begin{equation}\label{eq:cq4jqk3rcx} W_0(g t_{Q}) = W_0(g u_1 d_{Q}^{-1}) = \psi(-g_{n n}) W_0(g d_{Q}^{-1}). \end{equation} Using this identity, we may rewrite the desired relation \eqref{eq:cq4jqjeuyf} as \begin{equation}\label{eq:cq6s1gjyh4} \int_{N_n} \beta(\det (x g)) \phi(x g) \psi(x) \, d x = \varepsilon(\tfrac{1}{2}, \pi, \psi) \psi(- g_{n n}) W_0(g d_{Q}^{-1}). \end{equation} We verify this as follows. First, we see from the definition \eqref{eq:cq4jqv74tm} and the identity $(xg)_{nn} = g_{nn}$ that for $x \in N_n$ and $g \in G_n$, we have \begin{equation}\label{eq:relation-phi-phi0} \phi(x g) = \psi(- g_{n n}) \phi_0(x g d_Q^{-1}). \end{equation} Next, we have \begin{align*} \beta(\det g) \phi_0(g d_Q^{-1}) &= \varepsilon(\tfrac{1}{2}, \pi, \psi) 1_{Q \mathfrak{o}^\times}(\det g) \phi_0(g d_Q^{-1}) \\ &= \varepsilon(\tfrac{1}{2}, \pi, \psi) 1_{K_n}(g d_Q^{-1}). \end{align*} (In the first step, we use that $\phi_0(g d_Q^{-1})$ is nonzero only if $\det(g) \in Q \mathfrak{o}$ and apply \eqref{eq:cq73v9ep9j}. In the second step, we use that $1_{K_n}(g) = 1_{\mathfrak{o}^\times}(\det g) \phi_0(g)$ and $\det(d_Q) = Q$, which gives $1_{Q \mathfrak{o}^\times}(\det g) \phi_0(g d_Q^{-1}) = 1_{K_n}(g d_Q^{-1})$.) Combining the above identities, we obtain \begin{equation*} \beta(\det(x g)) \phi(x g) = \varepsilon(\tfrac{1}{2}, \pi, \psi) \psi(- g_{n n}) 1_{K_n}(x g d_Q^{-1}). \end{equation*} Integrating both sides against $\psi(x) \, d x$ gives \eqref{eq:cq6s1gjyh4}, as required. We verify \eqref{eq:cq4jqjy05j} as follows (here $E_{ij}$ denotes the elementary matrix): \begin{align*} \beta^\sharp(\det g) \phi^\wedge(g) &= 1_{\mathfrak{o}^\times}(\det g) \phi^\wedge(g)\\ &= 1_{\mathfrak{o}^\times}(\det g) \lvert Q \rvert^n \phi_0^\wedge(d_{Q}(g - E_{nn})) \\ &= \lvert Q \rvert^n 1_{\mathfrak{o}^\times}(\det g) 1_{M_n(\mathfrak{o})}(d_{Q}(g - E_{nn})) \\ &= \lvert Q \rvert^n 1_{K_1(\mathfrak{q})}(g). \end{align*} Here, for the first step, we observed that $\phi^\wedge(x)$ is nonzero only if $x \in E_{nn} + d_Q^{-1} M_n(\mathfrak{o}) \subseteq M_n(\mathfrak{o})$, so that, in particular, $\det x \in \mathfrak{o}$; we then applied \eqref{eq:cq73v91fxa}. For the second step, we applied the general Fourier analytic calculation \begin{equation}\label{eq:cq4jqkb0q8} \phi^\wedge(x) = \lvert Q \rvert^n \phi_0^\wedge(d_{Q}(x - E_{nn})). \end{equation} For the third, we applied the Fourier self-duality $\phi_0^\wedge = \phi_0 = 1_{M_n(\mathfrak{o})}$. For the final step, we use that $K_1(\mathfrak{q})$ consists of all $x \in M_n(F)$ for which $d_Q (x - E_{nn}) \in M_n(\mathfrak{o})$ and $\det x \in \mathfrak{o}^\times$. \end{proof} For $W \in \mathcal{W}(\Pi, \psi^{-1})$, $V \in \mathcal{W}(\pi, \psi)$, and $s \in \mathbb{C}$, we define the Rankin--Selberg integral \begin{equation}\label{eq:cq4fl8vokh} \ell_{\mathrm{RS}}(s, W, V) := \int_{N_n \backslash G_n} W (\operatorname{diag}(g, 1)) \, V(g) \, \lvert \det g \rvert^{s - \frac{1}{2}} \, d g. \end{equation} The following result verifies Theorem \ref{thm:main} in a more precise form. \begin{proposition}\label{proposition:cq4jqgikw1} Let $W_0 \in \mathcal{W}(\Pi, \psi^{-1})$ be such that for all $g \in G_n$, we have \begin{equation*} W_0(g) = \int_{N_n} 1_{K_n}(x g) \psi(x) \, d x. \end{equation*} Let $V \in \mathcal{W}(\pi, \psi)$ denote the normalized newvector (i.e., the unique $K_1(\mathfrak{q})$-invariant vector for which $V(1) = 1$, see \cite{MR620708, MR3138844}). Then for all $s \in \mathbb{C}$, we have \begin{equation}\label{eq:cq4jqi2rfd} \ell_{\mathrm{RS}}(s, u_Q W_0, d_Q V) = c \lvert Q \rvert^{- \frac{n}{2}}, \end{equation} where \begin{equation}\label{eq:cq4jqlhqy9} c := \varepsilon(\tfrac{1}{2}, \pi, \psi)^{-1} \lvert Q \rvert^n \operatorname{vol}(K_1(\mathfrak{q})) \asymp 1. \end{equation} \end{proposition} \begin{proof} We note first that, by a change of variables, we have the homogeneity property \begin{equation}\label{eq:cq4jqpwhnv} \ell_{\mathrm{RS}}(s, u_{Q} W_0, d_{Q}V) = \lvert Q \rvert^{- \left( s - \frac{1}{2} \right)} \ell_{\mathrm{RS}}(s, t_{Q} W_0, V). \end{equation} In view of this, the desired identity \eqref{eq:cq4jqi2rfd} is equivalent to \begin{equation}\label{eq:cq4jqjdmzj} \ell_{\mathrm{RS}}(s, t_{Q} W_0, V) = c \lvert Q \rvert^{s - \frac{n+1}{2}}. \end{equation} Next, since $W_0$ is supported on $\det^{-1}(\mathfrak{o}^\times)$, we see that the translate $t_{Q} W_0$ is supported on $\det^{-1}(Q \mathfrak{o}^\times)$, so the left hand side of \eqref{eq:cq4jqjdmzj} is a constant multiple of $\lvert Q \rvert^s$. For this reason, it suffices to verify \eqref{eq:cq4jqjdmzj} for (say) $s = \tfrac{n+1}{2}$, where our task is to check that $\ell_{\mathrm{RS}}(\tfrac{n+1}{2}, t_{Q} W_0, V) = c$. Inserting definitions and unfolding, we obtain, with $f(g) := V(g)$, \begin{align*} \varepsilon(\tfrac{1}{2}, \pi, \psi) \ell_{\mathrm{RS}}(\tfrac{n+1}{2}, t_{Q} W_0, V) &\overset{\eqref{eq:cq4fl8vokh}}{=} \varepsilon(\tfrac{1}{2}, \pi, \psi) \int_{N_n \backslash G_n} W_0(g t_Q) V (g) \lvert \det (g) \rvert^{\frac{n}{2}} \, d g \\ &\overset{\eqref{eq:cq4jqjeuyf}}{=} \int_{G_n} \phi(g) f(g) \beta(\det g) \lvert \det g \rvert^{n/2} \, d g \\ &\overset{\eqref{eq:cq4jqjygcl}}{=} \int_{G_n} \phi^\wedge(g) f^\vee(g) \beta^\sharp(\det g) \lvert \det g \rvert^{n/2} \, d g \\ &\overset{\eqref{eq:cq4jqjy05j}}{=} \lvert Q \rvert^n \int_{K_1(\mathfrak{q})} V(g^{-1}) \lvert \det g \rvert^{n/2} \, d g \\ &= \lvert Q \rvert^n \operatorname{vol}(K_1(\mathfrak{q})), \end{align*} where in the final step, we use the $K_1(\mathfrak{q})$-invariance of $V$, the normalization $V(1) = 1$, and the fact that $\lvert \det g \rvert = 1$ on $K_1(\mathfrak{q})$. Thus \eqref{eq:cq4jqjdmzj} holds. \end{proof} % \bibliography{refs}{} \bibliographystyle{plain} \def\cprime{$'$} \def\cprime{$'$} \def\cprime{$'$} \def\cprime{$'$} \begin{thebibliography}{1} \bibitem{MR748505} Joseph~N. Bernstein. \newblock {$P$}-invariant distributions on {${\rm GL}(N)$} and the classification of unitary representations of {${\rm GL}(N)$} (non-{A}rchimedean case). \newblock In {\em Lie group representations, {II} ({C}ollege {P}ark, {M}d., 1982/1983)}, volume 1041 of {\em Lecture Notes in Math.}, pages 50--102. Springer, Berlin, 1984. \bibitem{MR4053059} Andrew~R. Booker, M.~Krishnamurthy, and Min Lee. \newblock Test vectors for {R}ankin-{S}elberg {$L$}-functions. \newblock {\em J. Number Theory}, 209:37--48, 2020. \bibitem{MR0342495} Roger Godement and Herv{\'e} Jacquet. \newblock {\em Zeta functions of simple algebras}. \newblock Lecture Notes in Mathematics, Vol. 260. Springer-Verlag, Berlin, 1972. \bibitem{MR620708} H.~Jacquet, I.~I. Piatetski-Shapiro, and J.~Shalika. \newblock Conducteur des repr\'esentations du groupe lin\'eaire. \newblock {\em Math. Ann.}, 256(2):199--214, 1981. \bibitem{MR3138844} Nadir Matringe. \newblock Essential {W}hittaker functions for {$GL(n)$}. \newblock {\em Doc. Math.}, 18:1191--1214, 2013. \bibitem{michel-2009} Philippe Michel and Akshay Venkatesh. \newblock The subconvexity problem for {${\rm GL}_2$}. \newblock {\em Publ. Math. Inst. Hautes \'Etudes Sci.}, (111):171--271, 2010. \bibitem{MR780071} Peter Sarnak. \newblock Fourth moments of {G}r\""ossencharakteren zeta functions. \newblock {\em Comm. Pure Appl. Math.}, 38(2):167--178, 1985. \end{thebibliography}",Algebra,2,https://github.com/1stproof/batch-1/tree/main/author-solutions
first-proof-3-official,"Let $\lambda=(\lambda_1 > \dots > \lambda_n \geq 0)$ be a partition with distinct parts. Assume moreover that $\lambda$ is *restricted*, in the sense that it has a unique part of size $0$ and no part of size $1$. Does there exist a nontrivial Markov chain on $S_n(\lambda)$ whose stationary distribution is given by $$\frac{F^*_{\mu}(x_1,\dots,x_n; q=1,t)}{P^*_{\lambda}(x_1,\dots,x_n; q=1,t)} \text{ for }\mu\in S_n(\lambda)$$ where $F^*_{\mu}(x_1,\dots,x_n; q,t)$ and $P^*_{\lambda}(x_1,\dots,x_n;q,t)$ are the interpolation ASEP polynomial and interpolation Macdonald polynomial, respectively? If so, prove that the Markov chain you construct has the desired stationary distribution. By ``nontrivial'' we mean that the transition probabilities of the Markov chain should not be described using the polynomials $F_{\mu}^*(x_1,\dots,x_n; q,t)$.","\maketitle \section{The problem} Let $\lambda=(\lambda_1 > \dots > \lambda_n \geq 0)$ be a partition with distinct parts. Assume moreover that $\lambda$ is \emph{restricted}, in the sense that it has a unique part of size $0$ and no part of size $1$. Does there exist a nontrivial Markov chain on $S_n(\lambda)$ whose stationary distribution is given by $$\frac{F^*_{\mu}(x_1,\dots,x_n; q=1,t)}{P^*_{\lambda}(x_1,\dots,x_n; q=1,t)} \text{ for }\mu\in S_n(\lambda)$$ where $F^*_{\mu}(x_1,\dots,x_n; q,t)$ and $P^*_{\lambda}(x_1,\dots,x_n;q,t)$ are the interpolation ASEP polynomial and interpolation Macdonald polynomial, respectively? If so, prove that the Markov chain you construct has the desired stationary distribution. By ``nontrivial'' we mean that the transition probabilities of the Markov chain should not be described using the polynomials $F_{\mu}^*(x_1,\dots,x_n; q,t)$. \newpage \section{The solution} \iffalse Several recent works have given an interpretation of Macdonald polynomials in terms of stationary distributions of interacting particle models. For example, in \cite{CantinideGierWheeler2015}, Cantini, de Gier, and Wheeler showed that the partition function of the \emph{multispecies asymmetric simple exclusion process (ASEP) on a ring} involving particles of types $\lambda_1,\dots,\lambda_n$ is equal to a Macdonald polynomial $P_{\lambda}(x_1,\dots,x_n;q,t)$ specialized at $x_1=\dots=x_n=q=1$; moreover, for each composition $\eta$ obtained by permuting the parts of $\lambda$, the steady state probability of state $\eta$ is given by the \emph{ASEP polynomial} $F_{\eta}$ evaluated at $x_1=\dots=x_n=q=1$. (An ASEP polynomial is a certain \emph{permuted basement Macdonald polynomial}, see \cite[Proposition 4.1]{CorteelMandelshtamWilliams2022}.) After this work, the natural question was whether one can give a parallel result which incorporates the parameters $x_1,\dots,x_n$ into the Markov chain. This question was addressed by Ayyer, Martin, and Williams in \cite{AyyerMartinWilliams2025}, who showed that the steady state probabilities and partition function of the \emph{multispecies $t$-Push totally asymmetric simple exclusion process (TASEP)} -- a Markov chain in which there are site-dependent jump rates involving the $x_i$'s -- are given by the ASEP polynomials $F_{\eta}$ and Macdonald polynomial $P_{\lambda}$ evaluated at $q=1$.\footnote{See \cite{Defant2024} for an alternative probabilistic interpretation of these polynomials at $q=1$.} %, a Markov chain involving particles of types $\lambda_1,\dots,\lambda_n$ hopping around a ring. In particular, they showed that for each composition $\eta$ obtained by permuting the parts of $\lambda$, the stationary probability of being in state $\eta$ is proportional to the ASEP polynomial $F_{\eta}(x_1,\dots,x_n; 1,t)$, and the normalizing constant (or partition function) is $P_{\lambda}(x_1,\dots,x_n; 1,t)$. There is an inhomogeneous generalization of Macdonald polynomials due to Knop and Sahi \cite{Knop1997b, Sahi1996} called \emph{interpolation Macdonald polynomials} $P^*_{\lambda}(x_1,\dots,x_n;q,t)$, as well as an inhomogeneous generalization of ASEP polynomials called \emph{interpolation ASEP polynomials} $F^*_{\eta}(x_1,\dots,x_n;q,t)$ that we introduced in our previous work \cite{BenDaliWilliams2025}; we also gave a combinatorial formula for the interpolation ASEP and Macdonald polynomials in terms of \emph{signed multiline queues}. In this article we introduce a new Markov chain called the \emph{interpolation $t$-Push TASEP} (see \cref{def:intpushTASEP}), which can be seen as a generalization of the $t$-Push TASEP (see \cref{rem:generalization}). Our main theorem (see \cref{thm:main}) says that its steady state probabilities and partition function are given by the interpolation ASEP polynomials and interpolation Macdonald polynomial evaluated at $q=1$. This generalizes the previous result of Ayyer, Martin, and Williams. \subsection{Interpolation polynomials} Interpolation Macdonald polynomials and interpolation ASEP polynomials are defined by vanishing conditions, as we now explain. Given a composition $\mu=(\mu_1,\dots,\mu_n)\in\NN^n$, we define \begin{align} \label{eq:k} k_i(\mu)&:=\#\{j:j<i \text{ and }\mu_j>\mu_i\}+\#\{j:j>i \text{ and }\mu_j\geq \mu_i\}, \text{ and }\\\label{eq:k2} \overline\mu&:=\left(q^{\mu_1} t^{-k_1(\mu)},\dots,q^{\mu_n} t^{-k_n(\mu)}\right). \end{align} %\LW{I think it would be nice for clarifying the exposition if throughout the paper, we consistently use $\lambda$ for partition and $\mu$ for composition. Thus, in the recoloring section, e.g. \cref{prop:lumping}, we should use a different Greek letter in place of $\mu$ -- $\kappa$ might be a good choice. (We've used $\kappa$ a tiny bit in the paper as a composition but could use another Greek letter there.) } \emph{Interpolation Macdonald polynomials}, defined by Knop and Sahi \cite{Knop1997b, Sahi1996}, can be viewed as an inhomogeneous generalization of Macdonald polynomials. \begin{thm}\cite{Knop1997b, Sahi1996}\label{def:intMacdonald} For each partition $\lambda=(\lambda_1,\dots,\lambda_n)$, there is a unique inhomogeneous symmetric polynomial $P^*_{\lambda} =P_{\lambda}^*(\xx;q,t) = P_{\lambda}^*(x_1,\dots,x_n;q,t)$ called the \emph{interpolation Macdonald polynomial} such that \begin{itemize} \item the coefficient $[m_{\lambda}]P_{\lambda}^*$ of the monomial symmetric polynomial $m_{\lambda}$ in $P_{\lambda}^*$ is $1$, \item $P_{\lambda}^*(\overline{\nu}) = 0$ for each partition $\nu \neq \lambda$ with $|\nu| \leq |\lambda|$. \end{itemize} Moreover, the top homogeneous component of $P_{\lambda}^*$ is the usual Macdonald polynomial $P_{\lambda}.$ \end{thm} Just as interpolation Macdonald polynomials are an inhomogeneous generalization of Macdonald polynomials, \emph{interpolation ASEP polynomials}, defined in \cite{BenDaliWilliams2025}, can be viewed as an inhomogeneous generalization of ASEP polynomials. Define $\mcP_n^{(d)}$ to be the space of polynomials in $n$ variables with degree at most $d$. \begin{thm}[{\cite[Theorem 2.17]{BenDaliWilliams2025}}] Let $\lambda=(\lambda_1,\dots,\lambda_n)$ be a partition of size $|\lambda|=\lambda_1+ \dots + \lambda_n=d$. For each composition $\mu\in S_n(\lambda)$, there is a unique polynomial $F^*_\mu(x_1,\dots,x_n)\in \mcP_n^{(d)}$, called the \emph{interpolation ASEP polynomial}, such that: \begin{itemize} \item for $\tau \in S_n(\lambda)$, we have \begin{equation}\label{eq:normalization_F} [x^\tau]F^*_\mu =\delta_{\tau,\mu}. \end{equation} \item for any composition $\nu$ such that $|\nu|\leq |\mu|$ and $\nu\notin S_n(\lambda)$, we have $F^*_\mu(\widebar{\nu})=0$. \end{itemize} Moreover, the top homogeneous component of $F^*_\mu$ is the ASEP polynomial $F_\mu$. \end{thm} Just as the ASEP polynomials sum to a Macdonald polynomial, the interpolation ASEP polynomials sum to the interpolation Macdonald polynomial. %give the symmetric Macdonald polynomials after symmetrization. \begin{prop}[{\cite[Proposition 2.15]{BenDaliWilliams2025}}] \label{prop:symmetrization}For any partition $\lambda$, we have $$P^*_\lambda=\sum_{\mu\in S_n(\lambda)}F^*_\mu.$$ \end{prop} \fi %%%%%%%%%%%%%%%%%%%%%%%%%%%%%%%%%%%%%%%%%%%% %%%%%%%%%%%%%%%%%%%%%%%%%%%%%%%%%%%%%%% %\subsection{The Interpolation \texorpdfstring{$t$}{t}-Push TASEP} The answer to the question is yes, as we explain below. %We now define a Markov chain called the \emph{interpolation $t$-Push TASEP} which solves the problem. %\begin{notation}\label{not:type} %Let $\lambda=(\lambda_1,\dots, \lambda_n)$ %with $\lambda_1\geq\dots\geq\lambda_n\geq 0$ be a %partition. %We can %describe such a partition by its vector of types %$\mathbf{m}=(m_0, m_1, \dots, m_L)$, where %$m_i=m_i(\lambda):=\#\{j:\lambda_j=i\}$, %and $L$ is the largest part that occurs. %We thus sometimes denote our partition by %$\lambda=(L^{m_L}, \dots, 1^{m_1}, 0^{m_0})$. %Note that $\sum_{i=0}^L m_i=n$. %\end{notation} %\subsection{Notation} For $1\leq k\leq n$, we define %the following elements in $\QQ(t,x_1,\dots,x_n)$. \begin{equation}\label{eq:1minuspk} \mfp_k:=\frac{t^{-n+1}(1-t)}{x_k-t^{-n+2}} \in \QQ(t,x_1,\dots,x_n) \quad \text{and}\quad \mfq_k:= \frac{(1-t)x_k}{x_k-t^{-n+2}}\in \QQ(t,x_1,\dots,x_n). \end{equation} %We then have %\begin{equation}\label{eq:1minuspk} %1-\mfp_k=\frac{x_k-t^{-n+1}}{x_k-t^{-n+2}} \qquad %\text{and}\qquad 1-\mfq_k:= \frac{t x_k-t^{-n+2}}%{x_k-t^{-n+2}}. %\end{equation} If $0<t<1$ and $x_i>t^{-n+1}$ for $1\leq i\leq n$, then $\mfp_k$ and $\mfq_k$ are probabilities. \begin{definition}%[The interpolation $t$-Push TASEP] \label{def:intpushTASEP} Fix a partition $\lambda=(\lambda_1 \geq \dots \geq \lambda_n)$ with $\lambda_n=0$. % parts labeled by $0$ are referred to as \emph{vacancies}, and parts labeled by $a>0$ are referred to as \emph{particles}. The \emph{interpolation $t$-Push TASEP} with \emph{content $\lambda$} is a Markov chain on $S_n(\lambda)$; we think of its states as configurations of particles on a ring labeled by $\lambda_1,\dots, \lambda_n$, where state $\eta$ corresponds to having a particle labeled $\eta_j$ at position $j$. Moreover, there is a \emph{bell} attached to each particle. The transitions from $\eta\in S_n(\lambda)$ are as follows. % \LW{I changed labeling of steps to start at 0, and also correspondingly changed the labels} %, we obtain $\nu\in S_n(\lambda)$ as follows. \begin{enumerate}[label=(Step \arabic*)] \item[(Step 0)]\label{Step0} The bell at position $j$ rings with probability $$P_j % =\frac{\prod_{k<j}\left(x_k-\frac{1}{t^{n-2}}\right)\prod_{k>j}\left(x_k-\frac{1}{t^{n-1}}\right)}{\sum_{1\leq k\leq n}\prod_{k<j}\left(x_k-\frac{1}{t^{n-2}}\right)\prod_{k>j}\left(x_k-\frac{1}{t^{n-1}}\right)} =\frac{\prod_{k<j}\left(x_k-\frac{1}{t^{n-2}}\right)\prod_{k>j}\left(x_k-\frac{1}{t^{n-1}}\right)}{e^*_{n-1}(\bfx;t)}, $$ where $e^*_{n-1}(\bfx;t)=\sum_{j=1}^n\prod_{k<j}\left(x_k-\frac{1}{t^{n-2}}\right)\prod_{k>j}\left(x_k-\frac{1}{t^{n-1}}\right)$. \item\label{Step1}%(\emph{$t$-Push TASEP}, $\circlearrowright j$) The particle at position $j$, say with label $a$, is activated, and starts traveling clockwise according to the rules of the \emph{$t$-Push TASEP}. That is, suppose there are $m$ ``weaker'' particles in the system, i.e. particles whose labels are less than $a$, including vacancies (label $0$). Then with probability $\frac{t^{k-1}}{[m]_t}$ the activated particle will move to the location of the $k$th of these weaker particles. If this location contains a particle with positive label, then that particle becomes active, and chooses a weaker particle to displace in the same way. The procedure continues until the active particle arrives at a vacancy. %All these transitions occur simultaneously. At the end of this step, position $j$ is vacant, and we regard this vacancy as a particle labeled $a:=0$. %%%%%%%%%%%%%%%%%%%%%%%%%%%%%%%%%% \iffalse An equivalent way to describe the above process is that each time the active particle passes a site with a weaker particle, it continues to move with probability $t$, and settles at that site with probability $(1-t)$, displacing and activating the particle that is located there. If it passes the $m$th such site, then it continues cyclically around the ring. Note that an active particle will choose the $k$th available option with probability $$(1-t)(t^{k-1}+t^{k-1+m} + t^{k-1+2m}+ \dots) = \frac{t^{k-1}}{1+t+\dots + t^{m-1}}.$$ \fi %%%%%%%%%%%%%%%%%%%%%%%%%%%%%%%%%%%5 %%%%%%%%%%%%%%%%%%%%%%%%%%5 \item\label{Step2}%(\emph{Return to the bell}, TASEP($\rightarrow j$)) % Push TASEP""\LW{better name?}) The particle labeled $a:=0$ %in position $j$ now goes to position $1$ and starts traveling clockwise. %, looking for a new particle to activate. When it gets to site $k$ for $1\leq k\leq j-1$ containing a particle with label $b \geq 0$, it skips over that site with probability %\begin{equation}\label{eq:probskip} % \begin{cases} $1-\mfp_k$ %&\text{ if $b\geq a$, and $1-\mfq_k$ if $b<a$; %\end{cases} %\end{equation} otherwise it settles at that site, activating/ displacing the site's particle. % with probability % \begin{equation}\label{eq:prob} % \begin{cases} % \mfp_k &\text{ if $b\geq a$},\\ % \mfq_k &\text{ if $b<a$}. %\end{cases} %\end{equation} Once it activates a new particle, %say %with label $b\geq 0$ %at site $i$, the old particle settles at site $k$ and the new active particle continues to travel clockwise towards position $j$, activating a new particle according to the rule above. %eqref{eq:prob}. % The activated particle labeled $a\geq 0$, continues traveling clockwise, each time it finds a particle at a new position $k<j$ and labeled $b$ it activates it with probability: % $$\begin{cases} % \mfp_k &\text{ if $b\geq a$},\\ % \mfq_k &\text{ if $b<a$}. %\end{cases}$$ % If the particle at position $k$ is labeled $b<a$, then it is activated with probability $\mfq_k$. The active particle stops once it displaces/activates another particle or arrives at position $j$, in which case it settles in position $j$. %If a new particle is activated then it travels from left to right as above. The procedure stops when we arrive at position $j$. %\LW{The particle which reaches position $j$ settles there.} \end{enumerate} We denote the resulting configuration by $\nu$ and the transition probability by %$\PP_\lambda(\eta,\nu)= $\PP(\eta,\nu)$. Moreover, we let $\PPone{\lambda,j}=\PPone{j}$ and $\PPtwo{\lambda,j}=\PPtwo{j}$ denote the transition probabilities associated with \ref{Step1} and \ref{Step2}, respectively. We then have, for $\mu,\nu\in S_n(\lambda)$, %\LW{you didn't put a subscript $\lambda$ below. Do you mean to drop it?} $$\PP(\mu,\nu)=\sum_{1\leq j\leq n}P_j\sum_{\rho\in S_n(\lambda):\rho_j=0}\PPone{j}(\mu,\rho)\PPtwo{j}(\rho,\nu).$$ \end{definition} %One can check that this Markov chain is irreducible; this implies that it has a unique stationary distribution $(\pi^*_\eta)_{\eta\in S_n(\lambda)}$. %%%%%%%%%%%%%%%%%%%%%%%%%% %%%%%%%%%%%%%%%%%%%%%%%%%% \iffalse \begin{remark} One may notice that the main differences between a classical step in $t$-Push TASEP (Step 1), and the new dynamics we introduce here in (Step 2) are the following: the activated particle can now displace a particle with a lower \emph{or} higher label. Moreover, the activated particle will stop with probability $1$ in position $j$; in particular, particles can no longer wrap several times around the ring. \end{remark} \begin{figure}[t] \centering \includegraphics[height=0.25\linewidth]{Step_1.pdf} \includegraphics[height=0.26\linewidth]{Step_2.pdf} \includegraphics[height=0.23\linewidth]{Final_configuration.pdf} \caption{An example of the interpolation $t$-Push TASEP dynamics with $n=8$ and $\eta=(1,0,3,4,3,1,2,0)$. The figure on the left illustrates \ref{Step0} and \ref{Step1}: the bell rings at position $j=5$, then balls in positions 5, 7 and 1 and 2 are activated successively (the quantities next to the arrows give the transition rates). The figure in the middle illustrates \ref{Step2}: the ball at position $j=5$ is activated and travels clockwise starting from position 1. Then balls in positions 1, 2, 4<$j$ are activated successively. The figure on the right gives the final configuration. } \label{fig:Markov_chain} \end{figure} \begin{remark}\label{rmq:twin_particles} Note that our assumption in \cref{def:intpushTASEP} that $\lambda$ has at least one part of size $0$ is not a restriction. If $\lambda$ does not satisfy this property, then we can replace $\lambda$ by the partition $\tilde{\lambda} = (\lambda_1-\lambda_n, \lambda_2-\lambda_n,\dots, \lambda_{n-1}-\lambda_n, 0)$ and use the associated Markov chain. Note also that the interpolation $t$-Push TASEP does not depend on whether a particle labeled $a$ can displace another particle labeled $a$, since they are ``identical''. \end{remark} \begin{example} We give in \cref{fig:transition_graph} the transition graph of Steps 1 and 2 in the $t$-Push$^*$ TASEP for $\lambda=(2,1,0)$, assuming that the bell rings at $j=3$ in Step 0. One may notice that, by definition, the transition probabilities in Step 2 are only defined from states $\mu$ for which $\mu_3=0$. For clarity, the loops (corresponding to transitions which do not change the configuration) are not represented in the graph. \end{example} \begin{figure}[t] \centering \includegraphics[width=0.5\linewidth]{Transition_Graph.pdf} \caption{The transition graph of \ref{Step1} and \ref{Step2} of the $t$-Push$^*$ TASEP for $\lambda=(2,1,0)$ when $j=3$. The transition edges corresponding to \ref{Step1} (respectively \ref{Step2}) are represented in plain edges (respectively dashed edges).} \label{fig:transition_graph} \end{figure} \begin{remark}\label{rem:generalization} One can obtain the $t$-Push TASEP model by taking $x_i\gg t$. More formally, the asymptotics when $x_i\rightarrow \infty$ of the probabilities above give $$P_j\sim \frac{1}{x_j},\qquad \text{and} \qquad \mfp_k\sim 0,$$ % \qquad \text{and} \qquad \mfq_k\sim 1-t. Note in particular that the second asymptotic implies that nothing changes in \ref{Step2} (there is no particle activated, and the process stops when we arrive at position $j$). \end{remark} \fi %%%%%%%%%%%%%%%%%%%%%%%%%%% %%%%%%%%%%%%%%%%%%%%%%%%%%%% %Our main theorem is the following. \begin{thm}\label{thm:main} In the interpolation $t$-Push TASEP with content $\lambda=(\lambda_1,\dots,\lambda_n)$ and parameters $\bfx=(x_1,\dots,x_n)$ and $t$, the stationary probability of $\mu\in S_n(\lambda)$ is given by $$\pi^*_{\lambda}(\mu) = \frac{F^*_{\mu}(\bfx; 1, t)}{P^*_{\lambda}(\bfx; 1, t)}.$$ %where $F^*_{\mu}(\bfx;q,t)$ is the interpolation ASEP polynomial, and $P^*_{\lambda}(\bfx; q, t)$ is the interpolation Macdonald polynomial. \end{thm} %%%%%%%%%%%%%%%%%%%%%%%%%%%%%%%%%%%%%%%%% %%%%%%%%%%%%%%%%%%%%%%%%%%%%%%%%%%%%%%%%%%%%%5 \iffalse A combinatorial formula for the interpolation ASEP polynomials in terms of \emph{signed multiline queues} was given in \cite[Theorem 1.15]{BenDaliWilliams2025}. Combining this with \cref{thm:main}, we obtain the following corollary. \begin{cor} Fix a partition $\lambda=(\lambda_1,\dots,\lambda_n)$, and consider the signed multiline queues of type $\mu$, for $\mu\in S_n(\lambda),$ with parameters $x_1,\dots,x_n,t$ and $q=1$. The distribution of the bottom line of the signed multiline queues is the same as the stationary distribution of the interpolation $t$-Push TASEP with content $\lambda$. \end{cor} \subsection{Strategy of Proof} Let us briefly describe the strategy for proving \cref{thm:main}, which is similar to the strategy used in \cite{AyyerMartinWilliams2025} for proving the analogous result connecting the $t$-Push TASEP to ASEP polynomials. We start by giving a combinatorial proof of the theorem when $\lambda$ has distinct parts. We use the fact that interpolation ASEP polynomials are generating functions for signed multiline queues \cite{BenDaliWilliams2025}, and that signed multiline queues can be built by stacking alternating layers of ``classic'' and ``signed'' layers of pairings of balls. We also use the fact that $\PPone{\lambda,j}(\eta, \kappa)$ gives the probability of obtaining $\kappa$ as Row $1'$ of a signed multiline queue with content $\lambda$, given that Row $2$ is $\eta$ and the vacancy in Row $1'$ is at site $j$. Similarly, we show that $\PPtwo{\lambda,j}(\kappa, \nu)$ gives the probability of obtaining $\nu$ as Row $1$ of a signed multiline queue with content $\lambda$, given that Row $1'$ is $\kappa$ and the vacancy in Row $1'$ is at site $j$. This allows us to directly connect the transition probabilities of our Markov chain to the generating functions for signed multiline queues, which give the interpolation ASEP polynomials. Having proved \cref{thm:main} for partitions with distinct parts, we generalize the result to all partitions, by using the fact that ``recoloring'' our particles in the Markov chain via a weakly order-preserving function $\phi:\NN \to \NN$ gives rise to a projection or lumping from a ``finer'' to a ``coarser'' version of the interpolation $t$-Push TASEP. This allows us to compute the stationary distribution of a ``coarser'' interpolation $t$-Push TASEP associated to a partition with repeated parts, using the stationary distribution coming from a partition with distinct parts. Meanwhile, we prove that interpolation ASEP polynomials at $q=1$ satisfy a corresponding identity that gives a compatibility relation when one applies a weakly order-preserving function. \bigskip % \HBD{I added the following subsection.} \LW{great!} \subsection{On the multispecies ASEP} As mentioned earlier, Cantini, de Gier, and Wheeler \cite{CantinideGierWheeler2015} showed that the specialization $P_{\lambda}(x_1=\dots=x_n=1;q=1,t)$ of the homogeneous Macdonald polynomial is the partition function of the multispecies ASEP on a ring. This result follows readily from the fact that the homogeneous ASEP polynomials $F_\mu$ are characterized by a family of equations called the \emph{qKZ equations} (see e.g. \cite[Equations (17) to (19)]{CantinideGierWheeler2015}). A natural question is to find an interpolation analogue of the multispecies ASEP, in the same spirit as the analogue we give here for the $t$-Push TASEP model. A main obstacle to such a generalization is the fact that interpolation ASEP polynomials $F_\mu^*$ do not satisfy all the qKZ equations (more precisely, they lack the circular symmetry property). It would then be interesting to find an algebraic characterization of the interpolation polynomials $F_\mu^*$ from which the qKZ equations can be recovered by taking the top homogeneous part. \HBD{Should we also mention (as another obstacle) that the interpolation polynomials are in general not positive at $x_1=\dots=x_n$?} \medskip The structure of this paper is as follows. In \cref{sec:MLQ}, we review the notions of two-line queues and signed two-line queues. \cref{sec:recoloring_Push_TASEP} is devoted to a recoloring property of the interpolation $t$-Push TASEP model. In \cref{sec:interpolation_polynomials}, we establish several properties of the interpolation ASEP polynomials at $q=1$. We then prove the main theorem in \cref{sec:proof}. In \cref{sec:density}, we derive the density formula. Finally, in \cref{app:shape_permuting,app:permuted_basement,app:t_int_Schur}, we collect useful properties of interpolation ASEP polynomials, along with a Jacobi--Trudi identity for symmetric interpolation polynomials at $q=t$. \bigskip \noindent{\bf Acknowledgements:~} HBD acknowledges support from the Center of Mathematical Sciences and Applications at Harvard University. LW was supported by the National Science Foundation under Award No. DMS-2152991. %until May 12, 2025, when the grant was terminated; she would also like to thank the Radcliffe Institute for Advanced Study, where some of this work was carried out. Any opinions, findings, and conclusions or recommendations expressed in this material are those of the author(s) and do not necessarily reflect the views of the National Science Foundation. \section{Multiline queues}\label{sec:MLQ} \emph{Muliline queues} are a combinatorial object whose generating functions encode Macdonald polynomials \cite{CorteelMandelshtamWilliams2022}; roughly speaking, multiline queues can be built by stacking \emph{two-line queues}. \emph{Signed multiline queues} generalize multiline queues, and are a combinatorial object whose generating functions encode interpolation ASEP polynomials \cite{BenDaliWilliams2025}; roughly speaking, signed multiline queues can be built by stacking alternating sequences of (classical) two-line queues and \emph{signed two-line queues}. In this section we define both (classical) two-line queues and signed two-line queues. We will later explain how these two-line queues encode transitions in the interpolation $t$-Push TASEP. \fi %%%%%%%%%%%%%%%%%%%%%%%%%%%%%%%%%%%%%%%%%5 %%%%%%%%%%%%%%%%%%%%%%%%%%%%%%%%%%%%%%% %%%%%%%%%%%%%%%%%%%%%%%%%%%%%%%%%%%%5 %%%%%%%%%%%%%%%%%%%%%%%%%%%%%%%%% \iffalse \subsection{(Classical) two-line queues} \begin{definition}\label{def:paired_system} A \emph{paired ball system} is a $2 \times n$ array in which each position is either occupied by a ball or is empty, and there are at least as many balls on the bottom row as on the top; moreover, each ball in the top row is paired with one in the bottom, and joined by a shortest strand traveling weakly left to right, allowing wrapping if necessary. % A \emph{paired ball system} consists of a ball system % on two rows, with the same number of balls on each row, in which balls are paired (by a shortest strand traveling weakly left to right, allowing wrapping if necessary), and paired balls have the same positive integer label of $2$ or more. %Empty positions are sometimes represented by a ball labeled $0$. \end{definition} \begin{definition}\label{def:two-row} A \emph{two-line queue}\footnote{In \cite{CorteelMandelshtamWilliams2022,BenDaliWilliams2025}, these objects are referred to as generalized two-line queues. For simplicity, we will call them two-line queues throughout this paper.} is a paired ball system, such that: \begin{enumerate} \item each ball is labeled by an element of $\ZZ^+$; \item paired balls have the same label; \item\label{GMLQ:item1} if a ball with label $a\in \ZZ^+$ in the top row has a ball directly underneath it labeled $a'$, then we must have $a'\geq a$, and if $a'=a$, the two balls must be paired to each other. %trivially paired. % \item \LW{do we want to require that any singleton ball on the %bottom row has label $1$?} \end{enumerate} The bottom and top rows of a two-line queue are then represented by compositions $\mu$ and $\nu$ in $\NN^n$. \HBD{where an empty position is represented by 0.} We refer to a pairing of two balls in the same column as a \emph{trivial pairing}. %Let $\mcG^\alpha_\mu$ denote the %set of (generalized) signed two-line queues %with bottom row $\mu$ and top row $\alpha$. \end{definition} \begin{figure}[t] \centering \includegraphics[width=0.5\linewidth]{2_line_queue.pdf} \caption{An example of a two-line queue in $\mathcal{Q}^{(4,0,2,0,0,3,0,0,4)}_{(0,4,4,0,2,3,0,1,0)}.$} \label{fig:two_line_queue} \end{figure} See \Cref{fig:two_line_queue} for an example of a two-line queue. \begin{remark}\label{rem:MLQ} More generally, a \emph{multiline queue} is a vertical concatenation of two-line queues, with rows labeled from $1$ to $L$ from bottom to top. We refer to a collection of linked pairs of balls as a \emph{strand}, and we require that all balls in a strand whose top ball is in row $r$, are labeled $r$. See \cite{CorteelMandelshtamWilliams2022} for the precise definition. % can be viewed as the bottom two rows in a usual multiline queue. %Similarly for the signed two-line queues.} \end{remark} We associate to each pairing $p$ in a two-line queue $Q$ a weight $\wt(p)$ defined as follows: we read the balls in the top row in decreasing order of their label; within a fixed value, we read the balls from right to left. Reading the balls in this order, we place the strands pairing the balls one by one. The balls in the bottom row that have not yet been matched are \emph{free}. If a pairing $p$ matches a ball labeled $a$ in the top row and column $j$ to a ball labeled $a$ in the bottom row and column $k$, then the free balls in the bottom row and columns $j+1,j+2,\dots,k-1$ (where this set of columns is cyclically consecutive) are \emph{skipped}. We then set \begin{equation} \wt(p) = (1-t) \frac{t^{\skipped(p)}}{1-t^{\free(p)}} \end{equation} Having associated a weight to each nontrivial pairing, we define $$\wt_{\pair}(Q) = \prod_p \wt(p),$$ where the product is over all nontrivial pairings of balls in $Q$. We let $\mathcal{Q}_\kappa^\eta$ denote the set of classical two-line queues with top row $\eta$ and bottom row $\kappa$, and we let $a^\eta_{\kappa}$ denote the weight generating function of these two-line queues:\footnote{We note that in \cite{CorteelMandelshtamWilliams2022}, two-line queues were defined together with a weight function that depends on both $t$ and $q$; here we specialize to $q=1$.} \begin{equation}\label{eq:generating_function0} a_\kappa^\eta=a_\kappa^\eta(t):=\sum_{Q\in\mathcal{Q}_\kappa^\eta}\wt_{\pair}(Q). \end{equation} \fi %%%%%%%%%%%%%%%%%%%%%%%%%%%%%%%%%5 %%%%%%%%%%%%%%%%%%%%%%%%%%%%%%%%%%%%%%%% \newpage %\subsection{Signed two-line queues} \section{The proof} Recall the notion of classical two-line queues from \cite{CorteelMandelshtamWilliams2022} and signed two-line queues from \cite{BenDaliWilliams2025} together with their weight functions. (Here we specialize $q=1$.) %to give a combinatorial formula for the interpolation ASEP polynomials $F^*_\mu(\bfx;q,t)$. Let $\mathcal{Q}_\kappa^\eta$ denote the set of classical two-line queues with top row $\eta=(\eta_1,\dots,\eta_n)$ and bottom row $\kappa=(\kappa_1,\dots,\kappa_n)$, and let $a^\eta_{\kappa}$ denote the weight generating function of $\mathcal{Q}_{\kappa}^{\eta}$. \begin{equation}\label{eq:generating_function0} a_\kappa^\eta=a_\kappa^\eta(t):=\sum_{Q\in\mathcal{Q}_\kappa^\eta}\wt_{\pair}(Q). \end{equation} Let $\mcG^\alpha_\mu$ denote the set of signed two-line queues with top row $\alpha=(\alpha_1,\dots,\alpha_n)$ and bottom row $\mu=(\mu_1,\dots,\mu_n)$, and let $b_\mu^\alpha$ denote the weight generating function of $\mcG^\alpha_\mu$. \begin{equation}\label{eq:generating_function1} b_\mu^\alpha=b_\mu^\alpha(t):=\sum_{Q\in\mcG_\mu^\alpha}\wt_{\pair}(Q). \end{equation} %%%%%%%%%%%%%%%%%%%%%%%%% %%%%%%%%%%%%%%%%% \iffalse We give here the case $q=1$ of this result. \begin{definition}[\cite{BenDaliWilliams2025}]\label{def:signed_two-row} A \emph{signed two-line queue} is a paired ball system (as in \cref{def:paired_system}), such that: \begin{enumerate} \item\label{GSMLQ:item1} Each pairing connects two balls with a shortest strand that travels either straight down or from left to right, and does not wrap around; \item each ball in the top row is labeled by an element of $\ZZ$ \HBD{$\ZZ\backslash\{0\}?$} and each ball in the bottom row is labeled by an element of $\ZZ^+$; \item paired balls have labels with the same absolute value; \item\label{GSMLQ:item2} a ball with label $a\in \ZZ^+$ in the top row must always have a ball labeled $a'$ underneath it, where $a' \geq a$, and if $a'=a$, the two balls must be trivially paired; \item\label{GSMLQ:item3} In the top row, each negative ball with label $-a$ (for $a\in \ZZ^+$) has either an empty spot below it or a ball with label $a'$, where $a \geq a'$. \end{enumerate} \end{definition} The balls in the bottom row of a signed two-line queue are called \emph{regular balls}, and those in the top row are called \emph{signed balls}. The bottom row is then represented by a composition $\mu\in \NN^n$, and the top row by a signed permutation $\alpha$ of $\mu$. Let $\mcG^\alpha_\mu$ denote the set of signed two-line queues with bottom row $\mu$ and top row $\alpha$. See \Cref{fig:ghost_two_line_queue} for an example of a signed two-line queue. \begin{remark}\label{rem:sMLQ} As in \cref{rem:MLQ}, a \emph{signed multiline queue} is a vertical concatenation of two-line queues, which alternate between signed and (usual) two-line queues, with rows labeled $1, 1', 2, 2', \dots, L, L'$ from bottom to top. We refer to a collection of linked pairs of balls as a \emph{strand}, and we require that all balls in a strand whose top ball is in row $r$, have labeled which is $\pm r$. See \cite{BenDaliWilliams2025} for the precise definition. % can be viewed as the bottom two rows in a usual multiline queue. %Similarly for the signed two-line queues.} \end{remark} \begin{figure}[t] \centering \includegraphics[width=0.5\linewidth]{signed_2_line_queue.pdf} \caption{An example of a signed two-line queue in $\mcG_{(0,0,4,4,0,0,3,2,1)}^{(0,4,-4,0,-2,-3,0,1,0)}.$ } \label{fig:ghost_two_line_queue} \end{figure} %\subsection{Weights and generating function} % Using \eqref{eq:pair2}, we define the weight of a signed two-line queue $\G\in \mcG^\alpha_\mu$ to be % $$\wt_{\pair}(\G)=\prod_{p}\wt_{\pair}(p),$$ where the product is over all nontrivial (signed) pairings of $\G$. We then define the weight generating function $G_\mu^\alpha$ of $\mcG^\alpha_\mu$ to be $$G_\mu^\alpha=G_\mu^\alpha(t):=\sum_{\G\in\mcG_\mu^\alpha}\wt_{\pair}(\G).$$ % Recall that $\skipped$ is the statistic associated to a nontrivial pairing defined in \cref{def:wt}. We now give an equivalent ``static'' description of this statistic which follows directly from the definitions. % \begin{lem}\label{lem:skipped} % Let $\G$ be a signed two-line queue and let $p$ be a nontrivial $a$-pairing connecting a signed ball labeled $\pm a$ in column $i$ of the top row, to a regular ball in column $j>i$ in the bottom row labeled $a$. Then $\skipped(p)$ counts the number of balls $B$ in the bottom row and in a column $r$ labeled by $c\in \NN_+$, such that $i<r<j$ and, either % \begin{itemize} % \item $c<a$, % \item or $c=a$ and the ball to which $B$ is paired lies in a column $k<i$. % \end{itemize} % \end{lem} We associate to each pairing $p$ in a signed two-line queue a weight $\wt(p)$ defined as follows: we read the balls in the top row in decreasing order of the absolute value of their label; within a fixed absolute value, we read the balls from right to left. Reading the balls in this order, we place the strands pairing the balls one by one. The balls in the bottom row that have not yet been matched are \emph{free}. If a pairing $p$ matches a ball labeled $\pm a$ in the top row and column $j$ to a ball labeled $a$ in the bottom row and column $k>j$, then the free balls (respectively, empty positions) in the bottom row and columns $j+1,j+2,\dots,k-1$ are \emph{skipped} (respectively, \emph{empty}). We then set \begin{equation}\label{eq:pair2} \wt(p) = \begin{cases} (1-t) t^{\skipped(p)+\emp(p)} &\text{ if $p$ connects a positive ball and a regular ball}\\ -(1-t) t^{\skipped(p)+\emp(p)} &\text{ if $p$ connects a negative ball and a regular ball.} \end{cases} \end{equation} Having associated a weight to each nontrivial pairing, we define $$\wt_{\pair}(Q) = \prod_p \wt(p),$$ where the product is over all nontrivial pairings of balls in $Q$. We define the weight generating function $b_\mu^\alpha$ of $\mcG^\alpha_\mu$ to be \begin{equation}\label{eq:generating_function1} b_\mu^\alpha=b_\mu^\alpha(t):=\sum_{Q\in\mcG_\mu^\alpha}\wt_{\pair}(Q). \end{equation} \begin{remark} In this paper, we are interested in the case when $\lambda$ has only one vacancy i.e $m_0(\lambda)=1$. In this case, one can check that for any pairing $p$ we have $\emp(p)=0$, and that $\skipped(p)$ has the following simpler description: if $p$ matches a ball labeled $\pm a$ in the top row and column $j$ to a ball labeled $a$ in the bottom row and column $k>j$, then $\skipped(p)$ corresponds to the number of balls in the bottom row and in a column $j+1,j+2,\dots,k-1$ which are labeled $b<a$. \end{remark} We assign to each ball $B$ in the top row in column $k$ of a signed two-line queue $Q$ a weight $$\wt(B):=\begin{cases} x_k &\text{if $B$ is positive}\\ -\frac{1}{t^{n-1}}&\text{if $B$ is negative}. \end{cases}$$ The total weight of $Q$ is then defined by $$\wt(Q):=\wt_{\pair}(Q)\prod_{B \text{ in the top row}}\wt(B).$$ Adding the ball weights to \cref{eq:generating_function1} we obtain \fi %%%%%%%%%%%%%%%%%%%%%%%%%%%%%%%%%5 %%%%%%%%%%%%%%%%%%%%%%%%%%% Let $\wt(Q):=\wt_{\pair}(Q)\wt_{\ball}(Q)$ be the product of the pair weight and \emph{the ball weight}. We obtain \begin{equation}\label{eq:generating_function2} \wt_\alpha b_\mu^\alpha=\sum_{Q\in\mcG_\mu^\alpha}\wt(Q), \ \text{ where } \ \wt_\alpha:=\prod_{k:\,\alpha_k>0}x_k \prod_{k:\, \alpha_k<0}\frac{-1}{t^{n-1}}. \end{equation} %\subsection{Unsigned versions of multiline queues} %\label{ssec:MLQ_distinct_parts} %In this section we assume that all parts of $\lambda$ are distinct ($m_i(\lambda)\leq 1$). We give an unsigned version of multiline queues in this case, which we use to prove that the generating functions $\wt_\alpha b_\mu^\alpha$ is actually positive under some assumptions on the parameters $t, x_1,\dots, x_n$. %This property will be useful to obtain a Markov chain with positive transition rates. \begin{definition}\label{def:Gbar} Given a signed two-line queue $Q\in \mcG^\alpha_{\mu}$, we associate to it an \emph{unsigned version} $\Qbar$ obtained by forgetting the signs of the balls in the top row. The composition we read in the bottom row (respectively the top row) of $\Qbar$ is $\mu$ (respectively $\lVert \alpha\rVert)$, where $$\lVert \alpha\rVert=(|\alpha_1|,\dots,|\alpha_n|).$$ We then define $\Gbar_\mu^{\kappa}$ as the set of paired ball systems obtained by applying this operation on $Q\in \mcG^\alpha_\mu$, where $\alpha\in \ZZ^n$ satisfying $\lVert\alpha\rVert=\kappa$. \end{definition} This leads us to define the following weights. Fix $\Qbar\in \Gbar^{\kappa}_\mu$: \begin{itemize} \item A nontrivial pairing $p$ in $\Qbar$ has the weight \begin{equation}\label{eq:pairing_weight_unsigned} \wt(p)=(1-t)t^{\skipped(p)}. \end{equation} \item Let $B$ be a ball labeled $a>0$ in column $k$ and such that the ball below is labeled $b$ (If $B$ has a vacancy below it, we take $b=0$.) We define the weight of $B$ by: \begin{equation}\label{eq:weights_unsigned_balls} \wt(B):= \begin{cases} x_k-\frac{1}{t^{n-1}}&\text{if $b=a$,}\\ x_k&\text{if $b>a$,}\\ \frac{1}{t^{n-1}}&\text{if $b<a$}. \end{cases} \end{equation} The weight of $\Qbar$ is defined by $$\wt(\Qbar):=\prod_{B \text{ in the top row}}\wt(B) \prod_{p \text{ nontrivial pairing}}\wt(p).$$ \end{itemize} We then have the following lemma. \begin{lem}\label{lem:forget_signs} Fix a partition $\lambda$ with distinct parts and two compositions $\kappa,\mu\in S_n(\lambda)$. Let $\Qbar\in \Gbar^{\kappa}_\mu$. Then $$\wt(\Qbar)=\sum_{Q}\wt(Q),$$ where the sum is taken over all signed two-line queues $Q$ from which $\Qbar$ is obtained by forgetting signs. \end{lem} \begin{proof} We consider all the possible ways of ``adding signs'' to the balls in the top row of $\Qbar$ to obtain a signed two-line queue. Fix such a ball $B$ labeled $a>0$: \begin{itemize} \item if $B$ has below it a vacancy or a ball labeled $b<a$, then %from \cref{def:signed_two-row} \cref{GSMLQ:item2}, w we must assign a $-$ sign to $B$. \item if $B$ has a ball labeled $b>a$ below it, then %\cref{def:signed_two-row} \cref{GSMLQ:item3}, we must assign a $+$ sign to $B$. \item if $B$ has a ball labeled $b=a$ below it, then %from %\cref{def:signed_two-row} \cref{GSMLQ:item1} and the fact that $\lambda$ has distinct parts we know that the two balls should be trivially paired. In this case we can give $B$ a $+$ or $-$ sign. \end{itemize} We then check that the possible signs for each ball $B$ is consistent with the choice of weights in \cref{eq:weights_unsigned_balls}. In particular, one notices that when a ball $B$ is given a $-$ sign, the ball weight should be multiplied by $-1$ when we go from $\Qbar$ to $Q$, but the weight of the pairing connected to $B$ is also multiplied by $-1$. %(compare \cref{eq:pair2,eq:pairing_weight_unsigned}). \end{proof} Given $\kappa\in S_n(\nu)$, we define $\tb_\nu^{\kappa}$ by \begin{equation}\label{eq:def_c} \tb_{\nu}^{\kappa}:=\sum_{\alpha:\, \lVert \alpha\rVert =\kappa}\wt_\alpha b^{\alpha}_{\nu}. \end{equation} We get the following corollary obtained by combining \cref{eq:generating_function2} and \cref{lem:forget_signs}. \begin{lem}\label{lem:c} Fix $\lambda$ a partition with distinct parts, and $\kappa,\mu\in S_n(\lambda)$. Then $$c^\kappa_\mu=\sum_{\Qbar\in \Gbar^{\kappa}_\mu} \wt(\Qbar).$$ \end{lem} Since $\lambda$ has distinct parts, $\Gbar^{\kappa}_\nu$ is either empty or contains exactly one element. %%%%%%%%%%%%%%%%%%%%%%%%%%% \iffalse \begin{figure} \centering \includegraphics[width=0.5\linewidth]{UGTLQ.pdf} \caption{The unique paired ball system in $\Gbar^{(2,7,1,5,0,6)}_{(0,7,2,1,5,6)}.$} \label{fig:UGTLQ} \end{figure} \fi %%%%%%%%%%%%%%%%%%%%%% %The following result is from \cite[Theorem 1.15 and Lemma 5.6]{BenDaliWilliams2025}. % \begin{thm}[{\cite{BenDaliWilliams2025}}]\label{lem:F_decomposition} %For any composition $\nu\in \NN^n$, we have %\begin{equation}\label{eq:F_decomposition} % F^*_\nu(\bfx;1,t)=\sum_{\eta\in\NN^n}{F^{*\eta}_\nu}(\bfx;1,t) F^*_{\eta^{-}}(\bfx;1,t), %\end{equation} %where %$$F^{*\eta}_{\nu} :=\sum_{\alpha\in\ZZ^n}b_\nu^\alpha \wt_\alpha a^\eta_{\lVert \alpha\rVert}=\sum_{\mu\in \NN^n}a_\mu^\eta c^\mu_\nu .$$ %\end{thm} \begin{comment} \subsection{Some useful computation} All the coefficients we consider in this section are evaluated at $q=1$. \begin{lem} Fix a signed composition $\alpha\in \ZZ^n$, with only one vacancy at position $i$, and fix $1\leq j\leq n.$ Then \begin{equation}\label{eq:fixed_j} \sum_{\mu:\mu_j=0}b^\alpha_\mu=\begin{cases} 0 &\text{ if }j>i\text{ or }\alpha_j>0,\\ 1 &\text{ if }j=i,\\ -(1-t)t^{\#\left\{k:\ j<k<i \text{ and }\alpha_k<0 \right\}}&\text{ if }j<i\text{ and }\alpha_j<0. \end{cases} \end{equation} \end{lem} For $\alpha\in \ZZ^n$, we define $\sign(\alpha)\in\{+1,-1,0\}$ as the sequence of signs of $ \alpha$. By summing \cref{eq:fixed_j} over all $j$, we deduce the following. \begin{cor} Fix a signed composition $\alpha\in \ZZ^n$ such that there is a unique $i$ with $\alpha_i=0$. %$, with only one vacancy at position $i$. Then $$\sum_{\mu}b^\alpha_\mu=t^{\#\left\{k: k<i \text{ and }\alpha_k<0 \right\}.}$$ In particular, this sum depends only on $\sign(\alpha).$ \end{cor} Recall that $$\fstar{}{\mu}=\sum_{\eta}\fstar{\eta}{\mu}F^*_\eta,$$ with $$\fstar{\eta}{\mu}=\sum_{\alpha\in \ZZ^n}b^\alpha_{\mu}\wt_\alpha a^\eta_{\lVert\alpha\rVert}.$$ % Recall \LW{If this is a ""recall"" from our other paper, better to leave out the word} also that, If $\alpha\in \ZZ^n$ with $\sign(\alpha)=\varepsilon$, we define $$\wt_\alpha=\wt_{\varepsilon}:=\prod_{k:\ \alpha_k>+1}x_k\prod_{k:\ \alpha_k<0}\frac{-1}{t^{n-1}}.$$ We start from a configuration $\eta$, with one vacancy at position $i$. Fix a sequence $\varepsilon=(\varepsilon_1,\dots,\varepsilon_{j-1},0,\varepsilon_{j+1},\dots,\varepsilon_n)$ with $\varepsilon_k\in\{\pm 1\}$ for $k\neq j.$ We want that the probability of the bell to ring at position $j$, and that $\sign(\alpha)=\varepsilon$ is proportional to \begin{align*} \wtp(\varepsilon):=\sum_{\substack{\alpha\in \ZZ^n\\ \sign(\alpha)=\varepsilon}}\sum_{\mu}b^\alpha_{\mu}\wt_\alpha a^\eta_{\alpha} &=\wt_\varepsilon \sum_{\substack{\alpha\in \ZZ^n\\ \sign(\alpha)=\varepsilon}}a^\eta_{\lVert\alpha\rVert} \sum_{\mu}b^\alpha_{\mu}\\ &=\wt_\varepsilon t^{\#\left\{k:\ k<i \text{ and }\varepsilon_k=-1 \right\}} \sum_{\substack{\nu\in \NN^n\\ \nu_k=0\Leftrightarrow k=j}}a^\eta_{\nu}\\ &=\wt_\varepsilon t^{\#\left\{k:\ k<i \text{ and }\varepsilon_k=-1 \right\}}\\ &=\prod_{k:\ \varepsilon_k=+1}x_k\prod_{k<j:\ \varepsilon_k=-1}\frac{-t}{t^{n-1}}\prod_{k>j:\ \varepsilon_k=-1}\frac{-1}{t^{n-1}}. \end{align*} \end{comment} %%%%%%%%%%%%%%%%%%%%%%%%%%%%%%%%%%%%%%%%%%%%%%55 %%%%%%%%%%%%%%%%%%%%%%%%%%%%%%%%%%%%%%%%%%%% \iffalse \section{Recoloring the interpolation \texorpdfstring{$t$}{t}-Push TASEP}\label{sec:recoloring_Push_TASEP} Following \cite{AyyerMartinWilliams2025}, we introduce the following definition. \begin{definition} We say that a function $\phi$ from $\NN$ to $\NN$ is \emph{weakly order-preserving} if $\phi(i)\leq \phi(j)$ whenever $i\leq j$. % , and such that\footnote{This second condition is not in the definition of \cite{AyyerMartinWilliams2025}.} $\phi(0)=0$. If $\phi$ is such a function, we extend it to a function from $\OO$ to $\OO$ in such a way that $\phi(0^*)=0^*$, $\phi(+i)=+\phi(i)$ and $\phi(-i)=-\phi(i)$, for any $i\in \NN$. \end{definition} If $\mu\in \NN^n$ is a composition, we define $\phi(\mu):=(\phi(\mu_1),\dots,\phi(\mu_n))\in \NN^n$. % Similarly, if $\alpha\in \OO^n$, then $\phi(\alpha):=(\phi(\alpha_1),\dots,\phi(\alpha_n))\in \OO^n$. Note that if $\mu$ is a partition then so is $\phi(\mu)$. In what follows, we will often apply a weakly order-preserving map to states of the interpolation $t$-Push TASEP; we refer to this as \emph{recoloring}. \begin{prop}\label{prop:lumping} Let $\phi:\NN \to \NN$ be a weakly order-preserving function with $\phi(0)=0$, and let $\lambda=(\lambda_1,\dots,\lambda_n)$ and $\kappa=(\kappa_1,\dots,\kappa_n)$ be partitions such that $\kappa=\phi(\lambda)$. Then the interpolation $t$-Push TASEP with particle content $\lambda$ lumps (or projects) to the interpolation $t$-Push TASEP with particle content $\kappa$. That is, if $\eta,\zeta\in S_n(\kappa)$ and $\mu\in S_n(\lambda)$ such that $\phi(\mu)=\eta$, then $$\sum_{\nu\in S_n(\lambda):\, \phi(\nu)=\zeta}\PP_{\lambda}(\mu,\nu)=\PP_\kappa(\eta,\zeta).$$ \end{prop} \begin{proof} We note that each of the three quantities $(P_j,\PPone{},\PPtwo{})$ defining the transition rates in the interpolation $t$-Push TASEP behaves well under recoloring: $P_j$ is independent from the state $\mu$, and for any $j$, we have: \begin{align*} &\sum_{\rho\in S_n(\lambda):\, \phi(\rho)=\theta}\PPone{\lambda,j}(\mu,\rho) =\PPone{\kappa,j}(\eta,\theta),\quad \text{ for any $\eta,\theta\in S_n(\kappa)$ and $\mu\in S_n(\lambda)$ with $\phi(\mu)=\eta$,}\\ &\sum_{\nu\in S_n(\lambda):\, \phi(\nu) =\zeta}\PPtwo{\lambda,j}(\rho,\nu)=\PPone{\kappa,j}(\theta,\zeta),\quad \text{ for any $\theta,\zeta\in S_n(\kappa)$ and $\rho\in S_n(\lambda)$ with $\phi(\rho)=\theta$.} \end{align*} %Thus, as in \cite[Proposition 2.2] %{AyyerMartinWilliams2025}, \cref{prop:lumping} follows from the above observations, %description of the dynamics, see \cref{rmq:twin_particles}, and the fact that the state space of the first Markov chain projects onto the state space of the second. \end{proof} \begin{figure}[t] \centering \includegraphics[height=0.25\linewidth]{Step_1_restricted.pdf} \includegraphics[height=0.26\linewidth]{Step_2_restricted.pdf} \includegraphics[height=0.23\linewidth]{Final_configuration_restricted.pdf} \caption{An example of the interpolation $t$-Push TASEP dynamics with $n=8$ for a restricted partition $\lambda=(8,7,6,5,4,3,2,0)$ and a state $\mu=(3,0,6,8,7,4,5,2)\in S_n(\lambda)$.} % The figure on the left illustrates \ref{Step0} and \ref{Step1}: the bell rings at position $j=5$, then balls in positions 5, 7 and 1 and 2 are activated successively (the quantities next to the arrows give the transition rates). The figure in the middle illustrates \ref{Step2}: the ball at position $j=5$ is activated and travels clockwise starting from position 1. Then balls in positions 1, 2, 4<$j$ are activated successively. The figure on the right gives the final configuration. % \LW{We'll have a similar figure but with ball content % $(0, 2,3,4,5,6,7,8)$ in order to illustrate both the projection property % and also the connection with two-line queues.}} \label{fig:Markov_chain_2} \end{figure} \begin{example} In \cref{fig:Markov_chain_2}, we illustrate a transition for the $t$-Push$^*$ TASEP indexed by $\lambda=(8,7,6,5,4,3,2,0)$. The corresponding transition for the $t$-Push$^*$ TASEP indexed by indexed by $\kappa=(4,3,3,2,1,1,0,0)$ from \cref{fig:Markov_chain} is then obtained by projecting, using for example by the map: $$\phi(i)=\begin{cases} 0 & \text{if $i\in \{0,1,2\}$}\\ 1 & \text{if $i\in \{3,4\}$}\\ 2 & \text{if $i\in \{5\}$}\\ 3 & \text{if $i\in \{6,7\}$}\\ 4 & \text{if $i\geq 8$.}\\ \end{cases}$$ \end{example} We then have the following consequence on the stationary distribution. It follows from the strong lumping property of Markov chains (see \textit{e.g} \cite{KemenySnell1976,Pang2019,Williams2022}.) \begin{cor}\label{cor:lumping} Let $\phi,\lambda$ and $\kappa$ as above. Then the stationary distributions of the interpolation $t$-Push TASEPs with particle contents $\kappa$ and $\lambda$ are related as follows: for any $\eta\in S_n(\kappa)$, $$\pi^*_\kappa(\eta)=\sum_{\rho\in S_n(\lambda):\, \phi(\rho)=\eta}\pi^*_\lambda(\rho).$$ \end{cor} \fi %%%%%%%%%%%%%%%%%%%%%%%%%%%%%%%%%%%%%% %%%%%%%%%%%%%%%%%%%%%%%%%%%%%% %%%%%%%%%%%%%%%%%%%%%%%%%%%%%%%%%%%%%%%%%%%%% %%%%%%%%%%%%%%%%%%%%%%%%%%%%%%%%%%%%%%%%%%%%%%%%%5 \iffalse \section{Interpolation polynomials}\label{sec:interpolation_polynomials} \subsection{Some properties of interpolation polynomials} \begin{definition}\label{def:int_elem} Fix $n\geq 1$. For any $k\geq 1$, we define the \emph{elementary interpolation polynomials} $$e^*_{k}(x_1,\dots,x_n;t):=\sum_{\begin{subarray}{c}S\subseteq \llbracket n \rrbracket\\ \#S=k\end{subarray}}\prod_{i\in S}\left(x_i-\frac{t^{\#S^c\cap \llbracket i-1\rrbracket}}{t^{n-1}}\right),$$ where the sum runs over subsets $S$ of $\llbracket n\rrbracket:=\{1,\dots, n\}$ of size $k$, and where $S^c$ denotes the complement of $S$ in $\llbracket n\rrbracket$. By convention, we set $$e_0^*(x_1,\dots,x_n;t)=1.$$ We extend this definition to any partition $\lambda=(\lambda_1,\dots,\lambda_n)$: $$e_\lambda^*(\bfx;t):=\prod_{i=1}^n e^*_{\lambda_i}(\bfx;t).$$ \end{definition} The top homogeneous part of $e_{\lambda}^*$ correspond to the elementary symmetric polynomials. We recall the following results for the interpolation ASEP polynomials; see \cite[Lemma 7.2]{BenDaliWilliams2025}. \begin{lem}\label{lem:P_column} For any $\mu\in\{0,1\}^n$, we have \begin{equation}\label{eq:factorization_one_row} F_\mu^*(x_1,\dots,x_n;q,t)=\prod_{i\in S_\mu}\left(x_i-\frac{t^{\#S^c_\mu\cap \llbracket i-1\rrbracket}}{t^{n-1}}\right), \end{equation} where $S_\mu:=\{i\in \llbracket n\rrbracket: \, \mu_i=1\}.$ As a consequence, \begin{equation}\label{eq:P_column} P^*_{(1^m,0^{n-m})}(x_1,\dots,x_n;q,t)=\sum_{\mu\in S_n(1^m,0^{n-m})}F^*_{\mu}(x_1,\dots,x_n;q,t)=e^*_m(x_1,\dots,x_n;t). \end{equation} The top homogeneous part of this equation gives \begin{equation}\label{eq:P_column_hom} P_{(1^m,0^{n-m})}(x_1,\dots,x_n;q,t)=\sum_{\mu\in S_n(1^m,0^{n-m})}F_{\mu}(x_1,\dots,x_n;q,t)=e_m(x_1,\dots,x_n;t). \end{equation} \end{lem} \fi %%%%%%%%%%%%%%%%%%%%%%%%%%%%%%%%%%%%%%% %%%%%%%%%%%%%%%%%%%%%%%%%%%%%%% %\subsection{The weak reordering property} Fix a weakly order-preserving function $\phi:\NN\rightarrow\NN$. Fix two partitions $\lambda$ and $\kappa$ such that $\phi(\lambda)=\kappa$. For $\eta\in S_n(\kappa)$, define $$G^*_\eta(\bfx;t):=\sum_{\rho\in S_n(\lambda):\, \phi(\rho)=\eta} F^*_\rho(\bfx;1,t).$$ Let $G_{\eta}$ be the top homogeneous part of $G^*_\eta$. The following is an analogue of \cite[Theorem 4.18]{AyyerMartinWilliams2025}, and can be proved in essentially the same way, using interpolation analogues of results from \cite{AlexanderssonSawhney2019}. %on {nonsymmetric Macdonald polynomials}. %\LW{!!!!!! If want to add more detail at all, then include B.3 and its proof; the others are analogues.} \begin{thm}\label{thm:weak-reordering} Fix $\lambda$ and $\kappa$ as above. For all $\eta\in S_n(\kappa)$, we have at $q=1$ that $$\frac{G^*_\eta(\bfx;t)}{P^*_\lambda(\bfx;1,t)}=\frac{F^*_\eta(\bfx;1,t)}{P^*_\kappa(\bfx;1,t)}.$$ \end{thm} Given a composition $\rho$, let $\rho^-:=(\rho^-_1,\dots,\rho^-_n)$, where $\rho^-_i=\max(\rho_i-1,0)$. \begin{cor}\label{cor:eta_minus} Consider a composition $\rho$ with $\rho_i\neq 1$ for any $1\leq i\leq n$. Let $k$ be the number of non-zero parts of $\rho$. Set $\eta=\rho^-$. We then have at $q=1$, $$F^*_{\rho}(\bfx;1,t)=F^*_{\eta}(\bfx;1,t)\cdot e^*_{k}(\bfx;t).$$ \end{cor} \begin{proof} Let $\lambda$ and $\kappa$ be the two partitions obtained by reordering $\rho$ and $\eta$, respectively. Consider the weakly order-preserving function $\phi:i\mapsto \max(i-1,0)$. We then have $\phi(\rho)=\eta$. Since $\lambda$ does not have parts of size 1, and $\phi$ is bijective from $\{0,2,3,\dots\}$ to $\{0,1,2,\dots\}$, then $\rho$ is the unique composition in $S_n(\lambda)$ such that $\phi(\rho)=\eta$ and we have $G^*_\eta=F^*_\rho$. It follows then from \cref{thm:weak-reordering} that $$\frac{F^*_{\rho}(\bfx;1,t)}{P^*_{\lambda}(\bfx;1,t)}=\frac{F^*_{\eta}(\bfx;1,t)}{P^*_{\kappa}(\bfx;1,t)}.$$ We now recall that at $q=1$, we have from \cite{Dolega2017,BenDaliWilliams2025} that %For any partition $\lambda$ \begin{equation}\label{eq:factorization} P^*_\lambda(x_1,\dots,x_n;1,t)=\prod_{1\leq i\leq \lambda_1}P^*_{\lambda'_i}(x_1,\dots,x_n;1,t)=\prod_{1\leq i\leq \lambda_1}e^*_{\lambda'_i}(x_1,\dots,x_n;t), \end{equation} where $\lambda'$ is the partition conjugate to $\lambda$. Using this plus the fact that $\kappa$ is obtained from $\lambda$ by removing the largest column (of size $k$), we get that $$\frac{P^*_{\lambda}(\bfx;1,t)}{P^*_{\kappa}(\bfx;1,t)}=e^*_{k}(\bfx;t),$$ which implies that $F^*_{\rho}(\bfx;1,t)=F^*_{\eta}(\bfx;1,t)\cdot e^*_{k}(\bfx;t).$ \end{proof} \begin{comment} \section{The weak reordering property for the polynomials \texorpdfstring{$h$}{h}} We recall the following definition introduced in \cite{BenDaliWilliams2025}. \begin{definition}\cite[Definition 4.6]{BenDaliWilliams2025} Given $\alpha\in \ZZ^n$, we define \begin{equation}\label{eq:deF_h} h_\alpha:=\sum_{\lambda\in \NN^n} \wt_{\alpha} a^\lambda_{\|\alpha\|}\hatfstar{\lambda^-}. \end{equation} \end{definition} The polynomial $h_\alpha$ is the generating function for for signed multiline queues whose bottom row is Row $1'$, and that row has type $\alpha$ % \LW{rephrase? for signed multiline queues whose bottom row is Row $1'$, and that row has type $\alpha$}. \LW{We should make sure that we give the combinatorial interpretation of $h_{\alpha}$ in our other paper, so that we can refer to it here.}\HBD{Right! I think that these function $h_\alpha$ at $q=1$, give the stationary distribution et odd steps, only when we have exactly one vacancy (I will have to double check that). This is related to the fact that Corollary 2.2 is only true under the condition that there is a unique part of size $0$ in $\mu$. If we decide to include this, we will need the combinatorial interpretation of the polynomials $h_\alpha$.} In the following, we assume that $\lambda$ and $\mu$ have a unique part of size 0. For example, $\lambda=(3,2,2,1,1,0)$ and $\phi(0)=0$, $\phi(2)=\phi(3)=2$ and $\phi(1)=1$. We extend the function $\phi:\NN\rightarrow \NN$, to an odd function $\phi:\ZZ\rightarrow\ZZ$ ($\phi(n)=-\phi(n)$). \begin{cor} For any signed permutation $\alpha\in S_n^{\pm}(\mu)$, we have at $q=1$ $$\frac{\sum_{\beta\in S_n^{\pm}(\lambda):\phi(\beta)=\alpha}h_\beta}{P^*_\lambda}=\frac{h^*_\alpha}{P^*_\mu}.$$ \end{cor} \textit{Sketch of the proof:} We start with the packed case (\ie when $\lambda_n=0$). In this case, the polynomials $h_\alpha$ are directly obtained from $F^*_\eta$ by \begin{equation*} h_\alpha=\wt_{\alpha}\frac{F^*_{\mu}}{\prod_{1\leq i\leq n-1}(x_i-\frac{1}{t^{n-1}})} \end{equation*} and the corollary follows from \cref{thm:weak-reordering}. We obtain the general case by application of the Hecke operators. % The action of the Hecke operators on $h_\alpha$ was given in \cite[Lemma 4.7]{BenDaliWilliams2025}. The following particular case will be useful. % \begin{lem} % \end{lem} \end{comment} %\section{The proof of the main theorem}\label{sec:proof} %\subsection{The proof of \texorpdfstring{\cref{thm:main}}{the main theorem} for restricted partitions} %when \texorpdfstring{$\lambda$}{lambda} has distinct parts} %%%%%%%%%%%%%%%%%%%%%%%%%%%%%%%%%%% \iffalse%%%%%%%%%%%%%%%%%%%% \begin{definition}\label{def:restricted} A \emph{restricted composition} (respectively, a \emph{restricted partition}) $\mu=(\mu_1,\dots,\mu_n)$ is a composition (respectively, partition) which has all parts distinct, a unique part of size $0$, and no part of size $1$. \end{definition} \emph{In this section we will assume that each $\lambda$ is a restricted partition as in \cref{def:restricted}.} \fi %%%%%%%%%%%%%%%%%%%%%%%%%%%%%55 %%%%%%%%%%%%%%%%%%%%%%%%%%%%%%%%%%%%%%%%%%%% %%%%%%%%%%%%%%%%%%%%%%%%%%%%%%%%%%%%%%%%%% \iffalse The following lemma relates the transition probabilities of the classical $t$-Push TASEP (or equivalently \ref{Step1} in \cref{def:intpushTASEP}) to the generating function of two-line queues. \begin{prop}[{\cite[Lemma 5.4]{AyyerMartinWilliams2025}}]\label{prop:Pone} Fix $\mu,\rho\in S_n(\lambda)$, and let $j$ be the index such that $\rho_j=0$. Then the following quantities are equal: \begin{itemize} \item the probability that in Step 1 of \cref{def:intpushTASEP} (i.e. the $t$-Push TASEP) we transition from $\mu$ to $\rho$ when the bell rings at site $j$ in $\mu$, \item the weight generating function of classical two-line queues with top row $\mu$ and bottom row $\rho$. \end{itemize} That is, $$\PPone{_j}(\mu,\rho)=a^\mu_{\rho}.$$ \end{prop} To help prepare the reader for the proof of \cref{prop:Ptwo}, we will prove \cref{prop:Pone} here. The main idea is that a two-line queue encodes a transition of the $t$-Push TASEP. For instance, \cref{fig:two_line_queue_restricted} encodes Step 1 in the transition illustrated in \cref{fig:Markov_chain_2}: the top row encodes the initial state, each nontrivial pairing encodes a particle which moves, and the bottom row encodes the state after Step 1. \begin{figure}[t] \centering \includegraphics[width=0.5\linewidth]{2_line_queue_restricted.pdf} \caption{The (classical) two-line queue encoding Step 1 in the transition of \cref{fig:Markov_chain_2}.} \label{fig:two_line_queue_restricted} \end{figure} \begin{proof} Note that since by assumption $\mu$ and $\rho$ are restricted compositions, they uniquely determine the pairings of the balls in a two-line queue whose top row is $\mu$ and bottom row is $\rho$. Thus, there is at most one two-line queue with top row $\mu$ and bottom row $\rho$. There exists one such queue if and only if when we pair the balls with the same labels, %in a potential two-line queue with top row $\mu$ and bottom row $\rho$, the bottom ball in a nontrivial pairing always has a ball with a smaller label directly above it. This condition is equivalent to the statement (*) that if we write the composition $\rho$ underneath the composition $\mu$, then for each position $i\neq j$ such that $\mu_i \neq \rho_i$, we have $\mu_i < \rho_i$. %connecting %balls labeled $b$, the ball directly above the bottom ball labeled $b$ has a label $a<b$. Moreover, when we have such a two-line queue, its weight is the product of the pairing weights, each of which have the form $$\frac{(1-t)t^{\skipped(p)}}{1-t^{\free(p)}} = \frac{t^{\skipped(p)}}{[\free(p)]_t}.$$ Meanwhile, there is a unique series of ball displacements that must occur in order to realize a transition in the $t$-Push TASEP from $\mu$ to $\rho$: namely, if $b>b^{(1)} > \dots > b^{(\ell)}$ are the letters in $\mu$ which appear in different locations in $\rho$, where $b$ is the ball at location $j$ in $\mu$, then first the ball $b$ must travel to the location of ball $b^{(1)}$ (settling in that position and displacing the ball labeled $b^{(1)}$); then the ball $b^{(1)}$ must travel to the location of ball $b^{(2)}$ (settling in that position and displacing the ball labeled $b^{(2)}$); and so on. If the resulting configuration is $\rho$, then there is a nonzero probability of transitioning from $\mu$ to $\rho$. Note e.g. that if $j_1$ is the location of ball $b^{(1)}$ in $\mu$, then we are saying that $\mu_{j_1} = b^{(1)}$ and $\rho_{j_1}=b > \mu_{j_1}$ (and similarly for subsequent balls), which is equivalent to the statement (*) above. Thus, we can construct a two-line queue whose pairings encode the sequence of ball displacements. Moreover, note that in Step 1 of \cref{def:intpushTASEP}, the probability of ball $b$ displacing ball $b^{(1)}$ is $\frac{t^{k-1}}{[m]_t}$, when there are $m$ weaker particles and $b^{(1)}$ is the $k$th such particle that $b$ encounters when it travels clockwise; this exactly corresponds to the statistic $\frac{(1-t)t^{\skipped(p)}}{1-t^{\free(p)}} = \frac{t^{\skipped(p)}}{[\free(p)]_t}$ in the corresponding two-line queue. \end{proof} Recall that \cref{fig:two_line_queue_restricted} shows the two-line queue corresponding to Step 1 in the transition of \cref{fig:Markov_chain_2}, where $j=5$, $\mu=(3,0,6,8,7,4,5,2)$ and $\rho=(5,3,6,8,0,4,7,2)$. One then checks that $$\PPone{j}(\mu,\rho)=\frac{t}{[6]_t}\times\frac{t}{[4]_t}\times \frac{1}{[2]_t}=a^\mu_\rho.$$ \begin{remark}\label{rmk:subsets} Each possible transition of the t-Push TASEP and each instance of Step 2 above can be indexed by choosing a subset of positions, where the corresponding particles have distinct labels. For the $t$-Push TASEP, once we have the subset of positions, we know that the particles have to get bumped in decreasing order of their labels. And in Step 2, the particles get bumped from left to right. \end{remark} \begin{comment} In the following, we assume that $\lambda$ is a partition with distinct parts and one part of size 0. \begin{notation}\label{not:m_set} Fix $\kappa\in S_n(\lambda)$ and $j$ (the unique index) such that $\kappa_j=0$. \begin{itemize} \item Let $\MM\subseteq\llbracket n\rrbracket$ be a subset satisfying $j=\max(\MM)$. We associate to $T$ the composition $\nu$ $\kappa$ by moving the particles indexed by $\MM$ as explained in \cref{rmk:subsets}, i.e \begin{equation*} \begin{cases} \nu_i=\kappa_i& \text{if $i\notin\MM$,}\\ \nu_{i}=\kappa_j=0 &\text{if $i=\min(\MM)$,}\\ \nu_{i}=\kappa_{\max(\MM\cap \llbracket i-1\rrbracket)}& \text{if $i\in \MM$ and $i\neq \min(\MM)$.} \end{cases} \end{equation*} \item Conversely, if $\nu$ is a composition that can be obtained from $\kappa$ by \ref{Step2} (i.e $\PPtwo{j}(\kappa,\nu)\neq 0$) then associate to it the set $$\MM:=\{i\in \llbracket n\rrbracket:\ \kappa_i\neq \nu_i\}\cup \{j\}.$$ \end{itemize} Under the assumption that $\kappa$ has distinct parts, the two maps described above are inverse of each other. \end{notation} \begin{example} If $n=7$, $\kappa=(1,4,6,5,0,2,3)$, $j=5$ and $\MM=\{1,2,4,5\}$, then the composition $\nu$ given by \cref{not:m_set} is $\nu=(0,1,3,4,5,2,3).$ \end{example} We have the following explicit expression for the transition probabilities $\PPtwo{}$ which follows from the definition. \begin{lem} Let $\kappa$, $j$, $T$ and $\nu$ as in \cref{not:m_set}. We then have $$\PPtwo{j}(\kappa,\nu)=\prod_{k<j:\, k\in \MM} \mfr_k\prod_{k<j:\, k\notin \MM}(1-\mfr_k),$$ where $$\mfr_k= \begin{cases} \mfp_k &\text{if $\kappa_k> \nu_k$,}\\ \mfq_k &\text{if $\kappa_k<\nu_k$}. \end{cases}$$ \end{lem} \end{comment} % We now write the transition rates using the generating functions of signed two-line queues. We now give an analogous result relating the transition probabilities of \ref{Step2} of \cref{def:intpushTASEP} to the generating function for signed two-line queues. \fi %%%%%%%%%%%%%%%%%%%%%%%%%%%%%%%%%%%%%%%5 %%%%%%%%%%%%%%%%%%%%%%%%% \begin{prop}\label{prop:Ptwo} Fix $\rho,\nu\in S_n(\lambda)$, and let $j$ be the index such that $\rho_j=0$. We have $$\PPtwo{j}(\rho,\nu)=\frac{c^\rho_\nu}{\prod_{k<j}\left(x_k-\frac{1}{t^{n-2}}\right)\prod_{k>j}\left(x_k-\frac{1}{t^{n-1}}\right)},$$ or equivalently, $$ P_j\cdotp \PPtwo{j}(\rho,\nu)=\frac{c^\rho_\nu}{e_{n-1}^*},$$ where $c^\rho_\nu$ is the coefficient from \cref{eq:def_c}, % and \cref{lem:c}, i.e. %the generating function for signed %two-line queues. \HBD{ the generating function for the set $\Gbar_{\nu}^\rho$. \end{prop} %%%%%%%%%%%%%%%%%%%%%%%%%% \iffalse \begin{figure} \centering \includegraphics[width=0.5\linewidth]{unsigned_line_queue_restricted.pdf} \caption{The element of $\Gbar^{(5,3,6,8,0,4,7,2)}_{(0,3,6,5,8,4,7,2)}$ (see \cref{def:Gbar}) %paired ball system \LW{do we want to talk here about the paired ball system or the signed two-line queue? for instance, it is important here that we don't allow wrapping around} encoding the Step 2 of the transition of \cref{fig:Markov_chain_2}.} \label{fig:unsigned_two_line_queue_restricted} \end{figure} \fi%%%%%%%%%%%%%%%%%%%%% %%%%%%%%%%%%%%%%%%%%%%%%%%%%%%%% %As in the proof of \cref{prop:Pone}, The idea of the proof below is that a signed two-line queue encodes Step 2 of the interpolation $t$-Push TASEP. %For instance, %\cref{fig:unsigned_two_line_queue_restricted} encodes Step 2 %of the transition of \cref{fig:Markov_chain_2}. \begin{proof} Note that \ref{Step2} of \cref{def:intpushTASEP} is encoded by an element of a set $\Gbar^{\rho}_{\nu}$ (see \cref{def:Gbar}). % the paired ball systems \LW{call it paired ball system or signed two-line queue?} described in \cref{ssec:MLQ_distinct_parts}. Indeed, the transition in \ref{Step2} from the configuration $\rho$ to the configuration $\nu$ is possible if and only there is an element $\Qbar$ in $\Gbar^{\rho}_\nu$ (recall that this set contains at most one element). More precisely, a particle labeled $a>0$ which moved from position $k\in \llbracket n\rrbracket$ to a position $k'$, corresponds to a non trivial pairing in $\Qbar$ connecting a ball labeled $a$ in column $k$ of the top row to a ball labeled $a$ in column $k'$ of the bottom row. Particles which do not move correspond to trivial pairings. We now claim that $\wt(\Qbar)$ divided by $D:=\prod_{k<j}\left(x_k-\frac{1}{t^{n-2}}\right)\prod_{k>j}\left(x_k-\frac{1}{t^{n-1}}\right)$ gives $\PPtwo{j}(\rho,\nu)$. We will prove the claim below by showing that each ball or pairing weight in $\wt(\Qbar)$, divided by one of the factors in $D$, equals one of the skipping/ displacement probabilities from \cref{Step2} %\eqref{eq:probskip} or \eqref{eq:prob} (whose product is $\PPtwo{j}(\rho,\nu)$). Note that in what follows, instead of associating the weight $(1-t)t^{\skipped(p)}$ to each nontrivial pairing, we will associate $(1-t)$ to the top ball in each nontrivial pairing, and a factor of $t$ to each skipped ball. \begin{itemize} \item Each ball in column $k>j$ of $\Qbar$ is necessarily trivially paired, since no ball in position $k>j$ get skipped or displaced in \ref{Step2}. In $\Qbar$ this ball gets weight $x_k-\frac{1}{t^{n-1}}$; when we divide this weight by the $k$th factor of $D$, we get $1$, which corresponds to the fact that balls in position $k>j$ do not contribute to $\PPtwo{j}(\rho,\nu)$. \item A ball in $\Qbar$ labeled $b$ in column $k<j$ which is trivially paired, and which is not skipped by a ball $a>b$, also has weight $x_k-\frac{1}{t^{n-1}}$. When we divide this weight by the $k$th factor of $D$, we get $1-\mfp_k$ (see \eqref{eq:1minuspk}). This is what we desired, because such a trivial pairing in $\Qbar$ corresponds to a particle labeled $b$ which is skipped over by a particle with a smaller label, and hence contributes $1-\mfp_k$ to $\PPtwo{j}(\rho,\nu)$. \item A ball in $\Qbar$ labeled $b$ in column $k<j$ which is trivially paired, and which is skipped by a ball $a>b$, gets a weight $t(x_k-\frac{1}{t^{n-1}})$. When we divide this weight by the $k$th factor of $D$, we get $1-\mfq_k$ (see \eqref{eq:1minuspk}). This is what we desired, because such a trivial pairing corresponds to a particle labeled $b$ skipped over by a particle with a larger label, and hence contributes $1-\mfq_k$ to $\PPtwo{j}(\rho,\nu)$. \item A ball labeled $b$ in the top row of $\Qbar$ in column $k<j$ which has a ball labeled $a<b$ below it gets a weight $(1-t)\frac{1}{t^{n-1}}$ % \LW{This should be $(1-t)\frac{1}{t^{n-1}}$, right?} (the factor $(1-t)$ is the nontrivial pairing weight). When we divide this weight by the $k$th factor of $D$, we get $\mfp_k$. This is what we desired, because this pairing corresponds to a particle labeled $b$ being displaced by a particle with a smaller label, and hence contributing $\mfp_k$ to $\PPtwo{j}(\rho,\nu)$. \item A ball labeled $b$ in the top row of $\Qbar$ in column $k<j$ which has a ball labeled $a>b$ below it gets a weight $(1-t)x_k$ (the factor $(1-t)$ is the nontrivial pairing weight). When we divide this weight by the $k$th factor of $D$, we get $\mfq_k$. This is what we desired, because this pairing corresponds to a particle labeled $b$ being displaced by a particle with a larger label, and hence contributing $\mfq_k$ to $\PPtwo{j}(\rho,\nu)$.\qedhere \end{itemize} \end{proof} %%%%%%%%%%%%%%%%%%%%%%%%%%%%%%%%%%%%%%%%%%%% %%%%%%%%%%%%%%%%%%%%%%%%%%%%%%%%%%%%%%% \iffalse Recall that \cref{fig:unsigned_two_line_queue_restricted} shows the paired ball system corresponding to Step 2 in the transition of \cref{fig:Markov_chain_2}, where $j=5$, $\rho=(5,3,6,8,0,4,7,2)$ and $\nu=(0,3,6,5,8,4,7,2)$. We then have \begin{align*} \PPtwo{5}(\rho,\nu)&=\mfp_1\cdotp(1-\mfq_2)\cdotp(1-\mfp_3)\mfp_4\\ &=\frac{t^{-7}(1-t)}{x_1-t^{-6}}\cdotp \frac{t (x_2-t^{-7})}{x_2-t^{-6}}\cdotp\frac{x_3-t^{-7}}{x_3-t^{-6}}\cdotp\frac{t^{-7}(1-t)}{x_4-t^{-6}}. \end{align*} On the other hand, for the paired ball system $\Qbar$ of \cref{fig:unsigned_two_line_queue_restricted}, has ball weight (as given in \cref{eq:weights_unsigned_balls}) $$t^{-7}\cdotp (x_2-t^{-7})\cdotp(x_3-t^{-7})\cdotp t^{-7}\cdotp (x_6-t^{-7})\cdotp (x_7-t^{-7}) \cdotp(x_8-t^{-7})$$ and its pairing weight (defined in \cref{eq:pairing_weight_unsigned}) is $$(1-t)^2\cdotp t,$$ and $\wt(\Qbar)$ is the product of these two quantities. We then get that $$\frac{c^\rho_\nu}{\prod_{k<5}\left(x_k-t^{-6}\right)\prod_{k>5}\left(x_k-t^{-7}\right)} =\frac{\wt(\Qbar)}{\prod_{k<5}\left(x_k-t^{-6}\right)\prod_{k>5}\left(x_k-t^{-7}\right)}=\PPtwo{5}(\rho,\nu).$$ \fi %%%%%%%%%%%%%%%%%%%%%%%%%%%%%%%%%%%%% %%%%%%%%%%%%%%%%%%%%%%%%%%%%%%%%%% %We then obtain the following result. %get the following proposition connecting the interpolation $t$-Push TASEP model to signed multiline queues. \begin{prop}\label{prop:intTASEP_SMLQ} If $\lambda$ is restricted, and $\mu,\nu\in S_n(\lambda)$, then \begin{align*} \PP(\mu,\nu)=\sum_{\rho\in S_n(\lambda)} \frac{a^\mu_\rho c^\rho_{\nu}}{e^*_{n-1}}. \end{align*} \end{prop} \begin{proof} Combining \cite[Lemma 5.4]{AyyerMartinWilliams2025} and \cref{prop:Ptwo}, we get \begin{align*} \PP(\mu,\nu) &=\sum_{1\leq j\leq n}P_j\sum_{\rho\in S_n(\lambda):\rho_j=0}\PPone{j}(\mu,\rho)\PPtwo{j}(\rho,\nu)\\ &=\sum_{1\leq j\leq n}\sum_{\rho\in S_n(\lambda):\rho_j=0} \frac{a^\mu_\rho c^\rho_{\nu}}{e^*_{n-1}}\\ &=\sum_{\rho\in S_n(\lambda)} \frac{a^\mu_\rho c^\rho_{\nu}}{e^*_{n-1}}.\qedhere \end{align*} \end{proof} %\subsubsection{The proof of \cref{thm:main}} \begin{proof}[Proof of \cref{thm:main}] Fix a restricted partition $\lambda$. %with distinct parts, with one part of size 0 and no parts of size 1. %\HBD{Should we say restricted here?} Let $\nu\in S_n(\lambda)$. From \cite[Theorem 1.15 and Lemma 5.6]{BenDaliWilliams2025}, we have \begin{equation*} F^*_\nu(\bfx;1,t)=\sum_{\eta\in\NN^n}{F^{*\eta}_\nu}(\bfx;t) F^*_{\eta^{-}}(\bfx;1,t), \end{equation*} where $$F^{*\eta}_{\nu}(\bfx;t) :=\sum_{\alpha\in\ZZ^n}b_\nu^\alpha \wt_\alpha a^\eta_{\lVert \alpha\rVert}=\sum_{\kappa\in \NN^n}a_\kappa^\eta c^\kappa_\nu .$$ But we know from % \LW{Oops! We're relying on something that comes later} \cref{cor:eta_minus} that $$F^*_{\eta^-}(\bfx;1,t)=\frac{F^*_{\eta}(\bfx;1,t)}{e_{n-1}^*(\bfx;t)},$$ we use here the fact that $\eta$ has a unique part of size 0. % \HBD{Change $q=1$ by $(\bfx,;1,t)$.} Hence \begin{equation*} F^*_\nu(\bfx;1,t)=\sum_{\eta\in\NN^n}F^*_{\eta}(\bfx;1,t)\sum_{\kappa\in \NN^n}\frac{a_\kappa^\eta c^\kappa_\nu}{e_{n-1}^*(\bfx;t)}, \end{equation*} which can be rewritten using the transition probabilities of the interpolation $t$-Push TASEP (\cref{prop:intTASEP_SMLQ}) we get \begin{equation*} F^*_\nu(\bfx;1,t)=\sum_{\eta\in\NN^n}F^*_{\eta}(\bfx;1,t)\PP(\eta,\nu). \end{equation*} This proves that $F^*_\mu(\bfx;1,t)$ are proportional to the stationary distribution of the interpolation $t$-Push TASEP $\pi^*_\lambda(\mu)$. Finally, we use the fact that $P^*_\lambda=\sum_{\mu\in S_n(\lambda)}F^*_\mu$ to deduce that $\frac{F^*_\mu(\bfx;1,t)}{P^*_\lambda(\bfx;1,t)}=\pi^*_\lambda(\mu).$ % \HBD{Or maybe we should use $\pi^*_\lambda(\mu)$ to denote the stationary distribution of the interpolation $t$-Push TASEP?} \LW{Yes, I like that notation!} \end{proof} %%%%%%%%%%%%%%%%%%%%%%%%%%%%%%%%%%%%%%%%%%%%%%% %%%%%%%%%%%%%%%%%%%%%%%%%%%%%%%%%%%%%%%%%%%%%%%% \iffalse \subsection{Proof of \texorpdfstring{\cref{thm:main}}{the main theorem} for arbitrary partitions}\label{sec:arbitrary} \begin{proof}[Proof of \cref{thm:main}] Fix a partition $\kappa=(\kappa_1,\dots,\kappa_n)$, and $\eta\in S_n(\kappa)$. We want to prove that $$\pi_\kappa^*(\eta)=\frac{F^*_\eta(\bfx;1,t)}{P^*_\kappa(\bfx;1,t)}.$$ It is not hard to see that we can find a restricted partition $\lambda$ and %be a restricted partition, and let a weakly order-preserving function $\phi$ such that $\phi(\lambda)=\kappa$. By \cref{cor:lumping}, %From the lumping property of the interpolation %\texorpdfstring{$t$}{t}-Push TASEP \cref{prop:lumping}, we know that $$\pi^*_\kappa(\eta)=\sum_{\rho\in S_n(\lambda):\, \phi(\rho)=\eta}\pi^*_{\lambda}(\rho).$$ Since \cref{thm:main} holds for any restricted partition $\lambda$, %We apply the result of the previous section on $\lambda$, we get $$\pi^*_\kappa(\eta)=\sum_{\rho\in S_n(\lambda):\, \phi(\rho)=\eta}\frac{F^*_\rho(\bfx;1,t)}{P^*_\lambda(\bfx;1,t)}.$$ Now from \cref{thm:weak-reordering}, we have $$\sum_{\rho\in S_n(\lambda):\, \phi(\rho)=\eta}\frac{F^*_{\rho}(\bfx;1,t)}{P^*_\lambda(\bfx;1,t)} =\frac{G^*_{\eta}(\bfx;t)}{P^*_\lambda(\bfx;1,t)} =\frac{F^*_\eta(\bfx;1,t)}{P^*_\kappa(\bfx;1,t)}.$$ We then deduce the desired statement \begin{equation*} \pi^*_\kappa(\eta)=\frac{F^*_\eta(\bfx;1,t)}{P^*_\kappa(\bfx;1,t)}.\qedhere \end{equation*} \end{proof} \section{Density formulas}\label{sec:density} The following proposition is a consequence of \cref{thm:main} and \cite[Lemma 7.2]{BenDaliWilliams2025}\HBD{and \cref{lem:P_column}}. \begin{prop}\label{prop:01} Let $\lambda = (1^{m_1}, 0^{m_0})$ be a partition with $n$ parts whose parts are all $1$'s or $0$'s. The stationary probability $\pi_\lambda^*(\mu)$ of $\mu \in S_n(\lambda)$ for the interpolation $t$-Push TASEP is $$\pi^*_\lambda(\mu) = \frac{F_{\mu}^*(x_1,\dots,x_n; q, t)}{e^*_{m_1}(x_1,\dots,x_n;t)} = \frac{1}{e^*_{m_1}(x_1,\dots,x_n;t)} \prod_{i\in S_\mu}\left(x_i-\frac{t^{\#S^c_\mu\cap \llbracket i-1\rrbracket}}{t^{n-1}}\right), $$ where $S_{\mu}:=\{i: \mu_i=1\}.$ \end{prop} Recall that the \emph{density} at site $i$ is the probability of finding a particle at site $i$ in the stationary distribution. We use angle brackets $\langle \cdot \rangle$ to denote expectations in the stationary distribution. Let $\eta_j$ be the indicator variable for a particle at site $j$, so that $\langle \eta_j\rangle$ is the density at site $j$. %\LW{In Ayyer-Martin Corollary 5, they immediately get a formula for density at site $j$, because of the factorization formula (top homogeneous part of factorization above). However, in most cases we do not get a straightforward analogue of their formula because it is not the case that all $F^*_{\mu}$ where $\mu_j=1$ share the same factor $(x_j-something)$. But if $j=1$ or $n$, the factor is the same.} From the definition of density, we obtain the following formula. \begin{lem}\label{lem:density} Let $\lambda = (1^{m_1}, 0^{m_0})$ be a partition with $n$ parts whose parts are all $1$'s or $0$'s. The density at state $j$ in the stationary distribution is given by $$\langle \eta_j \rangle = \frac{\sum F^*_{\mu}(x_1,\dots,x_n; q,t)}{e^*_{m_1}(x_1,\dots,x_n;t)},$$ where the sum is over all $\mu\in S_n(\lambda)$ which have a $1$ in site $j$. \end{lem} Using \cref{prop:01} and \cref{lem:density}, we obtain the following. \begin{cor}\label{cor:density} Let $\lambda = (1^{m_1}, 0^{m_0})$ be a partition with $n$ parts whose parts are all $1$'s or $0$'s. The density at state $j=1$ in the stationary distribution is given by \begin{equation}\label{eq:density} \langle \eta_1 \rangle = \frac{(x_1-\frac{1}{t^{n-1}}) e^*_{m_1-1}(tx_2, tx_3,\dots,tx_n;t)} {t^{m_1-1} e^*_{m_1}(x_1,\dots,x_n;t)}, \end{equation} and the density at state $j=n$ in the stationary distribution is given by $$\langle \eta_n \rangle = \frac{(x_n-\frac{t^{m_0}}{t^{n-1}}) e^*_{m_1-1}(tx_1, tx_2, \dots,tx_{n-1};t)} {t^{m_1-1} e^*_{m_1}(x_1,\dots,x_n;t)},$$ \end{cor} % \HBD{In general, can we write % \begin{align*} % \langle \eta_j \rangle&=\frac{1}{e^*_{m_1}(x_1,\dots,x_n)}\sum_{0\leq k\leq \min(m_1,j)}\\ % &\frac{1}{t^{k+n-j-1}}\left(x_j-\frac{t^{j-k-1}}{t^{r}}\right)e_{k}(t^{n-j+1}x_1,\dots, t^{n-j+1}x_{j-1})e_{m_1-k-1}(t^{k}x_{j+1},\dots, t^{k}x_{n}). % \end{align*} % with $r=(j-1)(n-j+1)+k(m_1-k-1)$. Maybe to avoid this kind of extra powers of t, we can introduce for this section a slightly more general notation % $$e_{k,r}^*(x_1,\dots,x_n):=\sum_{\begin{subarray}{c}S\subseteq \llbracket n \rrbracket\\ \#S=k\end{subarray}}\prod_{i\in S}\left(x_i-\frac{t^{\#S^c\cap \llbracket i-1\rrbracket}}{t^{r}}\right).$$ % for any $n,r\geq 0,$ and $0\leq \ell\leq n$. % } %\LW{Do you want to keep the above or not? I don't have a strong opinion here.} \HBD{I removed the general expressions and added the following comment:} One can actually write an explicit expression for $\langle\eta_j\rangle$ for any $1\leq j\leq n$. Here we only give the expressions for $j=1$ and $j=n$, for which the formulas are slightly simpler. \HBD{Added this} We will use the notation $\bfx:=(x_1,\dots,x_n)$, $\bfx^{(1)}:=(x_2,\dots,x_n)$, $t\bfx:=(tx_1,\dots,tx_n)$ and so on. \begin{definition}\label{def:sstar} For any partition $\lambda=(\lambda_1,\dots,\lambda_n)$, we define the \emph{$t$-interpolation Schur polynomial % \LW{the next few $s$'s were missing stars, so I added them} $s_\lambda^*(x_1,\dots,x_n;t)=s^*_\lambda(\bfx;t)$} by $$s^*_\lambda(\bfx;t)=P_\lambda(\bfx;t,t).$$ \end{definition} \HBD{Would it be better if we move \cref{lem:2column} here, since we are using it in the the proof of the proposition?} The following result is an analogue of \cite[Corollary 7.1]{AyyerMartinWilliams2025}. \begin{prop} Recall, as in \cref{not:type}, that $M_i = m_i+m_{i+1} + \dots + m_L.$ Let $s^*_{\lambda}$ be the $t$-interpolation Schur polynomial from \cref{def:sstar}. The density of the particle of species $i$ in the first site in the interpolation $t$-Push TASEP with content $\lambda=(L^{m_L}, \dots, 1^{m_1}, 0^{m_0})$ is given by % \HBD{Should we add the parameter $t$ in the $t$-elementary and $t$-Schur functions below, or simply add that $$e_k(\bfx)\equiv e_k(\bfx;t).$$ % Also, would $\bfx^{(1)}$ be a good notation for $(x_2,\dots,x_n)$? or maybe $\bfx_{2;n}$?} \small{ \begin{align*} %\label{eq:density} \langle \eta_1^{(i)} \rangle =& \frac{(x_1-\frac{1}{t^{n-1}}) \left(e_{M_i-1}^*\left(t\bfx^{(1)};t\right) e^*_{M_{i+1}}\left(\bfx^{(1)};t\right) - t^{m_i} e_{M_{i+1}-1}^*\left(t\bfx^{(1)};t\right) e_{M_i}^*\left(\bfx^{(1)};t\right) \right)}{t^{M_{i}-1} e^*_{M_i}\left(\bfx;t\right) e^*_{M_{i+1}}\left(\bfx;t\right)} \\ =& \frac{(x_1-\frac{1}{t^{n-1}}) \ s^*_{(2^{M_{i+1}},1^{m_i-1})}\left(t\bfx^{(1)};t\right) }{t^{M_{i+1}+M_i-1} e^*_{M_i}\left(\bfx;t\right)e^*_{M_{i+1}}\left(\bfx;t\right)}. \end{align*}} \end{prop} \begin{proof} By \cref{prop:lumping} \HBD{and the lumping property (\cref{cor:lumping})}, the density of the particle of species $i$ is the density of the particle of species $1$ in the single species Markov chain with $M_i$ particles, minus the density of the particle of species $1$ in the single species Markov chain with $M_{i+1}$ particles. Thus using \cref{eq:density}, we have that \begin{align*} \langle \eta_1^{(i)} \rangle &= \frac{(x_1-\frac{1}{t^{n-1}}) e^*_{M_i-1}\left(t\bfx^{(1)};t\right)}{t^{M_i-1} e^*_{M_i}(\bfx;t)} - \frac{(x_1-\frac{1}{t^{n-1}}) e^*_{M_{i+1}-1}\left(t\bfx^{(1)};t\right)}{t^{M_{i+1}-1} e^*_{M_{i+1}}(\bfx;t)} \\ &= \frac{(x_1-\frac{1}{t^{n-1}})}{t^{M_{i}-1}} \cdot \frac{e^*_{M_i-1}\left(t\bfx^{(1)};t\right) e^*_{M_{i+1}}(\bfx;t)-t^{m_i} e^*_{M_{i+1}-1}\left(t\bfx^{(1)};t\right) e^*_{M_i}(\bfx;t)}{e^*_{M_i}(\bfx;t) e^*_{M_{i+1}}(\bfx;t)}, \label{eq:sofar} \end{align*} where $\bfx:=(x_1,\dots,x_n)$. If we now use the fact that \begin{equation} e^*_d(\bfx;t) = \left(x_1-\frac{1}{t^{n-1}}\right) t^{-(d-1)} e^*_{d-1}\left(t\bfx^{(1)};t\right) + e^*_d\left(\bfx^{(1)};t\right), \end{equation} we get the first statement of the proposition. To get the second statement, we use \cref{lem:2column}. \end{proof} %\LW{Dual Jacobi-Trudi says that %$$s_{(2^a, 1^b)} = e_{a+b} e_a - e_{a+b+1} e_{a-1}$$ %(where everything is a polynomial in $x_1,\dots,x_n$. %Now we'd like an analogous formula on the interpolation %level that we can apply to \eqref{eq:density}: the RHS %of such a dual JT formula would be %$$e^*_{a+b}(tx_1,\dots,tx_n) e^*_a(x_1,\dots,x_n) - %t^{b+1} e^*_{a-1}(tx_1,\dots,tx_n) e^*_{a+b+1}(x_1,%\dots,x_n).$$} \begin{appendices} \section{Shape permuting operators and Knop–Sahi recurrence}\label{app:shape_permuting} The main purpose of \cref{app:shape_permuting} and \cref{app:permuted_basement} is to prove \cref{thm:weak-reordering}. We will follow the strategy of \cite{AlexanderssonSawhney2019} and \cite{AyyerMartinWilliams2025} (which proved the homogeneous case of \cref{thm:weak-reordering}). Fix $n\geq 1$. Let $\YY_n$ denote the set of integer partitions $\lambda=(\lambda_1,\dots,\lambda_n)=(\lambda_1 \geq \dots \geq \lambda_n)$ with at most $n$ parts. We let $|\lambda|$ denote the sum $\lambda_1+ \dots + \lambda_n$ of the parts of the partition and call it the \emph{size} of $\lambda$. Let $\mcP_n$ denote the ring of polynomials in $n$ variables, and let $\mcP_n^{(d)}$ denote the polynomials of degree at most $d$. \subsection{The dehomogenization operator \texorpdfstring{$\psi$}{psi}} For any partition $\lambda\in\YY_n$ of size $d$, we define the space $\VV\subset\mcP^{(d)}_n$ by $$\VV:=\left\{f\in \mcP_n^{(d)}: f(\widebar\nu)=0 \text{ for any $|\nu|\leq |\lambda|$ and $\nu\notin S_n(\lambda)$}\right\},$$ where $\widebar{\nu}$ is the sequence defined in \cref{eq:k2}. We recall that the \textit{nonsymmetric Macdonald polynomials} $E_{\mu} = E_\mu(\bfx;q,t)$, where $\mu$ ranges over all compositions with at most $n$ parts, form a basis for the space of polynomials $\mcP_n$; see e.g. \cite{HaglundHaimanLoehr2008}. We will also use the interpolation analogue of these polynomials $E^*_\mu(\bfx;q,t)$ \cite{Knop1997b,Sahi1996}, which can be characterized as follows. \begin{thm}[\cite{Knop1997b,Sahi1996}]\label{thm:Knop_Sahi} Fix $\mu\in \NN^n$ of size $d$. There exists a unique polynomial $E^*_\mu\in\mcP_n^{(d)}$, called the \emph{nonsymmetric interpolation Macdonald polynomial}, such that \begin{itemize} \item $[x^\mu]E^*_\mu=1$ (so in particular, $E^*_{\mu}$ has degree $d$), \item $E^*_\mu(\widetilde\nu)=0$ for any $\nu\in \NN^n$ satisfying $|\nu|\leq d$ and $\nu\neq \mu$. \end{itemize} Moreover, the top homogeneous part of $E^*_\mu$ is %the nonsymmetric Macdonald polynomial $E_\mu$. \end{thm} %The definition of these polynomials will not be needed here, but we will recall some of their useful properties. When indexed by a partition $\lambda$, nonsymmetric interpolation Macdonald polynomials coincide with interpolation ASEP polynomials: $F^*_\lambda=E^*_\lambda$. We also have the following result from \cite[Lemma 2.5 and Proposition 2.14]{BenDaliWilliams2025}. \begin{prop}[\cite{BenDaliWilliams2025}]\label{prop:Vstar} Fix a partition $\lambda$. Then $\{E_{\mu}^* \ \vert \ \mu\in S_n(\lambda)\}$ and $\{F_{\mu}^* \ \vert \ \mu\in S_n(\lambda)\}$ are both bases for $\VV$. In particular, if $\mu\in S_n(\lambda)$, then $F^*_\mu$ is a linear combination of $E_{\nu}^*$ for $\nu\in S_n(\lambda)$. \end{prop} \begin{remark}\label{rmk:basis_1} In the following, we will use the fact that even after evaluating at $q=1$, $\{E^*_\mu(\bfx;1,t) \ \vert \ {\mu\in \YY_n}\}$ and $\{F^*_\mu(\bfx;1,t) \ \vert \ {\mu\in \YY_n}\}$ are both bases of the polynomial space in $n$ variables and coefficients in $\QQ(q)$. Indeed, $E^*_\mu$ is triangular in the monomial basis (with respect to the dominance order on compositions) (see \cite[Theorem 3.11]{Knop1997b}) and the coefficient of $x_\mu$ in $E^*_\mu$ is 1, independent of $q$. A similar argument works for the polynomials $F^*_\mu$ using \cref{eq:normalization_F}. \end{remark} We will make use of the \emph{dehomogenization map}; see \cite[Definition 3.1 and Theorem 3.8]{NakviSahiSergel2023} for a similar definition in the context of Jack polynomials. \begin{definition}\label{def:dehom} We define a linear map $\boldsymbol{\psi}:\mcP_n \to \mcP_n$ %of polynomials in $n$ variables by \begin{equation} \boldsymbol{\psi}: E_\mu\mapsto E_\mu^*, \quad\text{for any partition $\mu$.} \end{equation} We call the operator $\boldsymbol{\psi}$ the \emph{dehomogenization map}. \end{definition} Since both $(E_\mu)$ and $(E_\mu^*)$ are bases of $\mcP_n$, this map is well defined and is an isomorphism. Alternatively, $\boldsymbol{\psi}$ can be defined as the linear operator such that if $f$ is homogeneous of degree $d$ then $\boldsymbol{\psi}(f)$ is the unique polynomial of top homogeneous part $f$ and which vanishes on all compositions of size smaller than $d$. Using %the vanishing conditions of the polynomials $F^*_\mu$ from \cref{prop:Vstar}, and the fact that the top homogeneous part of $F^*_\mu$ is $F_\mu$, we get that $\boldsymbol{\psi}(F_\mu)=F_\mu^*$. Thus we can conclude the following. \begin{lem}\label{lem:dehomog} If we have an expansion $E_\mu=\sum_{\nu}c_{\mu,\nu}F_\nu$ (for some coefficients $c_{\mu,\nu}\in \QQ(q,t)$), we get that $E^*_\mu=\sum_{\nu}c_{\mu,\nu}F^*_\nu$ by applying the map $\boldsymbol{\psi}$. \end{lem} \subsection{The Hecke operators} We now recall the definition of the Hecke operators and their action on the ASEP polynomials (see e.g. \cite[Section 2.3]{BenDaliWilliams2025}). For $1\leq i \leq n-1$, we let $s_i=(i,i+1)$ denote the transposition exchanging $i$ and $i+1$. The transposition $s_i$ acts on a polynomial in $\mcP_n$ by permuting the variables $x_i$ and $x_{i+1}$: $$s_i\cdotp f(x_1,\dots,x_i,x_{i+1},\dots,x_n) =f(x_1,\dots,x_{i+1},x_i,\dots,x_n).$$ The \emph{Hecke operator} $T_i$ is the linear operator on $\mcP_n$ defined by \begin{equation}\label{eq:Hecke} T_i:=t-\frac{tx_i-x_{i+1}}{x_i-x_{i+1}}(1-s_i). \end{equation} These operators satisfy the relations of the Hecke algebra of type $A_{n-1}$ \begin{equation}\label{eq:Hecke_algebra} \begin{array}{ll} (T_i-t)(T_i+1)=0 & \text{for $1\leq i \leq n-1$} \\ T_iT_{i+1}T_i=T_{i+1}T_iT_{i+1} & \text{for $1\leq i \leq n-2$}\\ T_iT_j=T_jT_i & \text{for $ |i-j| > 1$}.\\ \end{array} \end{equation} %\LW{added this} The following lemma is immediate. %\begin{lem}\label{lem:Heckesymm} %If $f$ is a polynomial which is symmetric in $x_i$ and $x_{i+1}$, then $T_i(f) = tf$. %\end{lem} If $\sigma\in S_n$ and $\sigma=s_{i_1}\dots s_{i_\ell}$ is a reduced decomposition of $\sigma$, we define \begin{equation}\label{def:Hecke} T_\sigma:=T_{i_1}\dots T_{i_\ell}. \end{equation} It follows from \eqref{eq:Hecke_algebra} that this definition is independent of the choice of reduced expression. \begin{prop}\label{prop:T_i-F_star} \cite[Proposition 2.10]{BenDaliWilliams2025} Let $\mu = (\mu_1,\dots,\mu_n)$. For $1\leq i \leq n-1$, the interpolation ASEP polynomials $F^*_\mu$ satisfy the following: % properties: \begin{enumerate} \item\label{item 1} $T_i F^*_{\mu}=F^*_{s_i\mu}$ if $\mu_i>\mu_{i+1}$, \item\label{item 2} $T_iF^*_{\mu}=tF^*_{\mu}$ if $\mu_i=\mu_{i+1}$, \item\label{item 3} $T_i F^*_{\mu}=(t-1)F^*_{\mu}+tF^*_{s_i\mu}$ if $\mu_i<\mu_{i+1}$. \end{enumerate} \end{prop} Moreover, we have the following \emph{shape permuting operator} formula for interpolation nonsymmetric Macdonald polynomials. \begin{prop}[{\cite[Proposition 3.6]{BenDaliWilliams2025}}] \label{prop:shape} Let $\nu\in \NN^n$ be a composition and fix $1\leq j \leq n-1$. Suppose that $\nu_j>\nu_{j+1}$, and write \begin{equation}\label{eq:def_r} r_j(\nu):= \#\{k<j \mid \nu_{j+1}<\nu_{k}\leq \nu_j\} + \#\{k>j \mid \nu_{j+1}\leq \nu_k < \nu_j\}. \end{equation} Then \begin{equation} \label{shape-permute} E^*_{s_j \nu}(\bfx;q,t) = \left(T_j + \frac{1-t}{1-q^{\nu_{j}-\nu_{j+1}}t^{r_j(\nu)}}\right) E^*_{\nu}(\bfx;q,t). \end{equation} \end{prop} %Knop and Sahi have proved the following recurrence for nonsymmetric interpolation Macdonald polynomials (see \cite[Corollary 2.5]{Knop1997b}). %\HBD{Do we need the Knop–Sahi recurrence?} \LW{Now I guess we keep it because of the modified proof in the appendix}\HBD{Yes!} \begin{thm}[{\cite{Knop1997b,Sahi1996}}]\label{thm:KS_recurrence} For any composition $\mu$, we have \begin{equation}\label{eq:KS_recurrence} E^*_{(\mu_n+1,\mu_1,\dots,\mu_{n-1})}(x_1,\dots,x_n;q,t)=\left(x_1-\frac{1}{t^{n-1}}\right)q^{\mu_n} E_\mu^*\left(x_2,\dots,x_n,\frac{x_1}{q};q,t\right). \end{equation} \end{thm} \begin{comment} \begin{remark} One can check that \cref{eq:KS_recurrence} and the special case of \cref{shape-permute} % \LW{probably mean \cref{shape-permute}?} in which $\nu_{j+1}=0$ together with the base case $E^*_{(0,\dots,0)}=1$ uniquely determine the polynomials $E_\mu^*$. See \cite[Lemma 2.1.2]{HaglundHaimanLoehr2008} for a similar argument in the homogeneous case. \end{remark} \end{comment} \section{The proof of \texorpdfstring{\cref{thm:weak-reordering}}{}}\label{app:permuted_basement} %\subsection{Definition} In this appendix we use % we define an interpolation analogue $E_\mu^{*\sigma}$ of the permuted-basement polynomials $E_\mu^\sigma$ introduced in \cite{ferreira-2011,Alexandersson2019}. % We then use them, together with analogues of results from \cite{AlexanderssonSawhney2019,AyyerMartinWilliams2025} to prove \cref{thm:weak-reordering}. %The convention we use here to % \begin{remark} % We will define $E_\mu^{*\sigma}$ so that its top homogeneous part gives $E_\mu^\sigma$ as defined in \cite{Alexandersson2019}. % Regarding conventions, % our notation $E_{\mu}^{\sigma}$ agrees with the notation $E_{\mu}^{\sigma}$ % from \cite{Alexandersson2019} and \cite{AlexanderssonSawhney2019}. Our notation $E_{\mu}$ agrees with the % notation $E_{\mu}$ from \cite{HaglundHaimanLoehr2008} and the notation % $E_{{\mu}^{\rev}}$ from \cite{Alexandersson2019} and \cite{AlexanderssonSawhney2019}, % where $\mu^{\rev}=(\mu_n,\dots,\mu_1)=w_0\cdotp \mu,$ and % $w_0$ is the longest element in $S_n$. In one-line notation, we have % $w_0:=(n,n-1,\dots,1).$ % \end{remark} %\LW{Is our convention definitely the same as in %\cite{Alexandersson2019} and \cite{AlexanderssonSawhney2019}? When I compare \eqref{eq:reverse} to page 6 of \cite{AlexanderssonSawhney2019} I'm not so sure. Just below Def 5 on page 6, they suggest that $E_{\lambda}^{w_0} = E_{\lambda}$, though it's not totally clear what conventions they are using here since they cite HHL. At any rate, we should state very clearly at the start of this section whether we agree with the AS conventions or if there is a reversal.} % \begin{definition}\label{def:permuted_basement} % Let $\sigma$ be a permutation in $S_n$. Define the % \emph{interpolation permuted-basement polynomial} $\Estar{\sigma}{\mu}$ by induction on $\sigma$ as follows. % When $\sigma=w_0$, we define % \begin{equation}\label{eq:reverse} % \Estar{w_0}{\mu}:=E^*_{\mu^{\rev}}, \text{ where } % %\end{equation} % %where % %$$ % \mu^{\rev}=(\mu_n,\dots,\mu_1)=w_0\cdotp \mu. % \end{equation} % And for $1\leq i\leq n-1$ such that $\ell(s_i\sigma)<\ell(\sigma)$, we define % \LW{I turned around the equation below, since the LHS used to have $T_i$ in it.} % \begin{equation}\label{eq:basement_permuting} % \Estar{s_i\sigma}{\mu}:= % T_i \Estar{\sigma}{\mu} % \times\begin{cases} % t^{-1} &\text{ if } \mu_{\sigma_i^{-1}}\leq\mu_{\sigma_{i+1}^{-1}}\\ % 1&\text{ otherwise}. % \end{cases} % \end{equation} % % \LW{How about phrasing it like this instead? % % \begin{equation}\label{eq:basement_permuting} % % \Estar{s_i\sigma}{\mu}:= % % T_i \Estar{\sigma}{\mu} % % \times\begin{cases} % % t^{-1} &\text{ if } \mu_{\sigma_i^{-1}}\leq\mu_{\sigma_{i+1}^{-1}}\\ % % 1&\text{ otherwise}. % % \end{cases} % % \end{equation} % % } % % \HBD{In \cite{AlexanderssonSawhney2019} it is $\sigma s_i$ instead of $s_i\circ \sigma$. Do they use another convention to compose permutations?} % Equivalently, if $\sigma=\tau \ w_0 $ % % , and $\tau=s_{i_1}s_{i_2}\dots s_{i_\ell}$ is a reduced expression % , then % \begin{equation}\label{eq:Estar} % \Estar{\sigma}{\mu}:=T_\tau \ \Estar{w_0}{\mu}\times t^{-r}, % \end{equation} % where $T_\sigma$ is the operator defined by \cref{def:Hecke} and % \begin{equation}\label{eq:r} % % T_\tau:=T_{i_1}T_{i_2}\dots T_{i_\ell} \text{ and } % r:=\#\left\{i<j:\sigma_i< \sigma_j\text{ and } % \mu_i\geq \mu_j\right\}. % \end{equation} % \end{definition} % \begin{example} % Let $n=4$, $\mu=(3,4,0,4)$, and $\sigma=(3,1,2,4)=(4,2,1,3)w_0.$ We have the reduced expression % $(4,2,1,3)=s_3 s_1 s_2 s_1.$ % Then % $$\Estar{\sigma}{\mu}= % \Estar{s_3 s_1 s_2 s_1 w_0}{(3,4,0,4)}= % t^{-2}T_3 T_1 T_2 T_1 \Estar{w_0}{(3,4,0,4)}= % t^{-2}T_3 T_1 T_2 T_1 \Estar{}{(4,0,4,3)}.$$ % Here % the pairs $(i,j)$ contributing to \cref{eq:r} are $(2,3)$ and $(2,4)$ so $r=2$. % \end{example} % \LW{I added lemma below} % \begin{lem} % The top homogeneous part of $E_\mu^{*\sigma}$ equals $E_\mu^\sigma$ as defined in \cite{Alexandersson2019}. % \end{lem} % \begin{proof} % This follows from \cite[Proposition 7]{AlexanderssonSawhney2019} and % \cite[Section 3 and footnote 1]{Alexandersson2019}. % \end{proof} % \begin{remark} % Permuted-basement non-symmetric Macdonald polynomials % were defined in \cite{ferreira-2011} combinatorially, see also % %have been defined combinatorially in % \cite{Alexandersson2019}. % However here we define their interpolation analogue using the action of the Hecke operators. % The operators $\widetilde{\theta}_i$ and $\widetilde{\pi}_i$ in \cite{AlexanderssonSawhney2019}, correspond respectively to $T_i$ and $T_i+1-t$ in our notation. % \end{remark} \begin{comment} \HBD{It seems that we don't need this technical corollary after all. In \cite{AlexanderssonSawhney2019}, it's used to prove the homogeneous version of \cref{lem:E_one_row}. But, we can derive the inhomogeneous one by applying the map $\boldsymbol{\psi}$.} The following is an analogue of \cite[Proposition 8]{AlexanderssonSawhney2019}. The proof is an algebraic version of the proof of \cite[Proposition 17]{Alexandersson2019}. \LW{Take a look at this soon.} \begin{cor} Let $\nu$ be a composition and $\sigma$ a permutation. Suppose $\nu_j<\nu_{j+1}$, $\sigma(j)=i+1$ and $\sigma(j+1)=i$ for some $i$ and $j$. Write \[ r'_j(\nu)= \#\{k>j+1 \mid \nu_{j}<\nu_{k}\leq \nu_{j+1}\} + \#\{k\leq j \mid \nu_{j}\leq \nu_k < \nu_{j+1}\}. \] Then, for any permutation $\sigma$, we have \begin{equation} \label{eq:shape-permute} \Estar{\sigma}{s_j \nu}(\bfx;q,t) = \left(T_i + \frac{1-t}{1-q^{\nu_{j+1}-\nu_j}t^{r'_j(\nu)}}\right) \Estar{\sigma}{\nu}(\bfx;q,t). \end{equation} \end{cor} Note that the statistics $r'$ associated to a composition $\nu$, correspond to the statistics $r$ associated to $\nu^{\rev}$ as defined in \cref{eq:def_r}. More precisely, $r'_j(\nu)=r_{n-j}(\nu^{\rev})$ for any $1\leq j\leq n-1$. This reversal of convention compared to \cref{eq:shape-permute} is related to the reverse appearing in the definition of $E_\mu^{*\sigma}$ \cref{def:permuted_basement}. \begin{proof} When $\sigma=w_0$, the result corresponds to \cref{prop:shape}. We now fix $\nu$ and $j$, we want to prove that \cref{eq:shape-permute} holds for all pairs $(\sigma,i)$ such that $\sigma(j)=i+1$ and $\sigma(j+1)=i$. We will show the following: \begin{itemize} \item Fix $k\notin\{i-1,i,i+1\}$. Then \cref{eq:shape-permute} holds for $(\sigma,i)$ if and only if it holds for $(s_k\sigma,i)$. \item Assume $i\geq 2$ and that \cref{eq:shape-permute} holds for $(\sigma,i)$, then it also holds for $(s_i s_{i-1}\sigma,i-1)$. \item Assume $i\leq n-2$ and that \cref{eq:shape-permute} holds for $(\sigma,i)$, then it also holds for $(s_i s_{i+1}\sigma,i+1)$. % \item If % \cref{eq:shape-permute} holds for $(\sigma,i,j)$ then it holds for $(s_i s_{i-1}\sigma,i-1,j)$. \end{itemize} \HBD{The second and the third items are more general operations than the ones given in \cite{Alexandersson2019}.} One can check that any pair $(\sigma,i)$ satisfying the conditions of the corollary can be obtained from $(w_0,n-j+1)$ using the three operations above. % \HBD{For any pair $(\sigma,i)$ as above, $\sigma$ can be written % $$\sigma=s_{k_1}\dots s_{k_m}w_0,$$ % and such that for any % $1\leq u\leq m$, we have on of the following % \begin{itemize} % \item $k_u\notin\{i-1,i,i+1\}$, % \item $k_u=i$ and $k_{u+1}\in\{i-1,i+1\}$, % \item $k_u\in\{i-1,i+1\}$ and $k_{u-1}=i$, % \end{itemize} % } We prove the first item. Let $k\notin\{i-1,i,i+1\}$. We distinguish the two cases $\ell(s_k\sigma)<\ell(\sigma)$ and $\ell(s_k\sigma)>\ell(\sigma)$. \textbf{The case $\ell(s_k\sigma)<\ell(\sigma)$:} By definition we have, $$C\times\Estar{s_k \sigma}{s_j\nu}\ =T_k\Estar{\sigma}{s_j\nu}.$$ where $$C:= \begin{cases} t &\text{ if } (s_j\nu)_{\sigma^{-1}(k)}\leq (s_j\nu)_{\sigma^{-1}(k+1)}\\ 1&\text{ otherwise}. \end{cases} $$ Similarly \begin{align*} C\times\left(T_i + \frac{1-t}{1-q^{\nu_{j+1}-\nu_j}t^{r'_j(\nu)}}\right) \Estar{s_k\sigma}{\nu}(\bfx;q,t) &=\left(T_i + \frac{1-t}{1-q^{\nu_{j+1}-\nu_j}t^{r'_j(\nu)}}\right) T_k\Estar{\sigma}{\nu}(\bfx;q,t)\\ &=T_k\ \left(T_i + \frac{1-t}{1-q^{\nu_{j+1}-\nu_j}t^{r'_j(\nu)}}\right) \Estar{\sigma}{\nu}(\bfx;q,t), \end{align*} where we use the fact that $T_k$ and $T_i$ commute (since $k\neq i-1,i+1$). Now we use the fact the result holds for the pair $(\sigma,i)$ to get $$C\times \left(T_i + \frac{1-t}{1-q^{\nu_{j+1}-\nu_j}t^{r'_j(\nu)}}\right) \Estar{s_k\sigma}{\nu}(\bfx;q,t)=T_k\cdotp E_{s_j\nu}^{*\sigma}=C'\times E_{s_j\nu}^{*s_k\sigma},$$ where $$C' =\begin{cases} t &\text{ if } \nu_{\sigma^{-1}(k)}\leq \nu_{\sigma^{-1}(k+1)}\\ 1&\text{ otherwise}. \end{cases}$$ It remains to check that $C'=C$. Indeed, $s_j\nu$ is obtained from $\nu$ by permuting entries $j$ and $j+1$ but $\sigma^{-1}(k),\sigma^{-1}(k+1)\notin\{j,j+1\}$. This proves that $C'=C$ and as a consequence that $$\left(T_i + \frac{1-t}{1-q^{\nu_{j+1}-\nu_j}t^{r'_j(\nu)}}\right) \Estar{s_k\sigma}{\nu}(\bfx;q,t)=E_{s_j\nu}^{*s_k\sigma},$$ as desired. \textbf{The case $\ell(s_k\sigma)>\ell(\sigma)$}. We can write $$C^{-1}\times\Estar{s_k \sigma}{s_j\nu}\ =T_k^{-1}\cdotp\Estar{\sigma}{s_j\nu},$$ where $$C:= \begin{cases} t &\text{ if } (s_j\nu)_{\sigma^{-1}(k+1)}\leq (s_j\nu)_{\sigma^{-1}(k+1)}\\ 1&\text{ otherwise}, \end{cases} $$ we then proceed as above. This proves the first item of the corollary. We obtain in a similar way the two other items, by applying $T_iT_{i-1}$ and $T_iT_{i+1}$ respectively, and using the fact that Hecke operators satisfy the braid relations. \end{proof} % \HBD{In the following two subsections, most of the proofs work in the same way as in the homogeneous case, with the (slight) exception of \cref{lem:E_one_row} and \cref{prop:add_one}.} \end{comment} % \subsection{Interpolation analogues of some results from \cite{AlexanderssonSawhney2019}} %\HBD{Should we remove this paragraph?} % In this subsection, we state the interpolation analogues of some results from \cite{AlexanderssonSawhney2019}. %Most of these results are obtained in the same way as in the homogeneous case. This is mainly because they are based on the shape permuting formula %(\cref{prop:shape}) %and Knop–Sahi recurrence %(\cref{thm:KS_recurrence}), %both of which are satisfied by the interpolation polynomials. % \begin{lem}\label{lem:E_one_row} % For any $0\leq m\leq n$, we have % $$\Estar{\sigma}{1^m,0^{n-m}}(x_1,\dots,x_n;1,t)=e_m^*(x_1,\dots,x_n;t).$$ % \end{lem} % \begin{proof} % We will start by proving the lemma when $\sigma=w_0;$ that is, we will first prove that % \begin{equation}\label{eq:first} % E^*_{0^{n-m},1^m}(x_1,\dots,x_n;1,t)=e_m^*(x_1,\dots,x_n;t). % \end{equation} % Let us expand the non-symmetric homogeneous polynomial $E_{0^{n-m},1^m}$ in the ASEP basis: % \begin{equation}\label{eq:E_f} % E_{0^{n-m},1^m}(x_1,\dots,x_n;q,t)=\sum_{\mu\in S_n(1^m,0^{n-m})}d_{\mu}(q,t)F_{\mu}(x_1,\dots,x_n;q,t), % \end{equation} % for some coefficients $d_\mu(q,t)$. Recall that for $\mu\in S_n(1^m,0^{n-m})$, $F_\mu$ is independent of $q$ (see \cref{eq:factorization_one_row}) \HBD{We are not really using this, right?}. % Moreover, we know from \cref{eq:reverse} and \cite[Lemma 13]{AlexanderssonSawhney2019} %\LW{this lemma says that $E^{\sigma}_{1^m 0^n} = e_m$; so is there a reversal in the indexing of compositions between them and us? or are we using a statement like when $\sigma=w_0$, we get a reversal of the composition?} % %\HBD{Yes, we are using their lemma for $\sigma=w_0$, for which we have from \cref{eq:reverse} that $E_{0^{n-m},1^m}=E^{w_0}_{1^m,0^{n-m}}=e_m$} % that at $q=1$, % \begin{equation} % E_{0^{n-m},1^m}(x_1,\dots,x_n;1,t)=E^{w_0}_{1^m,0^{n-m}}=e_m(x_1,\dots,x_n;t). % \end{equation} % Combining this with \cref{eq:P_column_hom}, and using the fact that $(F_\mu(q=1))_{\mu\in \YY_n}$ is a basis (see \cref{rmk:basis_1} we get that $d_\mu(1,t)=1$. % By applying the dehomogenization map $\boldsymbol{\psi}$ to \cref{eq:E_f} and using \cref{lem:dehomog}, we get % \begin{equation}\label{eq:expansion} % E^*_{0^{n-m},1^m}(x_1,\dots,x_n;q,t)=\sum_{\mu\in S_n(1^m,0^{n-m})}d_\mu(q,t)F^*_{\mu}(x_1,\dots,x_n;q,t). % \end{equation} % We now make the substitution $q=1$. % Using \cref{eq:expansion} and \cref{eq:P_column}, we get % $$E^*_{0^{n-m},1^m}(x_1,\dots,x_n;1,t)=\sum_{\mu\in S_n(1^m,0^{n-m})}F^*_{\mu}(x_1,\dots,x_n;q,t)=e_m^*(x_1,\dots,x_n;1,t).$$ % This gives \cref{eq:first}, and hence proves the lemma when $\sigma=w_0$. % % We know from \cref{prop:shape} that for any $0\leq j\leq m-1$ and $0\leq k\leq n-m-1$ that % % $$E^*_{1^j,0^{k+1},1,0^{n-m-k-1},1^{m-j}}=\left(T_{j+k}+\frac{1-t}{1-t^{n-m-k+j}}\right)E^*_{1^j,0^{k},1,0^{n-m-k},1^{m-j}}.$$ % % But we know that $E^*_{1^m,0^{n-m}}=F^*_{1^m,0^{n-m}}.$ We can prove by induction % We now obtain the formula for $\Estar{\sigma}{1^m,0^{n-m}}$ by % using \cref{eq:Estar} and \cref{eq:first}. %to % %multiple application of the Hecke operators on % $\Estar{w_0}{1^{n-m},0^m}$. % using \cref{eq:basement_permuting}. % We also use \cref{lem:Heckesymm} and the fact that $e_m^*$ is symmetric. % %, and that Hecke operators act on a symmetric function as multiplication by $t$. % \end{proof} % Fix a partition $\lambda$. The \emph{dominance order} % on $S_n(\lambda)$ is the partial order defined by % $\mu\leq \nu$ if and only if % $$\mu_1+\dots+\mu_i\leq \nu_1+\dots+\nu_i,\quad \text{for any $1\leq i\leq n$}.$$ % \begin{definition} % The \emph{weak standardization} of a composition $\mu$ is the smallest composition $\WS{\mu}$ in the lexicographic order such that $\WS{\mu}_{i}\leq \WS{\mu}_j$ if and only if $\mu_{i}\leq \mu_j$ for all pairs $i,j$. In other terms, $\WS{\mu}$ is obtained from $\mu$ by replacing the smallest entries by 0, the second smallest entries by 1, and so on. % \end{definition} % \begin{example} % If $\mu=(2,1,2,4)$, then $\WS{\mu}=(1,0,1,2).$ % \end{example} % The following is an analogue of % \cite[Lemma 14]{AlexanderssonSawhney2019}. % \begin{lem}\label{lem_Bruhat_induction} % Let $\mu,\nu\in S_n(\lambda)$, such that $\mu\leq \nu$. We assume that % $\frac{\Estar{w_0}{\mu}(\bfx;1,t)}{\Estar{w_0}{\WS{\mu} % }(\bfx;1,t)}$ is symmetric. Then % $$\frac{\Estar{w_0}{\mu}(\bfx;1,t)}{\Estar{w_0}{\WS{\mu} % }(\bfx;1,t)}=\frac{\Estar{w_0}{\nu}(\bfx;1,t)}{\Estar{w_0}{\WS{\nu} % }(\bfx;1,t)}.$$ % \end{lem} % \begin{proof} % We can go from $\Estar{w_0}{\mu}(\bfx;1,t)$ to $\Estar{w_0}{\nu}(\bfx;1,t)$ by applying the shape-permuting operators % from \cref{prop:shape}. At $q=1$, \LW{I added more detail here but dropped reference \cite{AlexanderssonSawhney2019}} these operators have the same behavior on both $\Estar{w_0}{\mu}$ and % $\Estar{w_0}{\WS{\mu}}$ because $r_j(\mu) = r_j(\WS{\mu})$. % %are invariant under taking the weak standardization; see % %See \cite{AlexanderssonSawhney2019} for more details. % \end{proof} % The following is an analogue of \cite[Equation 10]{AlexanderssonSawhney2019}. % \begin{prop}\label{prop:add_one} % For any composition $\mu=(\mu_1,\dots,\mu_n)$ and any permutation $\sigma\in S_n$, we have % \begin{equation} % \Estar{\sigma}{\mu+\mathbf{1}}(x_1,\dots,x_n; q, t)=\left(x_1-\frac{1}{t^{n-1}}\right)\dots \left(x_n-\frac{1}{t^{n-1}}\right)q^{|\mu|}\Estar{\sigma}{\mu}\left(\frac{x_1}{q},\dots,\frac{x_n}{q};q,t\right), % \end{equation} % where $\mu+\mathbf{1}=(\mu_1+1,\dots,\mu_n+1)$. % \end{prop} % \begin{proof} % We start by proving the case $\sigma=w_0$; by \cref{eq:reverse}, % it suffices to show that for any $\mu$ we have % \begin{equation}\label{eq:add_one} % \Estar{}{\mu+\mathbf{1}}(x_1,\dots,x_n; q, t)=\left(x_1-\frac{1}{t^{n-1}}\right)\dots \left(x_n-\frac{1}{t^{n-1}}\right)q^{|\mu|}\Estar{}{\mu}\left(\frac{x_1}{q},\dots,\frac{x_n}{q};q,t\right). % \end{equation} % Let $g$ denote the right-hand side of \cref{eq:add_one}. We check that $g$ satisfies the characterizing properties of $E^*_{\mu+\mathbf{1}}$ from \cref{thm:Knop_Sahi}. %_1+1\dots \mu_n+1}$. % First, we have that % $$\left[\prod_ix_i^{\mu_i+1}\right]g=[x^\mu]E^*_\mu=1.$$ % Fix now a partition $\nu$ such that $|\nu|\leq|\mu+\mathbf{1}|=|\mu|+n$ and $\nu\neq \mu+\mathbf{1}$. We claim that $g(\widebar{\nu})=0$. % % \LW{I think we want $g(\widebar{\nu})=0$} % We distinguish two cases: % \begin{itemize} % \item If there exists $i$ such that $\nu_i=0$, then we take the minimal such $i$ and we have $\widebar{\nu}_i=t^{-n+1}.$ % Thus, when we evaluate $g$ at $\widebar{\nu}$, % $(x_i-\frac{1}{t^{n-1}})$ vanishes, so the claim follows. % \item If $\nu_i>0$ for $1\leq i\leq n$, then $\widebar{\nu}=q\times\widebar{\kappa}$, where $\kappa=(\nu_1-1,\dots,\nu_n-1)$. Since $|\kappa|\leq|\mu|$ and $\kappa\neq \mu$, then $E^*_\mu$ vanishes at $\widebar{\kappa}$, and we deduce that % $E_\mu^*(x_1/q,\dots,x_n/q; q, t)$ vanishes at $\widebar{\nu}$. % \end{itemize} % This gives the proposition when $\sigma=w_0$. We then get any other permutation $\sigma$ by applying Hecke operators; see \cref{eq:basement_permuting}. We use here both \cref{lem:Heckesymm} and the fact that $\left(x_1-\frac{1}{t^{n-1}}\right)\dots \left(x_n-\frac{1}{t^{n-1}}\right)$ is symmetric. % \end{proof} % \HBD{I think that the proofs of % \cite[Lemma 15, Proposition 16 and Theorems 17 and 18]{AlexanderssonSawhney2019} remain exactly the same.} % The following is an analogue of \cite[Theorem 17]{AlexanderssonSawhney2019}. % It is obtained by induction on $\sigma$ and $\lambda$ using \cref{lem_Bruhat_induction}, \cref{prop:add_one} and the basement-permuting formula \cref{eq:basement_permuting}. %\LW{Wouldn't we also need to use here \cref{thm:KS_recurrence}? Otherwise I'm not sure how we could get shapes besides say %$(0,0,0)$, %$(1,1,1)$, $(2,2,2)$, etc. %And maybe we should say more on the strategy of proof. Perhaps that the %base case is $%\mu=(0,0,\dots,0)$, and we first use induction on the size of $\mu$ to prove it for $\Estar{w_0}{\mu}$?} %\HBD{I removed the paragraph before the thm and added a short proof.} %\LW{The theorem below is actually more specific than %\cite[Theorem 17]{AlexanderssonSawhney2019}. Maybe we should phrase this one similarly, and say that the RHS is a ratio of symmetric polynomials (with coefficients in $\QQ(t)$)? %Is the idea to prove that first, then use Theorem B.10 to %pin down that ratio of symmetric polynomials?} %\LW{I don't find the proof sketches of Thm B.9 and B.10 terribly helpful; what is the base case for the inductions?} % \HBD{Added these definitions and the convention about $e_0^*$ in \cref{def:int_elem}.} % \LW{Great: I moved the defn of $e_{\lambda}^*$ into Def 4.1} If $\lambda$ is a partition, we will denote by $\lambda'$ \textit{the conjugate} of $\lambda$. Recall that $e_{\lambda}^*$ is the interpolation elementary symmetric function defined in \cref{def:int_elem}. Moreover, if $\mu=(\mu_1,\dots,\mu_n)$ is a composition, we denote $\mu^{\rev}:=(\mu_n,\dots,\mu_1)$ % \begin{thm}\label{thm:standardization} % Fix a composition $\mu$ and permutation $\sigma$. Let $\lambda$ be the partition obtained by reordering $\mu$. % We have % $$\frac{\Estar{\sigma}{\mu}(x_1,\dots,x_n;1,t)}{\Estar{\sigma}{\widetilde{\mu}}(x_1,\dots,x_n;1,t)}=\frac{e^*_{\lambda'}(x_1,\dots,x_n;t)}{e^*_{\widetilde{\lambda}'}(x_1,\dots,x_n;t)}.$$ % \end{thm} % We give the main ideas of the proof of this theorem. We refer to the proof of \cite[Theorem 17]{AlexanderssonSawhney2019} for more details. % \begin{proof} % % It is enough to prove the theorem for $\sigma=w_0$, and the general case will follow from the basement-permuting formula \cref{eq:basement_permuting}. % We proceed by induction on $\mu$, first with respect to its size $|\mu|$, and, among compositions of the same size, with respect to the lexicographic order. % If $\mu=(0,\dots,0)$, then both sides are equal to 1. If $\mu_i\geq 1$ for all $i$, we apply \cref{prop:add_one} to decrease the size of the composition. Using \cref{lem_Bruhat_induction}, we can reduce to the case of a partition, in which case we can apply \cref{thm:Knop_Sahi}. % \HBD{This last step is not obvious}. % \end{proof} \begin{thm}[{\cite[Theorem 18]{AlexanderssonSawhney2019}}] \label{thm:E_partition_hom} For any partition $\lambda$, we have $$E^{}_{\lambda^{\rev}}(x_1,\dots,x_n;1,t)=e_{\lambda'}(x_1,\dots,x_n).$$ \end{thm} We now give a dehomogenization of this theorem. % It can be obtained by induction from \cref{lem:E_one_row}, the shape-permuting formula \cref{shape-permute} and the Knop–Sahi recurrence \cref{thm:KS_recurrence}. % \LW{I am confused on how this proof would go, because the shape-permuting formula and Knop-Sahi recurrence will take us out of the world of partitions. I wonder if we could prove the result below using the dehomogenization operator?} \LW{We could mention that we prove it first in the case $\sigma=w_0$ and then use basement-permuting formula.} % \HBD{I added an independent proof. % It is almost the same as the proof of \cref{lem:E_one_row}.} \begin{thm}\label{thm:E_partition} For any partition $\lambda$, we have $$E^*_{\lambda^{\rev}}(x_1,\dots,x_n;1,t)=e^*_{\lambda'}(x_1,\dots,x_n;t).$$ \end{thm} \begin{proof} % It is enough to prove the theorem for $\sigma=w_0$, and the general case will follow from the basement-permuting formula \cref{eq:basement_permuting}. From \cref{prop:Vstar}, we can write an expansion $$E_{\lambda^{\rev}}(\bfx;q,t)=\sum_{\mu\in S_n(\lambda)}d_{\mu}(q,t)F_\mu(\bfx;q,t),$$ for some coefficients $d_\mu\in \QQ(q,t)$. Applying the dehomogenization map \cref{lem:dehomog}, we get \begin{equation}\label{eq:E_F} E^*_{\lambda^{\rev}}(\bfx;q,t)=\sum_{\mu\in S_n(\lambda)}d_{\mu}(q,t)F^*_\mu(\bfx;q,t). \end{equation} But we know from \cref{prop:symmetrization} and \cref{thm:factorization} that % \LW{I think the next two equations should have a $*$ on the LHS} $$e^*_{\lambda'}(\bfx;t)=\sum_{\mu\in S_n(\lambda)}F^*_\mu(\bfx;1,t).$$ Combining this with \cref{thm:E_partition},%(applied for $\sigma=w_0$), we get $$E^*_{\lambda^{\rev}}(\bfx;1,t)=\sum_{\mu\in S_n(\lambda)}F^*_\mu(\bfx;1,t).$$ Comparing this with \cref{eq:E_F}, and the fact that, interpolation ASEP $F_\mu^*$ polynomials are a basis (see \cref{rmk:basis_1}), we deduce that $d_\mu(1,t)=1$ for any $\mu\in S_n(\lambda)$ as desired. \end{proof} % \subsection{Interpolation analogues of some results from \cite{AyyerMartinWilliams2025}} % The following is an analogue of \cite[Theorem 4.1]{AyyerMartinWilliams2025}. % The proof is the same. % \begin{thm}\label{thm:adjacent} % Consider a composition $\eta$ such that its parts of sizes $a$ and % $b$ (with $a<b$) occur in increasing order from left to right in $\eta$, and such that $\eta$ has no parts of size $h$ for any $a < h < b$. (In this case, we say that the classes $a$ and $b$ are % adjacent.) Let $\widehat{\eta}$ be the composition obtained from $\eta$ by changing all $a$’s to $b$, or changing % all $b$’s to $a$. Then at q = 1, we have % \LW{Oh! I see you found a nicer way to write Theorem 4.1 % (than how we had done it in \cite{AyyerMartinWilliams2025})} % \begin{equation}\label{eq:adjacent} % \frac{E^*_\eta(\bfx;1,t)}{E^*_{\widehat{\eta}}(\bfx;1,t)}=\frac{e^*_{\eta'}(\bfx;t)}{e^*_{\widehat{\eta}'}(\bfx;t)} % \end{equation} % \end{thm} \begin{thm}\label{thm:recoloring} \begin{comment} Consider two compositions $\mu \in S_n(\lambda)$ and $\eta=\phi(\mu)\in S_n(\kappa)$. Assume that for any $i<j$ such that $\phi(i)=\phi(j)$, all parts of size $i$ in $\mu$ appear to the left of the parts of size $j$ (equivalently, parts that project to the same integer appear in increasing order in $\mu$). \HBD{For any $\eta$ there is a unique $\mu$ satisfying this condition. Should we extend the notation $\inc$ to compositions and write $\mu=\inc(\eta,\phi).$} \LW{Just to clarify, this is only unique if we also know $\lambda$, right? And do you see an advantage in extending the $\inc$ notation?} \HBD{Yes, you are right! so $\inc(\eta,\phi)$ wouldn't be a good notation. The only reason I thought about this, is that I realized while rereading this section that ""the lexicographically smallest"" in \cref{def:inc} is the same thing as the condition of \cref{thm:recoloring}. So maybe to make the connection between the two definitions, and instead of extending the notation $\inc$, we can simply reformulate \cref{thm:recoloring} as follows: \end{comment} Fix a weakly order-preserving function $\phi:\NN\rightarrow\NN$, and two partitions $\lambda$ and $\kappa$ such that $\phi(\lambda)=\kappa$. Consider a composition $\eta\in S_n(\kappa)$. Let $\mu \in S_n(\lambda)$ be the lexicographically smallest composition such that $\phi(\mu)=\eta$ (equivalently, $\mu \in S_n(\lambda)$ such that $\phi(\mu)=\eta$ and parts that project to the same integer appear in increasing order in $\mu$). We then have \begin{equation}\label{eq:adjacent} \frac{E^*_\mu(\bfx;1,t)}{E^*_{\eta}(\bfx;1,t)}=\frac{e^*_{\lambda'}(\bfx;t)}{e^*_{\kappa'}(\bfx;t)}. \end{equation} \end{thm} \begin{proof} \begin{comment} Assume that $\mu_1 \leq \dots \leq \mu_n$. We then have that $\eta_1 \leq \dots \leq \eta_n$. In this case, we know from \cref{thm:E_partition} that $E^*_\mu(\bfx;1,t)=e^*_{\lambda'}(\bfx,t)$ and $E^*_{\eta}(\bfx;1,t)=e^*_{\kappa'}(\bfx,t)$ which gives \cref{eq:adjacent}. We now apply the shape-permuting formula \eqref{shape-permute} to obtain the general results. \LW{I rewrote the next sentence} Indeed, to get from an increasing composition $\mu$ to an arbitrary composition satisfying the conditions of the theorem, we only need to swap two parts $\mu_h < \mu_{h+1}$ which project to two different numbers $\eta_h < \eta_{h+1}$. %the condition on $\mu$ assures that we only need to invert two parts $\mu_i<\mu_{i+1}$ of $\mu$ such that $\eta_i=\phi(\mu_i)<\phi(\mu_{i+1})=\eta_{i+1}.$ Moreover in this case, the shape-permuting operators at $q=1$ have the same behavior on both $E_\mu^*$ and $E^*_\eta$ because $r_j(\mu) = r_j(\eta)$. \end{comment} % \LW{This alternative proof looks good to me.} % \HBD{Alternative proof (sketch)}: We prove the result for any $\lambda$ and $\kappa$, and for any composition $\mu \in S_n(\lambda)$ and $\eta=\phi(\mu)\in S_n(\kappa)$ satisfying the conditions of the theorem. We proceed by induction on the size of $\kappa$. If $\kappa=(0,\dots,0)$, then $\eta=(0,\dots,0)$, and we have that $\mu$ is weakly increasing ($\mu^{\rev}$ is a partition). As a consequence, applying \cref{thm:E_partition}, we get \begin{equation} \frac{E^*_\mu(\bfx;1,t)}{E^*_{\eta}(\bfx;1,t)}=e^*_{\lambda'}(\bfx;t)=\frac{e^*_{\lambda'}(\bfx;t)}{e^*_{\kappa'}(\bfx;t)}. \end{equation} % We can use a similar argument when $\kappa$ is a rectangular partition, i.e. $\kappa=(a,\dots,a)$ for some $a\geq 0$. We now fix $\kappa$ and $\lambda$, and we write $\kappa=(a_1^{m_1},\dots,a_\ell^{m_\ell})$, for some $m_i>0$, $a_1>0$ and $a_1>a_2>\dots>a_\ell\geq 0$. We want to prove the result for any $\mu\in S_n(\lambda)$ and $\eta\in S_n(\kappa)$ satisfying the condition of the theorem. It is enough to prove this for $\eta=\kappa$, and the other cases will follow by the shape-permuting formula \cref{prop:shape}. In this case, we know that $\mu$ is of the form $\mu=(\mu^{(1)},\dots,\mu^{(\ell)})$, where $\mu^{(i)}$ is a weakly increasing sequence of length $m_i$, and if $i<j$ then all parts of $\mu^{(i)}$ are greater than all parts of $\mu^{(j)}$ (the projection $\phi$ sends then all parts of $\mu^{(i)}$ to $a_i$, for $1\leq i\leq \ell$). We want to show that the ratio $\frac{E^*_\mu(\bfx;1,t)}{E^*_{\kappa}(\bfx;1,t)}$ can be written in the form of \cref{eq:adjacent}. But using the Knop–Sahi recurrence (\cref{thm:KS_recurrence}), it is enough to prove this result for $$\frac{E^*_{\nu}(\bfx;1,t)}{E^*_{\zeta}(\bfx;1,t)},$$ where $\nu=(\mu^{(2)},\dots,\mu^{(\ell)},\mu^{(1)}-\mathbf{1})$ and $\zeta=(a_2^{m_2},\dots,a_\ell^{m_\ell},(a_1-1)^{m_1})$. Now there are two cases: \begin{itemize} \item if $a_1-1=a_2$, we check that in this case we can find a projection $\phi'$ sending $\nu$ on $\zeta$, and that these compositions satisfy the conditions of the theorem. More precisely, we choose $\phi'$ such that it sends all the parts of $\mu^{(i)}$ to $a_i$ for $i\geq 2$, and the parts of $\mu^{(1)}-\mathbf{1}$ to $a_1-1=a_2$ (note that the assumption $a_1-1=a_2$ is crucial for such projection to exist, since the parts of $\mu^{(1)}-\mathbf{1}$ might intersect with the parts of $\mu^{(2)}$). Since $|\zeta|<|\kappa|$, we can apply the induction hypothesis. \item if $a_1-1>a_2$, we can write $$\frac{E^*_{\nu}(\bfx;1,t)}{E^*_{\zeta}(\bfx;1,t)}= \frac{E^*_{\nu}(\bfx;1,t)}{E^*_{(a_2^{m_2},\dots,a_\ell^{m_\ell},a_2^{m_1})}(\bfx;1,t)}\cdotp \frac{E_{(a_2^{m_2},\dots,a_\ell^{m_\ell},a_2^{m_1})}(\bfx;1,t)}{E^*_{\zeta}(\bfx;1,t)}$$ and we apply the induction hypothesis separately on the first term and on the inverse of the second term.\qedhere \end{itemize} % We now assume that $|\kappa|>0$. \end{proof} In the following, we fix a weakly order-preserving function $\phi:\NN\rightarrow\NN$, and two partitions $\lambda$ and $\kappa$ such that $\phi(\lambda)=\kappa$. \begin{definition}\label{def:inc} Fix $\phi$, $\lambda$ and $\kappa$ as above. Let $\inc(\lambda,\phi)$ be the lexicographically smallest $\rho\in S_n(\lambda)$ such that $\phi(\rho)=\kappa$. \end{definition} \begin{thm}\label{thm:E_inc_E} Fix $\kappa$ and $\lambda$ as in \cref{def:inc}. At $q=1$, $E^*_{\inc(\lambda,\phi)}$ % \LW{$E^*_{\inc(\lambda, \phi)}$?} is a symmetric function multiple of $E^*_\kappa=F^*_\kappa$. \end{thm} % \LW{Do we actually need \cref{thm:standardization} here? I was thinking of the example %$\phi:(6,6,4,3,3,1) \to %(4,4,4,1,1,1)$ so that %$\rho=\inc(\lambda,\phi) = %(4,4,6,1,3,3)$ %and it seems that from %$$\frac{E^*_{446133}}%{E^*_{444111}} = %\frac{E^*_{446133}}{E^*_{444133}} \cdot\frac{E^*_{444133}}{E^*_{444111}}$$ %we can just use \cref{thm:adjacent} to get what we want.} %\HBD{I think that with the old version of \cref{thm:recoloring} (the one with adjacent parts), we need some form of standardization here, with examples like $\phi:(4,3,2,1)\rightarrow (2,2,1,1)$, right?} \begin{proof} We apply \cref{thm:recoloring} with $\eta=\kappa$ and $\mu=\inc(\lambda,\phi)$. \end{proof} Recall that for $\eta\in S_n(\kappa)$, \begin{equation}\label{eq:G} G^*_\eta(\bfx;t):=\sum_{\rho\in S_n(\lambda):\, \phi(\rho)=\eta} F^*_\rho(\bfx;1,t), \end{equation} and that $G_{\eta}$ is the top homogeneous part of $G^*_\eta$. \begin{prop}[{\cite[Proposition 4.16]{AyyerMartinWilliams2025}}]\label{prop:hom_G} We have $G_\kappa(\bfx;t)=E_{\inc(\lambda,\phi)}(\bfx;1,t).$ \end{prop} We then deduce the following theorem for interpolation polynomials. \begin{prop}\label{prop:G_E} We have $G^*_\kappa(\bfx;t)=E^*_{\inc(\lambda,\phi)}(\bfx;1,t).$ \end{prop} \begin{proof} By definition $G^*_\kappa$ is a linear combination of $F^*_\nu(\bfx;1,t)$ for $\nu\in S_n(\lambda)$. But we know from \cref{prop:Vstar} that for $\nu\in S_n(\lambda)$, $F^*_\nu(\bfx;1,t)$ is a linear combination of $E^*_\rho(\bfx;1,t)$ for $\rho\in S_n(\lambda)$. % \LW{Better to replace these last two instances of $\kappa$ by another Greek letter, since our proposition, $\kappa$ is fixed}. We find the coefficients of this expansion by taking the top homogeneous part and using \cref{prop:hom_G}. \end{proof} % The following is an analogue of \cite[Theorem 4.17]{AyyerMartinWilliams2025}. It is a consequence of \cref{thm:adjacent} and \cref{thm:standardization}. \begin{proof}[Proof of \cref{thm:weak-reordering}] We want to prove that for all $\eta\in S_n(\kappa)$, we have at $q=1$ $$\frac{G^*_\eta(\bfx;t)}{P^*_\lambda(\bfx;1,t)}=\frac{F^*_\eta(\bfx;1,t)}{P^*_\kappa(\bfx;1,t)}.$$ We know from \cref{prop:G_E} that $G_\kappa^*(\bfx;t)=E^*_{\inc(\lambda,\phi)}(\bfx;1,t)$. Using \cref{thm:E_inc_E}, we get that \begin{equation}\label{eq:G-F1} G_\kappa^*(\bfx;t) =h\cdotp E_\kappa^*(\bfx;1,t) =h\cdotp F_\kappa^*(\bfx;1,t), \end{equation} for some symmetric function $h$. Now by \cref{prop:T_i-F_star}, for any $\eta \in S_n(\kappa)$, we have % we can obtain any $F_\eta^*$ from $F_\kappa^*$ by applying a Hecke operators $T_\sigma$ (see ). More precisely $F^*_\eta=T_\sigma \cdotp F_\kappa^*,$ where $\sigma$ is the shortest permutation sending $\kappa$ to $\eta$. One then checks that we also have $G^*_\eta=T_\sigma \cdotp G_\kappa^*$ (see the proof of \cite[Lemma 4.12]{AyyerMartinWilliams2025} for more details). Now applying $T_\sigma$ to \cref{eq:G-F1} we get that $ G_\eta^*(\bfx;t)=h\cdotp F_\eta^*(\bfx;1,t).$ % for any $\eta\in S_n(\kappa).$ Summing this equation over all $\eta$, we get $$P_\lambda^*(\bfx;1,t)=h\cdotp P_\kappa^*(\bfx;1,t),$$ where we have used \cref{eq:G} and \cref{prop:symmetrization}. We then get the desired claim \begin{equation*} \frac{P_\lambda^*(\bfx;1,t)}{P_\kappa^*(\bfx;1,t)}=h=\frac{G_\eta^*(\bfx;t)}{F_\eta^*(\bfx;1,t)}.\qedhere \end{equation*} % for any $\eta\in S_n(\kappa)$ as claimed. \end{proof} \section{\texorpdfstring{$t$}{t}-interpolation Schur polynomials}\label{app:t_int_Schur} % \LW{appendix?} Throughout this section we fix a positive integer $n$, and write $g(\bfx)=g(x_1,\dots,x_n)$. Recall that the $t$-interpolation Schur polynomial $s_\lambda^*$ is the symmetric polynomial defined by $$s^*_\lambda(\bfx;t)=P_\lambda(\bfx;t,t).$$ We let $\SSYT(\lambda;n)$ denote the set of \emph{semistandard Young tableaux} of shape $\lambda$ filled with values in $\llbracket n\rrbracket$. For a cell $\Box=(i,j)$ in the Young diagram of $\lambda$ in row $i$ and column $j$, we let $c(\Box)=j-i$ denote the \emph{content} of $\Box$. With the specialization $q=t$, Okounkov's formula for interpolation Macdonald polynomials \cite[Equation (1.4)]{Okounkov1998} can be written as follows. \begin{thm}[\cite{Okounkov1998}]\label{thm:Okounkov} For any partition $\lambda=(\lambda_1,\dots,\lambda_n)$, we have $$s^*_\lambda(\bfx;t)=\sum_{T\in \SSYT(\lambda)}\prod_{\Box\in \lambda}(x_{T(\Box)}-t^{c(\Box)+T(\Box)-n}).$$ \end{thm} For $n\geq k\geq 0$ and $\ell\in \ZZ$, we define $$e_{k,\ell}^*(\bfx;t):=\sum_{\begin{subarray}{c}S\subseteq \llbracket n \rrbracket\\ \#S=k\end{subarray}}\prod_{i\in S}\left(x_i-\frac{t^{\#S^c\cap \llbracket i-1\rrbracket}}{t^{\ell}}\right),$$ so that $e^*_k(\bfx;t)=e^*_{k,n-1}(\bfx;t)$ and also \begin{equation}\label{eq:identity} e^*_{k,n-2}(tx_1,\dots,tx_n;t) = t^k e^*_{k,n-1}(x_1,\dots,x_n;t). \end{equation} We then have the following $t$-deformation of the dual Jacob–Trudi identity. It follows from \cref{thm:Okounkov}, together with the results of \cite{Macdonald1992} on the 6th variation of Schur functions (more precisely, with the notation \cite[Section6]{Macdonald1992}, we set $a_i=-t^{i-n}$). \begin{prop}[\cite{Macdonald1992}] Let $\lambda=(\lambda_1,\dots,\lambda_{n})$ be a partition. We have \begin{equation}\label{eq:int_dual_JT} s^*_\lambda(\bfx;t)=\det\left(e^*_{\lambda'_i-i+j, n-j}(\bfx;t)\right)_{1\leq i,j\leq n}. \end{equation} \end{prop} \begin{remark} Note that the top homogeneous part of \cref{eq:int_dual_JT} gives the dual Jacobi–Trudi identity (see \textit{e.g} \cite[Corollary 7.16.2]{Stanley:EC2}). As in the homogeneous case, this result can also be obtained using the Lindström–Gessel–Viennot lemma. \end{remark} If $\lambda$ %=(2^a,1^b)$ is a 2-column partition, then \cref{eq:identity} and \cref{eq:int_dual_JT} give the following. \begin{lem}\label{lem:2column} Let $\lambda=(2^a,1^b)$. Then we have \begin{align*} s^*_{\lambda}(t\bfx;t)&=e^*_{a+b,n-1}(t\bfx;t)e^*_{a,n-2}(t\bfx;t)-e^*_{a+b+1,n-2}(t\bfx;t)e^*_{a-1,n-1}(t\bfx;t)\\ &=t^a e^*_{a+b}(t\bfx;t) e^*_a(\bfx;t) - t^{a+b+1} e^*_{a+b+1}(\bfx;t) e^*_{a-1}(t\bfx;t). \end{align*} % where $t\bfx=(tx_1,\dots,tx_n)$. % \HBD{Should the left-hand side be evaluated at $t\bfx$ instead of $\bfx$: % \begin{align*} % s^*_{\lambda}(t\bfx;t)&=e^*_{a+b,n-1}(t\bfx;t)e^*_{a,n-2}(t\bfx;t)-e^*_{a+b+1,n-2}(t\bfx;t)e^*_{a-1,n-1}(t\bfx;t)\\ % &=t^a e^*_{a+b}(tx_1,\dots,tx_n) e^*_a(x_1,\dots,x_n) - t^{a+b+1} e^*_{a+b+1}(x_1,\dots,x_n) e^*_{a-1}(tx_1,\dots,tx_n). % \end{align*} % } % \LW{Yes!} \end{lem} \end{appendices} \fi %%%%%%%%%%%%%%%%%%%%%%%%%%%%%%%%%%%%%%%%% %%%%%%%%%%%%%%%%%%%%%%%%%%%%%%% \bibliographystyle{amsalpha} \bibliography{biblio.bib}",Combinatorics,4,https://github.com/1stproof/batch-1/tree/main/author-solutions
first-proof-4-official,"Let $p(x)$ and $q(x)$ be two monic polynomials of degree $n$: \[ p(x) = \sum_{k=0}^n a_k x^{n-k} \quad \text{and} \quad q(x) = \sum_{k=0}^n b_k x^{n-k} \] where $a_0 = b_0 = 1$. Define $p \boxplus_n q(x)$ to be the polynomial \[ (p \boxplus_n q)(x) = \sum_{k=0}^n c_k x^{n-k} \] where the coefficients $c_k$ are given by the formula: \[ c_k = \sum_{i+j=k} \frac{(n-i)! (n-j)!}{n! (n-k)!} a_i b_j \] for $k = 0, 1, \dots, n$. For a monic polynomial $p(x)=\prod_{i\le n}(x- \lambda_i)$, define $$\Phi_n(p):=\sum_{i\le n}(\sum_{j\neq i} \frac1{\lambda_i-\lambda_j})^2$$ and $\Phi_n(p):=\infty$ if $p$ has a multiple root. Is it true that if $p(x)$ and $q(x)$ are monic real-rooted polynomials of degree $n$, then $$\frac1{\Phi_n(p\boxplus_n q)} \ge \frac1{\Phi_n(p)}+\frac1{\Phi_n(q)}?$$","\maketitle \numberwithin{equation}{section} \newtheorem{theorem}{Theorem}[section] \newtheorem{definition}{Definition}[section] \newtheorem{conjecture}{Conjecture}[section] \newtheorem{lemma}{Lemma}[section] \newtheorem{corollary}{Corollary}[section] \newtheorem{proposition}{Proposition}[section] \newtheorem{observation}[theorem]{Observation} \newtheorem{remark}{Remark}[section] \newtheorem{problem}[theorem]{Problem} \newtheorem{assumption}[theorem]{Assumption} \newtheorem{claim}[theorem]{Claim} \newtheorem{fact}[theorem]{Fact} \newtheorem{example}[theorem]{Example} \maketitle Let $\boxplus_n$ and $\Phi_n(\cdot)$ be defined as in the problem statement. In this note we prove the following result, which was conjectured by D. Shlyakhtenko. \begin{theorem} \label{thm:stamineq} Let $p(x)$ and $q(x)$ be any two monic real-rooted polynomials of degree $n$. Then $$\frac{1}{\Phi_n(p\boxplus_n q)} \geq \frac{1}{\Phi_n(p)} + \frac{1}{\Phi_n(q)}.$$ \end{theorem} \section{Notation and preliminaries} \subsection{Polynomials and the finite free convolution} Given a polynomial $p(x)$ of degree $n$ we say that $\alpha=(\alpha_1, \dots, \alpha_n)$ is a vector of roots for $p(x)$ if the $\alpha_i$ are the roots of $p(x)$. We will say that $\alpha$ is ordered if $\alpha_1\geq \cdots \geq \alpha_n$. Recall that for monic polynomials $p(x)$ and $q(x)$, $p(x)\boxplus_n q(x)$ may be expressed as: \begin{equation}\label{eqn:convroots} p(x)\boxplus_n q(x) = \sum_{\pi\in S_n} \prod_{i=1}^n(x-\alpha_i-\beta_{\pi(i)}),\end{equation} where $\alpha$ and $\beta$ are vectors of roots for $p(x)$ and $q(x)$, respectively, and $S_n$ is the symmetric group on $n$ elements (see Theorem 2.11 of \cite{marcus2022finite} for a proof). Walsh \cite{walsh1922location} proved that if $p(x)$ and $q(x)$ are real-rooted, then so is $p(x)\boxplus_n q(x)$. Therefore, the finite free convolution induces a map $$\roots: \bR^{n}\times \bR^n \to \bR^n,$$ where if $\alpha$ and $\beta$ are vectors of roots for $p(x)$ and $q(x)$, then $\roots(\alpha, \beta)$ is defined to be the ordered vector of roots for $p(x)\boxplus_n q(x)$. Other than the fact that $\boxplus_n$ preserves real-rootedness, our proof will crucially exploit each of the following well-known properties of the finite free convolution. In what follows we will use $\bone_n$ to denote the all-ones vector of dimension $n$. We will use the notation $$m_k(\alpha):= \frac{1}{n}\sum_{i=1}^n \alpha_i^k \quad \text{and} \quad \var(\alpha) := m_2(\alpha)-m_1(\alpha)^2.$$ \begin{proposition}[Properties of $\boxplus_n$] \label{thm:ffconvolution} If $\alpha, \beta\in \bR^n$ and $\gamma =\roots( \alpha, \beta)$, then: \begin{enumerate}[i)] \item \label{item:additivity} (Additivity) $m_1(\gamma)=m_1(\alpha)+m_1(\beta)$ and $\var(\gamma) = \var(\alpha)+\var(\beta)$. \item \label{item:translations} (Commutation with translation) For all $t\in \bR$, $\roots(\alpha+t\bone_n ,\beta) = \gamma +t\bone_n$ and $\roots(\alpha , \beta + t \bone_n) = \gamma+t\bone_n$. \end{enumerate} \end{proposition} \begin{proof} (i) Follows from the definition of $p\boxplus_n q$ in terms of the coefficients of $p$ and $q$ and the Newton identities. (ii) Follows from \eqref{eqn:convroots}. \end{proof} \subsection{The heat flow and the finite free Fisher information} Given a vector of roots $\alpha\in \bR^n$ we will define the its finite free score vector $\score(\alpha) \in (\bR\cup\{\infty\})^n$ as $$\score(\alpha) := \left( \sum_{j : j \neq i} \frac{1}{\alpha_i-\alpha_j} \right)_{i=1}^n. $$ Given a real-rooted polynomial $p(x)$ with vector of roots $\alpha$, define its finite free Fisher information as $$\Phi_n(p) := \|\score(\alpha)\|^2.$$ The following fact will allow us to write the finite free Fisher information of the polynomial $p(x)$ in terms of the dynamics of its roots under the reverse heat flow. It was shown to us by D. Shlyakhtenko. \begin{lemma}[Score vectors as derivatives] \label{lem:score} Assume $p(x)$ has simple roots. Let $p_t(x):= \exp\left( -\frac{t}{2} \partial_x^2 \right)p(x)$ and let $\alpha(t) = (\alpha_1(t), \dots, \alpha_n(t))$ be the ordered vector of roots of $p_t(x)$. Then $$\alpha_i'(0) = \sum_{j : j\neq i} \frac{1}{\alpha_i-\alpha_j},$$ and in particular $\alpha'(0) = \score(\alpha)$. \end{lemma} \begin{proof} Since the $\alpha_i(t)$ are continuous in $t$, the roots remain simple in a neighborhood of $t=0$. Implicitly differentiating the expression $$p(\alpha_i(t))-tp''(\alpha_i(t))/2+t^2R(\alpha_i(t),t)=0$$ (where $R(x,t)$ is a polynomial) at $t=0$ one obtains $$ \alpha_i'(0)=\frac{1}{2}\frac{p''(\alpha_i)}{p'(\alpha_i)},$$ which is equal to the advertised expression. \end{proof} \section{Proof of Stam's inequality} We now prove Theorem \ref{thm:stamineq}. The following Lemma allows us to restrict attention to the case when $p,q$, and $p\boxplus_n q$ all have simple roots. \begin{lemma}[Approximation by Simple Rooted Polynomials] Let $\epsilon>0$ and define the differential operator $T_\epsilon:=(1-\epsilon \cdot d/dx)^n$. If $p(x)$ is a monic real-rooted polynomial of degree $n$, then \begin{enumerate}[i)] \item $(T_\epsilon p)(x)$ is monic and real-rooted of degree $n$ with simple roots. \item $ \Phi_n(T_\epsilon p)\rightarrow \Phi_n(p)$ as $\epsilon\rightarrow 0$. \item $(T_\epsilon p)\boxplus_n (T_\epsilon q)= T_\epsilon^2 (p\boxplus_n q)$. \end{enumerate} \end{lemma} \begin{proof} (i) was shown in \cite{nuij1968note}. (ii) is because $\Phi_n$ is continuous in the roots of $p$, which are continuous in $\epsilon$. (iii) follows because $\boxplus_n$ commutes with differential operators (see e.g. \cite{marcus2022finite}.)\end{proof} Thus, establishing Theorem \ref{thm:stamineq} for the simple case implies the general case by using (iii) above and taking $\epsilon\rightarrow 0$. In what follows, $p(x)$ and $q(x)$ are monic real-rooted polynomials, $\alpha$ and $\beta$ are vectors of roots for $p(x)$ and $q(x)$, $\gamma:= \roots(\alpha, \beta)$, and $\alpha,\beta,\gamma$ all have distinct entries, implying that they are smooth functions of the coefficients of the corresponding polynomials. Let $\jac$ denote the Jacobian of $\roots$ at the point $(\alpha, \beta)$. Our proof can be separated into three steps. The second step is the most substantial one and we will defer its detailed discussion to Section \ref{sec:understandingjacob}. \textbf{Step 1 (Jacobians and score vectors).} We first note that the following relation between score vectors holds. \begin{observation}[Relating score vectors] \label{obs:scorevecs} Using the above notation, for any $a, b \geq 0$ $$\jac (a\score(\alpha), b \score(\beta)) = (a+b)\score(\gamma). $$ \end{observation} \begin{proof} For every $t\geq 0$ let $p_t(x) = \exp(-\tfrac{t}{2} \partial_x^2) p(x)$, let $\alpha(t)$ be the ordered vector of roots of $p_t$, and define $q_t, r_t$ and $\beta(t), \gamma(t)$ in an analogous way. Since the finite free convolution commutes with any differential operator, it follows that $$r_{(a+b)t} = p_{at} \boxplus_n q_{bt}. $$ Hence $\gamma((a+b)t) = \roots(\alpha_{at}, \beta_{bt})$ for every $t$. So, if we differentiate this relation with respect to $t$, using the chain rule for the right-hand side, we get $$(a+b)\gamma'(0) = \jac \left(\begin{array}{c} a \cdot \alpha'(0) \\ b \cdot\beta'(0) \end{array} \right).$$ A direct application of Lemma \ref{lem:score} concludes the proof. \end{proof} \textbf{Step 2 (Understanding the Jacobian).} The substance of our proof lies in understanding $\jac$. In particular, we will show the following. \begin{proposition} \label{prop:singularvalues} If $u, v \in \bR^n$ are orthogonal to $\bone_n$ then $$\|\jac (u, v)\|^2 \leq \|u\|^2 + \|v\|^2.$$ \end{proposition} This proposition will be proven in Section \ref{sec:understandingjacob}, for now we show how it is used. \textbf{Step 3 (Proof of Theorem \ref{thm:stamineq} \`a la Blachman).} With Observation \ref{obs:scorevecs} and Proposition \ref{prop:singularvalues} in hand we can conclude the proof using the same argument that Blachman used in \cite{blachman2003convolution}. \begin{proof}[Proof of Theorem \ref{thm:stamineq}] First note that $$\sum_{i=1}^n \sum_{j : j\neq i} \frac{1}{\alpha_i-\alpha_j}=0,$$ since each term in the sum appears once with a plus and once with a minus. Therefore $\score(\alpha)$ is orthogonal to $\bone_n$ and, arguing analogously, $\score(\beta)$ is orthogonal to $\bone_n$. So, Proposition \ref{prop:singularvalues} implies $$\|\jac(a\score(\alpha), b \score(\beta))\|^2 \leq a^2\|\score(\alpha)\|^2+b^2 \|\score(\beta)\|^2.$$ Combining this with Observation \ref{obs:scorevecs} yields $$(a+b)^2 \|\score(\gamma)\|^2 \leq a^2\|\score(\alpha)\|^2+ b^2\|\score(\beta)\|^2. $$ Now, by choosing $a= \frac{1}{\|\score(\alpha)\|^2}$ and $b = \frac{1}{\|\score(\beta)\|^2}$, the above inequality turns into $$\left(\frac{1}{\|\score(\alpha)\|^2} + \frac{1}{\|\score(\beta)\|^2} \right)^2 \|\score(\gamma)\|^2 \leq \frac{1}{\|\score(\alpha)\|^2} + \frac{1}{\|\score(\beta)\|^2}, $$ which after simple algebraic manipulations can be turned into the inequality claimed in Theorem \ref{thm:stamineq}. \end{proof} \subsection{Understanding $\jac$} \label{sec:understandingjacob} Let $(\Omega_{\boxplus_n, 1}, \dots, \Omega_{\boxplus_n, n})$ be the coordinate functions of $\roots$, that is $\gamma_i = \rootsi(\alpha, \beta)$. The starting point of our approach to proving Proposition \ref{prop:singularvalues} is the observation that the matrix $\jac\jac^*$ is related to the Hessians of the functions $\rootsi$. It will be helpful to introduce the notation $$\hessconv:= \mathrm{Hess}_{\rootsi}.$$ For this discussion it will prove useful to define the $(2n-2)$-dimensional subspace $$\calV = \left\{ (u, v) \in \bR^{n}\times \bR^n : u^* \bone_n = v^*\bone_n=0 \right\}. $$ And, given $w\in \bR^{n}\times \bR^n$ and $f: \bR^{n}\times \bR^n\to \bR^n$ we will use $D_wf$ to denote the directional derivative of $f$ in the direction of $w$, that is $D_w = \sum_i w_i\partial_i$. \begin{lemma}[The Hessian of $\roots$] \label{lem:Hessian} Using the above notation \begin{equation} \label{eq:Hessian} w^* \jac \jac^* w = w^* \Big(I_{n}\oplus I_n- \sum_{i=1}^n \gamma_i \hessconv \Big)w,\quad \forall w\in \calV. \end{equation} \end{lemma} \begin{proof} Fix $w=(u, v)\in \calV$ and define $$\alpha(t):= \alpha+ tu, \quad \beta(t):=\beta+tv, \quad \text{and}\quad \gamma(t):=\roots(\alpha(t), \beta(t)),$$ and note that the variance additivity from Proposition \ref{thm:ffconvolution} \ref{item:additivity}) implies that $$m_2(\gamma(t))-m_1(\gamma(t))^2 = m_2(\alpha(t))+ m_2(\beta(t))-(m_1(\alpha(t))^2+m_1(\beta(t))^2). $$ Now, the fact that $(u,v)\in \calV$ implies that the means $m_1(\alpha(t))$ and $m_1(\beta(t))$ are a constant function of $t$ and therefore, again by Proposition \ref{thm:ffconvolution} \ref{item:additivity}), the mean $m_1(\gamma(t))$ is also a constant function of $t$. So, differentiating the above equation twice with respect to $t$ we get \begin{equation} \label{eq:secderivatives} \left.\partial_t^2 m_2(\gamma(t))\right|_{t=0} = \left.\partial_t^2 \big(m_2(\alpha(t))+m_2(\beta(t))\big)\right|_{t=0} . \end{equation} Now we inspect both sides of the above equation. First \begin{align} \nonumber \left. n\, \partial_t^2m_2(\gamma(t))\right|_{t=0} & = \sum_{i=1}^n D_w^2(\gamma_i^2) \\ \nonumber & = 2\sum_{i=1}^n \left( (D_w\gamma_i)^2+ \gamma_iD_w^2\gamma_i\right) \\ \label{eq:secondderofgamma} & = 2\left(w^* \jac \jac^* w+ \sum_{i=1}^n\gamma_i w^* \hessconv w \right). \end{align} Second \begin{align} \nonumber n\,\partial_t^2(m_2(\alpha(t))+m_2(\beta(t))) & = \partial_t^2((\alpha+tu)^*(\alpha+tu)+(\beta+tv)^*(\beta+tv)) \\ \nonumber & = 2(u^*u +v^*v) \\ \label{eq:secondderofalphanadbeta} & = 2w^* w. \end{align} Finally, plugging (\ref{eq:secondderofgamma}) and (\ref{eq:secondderofalphanadbeta}) back into (\ref{eq:secderivatives}) yields $$w^* \jac \jac^* w+ \sum_{i=1}^n\gamma_i w^* \hessconv w = w^* w,$$ which is equivalent to the advertised result. \end{proof} We now apply a result of Bauschke et al. \cite[Corollary 3.3]{bauschke2001hyperbolic}. \begin{theorem}[Bauschke et al.] \label{thm:convexity} Let $f\in \bR[x_1, \dots, x_m]$ be a hyperbolic polynomial in the direction $w\in \bR^m$ and for every $a\in \bR^m$ let $\lambda_1(a)\geq \dots\geq \lambda_m(a)$ be the roots of $g_a(t):=f(a+tw)$. Then, for every $k=1, \dots, m$, the function $\sigma_k(a) := \sum_{i=1}^k \lambda_i(a)$ is convex in $a$. \end{theorem} In our context this implies the following. \begin{corollary} \label{cor:psdness} For any real numbers $c_1\geq \cdots \geq c_n $, the matrix $\sum_{i=1}^n c_i \hessconv$ is PSD. \end{corollary} \begin{proof} Define the multivariate polynomial $$f(x, a_1,\dots, a_n, b_1, \dots, b_n) := \sum_{\pi\in S_n} \prod_{i=1}^n (x-a_i-b_{\pi(i)}).$$ Since the above polynomial is homogeneous and the finite free convolution preserves real rootedness, $f$ is hyperbolic in the direction $e_1=(1, 0\cdots, 0)$. Now, by Theorem \ref{thm:convexity} the functions $$\sigma_k(x, a, b) = \sum_{i=1}^k \lambda_i(x, a, b)$$ are convex, where $\lambda_1(x, a, b)\geq \cdots \geq \lambda_n(x, a, b)$ denote the roots of $f((x, a, b)+t e_1)$. And, because the $c_i$ are ordered we moreover have that the function $$L(x, a, b):=\sum_{i=1}^n c_i \lambda_i(x,a, b)$$ is convex, as it can be written as a positive linear combination of the $\sigma_k$. It follows that $\mathrm{Hess}_{L} = \sum_{i=1}^n c_i \mathrm{Hess}_{\lambda_i}$ at any $(x, a, b)$ is PSD. But, on the other hand, when $x=0$, $a=\alpha$ and $b = \beta$, we have that $\mathrm{Hess}_{\lambda_i} = \hessconv$, which in turn gives that $\sum_{i=1}^n c_i \hessconv$ is PSD. \end{proof} We can now complete the proof of Proposition \ref{prop:singularvalues}. \begin{proof}[Proof of Proposition \ref{prop:singularvalues}] Let $(u, v)\in \calV$. Then $$\|\jac(u, v)\|^2 = (u, v)^* \jac \jac^* (u, v) = \|u\|^2+\|v\|^2-\sum_{i=1}^n \gamma_i (u, v)^* \hessconv (u, v),$$ where the last equality follows from Lemma \ref{lem:Hessian}. Now, applying Corollary \ref{cor:psdness} with $c_i=\gamma_i$ gives that $\sum_{i=1}^n \gamma_i \hessconv$ is PSD, and hence $$\sum_{i=1}^n \gamma_i (u, v)^* \hessconv (u, v)\geq 0.$$ The proof follows from putting the two expressions together. \end{proof} \bibliographystyle{alpha} \bibliography{BibStam}",Algebra,3,https://github.com/1stproof/batch-1/tree/main/author-solutions
first-proof-5-official,Fix a finite group $G$. Let $\mathcal{O}$ denote an incomplete transfer system associated to an $N_\infty$ operad. Define the slice filtration on the $G$-equivariant stable category adapted to $\mathcal{O}$ and state and prove a characterization of the $\mathcal{O}$-slice connectivity of a connective $G$-spectrum in terms of the geometric fixed points.,"\section{Indexed slice categories}\label{sec: Indexed Slice Categories} (Excerpt from ``Generalized equivariant slice categories'', with Mike Hill and Tyler Lawson.) \subsection{Transfer and indexing systems} We begin with an ahistorical but geodesic summary of transfer systems and indexing systems. \begin{definition}[{\cite{BBR}, \cite{Rubin21}}] A {\emph{transfer system}} on \(G\) is a partial order we will denote by \(\to\) on \(\Sub(G)\) satisfying three properties: \begin{enumerate} \item it refines subgroup inclusion: if \(H\to K\), then \(H\subseteq K\), \item it is conjugation invariant: if \(H\to K\) and \(g\in G\), then \(gHg^{-1}\to gKg^{-1}\), and \item it is closed under restriction: if \(H\to K\) and \(J\subseteq K\), then \(H\cap J\to J\). \end{enumerate} \end{definition} The collection of all transfer systems on \(G\) forms a poset under refinement, and we will use \(\leq\) for the partial order here. \begin{definition} Let \(\cO\) be a transfer system on \(G\). A finite \(H\)-set \[ T=\coprod_{i} H/K_i \] is {\emph{admissible}} for \(\cO\) if for all \(i\), \(K_i\to H\). The collection of admissible \(H\)-sets for \(\cO\) will be denoted \(\cO(H)\). The collection of all \(\cO(H)\) as \(H\) varies gives an {\emph{indexing system}}. \end{definition} The admissible sets of $\cO$ are closely connected to the norms structured by an \(\Ninfty\) operad; we will usually also abusively denote the operad by \(\cO\). Here $i^H_* \colon \Sp^G \to \Sp^H$ denotes the pullback functor along the inclusion $H \to G$ and $N_H^G \colon \Sp^H \to \Sp^G$ denotes the Hill-Hopkins-Ravenel norm~\cite{HHR}. \begin{definition} For a finite \(G\)-set \(T\), we define the \(T\)-norm \[ N^T\colon\Sp^G\to\Sp^G \] inductively by the formulas \begin{enumerate} \item \(N^{G/H}(E)=N_H^G i_H^\ast(E)\), and \item \(N^{T_0\amalg T_1}(E)=N^{T_0}(E)\otimes N^{T_1}(E)\). \end{enumerate} \end{definition} \subsection{\texorpdfstring{\(\cO\)}{O}-slice filtration} We now define the slice filtration relative to an indexing system $\cO$. We are going to use equivariant localization (more specifically, nullification) to construct the relative slice towers. Recall that in the equivariant context, we define local and acylic objects in terms of conditions on the $G$-space of maps rather than the non-equivariant space of maps. The acylic objects form an equivariant localizing subcategory. Recall that given a set of objects in $\Sp^G$, we define the equivariant localizing subcategory generated by these objects to be the full subcategory of $\Sp^G$ constructed as the closure under homotopy colimits, retracts, and tensors with orbit spectra. \begin{definition} If \(\cO\) is an indexing system, then let \(\tau_{\geq n}^{\cO}\) be the equivariant localizing subcategory of $\Sp^G$ generated by \[ \Big\{ G_+\otimesover{H} N^T S^1\mid T\in \cO(H), |T|\geq n\Big\}. \] This is the category of \emph{\(\cO\)-slice \(n\)-connective spectra}. \end{definition} \begin{remark} Given a finite \(G\)-set \(T\), we have an equivariant homeomorphism \[ N^T S^1\cong S^{\mathbb R\cdot T}, \] the representation sphere associated to the permutation representation of \(T\). This means that the \(\cO\)-slice \(n\)-connective spectra can be equivalently viewed as being generated by the representation spheres associated to the permutation representations for admissible sets of cardinality at least \(n\). \end{remark} Viewing this instead as a diagram of localizing subcategories (i.e., as a categorical Mackey functor), we are forming the equivariant localizing subcategory generated at \(G/H\) by \(N^T S^1\) for all admissible \(H\)-sets \(T\) of cardinality at least \(n\). For the next definition, recall that the nullification at a set of objects $\{S_i\}$ in $\Sp^G$ is the left Bousfield localization at the set of terminal maps $\{S_i \to \ast\}$. \begin{definition} If \(\cO\) is an indexing system, then: \begin{itemize} \item The \(n\)th \(\cO\)-slice truncation is the functor \[ P^n_{\cO}\colon \Sp^G_{\geq 0}\to\Sp^G_{\geq 0} \] that is the nullification killing \(\tau_{\geq (n+1)}^{\cO}\). \item The \(n\)th \(\cO\)-slice cover is the functor \[ P_n^{\cO}\colon \Sp^G_{\geq 0}\to\Sp^G_{\geq 0} \] defined to be the (homotopy) fiber of the natural map \(Id\Rightarrow P^{n-1}_{\cO}\). \end{itemize} \end{definition} The truncation functors are related in the evident fashion as $n$ varies. \begin{proposition} For each \(n\geq 0\), we have a natural transformation \[ P^n_{\cO}(\mhyphen)\Rightarrow P^{n-1}_{\cO}(\mhyphen). \] These are compatible with the natural nullification functors \[ Id\Rightarrow P^n_{\cO}(\mhyphen). \] For a connective $G$-spectrum $E$, the natural map \[ E\to \lim_{\longleftarrow} P^n_{\cO}(E) \] is always a weak equivalence. \end{proposition} \begin{proof} The inclusion of categories \(\tau_{n+2}^{\cO}\subset\tau_{n+1}^{\cO}\) induces a natural transformation the other way of nullification functors. Since we can factor the nullification functor \(P^n_{\cO}\) via this inclusion, the first two statements follow. For the second, we note that the Postnikov connectivity of \(G_+\otimesover{H} N^T S^1\) for a finite \(H\)-set $T$ is \(|T/H|\). As \(n\) goes to infinity, this also does (at worst as \(|T|/|H|)\). In particular, the map \[ E\to P^n_\cO(E) \] has coconnectivity going to infinity. \end{proof} For any bounded below spectrum \(K\), the same argument shows that the natural map \[ K\sma E\to \lim_{\longleftarrow}\big(K\sma P^{n}E\big) \] is an equivalence. \begin{definition} A \(G\)-spectrum \(E\) is an \(\cO\)-\(n\)-slice if \begin{enumerate} \item it is in \(\tau_{\geq n}^{\cO}\), and \item the natural map \[ E\to P^n_{\cO}E \] is an equivalence. \end{enumerate} \end{definition} \begin{proposition} For any indexing system \(\cO\), the ordinary suspension yields maps \[ \Sigma\colon\tau_{\geq k}^{\cO}\to\tau_{\geq (k+1)}^{\cO}. \] \end{proposition} \begin{proof} Since suspension commutes with homotopy colimits and induction, it suffices to show this on the generators \(N^T S^1\) as $T$ varies over the admissible sets of $\cO$. Since $\Sigma N^{T} S^1 \htp N^{T\amalg \ast}S^1$, the result follows: if $T$ is admissible and of cardinality at least \(k\) then $T \amalg \ast$ is admissible and has cardinality at least $k+1$. \end{proof} \begin{corollary} For any \(k\geq 0\), the \(\infty\)-category of \(\cO\)-\(k\)-slices is discrete. \end{corollary} \begin{proof} If \(E,E'\) are \(\cO\)-\(k\)-slices, then they are both in \(\tau_{\geq k}^{\cO}\). By the usual adjunctions, for all \(n\geq 1\), the higher homotopy group \(\pi_n\) of the mapping space are given by \[ \pi_n\Map(E,E')=[\Sigma^n E,E']^G=0, \] since the preceding proposition implies that \(\Sigma^n E\in\tau_{\geq (k+n)}^{\cO}\). \end{proof} \begin{definition} We define {\emph{\(n\)\textsuperscript{th} \(\cO\)-slice}} of a connective \(G\)-spectrum \(E\), denoted \(P^n_{n,\cO}(E)\), to be the homotopy fiber of the natural map \[ P^n_{\cO}(E)\to P^{n-1}_{\cO}(E). \] \end{definition} \section{Characterizing slice towers via connectivity}\label{sec: connectivity} \subsection{Geometric fixed points and slice connectivity} We can detect slice connectivity in terms of the connectivity of the geometric fixed points~\cite{HillYarnall, WilsonSlice}. To express this, it is convenient to define the following function capturing the structure of the indexing system. \begin{definition} For any transfer system \(\cO\), we define the {\em characteristic function} of $\cO$ \[ \chi^{\cO}\colon\Sub(G)\to\Sub(G) \] by the formula \[ \chi^{\cO}(H)=\min\{K\mid K\to H\}=\bigcap_{K\to H} K. \] \end{definition} \subsubsection{The geometric fixed points of \(\tau_{\geq n}^{\cO}\)} Stable equivalences in $\Sp^G$ can be detected as maps that induce non-equivariant stable equivalences on passage to geometric fixed points for all (closed) subgroups of $G$. It should thus be very plausible that the connectivity of geometric fixed points is a central notion. \begin{definition} For a \(G\)-spectrum \(E\), let the {\em geometric connectivity}, denoted \(\mgconn(E)\), be the function from subgroups of \(G\) to \(\Z\cup\{\pm\infty\}\) defined by \[ \mgconn(E)(H):= \conn\big(\phi^H(E)\big). \] \end{definition} \begin{lemma}\label{lem: Slice Connectivity implies Geometric connectivity} Let \(\cO\) be a transfer system. If \(E\in\tau_{\geq n}^{\cO}\), then for all \(H\subset G\), \[ [H:\chi^{\cO}(H)]\cdot \mgconn(E)(H)\geq n. \] \end{lemma} \begin{proof} By restriction, it suffices to show this for \(H=G\). Since the geometric fixed points preserve homotopy colimits and extensions, it suffices to show this for generators. Next, since geometric fixed points applied to an induced $G$-spectrum vanish, we are reduced to considering the case of \(N^T S^1\) for \(T\) an admissible \(G\)-set of cardinality at least \(n\). Decompose $T$ as \[ T=\sum_{H} n_H G/H. \] The geometric fixed points of \(N^T S^1\) are \(S^{|T/G|}\), and in this case, we have \[ |T/G|=\sum_H n_H. \] We have by assumption \[ |T|=\sum_{H} n_H[G:H]\geq n, \] and by definition, \([G:\chi^{\cO}(H)]\) is the maximal element in \[ \big\{[G:H]\mid G/H\in\cO(\ast)\big\} \] (and in fact, all others divide it). This gives inequalities \[ [G:\chi^{\cO}(G)]\cdot \sum_{H} n_H\geq \sum_{H} n_H [G:H]\geq n, \] as desired. \end{proof} \begin{remark} If \(\chi^\cO(G)=\{e\}\), then we recover \cite[Theorem 2.5]{HillYarnall}. \end{remark} For the converse, we can again use isotropy separation, studying the cofiber sequence \[ E\mathcal F_+\sma E\to E\to \tilde{E}\mathcal F\sma E. \] The spectrum \(E\mathcal F_+\sma E\) is built out of pieces of the form \(G/H_+\sma E\), so this is in a localizing subcategory if and only if the restrictions are. \begin{lemma}\label{lem: Localizing Cats and Families} Let \(\mathcal F\) be a family, and let \(\tau\) be an equivariant localizing subcategory. If \(E\) is any \(G\)-spectrum such that for all \(H\in\mathcal F\), \(i_H^\ast E\in i_H^{\ast}\tau\), then \[ (E\mathcal F_+\sma E)\in\tau \] \end{lemma} \begin{proof} This follows by the same proof as \cite[Lemma 2.4]{HillYarnall}: the spectrum \(E\mathcal F_+\otimes E\) is in the localizing category generated by \(G/H_+\otimes E\) for \(H\in\mathcal F\). By assumption, we have an inclusion \[ G/H_+\otimes E\cong G_+\otimesover{H} i_H^\ast E\in\tau. \] \end{proof} \subsubsection*{The \texorpdfstring{\(\cO\)}{O}-slices of geometric spectra} Our argument will use downward induction on the subgroup lattice, so we will need to understand the \(\cO\)-slice connectivity of \(\tilde{E}\mathcal P\otimes E\), where \(\mathcal P\) is the family of proper subgroups of \(G\). Recall that a \(G\)-spectrum \(E\) is called ``geometric'' if the natural map \[ E\to \tilde{E}\mathcal P\otimes E \] is an equivalence \cite[Definition 6.10]{HillSlicePrimer}, and a Mackey functor \(\mM\) is geometric if \(H\mM\) is. The proof of \cite[Theorem 6.7]{HillSlicePrimer} goes through essentially without change to show the following. \begin{lemma}\label{lem: Slice Connectivity of Geometric Things}%[{\cite[Theorem 6.7]{HillSlicePrimer}}] Let \(\mM\) be a geometric Mackey functor. For any \(\cO\), \[ \Sigma^k H\mM \] is a \(k\cdot [G:\chi^{\cO}G]\)-\(\cO\)-slice. \end{lemma} \begin{proof} Since \(\mM\) is geometric, we have that for any finite \(G\)-set \(T\), the natural map \[ S^{|T/G|}\hookrightarrow N^T S^1 \] given by the inclusion of fixed points induces an equivalence \[ S^{|T/G|}\otimes H\mM\to N^TS^1\otimes H\mM. \] We can bound the \(\cO\)-slice connectivity from below by choosing an \(\cO\)-admissible \(T\) with \(|T|\) as large as possible so that \(|T/G|=k\) is fixed. This is again achieved by taking \[ T=k G/\chi^{\cO}(G), \] since \(\chi^{\cO}(G)\) is the minimal subgroup \(H\) such that \(H\to G\). This shows us that \[ \Sigma^k H\mM\in\tau_{\geq k[G: \chi^{\cO}(G)]}^{\cO}. \] For the upper bound, consider an admissible \(G\)-set \(T\) such that \[ |T|>k[G:\chi^{\cO}(G)]. \] Since \(k[G:\chi^{\cO}(G)]\) is the largest cardinality of an admissible \(G\)-set with \(k\)-orbits, we deduce that \(|T/G|>k\). Since \(\mM\) is geometric, we therefore deduce \[ [N^TS^1,\Sigma^kH\mM]^G\cong [\Phi^G N^TS^1,\Sigma^k H\mM(G/G)] \cong [S^{|T/G|},\Sigma^{k}H\mM(G/G)]=0. \] This shows that \(H\mM\) is a \(k[G: \chi^{\cO}(G)]\)-slice. \end{proof} \subsection{Rewriting \texorpdfstring{\(\cO\)}{O}-slice connectivity} Putting these together, we get the full \(\cO\)-slice version of \cite[Theorem 2.5]{HillYarnall}. \begin{theorem}\label{thm: GFP Reformulation} A \(G\)-spectrum \(E\) is in \(\tau_{\geq n}^{\cO}\) if and only if for all \(H\subset G\), \[ [H:\chi^{\cO}(H)]\cdot\mgconn(E)(H)\geq n. \] \end{theorem} \begin{proof} The proof is essentially that of \cite[Theorem 2.5]{HillYarnall}. The forward direction is Lemma~\ref{lem: Slice Connectivity implies Geometric connectivity}. For the other direction, let \(E\) be a spectrum with the prescribed geometric connectivities. Consider the isotropy separation sequence \[ EP_+\otimes E\to E\to \tilde{E}\mathcal P\otimes E. \] By Lemma~\ref{lem: Slice Connectivity of Geometric Things}, the \(\cO\)-slice connectivity of \(\tilde{E}\mathcal P\otimes E\) is at least \(n\). By induction on the subgroup lattice, Lemma~\ref{lem: Localizing Cats and Families} shows that \(EP_+\otimes E\) also has \(\cO\)-slice connectivity \(n\). Since localizing categories are closed under extensions, this implies that \(E\) has \(\cO\)-slice connectivity \(n\). \end{proof} Rewriting this slightly, we have a way to describe the slice connectivity of an arbitrary \(0\)-connective spectrum. \begin{corollary}\label{cor: Determining Slice Connectivity} If \(E\in\Sp^{G}_{\geq 0}\), then let \[ n=\min_{H\subseteq G}\big\{[H:\chi^{\cO}(H)]\cdot\mgconn(E)(H)\big\}. \] Then \(E\in\tau_{\geq n}^{\cO}\). \end{corollary} \begin{thebibliography}{1} \bibitem{BBR} S.~Balchin, D.~Barnes, and C.~Roitzheim. \newblock N{$_\infty$}-operads and associahedra. \newblock {\em Pacific J. Math.}, 315(2):285--304, 2021. \bibitem{HillSlicePrimer} M.~A. Hill. \newblock The equivariant slice filtration: a primer. \newblock {\em Homology Homotopy Appl.}, 14(2):143--166, 2012. \bibitem{HHR} M.~A. Hill, M.~J. Hopkins, and D.~C. Ravenel. \newblock On the nonexistence of elements of {K}ervaire invariant one. \newblock {\em Ann. of Math. (2)}, 184(1):1--262, 2016. \bibitem{HillYarnall} M.~A. Hill and C.~Yarnall. \newblock A new formulation of the equivariant slice filtration with applications to {$C_p$}-slices. \newblock {\em Proc. Amer. Math. Soc.}, 146(8):3605--3614, 2018. \bibitem{Rubin21} J.~Rubin. \newblock Detecting {S}teiner and linear isometries operads. \newblock {\em Glasg. Math. J.}, 63(2):307--342, 2021. \bibitem{WilsonSlice} D.~Wilson. \newblock On categories of slices. \newblock arxiv.org: 1711.03472, 2017. \end{thebibliography}",Geometry,2,https://github.com/1stproof/batch-1/tree/main/author-solutions
first-proof-6-official,"For a graph $G = (V, E)$, let $G_S = (V, E(S,S))$ denote the graph with the same vertex set, but only the edges between vertices in $S$. Let $L$ be the Laplacian matrix of $G$ and let $L_S$ be the Laplacian of $G_S$. I say that a set of vertices $S$ is $\epsilon$-light if the matrix $\epsilon L - L_S$ is positive semidefinite. Does there exist a constant $c > 0$ so that for every graph $G$ and every $\epsilon$ between $0$ and $1$, $V$ contains an $\epsilon$-light subset $S$ of size at least $c \epsilon |V|$?","\begin{center} {\Large Light Sets of Vertices\\ Daniel Spielman, Jan. 30, 2026} \end{center} Throughout this note, $G = (V,E,w)$ will be a weighted graph with $n$ vertices. For an edge $(s,t) \in E$, we let $w(s,t)$ be its weight. For two vertex sets, $S$ and $T$, the subgraph $G_{S,T}$ of $G$ has vertex set $V$, but only the edges going between vertices in $S$ and $T$. We write $G_{S}$ for the graph that only contains the edges between vertices in $S$. The matrix $L$ is the Laplacian of $G$, which we recall may be defined by \[ L = \sum_{(s,t) \in E} w(s,t) (\ddelta_s - \ddelta_t) (\ddelta_s - \ddelta_t)^T, \] where $\ddelta_s$ is the elementary unit vector with a 1 in position $s$. We let $L_{S}$ denote the Laplacian of $G_{S}$. As $G_{S}$ and $G$ have been defined to have the same vertex set, $L_{S}$ has the same dimension as $L$. \begin{lemma}\label{lem:light} For every weighted graph $G = (V,E,w)$ with $n$ vertices, and for every $0 < \epsilon < 1$, there is an $S \subseteq V$ of size at least $\epsilon n / 42$ so that \[ \epsilon L \pgeq L_{S} . \] \end{lemma} We call such a set of vertices $S$ an $\epsilon$-light set. A set $S$ is $0$-light if and only if it is independent, and we could view lightness as a qualitative measure of independence. We might have called it ``spectral independence,'' if that term were not already in use. This lemma was proved by Daniel Spielman while working on the paper ``Sparsified Cholesky Solvers for SDD linear systems'', written with Richard Peng and Yin-Tat Lee~\cite{LeePengSpielman}. We decided not to include the lemma in that paper because, while it could be used to obtain interesting variants of some results, it was not necessary for the main results in that paper. That paper evolved into the paper ``Sparsified Cholesky and Multigrid Solvers for Connection Laplacians,'' written with Rasmus Kyng, Yin Tat Lee, Richard Peng and Sushant Sachdeva~\cite{kyng2016sparsified}. \section{Proof Strategy} We define $L_{S,T}$ to be the Laplacian of $G_{S,T}$. For a vertex $t$ and a subset of vertices $S$, we define $L_{S,t}$ to be the Laplacian of $G_{S , \setof{t}}$. For a matrix $L$, we write its pseudo-inverse as $L^\dagger$. We write $L^{\dagger/2}$ for the square root of the pseudo-inverse. We will prove the following statement that is equivalent to Lemma~\ref{lem:light} \[ \norm{ L^{\dagger/2} L_{S} L^{\dagger/2}} \leq \epsilon . \] We will find it convenient to multiply all Laplacian matrices on the left and right by $L^{\dagger/2}$. So, we define \[ \Ltil_S = L^{\dagger/2} L_{S} L^{\dagger/2}, \quad \Ltil_{S,T} = L^{\dagger/2} L_{S,T} L^{\dagger/2}, \quad \Ltil_{S,t} = L^{\dagger/2} L_{S,t} L^{\dagger/2}, \] and recall that $L^{\dagger/2} L L^{\dagger/2} \defeq \Pi $ is a symmetric projection matrix. We are going to build up $S$ in a greedy fashion. We will begin with a singleton set, and then add one vertex at a time. As we add vertices to $S$, we will need to maintain bounds on two quantities: a modification of the upper barrier function from \cite{BSS} and the sum of the leverage scores of edges between $S$ and $V \setminus S$. The leverage score of an edge $(s,t)$ is defined to be $w(s,t)$ times the effective resistance between $s$ and $t$: \[ \ell(s,t ) = w(s,t) (\ddelta_s - \ddelta_t)^T L^{\dagger} (\ddelta_s - \ddelta_t) = \trace{w(s,t) (\ddelta_s - \ddelta_t) (\ddelta_s - \ddelta_t)^T L^{\dagger} } = \trace{L_{\setof{s}, \setof{t}} L^{\dagger}}. \] For vertices $s$ and $t$ for which $(s,t)$ is not an edge, we define $\ell(s,t) = 0$. For subsets of vertices $S$ and $T$, we define \[ \ell(S,T) \defeq \sum_{s \in S} \sum_{t \in T} \ell(s,t) = \sum_{s \in S} \sum_{t \in T : (s,t) \in E} \ell(s,t), \] and \[ \ell(S) \defeq \ell(S,V - S). \] \begin{claim}\label{clm:ellSt} For $S$ and $T$ subsets of vertices, $\ell(S, T) = \trace{\Ltil_{S,T}}$. \end{claim} \begin{proof} From the definition of the Laplacian of a graph, we have $ L_{S,T} = \sum_{s \in S} \sum_{t \in T} L_{\setof{s}, \setof{t}} $. So, \begin{multline*} \trace{\Ltil_{S,T}} = \trace{L^{\dagger/2} L_{S,T} L^{\dagger/2} } = \trace{L_{S,T} L^\dagger} \\ = \sum_{s \in S} \sum_{t \in T} \trace{ L_{\setof{s}, \setof{t}} L^\dagger } = \sum_{s \in S} \sum_{t \in T} \ell(s,t) = \ell(S,T). \end{multline*} \end{proof} We modify the BSS barrier function to make it better suited to matrices of rank at most $\sigma$ by only incorporating the largest $\sigma$ eigenvalues of the matrix. For a matrix $A$ with eigenvalues $\lambda_1 \geq \lambda_2 \geq \dotsb \geq \lambda_n$, and a $u > \lambda_1$, we define \[ \Phi^{u}_{\sigma} (A) \defeq \sum_{i=1}^{\sigma}\frac{1}{u - \lambda_{i}}. \] If $u \leq \lambda_1$, we define $\Phi^{u}_{\sigma} (A) = \infty$. We overload the definition of $\Phi $ by setting \[ \Phi^{u}_{\sigma} (S) \defeq \Phi^{u}_{\sigma} (\Ltil_{S}). \] Our objective is to find a set $S$ of size $\sigma$ so that $\Phi^{\epsilon}_{\sigma} (S) < \infty$. We deal with this barrier function by considering a modified trace of a matrix that only sums the largest $\sigma$ eigenvalues of its argument: \[ \trs{A} \defeq \sum_{i=1}^{\sigma}\lambda_{i}, \] where the eigenvalues of $A$ are $\lambda_1 \geq \lambda_2 \geq \dotsb \geq \lambda_n$. We then have $\Phi^{u}_{\sigma} (A) = \trs{\left(u I - A\right)^{-1}}$. In all cases we consider, the argument of $\Trs$ is a diagonalizable matrix with real eigenvalues. For the rest of this note, define \[ \delta \defeq \frac{21}{n}, \quad \phi \defeq \frac{n}{21}, \quad \mathrm{and} \quad \sigma \defeq \floor{\epsilon n / 42}. \] We will prove Lemma \ref{lem:light} by iteratively applying the following lemma. \begin{lemma}\label{lem:oneStep} If $\sizeof{S} \leq \sigma$, $\ell(S) \leq 4 \sizeof{S}$, and $\Phi^{u}_{\sigma} (S) \leq \phi$, then there is a $t \not \in S$ so that \[ \Phi^{u+\delta}_{\sigma} (S \union \setof{t}) \leq \phi \quad \mathrm{and} \quad \ell(S \union \setof{t}) \leq \ell(S) + 4. \] \end{lemma} \begin{proof} Lemma \ref{lem:ell} says that for more than half the $t \not \in S$, $\ell(S \union \setof{t}) \leq \ell(S) + 4$. And, under the conditions of the lemma, Lemma~\ref{lem:barrier} says that for at least half the $t \not \in S$, $\Phi^{u}_{\sigma} (S \union \setof{t}) \leq \phi$. So, there is a $t \not \in S$ that satisfies both conditions. \end{proof} \begin{proof}[Proof of Lemma \ref{lem:light}] Set $u_{0} = \epsilon / 2$ and let $S_0 = \setof{v_0}$ an arbitrary $v_0 \in V$. As $G_{S_0}$ has no edges, \[ \Phi^{u_{0}}_{\sigma} (S_{0}) = \sigma / u_{0} \leq \frac{n}{21} = \phi . \] By applying Lemma~\ref{lem:oneStep} $\sigma$ times, we inductively construct a set $S$ of $\sigma + 1$ vertices so that $\ell(S) \leq 4 \sigma$ and $\Phi^{u_{0} + \sigma \delta}_{\sigma} (S) \leq \phi$. This implies that all of the eigenvalues of $\Ltil_{S}$ are at most \[ u_{0} + \sigma \delta = \frac{\epsilon}{2} + \sigma \frac{21}{n} \leq \epsilon . \] \end{proof} \section{Proofs} \begin{lemma}\label{lem:ell} Let $S \subset V$. Then, for more than half the $t$ not in $S$, \[ \ell(S \union \setof{t}) \leq \ell(S) + 4. \] \end{lemma} \begin{proof} Recall $\ell(S \union \setof{t}) = \ell(S \union \setof{t}, V - (S \union \setof{t}))$. For $t \not \in S$, we use the inequality \[ \ell(S \union \setof{t}, V - (S \union \setof{t})) \leq \ell(S \union \setof{t}, V - S) = \ell(S) + \ell(t, V - S). \] So, it suffices to show that for more than half the $t \not \in S$, $\ell(t, V - S) \leq 4$. This follows from the non-negativity of $\ell$ and Claim~\ref{clm:ell} which shows that \[ \sum_{t \in V - S} \ell(t, V - S) < 2 \sizeof{V - S} . \] \end{proof} \begin{claim}\label{clm:ell} For every $T \subset V$, \[ \sum_{t \in T} \ell(t, T) \leq 2 (\sizeof{T} - 1). \] \end{claim} \begin{proof} \begin{align*} \sum_{t \in T} \ell(t, T) = \sum_{t \in T} \trace{L_{\setof{t}, T} L^\dagger} = 2 \trace{L_{T} L^\dagger}. \end{align*} To show that $\trace{L_T L^\dagger} < \sizeof{T}$, observe that $L_T \pleq L$, so all the eigenvalues of $L_T L^\dagger$ are between 0 and 1. Because $L_T$ has rank at most $\sizeof{T}-1$, at most $\sizeof{T}-1$ eigenvalues of $L_T L^\dagger$ are non-zero. \end{proof} For convenience, we now state a few key properties of the function $\Trs$ of a matrix. We begin with its defect: it is not additive. But, Ky Fan's eigenvalue inequality (see Theorem 4.3.47a of \cite{HornJohnsonMatrix}) tells us that it is subadditive: \begin{equation}\label{eqn:modtrace:subadditive} \trs{A + B} \leq \trs{A} + \trs{B}. \end{equation} Most of the properties of $\Trs$ that we find helpful follow from the fact that, for matrices $A$ and $B$, $AB$ has the same non-zero eigenvalues as $BA$, counted with multiplicity. \begin{proposition}\label{prop:modtrace} For symmetric matrices $A$ and $B$, \begin{enumerate}[label=\alph*., ref=\alph*] \item $\trs{A} = \max_{U} \trace{U A U^T}$, where the maximum is taken over all orthogonal matrices of rank $\sigma$. \label{prop:modtrace:max} \item If $A$ is positive semidefinite, then $\trs{AB} = \trs{BA}$. \label{prop:modtrace:rotate} \item If $A$ and $B$ are positive semidefinite, then $\trs{AB} \geq 0$. \label{prop:modtrace:positive} \item If $A \pleq B$, then $\trs{A} \leq \trs{B}$. \label{prop:modtrace:monotone} \item If $C$ is positive semidefinite and $A \pleq B$, then $\trs{AC} \leq \trs{BC}$. \label{prop:modtrace:monotone2} \end{enumerate} \end{proposition} \begin{proof} Part \ref{prop:modtrace:max} is Ky Fan's maximum principle, proved in \cite{KyFanWeyl}. Part \ref{prop:modtrace:rotate} is a direct consequence of the facts that $AB$ has $n$ real eigenvalues if $A$ is positive semidefinite, and $AB$ and $BA$ have the same non-zero eigenvalues. Part \ref{prop:modtrace:positive} follows from the fact that all eigenvalues of the product of positive semidefinite matrices are non-negative. Part \ref{prop:modtrace:monotone} follows from using \eqref{eqn:modtrace:subadditive} to show $\trs{A} \leq \trs{B} + \trs{A - B} \leq \trs{B},$ using the fact that $A - B$ is negative semidefinite and so $\trs{A - B} \leq 0$. To derive part \ref{prop:modtrace:monotone2} from part \ref{prop:modtrace:monotone}, let $V$ be a matrix so that $V^T V = C$, and apply \ref{prop:modtrace:rotate} to show the conclusion is equivalent to $\trs{V A V^T} \leq \trs{V B V^T}$, which follows from $V A V^T \pleq V B V^T$. \end{proof} Note that $\Ltil_{S \union \setof{t}} = \Ltil_{S} + \Ltil_{S,t}$. To show that we can choose a $t \not \in S$ that does not increase the barrier function, we employ the following adaptation of Lemma~19 of \cite{CarliSilvaHS}, which in turn is an adaptation of Lemma 3.3 from \cite{BSS}. We include a proof for completeness. \begin{lemma}\label{lem:upperBarrier} Let $A$ and $B$ be positive semidefinite matrices, $\delta > 0$, and let $M = (u+\delta)I - A$. If $\Phi^{u}_{\sigma} (A) < \infty$ and \begin{equation}\label{eqn:upperBarrier} \frac{\trs{M^{-2} B}} {\Phi^{u}_{\sigma} (A) - \Phi^{u+\delta }_{\sigma} (A) } + \trs{M^{-1} B} < 1, \end{equation} then $\Phi^{u+\delta}_{\sigma} (A + B) \leq \Phi^{u}_{\sigma} (A)$. \end{lemma} \begin{proof} Our assumption that $\Phi^{u}_{\sigma} (A) < \infty$ implies that $M$, $M^{-1}$, and $M^{-2}$ are all positive definite. Thus, Proposition~\ref{prop:modtrace}\ref{prop:modtrace:positive} implies that both terms in \eqref{eqn:upperBarrier} are non-negative. Let $C$ be a matrix for which $B = C C^T$, and so by Proposition~\ref{prop:modtrace}\ref{prop:modtrace:rotate} $\trs{M^{-1} B} = \trs{C^T M^{-1} C} < 1$. Recall $\Phi^{u+\delta}_{\sigma} (A + B) = \trs{(M - C C^T)^{-1}}.$ By the Sherman-Morrison-Woodbury formula, \[ (M - C C^T)^{-1} = M^{-1} + M^{-1} C (I - C^T M^{-1} C)^{-1} C^T M^{-1}. \] As $\norm{C^T M^{-1} C} \leq \trs{C^T M^{-1} C} < 1$, we know that right-hand term is positive definite, and thus all eigenvalues of $A+B$ are less than $u + \delta$. Now, \eqref{eqn:modtrace:subadditive} implies \[ \Phi^{u+\delta}_{\sigma} (A + B) \leq \trs{M^{-1}} + \trs{M^{-1} C (I - C^T M^{-1} C)^{-1} C^T M^{-1}}. \] By Propositon~\ref{prop:modtrace}\ref{prop:modtrace:rotate}, \[ \trs{M^{-1} C (I - C^T M^{-1} C)^{-1} C^T M^{-1}} = \trs{ (I - C^T M^{-1} C)^{-1} C^T M^{-2} C} \] As $\norm{C^T M^{-1} C} \leq \trs{C^T M^{-1} C} < 1$, $(I - C^T M^{-1} C)^{-1} \pleq (1 - \trs{C^T M^{-1} C})^{-1} I$, and by Proposition~\ref{prop:modtrace}\ref{prop:modtrace:monotone}, \[ \trs{ (I - C^T M^{-1} C)^{-1} C^T M^{-2} C} \leq \frac{\trs{C^T M^{-2} C}}{1 - \trs{C^T M^{-1} C}}. \] Writing $\trs{M^{-1}} = \Phi^{u}_{\sigma} (A) - (\Phi^{u}_{\sigma} (A) - \Phi^{u+\delta}_{\sigma} (A))$, we obtain \[ \Phi^{u+\delta}_{\sigma} (A + B) \leq \Phi^{u}_{\sigma} (A) - (\Phi^{u}_{\sigma} (A) - \Phi^{u+\delta}_{\sigma} (A)) + \frac{\trs{C^T M^{-2} C}}{1 - \trs{C^T M^{-1} C}}, \] which \eqref{eqn:upperBarrier} and Proposition~\ref{prop:modtrace}\ref{prop:modtrace:rotate} imply is at most $\Phi^{u}_{\sigma} (A)$. \end{proof} We will apply this result with $A = \Ltil_{S}$ and $B = \Ltil_{S,t}$. When these terms, along with $u$ and $\delta$ are given, it will be convenient to write \[ U (S,t) \defeq \frac{\trs{M^{-2} \Ltil_{S,t}}} {\Phi^{u}_{\sigma} (S) - \Phi^{u+\delta }_{\sigma} (S) } + \trs{M^{-1} \Ltil_{S,t}}. \] \begin{lemma}\label{lem:barrier} If $\sizeof{S} \leq \sigma$, $\Phi^{u}_{\sigma} (S) \leq \phi$, and $\ell(S) \leq 4 \sizeof{S}$, then for at least half the $t \not \in S$, \[ U (S,t) < 1 \] \end{lemma} \begin{proof} We will prove that \[ \sum_{t \not \in S} U(S,t) \leq \frac{5}{\delta} + 5 \phi. \] As $U(S,t)$ is non-negative, this implies that for at least half the $t \not \in S$, \[ U(S,t) \leq \frac{2}{n - \sizeof{S}} \left( \frac{5}{\delta} + 5 \phi \right) \leq \frac{2}{n} \frac{42}{41} \left( \frac{5 n}{21} + \frac{5 n}{21} \right) < 1. \] We need to upper bound the terms $\trs{M^{p} \Ltil_{S,t}}$ for $p \in \setof{-1,-2}$. We do this by breaking each term into two parts. Let $\Pi_{S}$ be the symmetric projection onto the span of $\Ltil_{S}$ and let $\Pi_{T} = I - \Pi_{S}$. As $M = (u + \delta) (\Pi_{S} + \Pi_{T}) - \Ltil_{S}$, $\Pi_{T} \Pi_{S} = \Pi_{T} \Ltil_{S} = 0$, and $\Pi_{S}^p = \Pi_{S}$, \[ M^p = (u + \delta)^p \Pi_{T} + \left( (u + \delta) \Pi_{S} - \Ltil_{S} \right)^p. \] By the subadditivity of $\Trs$ we conclude \[ \trs{M^{p} \Ltil_{S,t}} \leq \trs{ (u + \delta)^p \Pi_{T} \Ltil_{S,t}} + \trs{ \left( (u + \delta) \Pi_{S} - \Ltil_{S} \right)^p \Ltil_{S,t}}. \] The term invovling $\Pi_{S}$ is addressed by Claim~\ref{clm:barrierSPart}, which says \[ \sum_{t \not \in S} \trs{\left( (u+\delta)\Pi_{S} - \Ltil_{S} \right)^{p} \Ltil_{S,t}} \leq \trs{M^{p}}. \] For the other term, we recall that $\Pi_{T}$ and $\Ltil_{S,t}$ are positive semidefinite and so their product has only non-negative eigenvalues to show \[ \trs{ (u + \delta)^p \Pi_{T} \Ltil_{S,t}} \leq \trace{ (u + \delta)^p \Pi_{T} \Ltil_{S,t}} \\ = (u + \delta)^p \trace{ \Pi_{T} \Ltil_{S,t}} \leq (u + \delta)^p \trace{\Ltil_{S,t}}. \] Claim~\ref{clm:ellSt} tells us that this equals $(u + \delta)^p \ell(S,t)$, giving \[ \sum_{t \not \in S} \trs{ (u + \delta)^p \Pi_{T} \Ltil_{S,t}} \leq (u + \delta)^p \sum_{t \not \in S} \ell(S,t) = (u + \delta)^p \ell(S) \leq (u + \delta)^p 4 \sizeof{S}. \] To combine these terms, note that all the eigenvalues of $M$ are at most $(u+\delta)$, and thus for $p < 0$ all the eigenvalues of $M^p$ are at least $(u+\delta)^p$. This tells us that $\trs{M^p} \geq \sigma (u+\delta)^p \geq \sizeof{S} (u+\delta)^p$. We conclude that \[ \sum_{t \not \in S} \trs{M^p \Ltil_{S,t}} \leq 5 \trs{M^p}. \] To finish, we return to \[ \sum_{t \not \in S} U (S,t) = \sum_{t \not \in S} \frac{\trs{M^{-2} \Ltil_{S,t}}} {\Phi^{u}_{\sigma} (S) - \Phi^{u+\delta }_{\sigma} (S) } + \sum_{t \not \in S} \trs{M^{-1} \Ltil_{S,t}} \leq \frac{5 \trs{M^{-2}}} {\Phi^{u}_{\sigma} (S) - \Phi^{u+\delta }_{\sigma} (S) } + 5 \trs{M^{-1}}. \] The right-hand term is at most $5 \Phi^{u+\delta}_{\sigma} (S)$, and Claim~\ref{clm:barrierPhi} shows that the left-hand term is at most $\frac{5}{\delta}$. Summing these together gives the result. \end{proof} \begin{claim}\label{clm:barrierSPart} Assume that $\sizeof{S} \leq \sigma$. For $M = (u+\delta)I - \Ltil_{S}$, and nonzero real $p$, \[ \sum_{t \not \in S} \trs{\left( (u+\delta)\Pi_{S} - \Ltil_{S} \right)^{p} \Ltil_{S,t}} \leq \trs{M^{p}}. \] \end{claim} \begin{proof} Because both $\Ltil_{S,t}$ and $\left( (u+\delta)\Pi_{S} - \Ltil_{S} \right)^{p}$ are positive semidefinite, the eigenvalues of their product are nonnegative, and so \[ \trs{\left( (u+\delta)\Pi_{S} - \Ltil_{S} \right)^{p} \Ltil_{S,t}} \leq \trace{\left( (u+\delta)\Pi_{S} - \Ltil_{S} \right)^{p} \Ltil_{S,t}}. \] As $\sum_{t \not \in S} \Ltil_{S,t} = \Ltil_{S,T} \pleq I$, Proposition~\ref{prop:modtrace}\ref{prop:modtrace:monotone} implies \begin{multline*} \sum_{t \not \in S} \trace{\left( (u+\delta)\Pi_{S} - \Ltil_{S} \right)^{p} \Ltil_{S,t}} = \trace{\left( (u+\delta)\Pi_{S} - \Ltil_{S} \right)^{p} \Ltil_{S,T}} \\ \leq \trace{\left( (u+\delta)\Pi_{S} - \Ltil_{S} \right)^{p}} = \trace{\Pi_{S} \left( (u+\delta) I - \Ltil_{S} \right)^{p} \Pi_{S}} = \trace{\Pi_{S} M^{p} \Pi_{S}}. \end{multline*} By Ky Fan's maximum principle (Proposition~\ref{prop:modtrace}\ref{prop:modtrace:max}) this latter term is at most $\trs{M^{p}}$. \end{proof} \begin{claim}\label{clm:barrierPhi} \[ \Phi^{u}_{\sigma} (S) - \Phi^{u+\delta }_{\sigma} (S) \geq \delta \trs{M^{-2}}. \] \end{claim} \begin{proof} Let $\lambda_{1}, \dotsc , \lambda_{\sigma}$ be the largest $\sigma$ eigenvalues of $\Ltil_{S}$. Then, \begin{align*} \Phi^{u}_{\sigma} (S) - \Phi^{u+\delta }_{\sigma} (S) & = \sum_{i=1}^{\sigma} \frac{1}{u - \lambda_{i}} - \sum_{i=1}^{\sigma} \frac{1}{u + \delta - \lambda_{i}} \\ & = \sum_{i=1}^{\sigma} \frac{\delta }{(u - \lambda_{i}) (u + \delta - \lambda_{i})} \\ & \geq \sum_{i=1}^{\sigma} \frac{\delta }{(u + \delta - \lambda_{i})^{2}}. \\ & = \delta \trs{M^{-2}}. \end{align*} \end{proof} \newcommand{\etalchar}[1]{$^{#1}$} \begin{thebibliography}{KLP{\etalchar{+}}16} \bibitem[BSS12]{BSS} Joshua Batson, Daniel~A Spielman, and Nikhil Srivastava. \newblock Twice-{Ramanujan} sparsifiers. \newblock {\em SIAM Journal on Computing}, 41(6):1704--1721, 2012. \bibitem[Fan49]{KyFanWeyl} Ky~Fan. \newblock On a theorem of {Weyl} concerning eigenvalues of linear transformations {I}. \newblock {\em Proceedings of the National Academy of Sciences of the United States of America}, 35(11):652, 1949. \bibitem[HJ12]{HornJohnsonMatrix} Roger~A Horn and Charles~R Johnson. \newblock {\em Matrix analysis}. \newblock Cambridge university press, 2012. \bibitem[KLP{\etalchar{+}}16]{kyng2016sparsified} Rasmus Kyng, Yin~Tat Lee, Richard Peng, Sushant Sachdeva, and Daniel~A Spielman. \newblock Sparsified {Cholesky} and multigrid solvers for connection {Laplacians}. \newblock In {\em Proceedings of the forty-eighth annual ACM symposium on Theory of Computing}, pages 842--850. ACM, 2016. \bibitem[LPS15]{LeePengSpielman} Yin~Tat Lee, Richard Peng, and Daniel~A. Spielman. \newblock Sparsified {Cholesky} solvers for {SDD} linear systems. \newblock {\em CoRR}, abs/1506.08204, 2015. \bibitem[SHS15]{CarliSilvaHS} Marcel K De~Carli Silva, Nicholas~JA Harvey, and Cristiane~M Sato. \newblock Sparse sums of positive semidefinite matrices. \newblock {\em ACM Transactions on Algorithms (TALG)}, 12(1):1--17, 2015. \end{thebibliography}",Combinatorics,3,https://github.com/1stproof/batch-1/tree/main/author-solutions
first-proof-7-official,"Suppose that $\Gamma$ is a uniform lattice in a real semi-simple group, and that $\Gamma$ contains some 2-torsion. Is it possible for $\Gamma$ to be the fundamental group of a compact manifold without boundary whose universal cover is acyclic over the rational numbers $\mathbb{Q}$?","\maketitle Fowler, in his Ph.D. thesis, proved that if $\Gamma$ is a uniform lattice in a real semisimple group with odd torsion in $\Gamma$ then there is no compact closed manifold $M$ whose universal cover is rationally acyclic. A proof can be found in [W2]. We show that the same is true for $\Gamma$ with 2-torsion. Without loss of generality (by considering a normal subgroup of finite index), it suffices to prove this for the special case where $\Gamma = \pi \rtimes \mathbb{Z}_{2}$ for a torsion free group $\pi$, a lattice in $G$, for which there is an involution on $M = K\backslash G/\pi$ (by isometries with the locally symmetric metric) whose fixed set $F$ is not empty. ($F$ might be disconnected; for simplicity we will write what follows just for the connected case -- there are no differences in the general case.) Now suppose that $X^{m}$ is a manifold with fundamental group $\Gamma$, $Y$ its 2-fold cover, and suppose that the universal cover of $X$ (and therefore $Y$) are rationally acyclic. We will consider the symmetric signatures of $Y$ in the (symmetric = quadratic L-group) $L(\mathbb{R}\pi)$, where $\mathbb{R}$ is the real numbers. There is an equivalence $f:Y \to M$ which (while not degree one) gives an equivalence of symmetric signatures (because over $\mathbb{R}$, all degrees have square roots, so the symmetric signature is only sensitive to the sign of the degree of the map). Since the Novikov conjecture is true for $\pi$, the assembly map from $H_{m}(B\pi; L(\mathbb{R})) \to L_{m}(\mathbb{R}\pi)$ is injective, and this detects in the degree $m$ piece $H_{m}(B\pi; \mathbb{Z})$ the class that these manifolds represent in group homology. It follows that this map is degree one. $f_{*}[Y] = [M]$. Now we use a cobordism argument from [W1]. We now consider the image of the fundamental class of any manifold $Z$ with fundamental group $\pi$ involution inducing this automorphism of $\pi$ and the image of $[Z]$ in $H_{m}(B\Gamma; \mathbb{Z}_{2})$. It follows from standard equivariant homotopy theory that $Z$ has an equivariant map, $g$, to $M$, and thus there is a map from its fixed set $Z^{\mathbb{Z}_2} \to F$. We claim that $g_{*}[Z] = g_{*}[Z^{\mathbb{Z}_2}]$ where we make use of the map from $\mathbb{Z}_{2} \times \pi_{1}F \to \Gamma$ (and the periodicity on the group homology of $\mathbb{Z}_{2}$ to raise the dimension from that of $F$ to $\dim M$). This cobordism is between $Z$ and a projective space bundle over $Z^{\mathbb{Z}_2}$ -- namely the projectivized normal bundle to $Z^{\mathbb{Z}_2}$. (The fundamental class of the latter is the desired element by the Leray-Hirsch theorem.) It is explicitly $Z \times [0,1]$ and on $Z \times \{1\}$ mod out in the complement of the equivariant regular neighborhood of $Z^{\mathbb{Z}_2}$ the $\mathbb{Z}/2$ action. Thus for $Y$, this image is 0, since the action is free. For $M$ however, this is always nonzero. The action by $\mathbb{Z}_{2}$ by isometries has fixed set which is aspherical and indeed the Borel construction for the action on $M$ shows that $\mathbb{Z}_{2}\times F \to \Gamma$ induces an injection on homology in dimension $\dim(M/\mathbb{Z}_{2})$ (and an isomorphism in higher dimensions, see [B]). Since the fundamental class of an aspherical manifold is always nontrivial in its group homology, we have a contradiction. \section*{References} [B] A. Borel, A seminar on transformation groups, Princeton University Press 1960 [W1] S. Weinberger, Group actions and higher signatures II, CPAM 1987 [W2] S. Weinberger, Variations on a theorem of Borel, Cambridge University Press 2022",Geometry,3,https://github.com/1stproof/batch-1/tree/main/author-solutions
first-proof-8-official,"A polyhedral Lagrangian surface $K$ in $\mathbb{R}^4$ is a finite polyhedral complex all of whose faces are Lagrangians, and which is a topological submanifold of $\mathbb{R}^4$. A Lagrangian smoothing of $K$ is a Hamiltonian isotopy $K_t$ of smooth Lagrangian submanifolds, parameterised by $(0,1]$, extending to a topological isotopy, parametrised by $[0,1]$, with endpoint $K_0 = K$. Let $K$ be a polyhedral Lagrangian surface with the property that exactly $4$ faces meet at every vertex. Does $K$ necessarily have a Lagrangian smoothing?","\maketitle \begin{remark} This note is expanded from a short motivating discussion in a research paper that is supposed to develop a theory of polyhedral Lagrangian submanifolds for the purpose of being able to use computers to explore conjectures in symplectic topology. It includes some details that would normally be omitted (e.g. the proof of Lemma \ref{lem:local_triviality}, which is a linear algebra exercise, and much of the explanation about closed $1$-forms). The paper does not cite any references as the reader is assumed to be able to deduce all asserted results from standard references, e.g. \cite{Hirsch,MDS}. I would like to thank Kyler Siegel and Umut Varolgunes for helpful discussions around this circle of ideas. \end{remark} For the purpose of this note, we equip $\bR^4$ with coordinates $(q_1, q_2, p_1, p_2)$, and with the standard symplectic form $\omega = dp_1 \wedge dq_1 + dp_2 \wedge dq_2$. \begin{definition} A polyhedral Lagrangian surface in $\bR^4$ is a finite polyhedral complex all of whose faces are Lagrangians, and which is a topological submanifold of $\bR^4$. \end{definition} \begin{proposition} \label{prop:existence_Hamiltonian_family} If $K$ is a polyhedral Lagrangian surface with the property that exactly $4$ faces meet at every vertex, then there is a Hamiltonian isotopy $K_t$ of smooth Lagrangian submanifolds, parameterised by $(0,1]$, extending to a topological isotopy, parametrised by $[0,1]$, with endpoint $K_0 = K$. \end{proposition} In order to prove this result, we need two preliminary results: a local statement asserting triviality near each vertex, and a global statement implying the compatibility of these local trivialisations. \begin{lemma} \label{lem:local_triviality} For each embedding $\bR^2 \to \bR^4$ which is linear on the four quadrants with Lagrangian image, and whose image $\Sigma$ is not contained in a plane, there is a linear symplectic transformation of $\bR^4$ which maps $\Sigma$ to the product of the union of the positive coordinate axes in $\bR^2_{p_1q_1}$ and $\bR^2_{p_2q_2}$. \end{lemma} \begin{proof} Let $(v_1,v_2,u_1,u_2)$ denote tangent vectors at the origin to the edges of $\Sigma$, ordered so that cyclically adjacent vectors span the faces of $\Sigma$. The pairings $\omega(v_i,u_i)$ cannot vanish, for otherwise $\omega$ would identically vanish on a $3$-dimensional linear subspace. By swapping the pair of coordinates $(v_i, u_i) $ if necessary, we may assume that both pairings are strictly positive, and by rescaling we may assume that they are $1$. We conclude that the vectors $(v_1,v_2,u_1,u_2)$ form a standard symplectic basis for $\bR^4$, and that the mapping $\partial_{p_i} \to v_i$ and $\partial_{q_i} \to u_i$ is the desired linear transformation. \end{proof} In the plane $\bR^2_{pq}$, the symplectic pairing projects the union of the positive axes homeomorphically to the dual of the line $p=q$. Taking the product, and applying the previous Lemma, we conclude: \begin{corollary} \label{cor:dual_plane_local} There exists a linear Lagrangian plane $L \subset \bR^4$ so that the symplectic pairing $\bR^4 \to L^\vee$ defines a homeomorphism $\Sigma \to L^\vee$. \qed \end{corollary} The previous corollary in particular equips $\Sigma$ with a smooth structure arising from its projection to $L^\vee$. This smooth structure will be fixed for the remainder of the discussion. Given a choice of plane $L$, we say that a Lagrangian $\Lambda \subset \bR^4$ is \emph{graphical} if the symplectic pairing defines a diffeomorphism $ \Lambda \cong L^\vee$. If $\Sigma$ were smooth, the standard description of Lagrangians in cotangent bundles would imply that such Lagrangians bijectively correspond to smooth closed $1$-forms, which, because $\Sigma$ is contractible and hence every closed form on it is exact, can be identified with smooth functions modulo addition of constants. We shall formulate a replacement for this correspondence that accounts for the singularities of $\Sigma$. To this end, let us choose further a Lagrangian splitting of the projection $\bR^4 \to L^\vee$; we shall later see that our constructions are independent of this choice. The splitting gives a direct sum decomposition $\bR^4 \cong L \oplus L^\vee$ (polarization), with respect to which the image of each quadrant is graphical over $L^\vee$. Graphical (linear) Lagrangians bijectively correspond to quadratic forms, so we obtain quadratic forms $\{ q_{ij}\}_{i,j \in \pm}$ on $L^\vee$ whose graphs contain the corresponding faces of $\Sigma$. The restriction of the quadratic forms associated to any two faces agree to first order along the images in $L^\vee$ of the edges of $\Sigma$. Via the identification $\Sigma \cong L^\vee$ from the previous corollary, we write $q_{\Sigma}$ for the $C^1$-function on $\Sigma$ whose restriction to each face is given by the composition of $q_{ij}$ with the projection to $L^\vee$. We use this to obtain an explicit description of the desired local smoothings, which will be essential in establishing the required global smoothability: \begin{definition} \label{def:smoothing_function} The space $\scrS(\Sigma)$ of \emph{smoothing functions} for $\Sigma$ is the space of $C^1$ functions $f \co \Sigma \to \bR$ satisfying the property that the function on $f + q_{\Sigma}$ is infinitely differentiable. \end{definition} It follows immediately from the definition that $\scrS(\Sigma)$ is invariant under addition of smooth functions, which will be used in the next result: \begin{lemma} \label{lem:independence_dual_Lagrangian} The space of smoothing functions $\scrS(\Sigma)$ depends only on $L$ (and not on the splitting of the projection $\bR^4 \to L^\vee$). \end{lemma} \begin{proof} A different choice of complementary subspaces correspond to adding a quadratic form $q'$ to $q_{ij}$, and the corresponding smooth function on $\Sigma$ to $q_{\Sigma}$. \end{proof} We shall now associate a graphical Lagrangian to each smoothing function: the construction relies on the fact that the union of all translates of $L$ passing through a face of $\Sigma$ is canonically symplectomorphic to the cotangent bundle of $\Sigma$, with the cotangent fibre at $z \in \Sigma$ corresponding to the translate of $L$ passing through $z$. In this way, a smoothing function $f$ determines a Lagrangian $\Lambda_{df} \subset \bR^4$, piecewise as the graph of the restriction of the differential $df$ to each face. \begin{lemma} \label{lem:functions_with_corners} The assignment $f \mapsto \Lambda_{df} $ determines a bijective correspondence between graphical Lagrangians and smoothing functions on $\Sigma$ up to addition of constants. \end{lemma} \begin{proof} In terms of the polarization from the discussion preceding Definition \ref{def:smoothing_function}, the Lagrangian $\Lambda_{df}$ corresponds to the graph of the differential of the function $f + q_{\Sigma}$ considered as a function on $L^\vee$ via the projection map, because each face of $\Sigma$ is the graph of $dq_{ij}$. The result now follows from the fact that graphical Lagrangians over $L^\vee$ are graphs of differentials of smooth functions. \end{proof} Note that while the proof uses the polarization, the construction does not. As in Lemma \ref{lem:independence_dual_Lagrangian}, we conclude that this bijection depends only on the choice of Lagrangian $L$. The above completes our local analysis near vertices. Near edges, the analysis is much simpler: \begin{lemma} \label{lem:transverse_plane_near_edge} If $\Sigma$ consists of a pair of linear Lagrangian half-planes in $\bR^4$ meeting along a line $\ell$, then the space of Lagrangian subspaces $L$, satisfying the property that the symplectic pairing $\Sigma \to L^\vee$ is a homeomorphism, is contractible. \end{lemma} \begin{proof} The submanifold $\Sigma$ is equivalent by (affine) linear symplectic transformations to the symplectic product of the real axis in an $\bR^2$ factor with the piecewise Lagrangian consisting of the positive axes in another. If the projection $\Sigma \to L^\vee$ is a homeomorphism, then $L$ must be transverse to both Lagrangian half-planes comprising $\Sigma$. This implies that the symplectic reduction of $L$ along $\ell$ (i.e. the image under the quotient by $\ell$ of the intersection of $L$ with the symplectic annihilator $\ell^\perp$) is a line transverse to two coordinate lines in $\ell^\perp/\ell \cong \bR^2 $, and $\Sigma$ projects homeomorphically to $L^\vee$ if and only if this reduction intersects the interior of the positive quadrant, which is a contractible condition. The argument is completed by noting that the space of Lagrangian lifts of a line $\ell'$ in $\bR^2$ is contractible: any two lifts to $\ell^\perp$ differ by the graph of a map from $\ell'$ to $\ell$, and $L$ is determined up to contractible choice by $L \cap \ell^\perp$, since it must lie in the symplectic orthogonal of this line, and the space of planes in $\bR^3$ containing a given line (in this case $L \cap \ell^\perp$) and avoiding another line (in this case $\ell$) is contractible. \end{proof} Extending Definitions \ref{def:smoothing_function} and \ref{def:conormal_fibration_local} verbatim to the case of a pair of edges, we obtain the analogue of Lemma \ref{lem:functions_with_corners}, using a splitting into factors as in the above proof. In the global setting, we cannot work with translates with a single Lagrangian, so we need to consider a family $L_z$ of Lagrangian planes, passing through each point $z \in \Sigma$, which are not necessarily translates of each other. We shall require four properties of such a family, the first three of which are easy to state: \begin{enumerate} \item $L_z$ consists of translates of a single Lagrangian near the origin. \item $L_z$ varies smoothly along the edges. \item $L_z$ varies smoothly along the faces. \end{enumerate} To formulate the last property, say that $\sigma$ and $\sigma'$ are faces meeting along an edge $\tau$, and let $z$ be a point on $\tau$. The choice of $L_z$ determines an identification \begin{equation*} T_z \sigma \cong L_z^\vee \cong T_z \sigma' \end{equation*} which is compatible with the inclusion of $T_z \tau$ on both sides. A \emph{matched normal field along $\tau$} is a choice of sections of $T \sigma|_{\tau}$ and $T \sigma'|_{\tau} $ which are inward pointing, and are opposite vectors under the above identification. For simplicity, we require this normal field, at the origin $\tau$, to point along the direction of the edge of $\sigma$ (or $\sigma'$) which meets $\tau$. Because the faces of $\Sigma$ are flat, this choice therefore determines an embedding $\tau \times [0,\epsilon) \to \sigma$, which is a collar neighbourhood (and similarly for $\sigma'$). \begin{definition} \label{def:conormal_fibration_local} A \emph{conormal fibration dual to $\Sigma$} is a family $L_z$ of (affine)-linear Lagrangian planes in $\bR^4$, parametrised by $z \in \Sigma$, satisfying the above three properties and so that, in a collar of each edge, the Lagrangians in the normal direction are translates of the Lagrangians along the edge. \end{definition} The choice of collars in the above construction determines a smooth structure on $\Sigma$ by using negative coordinates on one of the collars as well as the identification $(-\epsilon,0] \cup [0,\epsilon) \cong (-\epsilon,\epsilon) $. This is an a priori different way of constructing a smooth structure than our earlier formulation, and the next result asserts the compatibility of these contructions; in this setting, we choose an affine-linear Lagrangian $\Lambda_z$ passing through $z$, which is transverse to $L_z$, and consider the (locally defined) map from $\Sigma$ to $\Lambda_z$ which assigns to $z' \in \Sigma$ near $z$ the intersection points $L_{z'} \cap \Lambda_z$ which is unique because $L_z$ is close to $L_{z'}$. \begin{lemma} The projection map to $\Lambda_z$ is a local diffeomorphism. \end{lemma} \begin{proof} The only case that needs to be discussed is when $z$ lies on an edge $\tau$. The condition that $L_{z'}$ be given by translates along the collar direction implies that this map may be written along the collar of $\tau$ in a face $\sigma$ as $(t,s) \mapsto \gamma(t) + s \cdot \nu_{\sigma}(t)$, where $t$ is the coordinate along $\tau$ and $s \in [0,\epsilon)$ is the coordinate in the normal direction. The requirement that the normal fields are matched is equivalent to the condition that $\nu_{\sigma} = - \nu_{\sigma'} $ if $\sigma$ and $\sigma'$ are the two faces meeting along $\tau$. The smoothness of the map is immediate from this description. \end{proof} Whenever the family $L_z$ does not consist of translates, the Lagrangians $L_z$ will have non-empty intersections. However, such intersections always take place outside some open neighbourhood $\nu \Sigma$ of $\Sigma$, which we now fix. As before, the fibration $L_z$ determines a projection $\nu \Sigma \to \Sigma$. We say that a Lagrangian is \emph{graphical} with respect to $L_{z}$ if it is contained in this neighbourhood, and its projection to $\Sigma$ is a diffeomorphism. \begin{lemma} \label{lem:graphical_Lagrangians_local} Every graphical Lagrangian with respect to $L_{z}$ arises as the graph of a smoothing function. Moreover, any smoothing function whose differential is sufficiently small defines a graphical Lagrangian. \end{lemma} \begin{proof} The correspondence between graphical Lagrangians and smoothing functions is local on $\Sigma$. It thus suffices to consider a point $z \in \Sigma$, and observe that a Lagrangian plane $L^\vee_z$ which is transverse to $L_z$ at $z$ will also be transverse to nearby fibres, so that a neighbourhood of $z$ in $\nu \Sigma$ is modelled after the conormal bundle of $L^\vee_z$, by Weinstein's tubular neighbourhood theorem. The result then follows by the standard construction of Lagrangians as graphs of closed $1$-forms. \end{proof} In order for the previous result to be helpful, we need to be able to produce the desired functions; this is not completely obvious because the space of smoothing functions is not invariant under rescaling: \begin{lemma} \label{lem:local_approximate_Sigma} There exist smoothing functions of arbitrarily small $C^1$-norm. \end{lemma} \begin{proof} As a preliminary step, choose a partition of unity $\sum_\sigma \chi_\sigma =1 $ on $\Sigma$, of bounded $C^k$-norms for all $k$, indexed by the strata of $\Sigma$, so that $ \chi_\sigma$ vanishes outside a small neighbourhood of $\sigma$ and its restriction to $\sigma$ is identically $1$ in the complement of a small neighbourhood of the boundary of $\sigma$. If $ \chi^\epsilon_\sigma $ is the composition of $\chi_\sigma$ with the dilation of the plane by $1/\epsilon$, we obtain a family of partitions of unity which are uniformly bounded, and whose $C^1$-norms are bounded by a constant multiple of $1/\epsilon$. We now choose a Lagrangian plane $\Lambda_\sigma$ which contains each stratum $\sigma \subset \Sigma$, and which is transverse to $L$, and let $f_\sigma$ denote the corresponding smoothing function. Note that the tangency conditions imply that the functions $f_\sigma$ and $f_{\sigma'}$ agree to first order along $\sigma \cap \sigma'$. Let $f^\epsilon$ denote the function $\sum \chi^\epsilon_\sigma f_\sigma $. The fact that $ f^\epsilon_\sigma$ is a family of smoothing functions follows from the partition of unity, and the fact that the $C^1$-norm is bounded follows from the product rule and the observation that, while the norm of the gradient of $\chi^\epsilon_\sigma $ grows like $1/\epsilon$, it is supported in a region where the difference between $f_\sigma$ and $f_{\sigma'}$ is bounded by a constant multiple of $\epsilon^2$. \end{proof} We now proceed with the global part of the argument, and thus return to the setting where $K$ is a polyhedral Lagrangian surface in $\bR^4$. The first step is to globalise the choice of $L$: \begin{definition} A \emph{conormal fibration dual to $K$} is a smoothly varying family $L_z$ of (affine)-linear Lagrangian planes in $\bR^4$, parametrised by $z \in K$, which locally satisfies the properties from Definition \ref{def:conormal_fibration_local}. \end{definition} \begin{lemma} The surface $K$ admits a dual conormal fibration which, near vertex, agrees with the choice given by Corollary \ref{cor:dual_plane_local}. \end{lemma} \begin{proof} Lemma \ref{lem:transverse_plane_near_edge} implies that the choices near the vertices may be extended to the edges. Choosing a normal vector field to one of the faces that meets along an edge determines matched normals, and the extension to the interior of the faces is then standard, as the space of Lagrangian planes transverse to a given one is contractible. \end{proof} The conormal fibration determines a subset $\scrS(K)$ of the space of $C^1$-functions consisting of those functions which are smooth in the interior of each face, and which are smoothing functions in the sense of Definition \ref{def:smoothing_function} near each edge and vertex. \begin{lemma} \label{lem:global_smoothing_function} There exist smoothing functions for $K$ of arbitrarily small $C^1$-norm. \end{lemma} \begin{proof} Choose a partition of unity $\sum_\alpha \rho_{\alpha} =1 $ on $K$, indexed by the strata of $K$, so that $\rho_\alpha$ is supported in the open star of $\alpha$ (the union of all strata adjacent to it). Lemma \ref{lem:local_approximate_Sigma} asserts the existence of smoothing functions $f_\alpha$ of arbitrarily small $C^1$-norm defined on the open star of $\alpha$. The function $\sum_\alpha \rho_{\alpha} f_\alpha$ satisfies the desired property. \end{proof} We now arrive at the proof of the main result, which mostly consists of assembling together all the previous steps: \begin{proof}[Proof of Proposition \ref{prop:existence_Hamiltonian_family}] We have a neighbourhood $\nu K$ of $K$ in $\bR^4$ in which the conormal fibres $L_z$ are disjoint. The statement of Lemma \ref{lem:graphical_Lagrangians_local} and its proof apply verbatim to this space, replacing $K$ by $\Sigma$. The existence of sufficiently many global smoothing functions is guaranteed by Lemma \ref{lem:global_smoothing_function}. As a consequence, we obtain a sequence $K_i$ of smooth embedded Lagrangians, which are all isotopic to $K$ by a piecewise smooth isotopy and converge to it, that are moreover graphs of differentials of smooth functions (over each other) with respect to the fibration $\{ L_z \}$. This graphical description yields a smooth Hamiltonian path of graphical Lagrangians connecting $K_i$ to $K_{i+1}$, and smoothing the concatenation of these paths yields the desired result. \end{proof} \begin{thebibliography}{99} \bibitem{Hirsch} M.~W.~Hirsch. \newblock {\em Differential Topology}. \newblock Graduate Texts in Mathematics. Springer, 1976. \bibitem{MDS} D.~McDuff and D.~Salamon. \newblock {\em Introduction to Symplectic Topology}. \newblock Oxford Mathematical Monographs. Oxford University Press, third edition, 2017. \end{thebibliography}",Geometry,3,https://github.com/1stproof/batch-1/tree/main/author-solutions
first-proof-9-official,"Let $n \geq 5$. Let $A^{(1)}, \ldots, A^{(n)} \in \mathbb{R}^{3 \times 4}$ be Zariski-generic. For $\alpha, \beta, \gamma, \delta \in [n]$, construct $Q^{(\alpha \beta \gamma \delta)} \in \mathbb{R}^{3 \times 3 \times 3 \times 3}$ so that its $(i, j, k, \ell)$ entry for $1 \leq i, j, k, \ell \leq 3$ is given by $Q^{(\alpha \beta \gamma \delta)}_{i j k \ell} = \det [A^{(\alpha)}(i, :); A^{(\beta)}(j, :); A^{(\gamma)}(k, :); A^{(\delta)}(\ell, :)]$. Here $A(i, :)$ denotes the $i$th row of a matrix $A$, and semicolon denotes vertical concatenation. We are interested in algebraic relations on the set of tensors $\{Q^{(\alpha \beta \gamma \delta)} : \alpha, \beta, \gamma, \delta \in [n] \}$. More precisely, does there exist a polynomial map $\mathbf{F}: \mathbb{R}^{81n^4} \rightarrow \mathbb{R}^N$ that satisfies the following three properties? \begin{itemize} \item The map $\mathbf{F}$ does not depend on $A^{(1)}, \ldots A^{(n)}$. \item The degrees of the coordinate functions of $\mathbf{F}$ do not depend on $n$. \item Let $\lambda \in \mathbb{R}^{n \times n \times n \times n}$ satisfy $\lambda_{\alpha \beta \gamma \delta} \neq 0$ for precisely $\alpha, \beta, \gamma, \delta \in [n]$ that are not identical. Then $\mathbf{F}(\lambda_{\alpha \beta \gamma \delta} Q^{(\alpha \beta \gamma \delta)} : \alpha, \beta, \gamma, \delta \in [n]) = 0$ holds if and only if there exist $u, v, w, x \in (\mathbb{R}^*)^n$ such that $\lambda_{\alpha \beta \gamma \delta} = u_{\alpha} v_{\beta} w_{\gamma} x_{\delta}$ for all $\alpha, \beta, \gamma, \delta \in [n]$ that are not identical. \end{itemize}","\title{Answer to Question \#9} \author{From work by D.~Miao, G.~Lerman, J.~Kileel} \maketitle Yes, such algebraic relations do exist. Assemble the various tensors $\{Q^{(\alpha \beta \gamma \delta)} : \alpha, \beta, \gamma, \delta \in [n] \}$ into one tensor $\mathbf{Q} \in \mathbb{R}^{3n \times 3n \times 3n \times 3n}$, thought of as an $n \times n \times n \times n$ block tensor where the $(\alpha, \beta, \gamma, \delta)$-block is $Q^{(\alpha \beta \gamma \delta)} \in \mathbb{R}^{3 \times 3 \times 3 \times 3}$. Let $\mathbf{F}$ be the polynomial map sending $\{Q^{(\alpha \beta \gamma \delta)} : \alpha, \beta, \gamma, \delta \in [n] \}$ to the $5 \times 5$ minors of the four $3n \times 27n^3$ matrix flattenings of $\mathbf{Q}$. We will prove that $\mathbf{F}$ satisfies the desired properties. A key point is to discover the following algebraic identity. \begin{lemma} \label{lem:identity} Consider $\mathbf{Q} \in \mathbb{R}^{3n \times 3n \times 3n \times 3n}$ as above. It admits a Tucker tensor decomposition \begin{equation}\label{eq:tucker} \mathbf{Q} = \mathcal{C} \times_1 \mathbf{A} \times_2 \mathbf{A} \times_3 \mathbf{A} \times_4 \mathbf{A}, \end{equation} for $\mathcal{C} \in \mathbb{R}^{4 \times 4 \times 4 \times 4}$ and $\mathbf{A} \in \mathbb{R}^{3n \times 4}$. Explicitly, we can take \begin{equation*} \mathcal{C}_{abcd} = \begin{cases} \operatorname{sgn}(abcd) & \text{ if } a,b,c,d \in [4] \text{ are distinct} \\ 0 & \text{ otherwise}, \end{cases} \end{equation*} where sgn is parity of a permutation, and $\mathbf{A}$ to be the vertical concatenation $[A^{(1)}; \dots ; A^{(n)}]$. \end{lemma} \begin{proof} Let $[n] \times [3]$ stand for the indices of $\mathbf{Q}$ in each mode and for the row indices of $\mathbf{A}$. By definition of Tucker product, for all $(\alpha, i), (\beta, j), (\gamma, k), (\delta, \ell) \in [n] \times [3]$ we have \begin{align*} &\left(\mathcal{C} \times_1 \mathbf{A} \times_2 \mathbf{A} \times_3 \mathbf{A} \times_4 \mathbf{A}\right)_{(\alpha, i), (\beta, j), (\gamma, k), (\delta, \ell)} \\[0.25em] &= \sum_{a,b,c,d \in [4]} \mathcal{C}_{abcd} \mathbf{A}_{(\alpha, i), a} \mathbf{A}_{(\beta, j), b} \mathbf{A}_{(\gamma, k), c} \mathbf{A}_{(\delta, \ell), d} \\[0.25em] &= \sum_{a,b,c,d \in [4] \text{ distinct}} \operatorname{sgn}(abcd) A^{(\alpha)}_{ia} A^{(\beta)}_{jb} A^{(\alpha)}_{kc} A^{(\alpha)}_{\ell d} \\[0.25em] &= \det [A^{(\alpha)}(i, :); A^{(\beta)}(j, :); A^{(\gamma)}(k, :); A^{(\delta)}(\ell, :)] \\[0.25em] &= Q^{(\alpha \beta \gamma \delta)}_{i j k \ell} = \mathbf{Q}_{(\alpha, i), (\beta, j), (\gamma, k), (\delta, \ell)}. \qedhere \end{align*} \end{proof} The lemma explains why $\mathbf{F}$ captures algebraic relations between the tensors $\{Q^{(\alpha \beta \gamma \delta)} : \alpha, \beta, \gamma, \delta \in [n] \}$. Indeed, the block tensor $\mathbf{Q}$ has multilinear rank bounded by $(4,4,4,4)$ due to the Tucker decomposition in \eqref{eq:tucker}. Therefore, all $5 \times 5$ minors in $\mathbf{F}$ vanish. Below we break up the proof of the third property into two directions. The other properties are clear. Throughout the proof, for $\lambda \in \mathbb{R}^{n \times n \times n \times n}$ we let $\lambda \odot_{b} \mathbf{Q} \in \mathbb{R}^{3n \times 3n \times 3n \times 3n}$ denote blockwise scalar multiplication, i.e., the $(\alpha, \beta, \gamma, \delta)$-block of $\lambda \odot_{b} \mathbf{Q}$ is $\lambda_{\alpha \beta \gamma \delta} Q^{(\alpha \beta \gamma \delta)} \in \mathbb{R}^{3 \times 3 \times 3 \times 3}$. Roughly speaking, we need to show that a blockwise scaling of $\mathbf{Q}$ preserves multilinear rank if and only if the scaling is a rank-1 tensor off the diagonal. \medskip \subsection*{``If"" Direction} This follows easily from Lemma~\ref{lem:identity}. Assume $\lambda \in \mathbb{R}^{n \times n \times n \times n}$ agrees off-diagonal with $u \otimes v \otimes w \otimes x$ for $u,v,w,x \in (\mathbb{R}^{*})^n$ and is $0$ on the diagonal. Then \begin{equation*} \lambda \odot_b \mathbf{Q} = (u \otimes v \otimes w \otimes x) \odot_b \mathbf{Q}, \end{equation*} because the diagonal blocks of $\mathbf{Q}$ vanish. That is, $ Q^{(\alpha \alpha \alpha \alpha)} = 0 $ since each entry of $Q^{(\alpha \alpha \alpha \alpha)}$ is the determinant of a matrix with a repeated row. Note that blockwise scalar product with a rank-1 tensor with nonzero entries is equivalent to Tucker product with invertible matrices: \begin{equation*} (u \otimes v \otimes w \otimes w) \odot_b \mathbf{Q} = \mathbf{Q} \times_1 D_u \times_2 D_v \times_3 D_w \times_4 D_x. \end{equation*} Here $D_u \in \mathbb{R}^{3n \times 3n}$ is the diagonal matrix triplicating the entries of $u$ and likewise for $D_v, D_w, D_x$. Thus $\lambda \odot_b \mathbf{Q}$ and $\mathbf{Q}$ have the same multilinear rank, and from the lemma $\mathbf{F}(\lambda_{\alpha \beta \gamma \delta} Q^{(\alpha \beta \gamma \delta)} : \alpha, \beta, \gamma, \delta \in [n]) = 0$. \medskip \subsection*{``Only If"" Direction} The converse takes more work. Let $\lambda \in \mathbb{R}^{n \times n \times n \times n}$ have nonzero entries precisely off the diagonal and assume $\mathbf{F}(\lambda_{\alpha \beta \gamma \delta} Q^{(\alpha \beta \gamma \delta)} : \alpha, \beta, \gamma, \delta \in [n]) = 0$. We further assume $\lambda_{\alpha 1 1 1 } = \lambda_{1 \beta 1 1} = \lambda_{1 1 \gamma 1} = \lambda_{1 1 1 \delta}=1$ for all $\alpha, \beta, \gamma, \delta \in \{2, \ldots, n\}$. We reduce to this case by replacing $\lambda$ by its entrywise product with $\bar{u} \otimes \bar{v} \otimes \bar{w} \otimes \bar{x}$, where \begin{equation*} \bar{u}_{\alpha} = \begin{cases} 1 & \text{for } \alpha = 1\\ \lambda_{\alpha 1 1 1}^{-1} & \text{for } \alpha \in \{2, \dots, n\}, \end{cases} \end{equation*} and $\bar{v}, \bar{w}, \bar{x}$ are defined similarly using the second, third and fourth modes respectively. The replacement preserves the multilinear rank of $\lambda \odot_b \mathbf{Q}$ and whether or not $\lambda$ agrees off-diagonal with a rank-$1$ tensor. Hence it is without loss of generality. Through some explicit calculations, we will prove there exists $c \in \mathbb{R}^*$ such that \begin{itemize} \item $\lambda_{\alpha \beta \gamma \delta} = c$ if exactly two of $\alpha, \beta, \gamma, \delta$ equal $1$ \item $\lambda_{\alpha \beta \gamma \delta} = c^2$ if exactly one of $\alpha, \beta, \gamma, \delta$ equals $1$ \item $\lambda_{\alpha \beta \gamma \delta} = c^3$ if none of $\alpha, \beta, \gamma, \delta$ equal $1$ and $\alpha, \beta, \gamma, \delta$ are not identical. \end{itemize} This will establish the ``only if"" direction, as setting $u = v= w= (1, c, \ldots, c)$ and $x= (\tfrac{1}{c}, 1, \ldots, 1)$ gives $\lambda_{\alpha \beta \gamma \delta} = u_{\alpha} v_{\beta} w_{\gamma} x_{\delta}$ whenever $\alpha, \beta, \gamma, \delta$ are not identical. Our proof strategy is to examine appropriate coordinates of $\mathbf{F}(\lambda_{\alpha \beta \gamma \delta} Q^{(\alpha \beta \gamma \delta)} : \alpha, \beta, \gamma, \delta \in [n]) = 0$ in order to constrain $\lambda$. Equivalently, we will consider the vanishing of the determinants of certain well-chosen $5 \times 5$ submatrices of the flattenings of $\lambda \odot_b \mathbf{Q}$. Write $\mathbf{Q}_{(1)}$ and $(\lambda \odot_b \mathbf{Q})_{(1)}$ for mode-1 flattenings in $\mathbb{R}^{3n \times 27n^3}$. Rows correspond to the first tensor mode and are indexed by $(\alpha, i) \in [n] \times [3]$, while columns correspond to the other modes and are indexed by $((\beta, j), (\gamma, k), (\delta, \ell)) \in ([n] \times [3])^{3}$. \medskip \underline{{Step 1}}: The first submatrix of $(\lambda \odot_b \mathbf{Q})_{(1)}$ we consider has column indices $((\alpha,1),(1,3),(1,2))$, $((1,2),(\beta,2),(1,1))$, $((1,2),(\beta,3),(1,1))$, $((1,3),(\beta,3),$ $(1,2))$, $((1,1),(\beta,1),(1,3))$ and row indices $(1,1)$, $(1,2)$, $(1,3)$, $(\alpha,1)$, $(\alpha,2)$, where $\alpha, \beta \in \{2, \ldots, n\}$. Explicitly, the submatrix \nolinebreak is \begin{equation*} \begin{bmatrix} {Q}^{(1\alpha11)}_{1132} & {Q}^{(11\beta1)}_{1221} & {Q}^{(11\beta1)}_{1231} & {Q}^{(11\beta1)}_{1332} & {Q}^{(11\beta1)}_{1113} \\[5pt] {Q}^{(1\alpha11)}_{2132} & {Q}^{(11\beta1)}_{2221} & {Q}^{(11\beta1)}_{2231} & {Q}^{(11\beta1)}_{2332} & {Q}^{(11\beta1)}_{2113} \\[5pt] {Q}^{(1\alpha11)}_{3132} & {Q}^{(11\beta1)}_{3221} & {Q}^{(11\beta1)}_{3231} & {Q}^{(11\beta1)}_{3332} & {Q}^{(11\beta1)}_{3113} \\[4pt] \lambda_{\alpha\alpha11}{Q}^{(\alpha\alpha11)}_{1132} & \lambda_{\alpha1\beta1}{Q}^{(\alpha1\beta1)}_{1221} & \lambda_{\alpha1\beta1}{Q}^{(\alpha1\beta1)}_{1231} & \lambda_{\alpha1\beta1}{Q}^{(\alpha1\beta1)}_{1332} & \lambda_{\alpha1\beta1}{Q}^{(\alpha1\beta1)}_{1113} \\[4pt] \lambda_{\alpha\alpha11}{Q}^{(\alpha\alpha11)}_{2132} & \lambda_{\alpha1\beta1}{Q}^{(\alpha1\beta1)}_{2221} & \lambda_{\alpha1\beta1}{Q}^{(\alpha1\beta1)}_{2231} & \lambda_{\alpha1\beta1}{Q}^{(\alpha1\beta1)}_{2332} & \lambda_{\alpha1\beta1}{Q}^{(\alpha1\beta1)}_{2113} \end{bmatrix}, \end{equation*} which we abbreviate as \begin{equation} \label{eq:my-det1} \begin{bmatrix} \ast & \ast & \ast & \ast & \ast \\ \ast & \ast & \ast & \ast & \ast \\ \ast & \ast & \ast & \ast & \ast \\ \lambda_{\alpha\alpha11}\ast & \lambda_{\alpha1\beta1}\ast & \lambda_{\alpha1\beta1}\ast & \lambda_{\alpha1\beta1}\ast & \lambda_{\alpha1\beta1}\ast \\ \lambda_{\alpha\alpha11}\ast & \lambda_{\alpha1\beta1}\ast & \lambda_{\alpha1\beta1}\ast & \lambda_{\alpha1\beta1}\ast & \lambda_{\alpha1\beta1}\ast \\ \end{bmatrix}, \end{equation} with asterisk denoting the corresponding entry in $\mathbf{Q}_{(1)}$. We view the determinant of \eqref{eq:my-det1} as a polynomial with respect to $\lambda$. It has degree $\leq 2$ in the variables $\lambda_{\alpha \alpha 11}, \lambda_{\alpha 1 \beta 1}$. Observe that if $\lambda_{\alpha 1 \beta 1} = 0$, the bottom two rows of the matrix are linearly independent. Also if $\lambda_{\alpha 1 \beta 1} - \lambda_{\alpha \alpha 11} = 0$, then \eqref{eq:my-det1} equals a $5 \times 5$ submatrix of $\mathbf{Q}_{(1)}$ with rows operations performed; therefore \eqref{eq:my-det1} is rank-deficient. It follows that the determinant of \eqref{eq:my-det1} takes the form \begin{equation*} s \lambda_{\alpha 1 \beta 1}(\lambda_{\alpha 1 \beta 1} - \lambda_{\alpha \alpha 1 1}). \end{equation*} Here the scale $s = s(A^{(1)}, A^{(\alpha)}, A^{(\beta)})$ is a polynomial in the $A$-matrices. Due to polynomiality, $s$ is nonzero Zariski-generically if we can exhibit a \textit{single} instance of matrices $A^{(1)}, A^{(\alpha)}, A^{(\beta)}$ where the determinant of \eqref{eq:my-det1} does not vanish identically for all $\lambda_{\alpha 1 \beta 1}, \lambda_{\alpha \alpha 1 1}$. Furthermore, we just need an instance with $\alpha = \beta$, as this corresponds to a specialization of the case $\alpha \neq \beta$. Computational verification with a random numerical instance of $A^{(1)}, A^{(\alpha)}$ proves the non-vanishing (see attached code). Recalling the standing assumptions, we deduce $\lambda_{\alpha 1 \beta 1} = \lambda_{\alpha \alpha 1 1}$. We apply the same argument to modewise permutations of $\lambda \odot_b \mathbf{Q}$ and $\mathbf{Q}$, and obtain \begin{equation*}\label{eq:nice-1} \lambda_{\pi(\alpha 1 \beta 1)} = \lambda_{\pi(\alpha \alpha 1 1)} \quad \text{for all } \alpha, \beta \in \{2, \dots, n\} \text{ and permutations } \pi. \end{equation*} The argument goes through as $\pi \cdot \mathbf{Q}$ and $\pi \cdot (\lambda \odot_b \mathbf{Q})$ have multilinear ranks bounded by $(4,4,4,4)$ and $\pi \cdot \mathbf{Q} = \operatorname{sgn}(\pi) \mathbf{Q}$. So \eqref{eq:my-det1} looks the same but with indices permuted and possibly a sign flip. We now see that $\lambda$-entries with two $1$-indices agree. Indeed, taking $\alpha = \beta$ above gives $\lambda_{\pi_1(\alpha 1 \alpha 1)} = \lambda_{\pi_2(\alpha \alpha 1 1)}$ for all $\pi_1$ and $\pi_2$ that fix $(\alpha \alpha 1 1)$ and $(\alpha 1 \alpha 1)$ respectively. So, $\lambda_{\alpha \alpha 1 1} = \lambda_{\pi(\alpha \alpha 1 1)}$ for all $\pi$. Taking $\alpha \neq \beta$ gives $\lambda_{\alpha \alpha 1 1} = \lambda_{\pi(\alpha 1 \beta 1)} = \lambda_{\beta \beta 1 1}$ for all $\pi$. Together, there exists $c \in \mathbb{R}^*$ such that $c = \lambda_{\pi(\alpha \beta 1 1)}$ for all $\alpha, \beta \in \{2, \dots, n\}$ and permutations \nolinebreak $\pi$. \medskip \underline{Step 2}: Next we consider the submatrix of $(\lambda \odot_b \mathbf{Q})_{(1)}$ with column indices $((\beta,1),(\gamma,3),(1,2))$, $((1,2),(\beta,2),(1,1))$, $((1,2),(\beta,3),(1,1))$, $((1,3),(\beta,3),$ $(1,2))$, $((1,1),(\beta,1),(1,3))$ and row indices $(1,1)$, $(1,2)$, $(1,3)$, $(\alpha,1)$, $(\alpha,2)$, where $\alpha, \beta, \gamma \in \{2, \ldots, n\}$. It looks like \begin{equation} \label{eq:my-det2} \begin{bmatrix} c\ast & \ast & \ast & \ast & \ast \\ c\ast & \ast & \ast & \ast & \ast \\ c\ast & \ast & \ast & \ast & \ast \\ \lambda_{\alpha \beta \gamma 1}\ast & c\ast & c\ast & c\ast & c\ast \\ \lambda_{\alpha \beta \gamma 1}\ast & c\ast & c\ast & c\ast & c\ast \\ \end{bmatrix}, \end{equation} where asterisks denote corresponding entries in $\mathbf{Q}_{(1)}$. As a polynomial in $c$ and $\lambda_{\alpha \beta \gamma 1}$, the determinant of \eqref{eq:my-det2} is a scalar multiple of $c(c^2 - \lambda_{\alpha \beta \gamma 1})$. This is because the polynomial has degree $\leq 3$, if $c=0$ then the bottom two rows of \eqref{eq:my-det2} are linearly dependent, and if $c^2 = \lambda_{\alpha \beta \gamma 1}$ then \eqref{eq:my-det2} is a $5 \times 5$ submatrix of $\mathbf{Q}_{(1)}$ with row and column operations performed. The scale is a polynomial in $A^{(1)}, A^{(\alpha)}, A^{(\beta)}, A^{(\gamma)}$. It is Zariski-generically nonzero if we exhibit one instance of $A$-matrices such that the determinant of \eqref{eq:my-det1} does not vanish for all $c, \lambda_{\alpha \beta \gamma 1}$. Further, it suffices to find an instance where $\alpha = \beta = \gamma$, as all other cases specialize to this. Computational verification with a random numerical instance of $A^{(1)}, A^{(\alpha)}$ proves the non-vanishing. It follows that $c^2 = \lambda_{\alpha \beta \gamma 1}$. Appealing to symmetry like before, $ c^2 = \lambda_{\pi(\alpha \beta \gamma 1)} $ for all $\alpha, \beta, \gamma \in \{2, \dots, n\}$ and permutations $\pi$. Summarizing, all $\lambda$-entries with a single $1$-index equal $c^2$. \medskip \underline{Step 3}: Consider the submatrix of $(\lambda \odot \mathbf{Q})_{(1)}$ with columns $((\beta,1),(\gamma,3),$ $(\delta, 2))$, $((1,2),(\alpha,2),$ $(1,1))$, $((1,2),(\alpha,3),(1,1))$, $((1,3),(\alpha,3),(1,2))$, $((1,1),$ $(\alpha,1),(1,3))$ and rows $(1,1)$, $(1,2)$, $(1,3)$, $(\alpha,1)$, $(\alpha,2)$, where $\alpha, \beta, \gamma, \delta \in \{2, \ldots, n\}$ and $\alpha, \delta$ are distinct. The submatrix looks like \begin{equation} \label{eq:my-det3} \begin{bmatrix} c^2\ast & \ast & \ast & \ast & \ast \\ c^2\ast & \ast & \ast & \ast & \ast \\ c^2\ast & \ast & \ast & \ast & \ast \\ \lambda_{\alpha \beta \gamma \delta}\ast & c\ast & c\ast & c\ast & c\ast \\ \lambda_{\alpha \beta \gamma \delta}\ast & c\ast & c\ast & c\ast & c\ast \\ \end{bmatrix}. \end{equation} The determinant of \eqref{eq:my-det3} is $c(c^3 - \lambda_{\alpha \beta \gamma \delta})$ multiplied by a polynomial in $A^{(1)}, A^{(\alpha)}, A^{(\beta)}, A^{(\gamma)}, A^{(\delta)}$. The most specialized case is $\alpha=\beta=\gamma$. Computer verification with a random numerical instance proves the polynomial is not identically zero. We deduce that $c^3 = \lambda_{\alpha \beta \gamma \delta}$. By symmetry, $c^3 = \lambda_{\pi(\alpha \beta \gamma \delta)}$ for all $\alpha, \beta, \gamma, \delta \in \{2, \dots, n\}$ with $\alpha, \delta$ distinct and all permutations $\pi$. In other words, $\lambda$-entries with no $1$-indices and non-identical indices equal $c^3$. \medskip Steps 1, 2 and 3 show that $\lambda$ takes the announced form. So, $\lambda$ is rank-$1$ off the diagonal. This finishes the ``only if"" direction. Overall, we have proven that the $5 \times 5$ minors of the $3n \times 27n^3$ flattenings of $\mathbf{Q}$ give algebraic relations on $\{Q^{(\alpha \beta \gamma \delta)} : \alpha, \beta, \gamma, \delta \in [n] \}$ with the desired \nolinebreak properties.",Algebra,1,https://github.com/1stproof/batch-1/tree/main/author-solutions
first-proof-10-official,"Given a $d$-way tensor $\mathcal{T} \in \mathbb{R}^{n_1 \times n_2 \times \cdots \times n_d}$ such that the data is unaligned (meaning the tensor $\mathcal{T}$ has missing entries), we consider the problem of computing a CP decomposition of rank $r$ where some modes are infinite-dimensional and constrained to be in a Reproducing Kernel Hilbert Space (RKHS). We want to solve this using an alternating optimization approach, and our question is focused on the mode-$k$ subproblem for an infinite-dimensional mode. For the subproblem, then CP factor matrices $A_1, \dots, A_{k-1}, A_{k+1}, \dots, A_d$ are fixed, and we are solving for $A_k$. Our notation is as follows. Let $N = \prod_i n_i$ denote the product of all sizes. Let $n \equiv n_k$ be the size of mode $k$, let $M = \prod_{i\neq k} n_i$ be the product of all dimensions except $k$, and assume $n \ll M$. Since the data are unaligned, this means only a subset of $\mathcal{T}$'s entries are observed, and we let $q \ll N$ denote the number of observed entries. We let $T \in \mathbb{R}^{n \times M}$ denote the mode-$k$ unfolding of the tensor $\mathcal{T}$ with all missing entries set to zero. The $\operatorname{vec}$ operations creates a vector from a matrix by stacking its columns, and we let $S \in \mathbb{R}^{N \times q}$ denote the selection matrix (a subset of the $N \times N$ identity matrix) such that $S^T \operatorname{vec}(T)$ selects the $q$ known entries of the tensor $\mathcal{T}$ from the vectorization of its mode-$k$ unfolding. We let $Z = A_d \odot \cdots \odot A_{k+1} \odot A_{k-1} \odot \cdots \odot A_1 \in \mathbb{R}^{M \times r}$ be the Khatri-Rao product of the factor matrices corresponding to all modes except mode $k$. We let $B = TZ$ denote the MTTKRP of the tensor $\mathcal{T}$ and Khatri-Rao product $Z$. We assume $A_k = KW$ where $K \in \mathbb{R}^{n \times n}$ denotes the psd RKHS kernel matrix for mode $k$. The matrix $W$ of size $n \times r$ is the unknown for which we must solve. The system to be solved is \begin{equation} \left[ (Z \otimes K)^T S S^T (Z \otimes K) + \lambda (I_r \otimes K) \right] \operatorname{vec}(W) = (I_r \otimes K) \operatorname{vec}( B ). \end{equation} Here, $I_r$ denotes the $r \times r$ identity matrix. This is a system of size $nr \times nr$ Using a standard linear solver costs $O(n^3 r^3)$, and explicitly forming the matrix is an additional expense. Explain how an iterative preconditioned conjugate gradient linear solver can be used to solve this problem more efficiently. Explain the method and choice of preconditioner. Explain in detail how the matrix-vector products are computed and why this works. Provide complexity analysis. We assume $n,r < q \ll N$. Avoid any computation of order $N$.","\begin{center} \large \textbf{Solution Source:} \\ Johannes Brust and Tamara G. Kolda,\\ \emph{Fast and Accurate CP-HIFI Solution} (tentative title), 2025. \end{center} The system to be solved is \begin{equation}\label{eq:unaligned-infinite} \left[ (Z \otimes K)^T S S^T (Z \otimes K) + \lambda (I_r \otimes K) \right] \vecop(W) = (I_r \otimes K) \vecop( B ). \end{equation} We consider several approaches for solving \cref{eq:unaligned-infinite} in the remainder of this section. We present a direct method for the symmetric linear system in \cref{sec:direct-ui-sym}, using an additional regularization term. % In \cref{sec:direct-ui-nonsym}, we present an alternative direct method % based on a nonsymmetric formulation of the system that does not % need additional regularization. In \cref{sec:transformed-ui}, we present a transformation of the symmetric system based on the eigendecomposition of $K$. In \cref{sec:pcg-ui}, we present an iterative method based on the transformed symmetric system, adding some regularization akin to the symmetric direct method. In \cref{tab:unaligned-infinite-cost-comparison} and \cref{sec:cost-compare-ui}, we provide an accounting of the costs and comparison of direct and iterative methods. \subsection{Direct Solution of UI Subproblem (Symmetric Form)} \label{sec:direct-ui-sym} \Cref{eq:unaligned-infinite} is an indefinite symmetric linear system of size $rn \times rn$. Since it is indefinite, we add a regularization term parameterized by $\rho > 0$ to ensure positive definiteness. The modified system is \begin{equation}\label{eq:unaligned-infinite-1} [ F^T F + \lambda (I_r \otimes K) + \rho I_{rn} ] \vecop(W) = \vecop(K B), \end{equation} where $F=S^T(Z \otimes UD)$. Observe that we have pulled $K$ inside the vectorization on the right-hand side. To compute $F$, we want to avoid forming the $N \times nr$ Kronecker product $Z \otimes K$ explicitly. Instead, we create two special matrices: $\hat{K} \in \mathbb{R}^{q \times n}$ and $\hat{Z} \in \mathbb{R}^{q \times r}$. Each index $\ell \in [q]$ corresponds to a known entry index that we denote as $(i_1^{(\ell)}, i_2^{(\ell)}, \dots, i_d^{(\ell)}) \in \Omega$. Then, for each $\ell \in [q]$, we let \begin{align} \label{eq:zhat} \hat{Z}(\ell,:) & = \left( A_{d}(i_d^{(\ell)},:) \ast \cdots \ast A_{k+1}(i_{k+1}^{(\ell)},:) \ast A_{k-1}(i_{k-1}^{(\ell)},:) \ast \cdots \ast A_{1}(i_1^{(\ell)},:) \right)^T, \text{ and} \\ \label{eq:khat} \hat{K}(\ell,:) & = K(i_k^{(\ell)},:) . \end{align} Here, $\ast$ represents elementwise multiplication. In other words, $\hat{Z}$ and $\hat{K}$ represent the subset of rows of $Z$ and $K$, respectively, that corresponds to the known entries of $\mathcal{T}$. Then, row $\ell$ of $F$ is given by \begin{equation} F(\ell,:) = \hat{Z}(\ell,:) \otimes \hat{K}(\ell,:). \end{equation} % \subsection{Direct Solution of UI Subproblem (Nonsymmetric Version)} % \label{sec:direct-ui-nonsym} % An alternative direct solution method is to factor out $(I_r \otimes K)$ from \cref{eq:unaligned-infinite} to % obtain the equation % \begin{equation} % \label{eq:unaligned-infinite-nonsym} % [ % \underbrace{ (Z \otimes I_{n})^T S }_{G^T} % \underbrace{S^T (Z \otimes K)}_{F} % + \lambda I_{rn} % ]\vecop(W) % = \vecop(B), % \end{equation} % where we let $G := S^T (Z \otimes I_{n}) \in \mathbb{R}^{q \times rn}$ % be analogous to $F$. % We can form $G$ similarly to how we formed $F$. % If we define $\hat{I}$ analogously to $\hat{K}$ so that $\hat{I}(\ell,:) = I_{n}(i_k^{(\ell)},:)$ for each $\ell \in [q]$, % then row $\ell$ of $G$ is given by % \begin{equation} % G(\ell,:) = \hat{Z}(\ell,:) \otimes \hat{I}(\ell,:). % \end{equation} \subsection{Transforming the UI Subproblem} \label{sec:transformed-ui} we can exploit a factorization of $K$ to transform \cref{eq:unaligned-infinite} into an equivalent but potentially better conditioned system. Assuming we have the eigendecomposition $K = U D U^T$, we can rewrite \cref{eq:unaligned-infinite} by factoring out $(I_r \otimes U)$ to obtain \begin{equation} [{ \underbrace{(Z \otimes UD)^T S}_{\bar{F}^T} \underbrace{S^T (Z \otimes UD)}_{\bar{F}} + \lambda (I_r \otimes D) }] \vecop(\underbrace{U^TW}_{\bar{W}}) = \vecop(\underbrace{DU^TB}_{\bar{B}}). \end{equation} Now we have a transformed system in the variable $\bar{W} = U^T W$, and we can solve for $W$ via $W = U \bar{W}$ after solving the system. Note that we cannot pull $D$ into the definition of $\bar{W}$ because it is indefinite. We define $\bar{F} := S^T (Z \otimes UD) \in \mathbb{R}^{q \times rn}$, which is analogous to $F$ with $K$ replaced by $UD$. We define $\bar{B} := D U^T B \in \mathbb{R}^{n \times r}$. Adding a regularization term as before, we obtain the modified system \begin{equation} \label{eq:ui-transformed} [ \bar{F}^T \bar{F} + \lambda (I_r \otimes D) + \rho \, I_{rn} ] \vecop(\bar{W}) = \vecop(\bar{B}). \end{equation} \subsection{Key Lemmas for PCG Solution of UI Subproblem} \label{app:unaligned-lemmas} Before we continue to the details of solving \cref{eq:ui-transformed} via PCG, we present some key lemmas about working with matrices where each row is a Kronecker product of rows of two other matrices. These lemmas are important for efficiently computing the matrix-vector products and a preconditioner needed for PCG. We state these generically here so they can be reused in other contexts. % C = F % A = \hat{Z} % B = \hat{K} Let $A \in \mathbb{R}^{q \times r}$ and $B \in \mathbb{R}^{q \times n}$. Define the $q \times rn$ matrix $C$ row-wise as \begin{equation}\label{eq:FAB} C(\ell,:) = A(\ell,:) \otimes B(\ell,:), \quad \text{for} \quad \ell=1,\ldots,q. \end{equation} Recall that for the Kronecker product of an $n$-vector and an $r$-vector or the vectorization of an $n \times r$ matrix, there is a correspondence between $k \in [rn]$ and the pair $(i,j)$ with $i \in [n]$ and $j \in [r]$ such that $k = i + (j-1)n$. For the Kronecker product means, this means $C_{\ell k} = B_{\ell i} A_{\ell j}$. For a vectorized matrix, we have $(\vecop(X))_k = X_{ij}$. \Cref{lem:F} shows how to compute the matrix-vector product $C x$ efficiently. This would normally cost $\mathcal{O}(q r n)$ if we formed $C$ explicitly. However, using the structure of $C$, we can compute it using only $\mathcal{O}(q (r + n))$ operations. Moreover, we avoid forming $C$ explicitly, which reduces the memory from $\mathcal{O}(q r n)$ to $\mathcal{O}(q (r + n))$. \begin{lemma}\label{lem:F} Given the setup in \cref{eq:FAB}, let $X \in \mathbb{R}^{n \times r}$ be a matrix and define $x = \vecop(X)$. Then we have \begin{displaymath} C x = ( A \ast B X ) 1_r. \end{displaymath} Here $1_r$ denotes the $r$-vector of all ones. \end{lemma} \begin{proof} For all $\ell=1,\ldots,q$ we have \begin{displaymath} (C x)_{\ell} = \sum_{k=1}^{rn} C_{\ell k} x_{k} = \sum_{j=1}^n \sum_{i=1}^n B_{\ell i} X_{ij} A_{\ell j} = \sum_{j=1}^r (B X)_{\ell j} A_{\ell j}. \qedhere \end{displaymath} \end{proof} \Cref{lem:Ft} shows how to compute the matrix-vector product $C^T v$ without forming $C$ explicitly. The cost is unchanged at $\mathcal{O}(qrn)$, but the memory is reduced from $\mathcal{O}(q r n)$ to $\mathcal{O}(q (r + n))$. \begin{lemma}\label{lem:Ft} Given the setup in \cref{eq:FAB}, let $v \in \mathbb{R}^{q}$. Then we have \begin{displaymath} C^T v = \vecop( B^T \diag(v) \, A ). \end{displaymath} \end{lemma} \begin{proof} Define $k = i + (j-1)n$ for $i=1,\ldots,n$ and $j=1,\ldots,r$. Then, we have \begin{displaymath} (C^T v)_{k} = \sum_{\ell=1}^q C_{\ell k} v_{\ell} = \sum_{\ell=1}^q B_{\ell i} A_{\ell j} v_{\ell} = (B^T \diag(v) \, A)_{ij}. = \left( \vecop (B^T \diag(v) \, A) \right)_{k}. \qedhere \end{displaymath} \end{proof} \Cref{lem:FtF} shows how to compute the diagonal of $C^T C$ efficiently. We reduce the computation from $\mathcal{O}(q r^2 n^2)$ to $\mathcal{O}(q(r^2 + n^2))$ operations. And, again, we avoid forming $C$ explicitly, which reduces the memory from $\mathcal{O}(q r n)$ to $\mathcal{O}(q (r + n))$. \begin{lemma}\label{lem:FtF} Given the setup in \cref{eq:FAB}. Then \begin{displaymath} \diag(C^TC) = \vecop\left((B \ast B)^T (A \ast A)\right). \end{displaymath} \end{lemma} \begin{proof} Define $k = i + (j-1)n$ for $i=1,\ldots,n$ and $j=1,\ldots,r$. Then, we have \begin{align*} (C^TC)_{kk} & = \sum_{\ell=1}^q C_{\ell k}^2 = \sum_{\ell=1}^q B_{\ell i}^2 A_{\ell j}^2 \\ & = \left[(B \ast B)^T (A \ast A)\right]_{ij} = \left[\vecop \left((B \ast B)^T (A \ast A)\right) \right]_{k}. \qedhere \end{align*} \end{proof} We apply these results in the next section. \subsection{PCG Solution of Transformed UI Subproblem} \label{sec:pcg-ui} We can form $\bar{F}$ similarly to how we formed $F$. We define $H = UD \in \mathbb{R}^{n \times n}$ and $\hat{H} \in \mathbb{R}^{q \times n}$ such that $\hat{H}(\ell,:) = H(i_k^{(\ell)},:)$ for each $\ell \in [q]$. Then, for each $\ell \in [q]$, we let \begin{equation} \bar{F}(\ell,:) = \hat{Z}(\ell,:) \otimes \hat{H}(\ell,:). \end{equation} Let $x \in \mathbb{R}^{rn}$ be an arbitrary vector, and let $X \in \mathbb{R}^{n \times r}$ be its matrix representation so that $\vecop(X) = x$. From \cref{lem:F,lem:Ft} in \cref{app:unaligned-lemmas}, we can compute $\bar{F}^T \bar{F} x$ as $\vecop \left(\hat{H}^T \diag \left( (\hat{Z} \ast \hat{H} X) 1_{r} \right) \, \hat{Z}\right)$. Then, we can compute the matrix-vector products for the conjugate gradient iterations without forming any Kronecker products using \begin{equation}\label{eq:pcg-matvec-ui} \left(\bar{F}^T \bar{F} + \lambda (I_r \otimes D) + \rho \, I_{rn}\right) x = \vecop \left( \hat{H}^T \diag \left( (\hat{Z} \ast \hat{H} X) 1_{r} \right) \, \hat{Z} + \lambda D X + \rho X \right). \end{equation} We propose a diagonal preconditioner of the form \begin{displaymath} \bar{D} = \diag(\diag(\bar{F}^T \bar{F})) + \lambda (I_r \otimes D) + \rho \, I_{rn}. \end{displaymath} Observe that $\bar{d} := \diag(\bar{D})$ is easy to compute since \begin{equation}\label{eq:preconditioner-ui} \begin{aligned} \bar{d} & = \diag( \diag(\diag(\bar{F}^T \bar{F})) + \lambda (I_r \otimes D) + \rho \, I_{rn} ) \\ &= \diag(\bar{F}^T \bar{F}) + \lambda (1_{r} \otimes \diag(D)) + \rho \, 1_{rn} \\ &= \vecop( (\hat{H} \ast \hat{H})^T (\hat{Z} \ast \hat{Z})) + \lambda (1_{r} \otimes \diag(D)) + \rho \, 1_{rn} \end{aligned} \end{equation} The last step comes from \cref{lem:FtF} in \cref{app:unaligned-lemmas}. % This preconditioner can be applied as % $\bar{D}^{-1} x = x \div \bar{d}$ where $\div$ denotes elementwise division. \subsection{Comparison of Costs} \label{sec:cost-compare-ui} A comparison of the direct solution of the original symmetric problem \cref{eq:unaligned-infinite-1} and PCG iterative solutions of the transformed problem \cref{eq:ui-transformed} are shown in \cref{tab:unaligned-infinite-cost-comparison}. For PCG, we let $p$ denote the number of iterations needed for convergence. Recall that $d$ is the order of the tensor, $n$ is the size of mode $k$, $r$ is the target rank, and $q$ is the number of known entries. In general, we do not make assumptions about the relative sizes of $n$ and $r$. We do assume, however, that $d < n,r \ll q$. Because we are working with an incomplete tensors, the MTTKRP is relatively cheap and never dominates the cost. \begin{table}[ht] \centering \caption{Comparison of costs to solve the mode-$k$ unaligned infinite-dimensional subproblem \cref{eq:unaligned-infinite} of size $nr \times nr$ where $n$ is the size of mode $k$ and $r$ is the target tensor decomposition rank. The variable $q$ is the number of known entries in the observed tensor $\mathcal{T}$. For the PCG iterative method, $p$ is the number of iterations.} \label{tab:unaligned-infinite-cost-comparison} \renewcommand{\arraystretch}{1.5} \pgfplotstabletypeset[ col sep=&,row sep=\\, string type, columns/Description/.style={column type=c}, columns/DS/.style={column type=c, column name={Direct Symmetric}}, columns/PCG/.style={column type=c, column name={PCG Iterative}}, every head row/.style={before row={ \toprule }, after row=\midrule}, every last row/.style={after row=\bottomrule}, every even row/.style={before row={\rowcolor[gray]{0.9}}}, font=\footnotesize, assign column name/.style={/pgfplots/table/column name={\sffamily\textbf{#1}}}, ]{ Description & DS & PCG \\ Factorize $K = U D U^T$ \emph{one-time cost!} & --- & $\mathcal{O}(n^3)$ \\ Compute $\hat{Z}$ and MTTKRP $B := \mathcal{T} Z$ & $\mathcal{O}(qrd)$ & $\mathcal{O}(qrd)$ \\ Form $F$ (and $G$) or $H$ & $\mathcal{O}(q r n)$ & $\mathcal{O}(n^2)$ \\ Form matrix for linear solve & $\mathcal{O}(q r^2 n^2)$ & --- \\ Form right-hand side & $\mathcal{O}(n^2 r)$ & $\mathcal{O}(n^2 r)$ \\ Form Preconditioner ($\bar{d}$) & --- & $\mathcal{O}(q n^2 + q r^2)$ \\ Solve system & $\mathcal{O}(r^3 n^3)$ & $\mathcal{O}(pnqr)$ \\ Recover $W$ & --- & $\mathcal{O}(n^2 r)$ \\ Total Cost & $\mathcal{O}(q n^2 r^2 + n^3 r^3)$ & $\mathcal{O}(q n^2 + q r^2 + qnrp )$ \\ Storage & $\mathcal{O}(qnr + r^2n^2)$ & $\mathcal{O}(qn+qr)$ \\ } \end{table} \paragraph{Factorizing the kernel matrix $K$ for the transformed system} The eigendecomposition of $K$ costs $ \mathcal{O}(n^3) $ flops. We stress once again that this is only done \emph{one time} before the outermost alternating optimization iterations begin. In the methods we compare here, this is needed only for the PCG iterative method. \paragraph{Shared costs of all methods} The $q \times r$ matrix $\hat{Z}$ defined in \cref{eq:zhat} is used by both methods. Likewise, the $n \times r$ MTTKRP $B = T Z$ is used by all methods. The cost to compute $\hat{Z}$ is $\mathcal{O}(qrd)$, Computing $B$ is an MTTKRP with an incomplete tensor (Ballard and Kolda, Tensor Decompositions for Data Science, Cambridge University Press, 2025 with PDF available freely online). This would normally cost $\mathcal{O}(qrd)$ operations, but we can use $\hat{Z}$ to reduce the cost to $\mathcal{O}(qr)$ operations. \paragraph{Direct solve of symmetric regularized system} We first analyze the cost to form and solve the system as discussed in \cref{sec:direct-ui-sym}. We have to explicitly form $F$ to form the system in \cref{eq:unaligned-infinite-1}. The cost to compute the $q \times rn$ matrix $F$ is $\mathcal{O}(qrn)$ and requires $\mathcal{O}(qrn)$ storage. Forming the $rn \times rn$ matrix $F' F + \lambda (I_r \otimes K) + \rho \, I_{rn}$ is dominated by the cost to compute $F' F$, which costs $\mathcal{O}(q r^2 n^2)$ operations. We also have to compute the right-hand side $\vecop(K B)$, which costs $\mathcal{O}(n^2 r)$ operations. Finally, using a direct method such as Cholesky to solve the system costs $\mathcal{O}((rn)^3)$ operations. The storage is either dominated by storing $F$ or the system matrix, which is $\mathcal{O}(rnq + r^2 n^2)$. % The MTTKRP will never dominate the cost of this method because the cost of forming the system matrix is always at least $\mathcal{O}(q r^2 n^2)$ % versus the MTTKRP cost of $\mathcal{O}(q r d)$. % We assume that $d < n,r$. \paragraph{PCG iterative solve of transformed system} We now analyze the cost of using PCG to solve the transformed system \cref{eq:ui-transformed} as discussed in \cref{sec:pcg-ui}. The right hand side $\vecop(\bar{B}) = \vecop(D U^T B)$ can be computed at a cost of $\mathcal{O}(n^2 r)$ operations. We first have to compute the $n \times n$ matrix $H := U D$, which costs $\mathcal{O}(n^2)$ operations. Forming the diagonal preconditioner, the $rn$-vector $\bar{d}$ in \cref{eq:preconditioner-ui}, costs $\mathcal{O}(qn^2 + qr^2)$ operations. We never form $\bar{F}$ explicitly, which saves both computation and storage. Each matrix vector product is computed as in \cref{eq:pcg-matvec-ui} at a cost of $\mathcal{O}(q n r)$ operations. Each preconditioner application costs $\mathcal{O}(r n)$ operations. Assuming that PCG converges in $p$ iterations, the total cost for the PCG iterations is $\mathcal{O}(p q n r)$ operations. Finally, after solving for $\bar{W}$, we have to recover $W = U \bar{W}$, which costs $\mathcal{O}(n^2 r)$ operations. The storage needed for PCG is dominated by storing $\hat{Z}$ and $\hat{H}$, which is $\mathcal{O}(qn + qr)$. \paragraph{Summary and Comparison} The direct method is cubic in the size of the unknown matrix $W$. In contrast, the PCG iterative method has a cost that is orders of magnitude lower, depending on the number of iterations $p$ needed for convergence and the relative sizes of $n$, $r$, and $p$. In general, we expect the problem to be well conditioned so that $p$ is not too large. The PCG method also has significantly lower storage requirements. Assuming $r < n < rn < q$, we have $qrn$ storage for the direct methods versus $qn$ storage for PCG.",Algebra,1,https://github.com/1stproof/batch-1/tree/main/author-solutions
first-proof-2-aletheia,"Let \(F\) be a non-archimedean local field with ring of integers \(\mathfrak o\). Let $N_r$ denote the subgroup of $\mathrm{GL}_{r}(F)$ consisting of upper-triangular unipotent elements. Let \(\psi:F\to \mathbb C^\times\) be a nontrivial additive character of conductor \(\mathfrak o\), identified in the standard way with a generic character of $N_r$. Let \(\Pi\) be a generic irreducible admissible representation of \(\mathrm{GL}_{n + 1}(F)\), realized in its \(\psi^{-1}\)-Whittaker model \(\mathcal W(\Pi,\psi^{-1})\). Must there exist \(W\in \mathcal W(\Pi,\psi^{-1})\) with the following property? Let $\pi$ be a generic irreducible admissible representation of \(\mathrm{GL}_{n}(F)\), realized in its $\psi$-Whittaker model \(\mathcal W(\pi,\psi)\). Let $\mathfrak{q}$ denote the conductor ideal of $\pi$, let \(Q\in F^\times\) be a generator of \(\mathfrak q^{-1}\), and set \[ u_Q := I_{n+1} + Q\,E_{n,n+1} \in \mathrm{GL}_{n + 1}(F), \] where \(E_{i, j}\) is the matrix with a \(1\) in the \((i, j)\)-entry and \(0\) elsewhere. For some \(V\in \mathcal W(\pi,\psi)\), the local Rankin--Selberg integral \[ \int_{N_n\backslash \mathrm{GL}_{n}(F)} W(\operatorname{diag}(g,1) u_Q)\,V(g)\,|\det g|^{s-\frac12}\,dg \] is finite and nonzero for all \(s\in\mathbb C\).","\section*{Introduction} Let $F$ be a non-archimedean local field with ring of integers $\mathfrak{o}$ and maximal ideal $\mathfrak{p}$. We fix a uniformizer $\varpi \in \mathfrak{p}$ and let $q = |\mathfrak{o}/\mathfrak{p}|$. Let $N_r$ denote the subgroup of $\mathrm{GL}_r(F)$ consisting of upper-triangular unipotent elements, and let $K_r = \mathrm{GL}_r(\mathfrak{o})$ denote the standard maximal compact subgroup. Let $\psi: F \to \mathbb{C}^\times$ be a fixed nontrivial additive character of conductor $\mathfrak{o}$. \begin{theorem} Let $\Pi$ be a generic irreducible admissible representation of $\mathrm{GL}_{n+1}(F)$. There exists $W \in \mathcal{W}(\Pi, \psi^{-1})$ such that for any generic irreducible admissible representation $\pi$ of $\mathrm{GL}_n(F)$ with conductor ideal $\mathfrak{q}$, and any generator $Q \in F^\times$ of $\mathfrak{q}^{-1}$, there exists $V \in \mathcal{W}(\pi, \psi)$ such that the local Rankin--Selberg integral \[ Z(s, W, V) = \int_{N_n\backslash \mathrm{GL}_{n}(F)} W(\operatorname{diag}(g,1) u_Q)\,V(g)\,|\det g|^{s-\frac12}\,dg \] is finite and nonzero for all $s\in\mathbb C$, where $u_Q = I_{n+1} + Q\,E_{n,n+1}$. \end{theorem} \begin{proof} \textbf{Step 1: Gelfand--Kazhdan restriction and $s$-independence.} We evaluate the right translation of $W$ by $u_Q$. Block matrix multiplication yields \[ \operatorname{diag}(g, 1) u_Q = U_Q \operatorname{diag}(g, 1), \quad \text{where} \quad U_Q = I_{n+1} + Q \sum_{i=1}^n g_{i,n} E_{i, n+1}. \] Because $U_Q \in N_{n+1}$ and its only superdiagonal entry (i.e., immediately above the main diagonal) is located at $(n, n+1)$ with value $Q g_{n,n}$, the left $N_{n+1}$-equivariance of the Whittaker model $\mathcal{W}(\Pi, \psi^{-1})$ entails \[ W(\operatorname{diag}(g, 1) u_Q) = \psi^{-1}(Q g_{n,n}) W(\operatorname{diag}(g, 1)) = \psi(-Q g_{n,n}) W(\operatorname{diag}(g, 1)). \] By the Gelfand--Kazhdan restriction theory for the Kirillov model (H.\ Jacquet, I.\ I.\ Piatetski-Shapiro, and J.\ A.\ Shalika, \textit{Rankin--Selberg Convolutions}, 1983), the restriction map $\left.W \mapsto W\right|_{\mathrm{GL}_n(F)}$ surjects onto a space of functions containing $\mathcal{C}_c^\infty(N_n \backslash \mathrm{GL}_n(F), \psi^{-1})$. We define a smooth cut-off function $\Phi \in \mathcal{C}_c^\infty(N_n \backslash \mathrm{GL}_n(F), \psi^{-1})$ supported precisely on the open and closed double coset $N_n K_n$ by setting $\Phi(n k) = \psi^{-1}(n)$ for $n \in N_n$ and $k \in K_n$, and extending it by zero elsewhere. This is well-defined because $\psi$ is trivial on the intersection $N_n \cap K_n = N_n \cap \mathrm{GL}_n(\mathfrak{o})$. We fix a choice of $W \in \mathcal{W}(\Pi, \psi^{-1})$ satisfying $W(\operatorname{diag}(g, 1)) = \Phi(g)$. Substituting this test vector $W$ restricts the domain of integration strictly to the compact quotient $N_n \backslash N_n K_n \simeq (N_n \cap K_n) \backslash K_n$. For $k \in K_n$, we have $|\det k| = 1$, which completely eliminates the complex parameter $s$. Normalizing the quotient measure appropriately, the integral converges absolutely to a finite, $s$-independent functional: \[ L_Q(V) = \int_{K_n} \psi(-Q k_{n,n}) V(k) \, dk. \] We are reduced to showing that there exists $V \in \mathcal{W}(\pi, \psi)$ such that $L_Q(V) \neq 0$. \textbf{Step 2: The unramified case ($c=0$).} If $\pi$ is unramified, its conductor ideal is $\mathfrak{q} = \mathfrak{o}$, meaning $Q \in \mathfrak{o}^\times$. We evaluate the functional on the normalized spherical vector $V = V_0$, which satisfies $V_0(k) = 1$ for all $k \in K_n$. Since $k_{n,n} \in \mathfrak{o}$ and $Q \in \mathfrak{o}^\times$, we have $-Q k_{n,n} \in \mathfrak{o}$. Because the additive character $\psi$ has conductor $\mathfrak{o}$, it follows that $\psi(-Q k_{n,n}) = 1$. The functional thus yields $L_Q(V_0) = \operatorname{vol}(K_n) > 0$. \textbf{Step 3: Finite Fourier analysis setup ($c \ge 1$).} Assume $\pi$ has conductor $\mathfrak{q} = \mathfrak{p}^c$ with $c \ge 1$. Here, $Q = \alpha \varpi^{-c}$ for some unit $\alpha \in \mathfrak{o}^\times$. Let $V_0 \in \mathcal{W}(\pi, \psi)$ be the essential newform, properly normalized so that $V_0(I_n) = 1$. Suppose, for the sake of contradiction, that $L_Q(\pi(h^{-1}) V_0) = 0$ for all $h \in K_n$. Evaluating the functional and making the change of variables $k \mapsto k h$ yields: \[ \int_{K_n} \psi(-Q (k h)_{n,n}) V_0(k) \, dk = 0 \quad \text{for all } h \in K_n. \] Let $e_n = (0, \dots, 0, 1)$ be viewed as a row vector in $\mathfrak{o}^n$. Then $(k h)_{n,n} = e_n k h e_n^T = (e_n k) y$, where $y = h e_n^T$ is a column vector. As $h$ traverses $K_n$, the vector $y$ traverses all unimodular column vectors in $\mathfrak{o}^n$. Because $Q = \alpha \varpi^{-c}$, the value $\psi(-Q(e_n k) y)$ depends on the row vector $e_n k$ exclusively modulo $\mathfrak{p}^c$. We descend to the finite quotient module $G = (\mathfrak{o}/\mathfrak{p}^c)^n$ by defining a function $H : G \to \mathbb{C}$ as follows: \[ H(\eta) = \int_{\{k \in K_n : e_n k \equiv \eta \pmod{\mathfrak{p}^c}\}} V_0(k) \, dk. \] If $\eta$ does not lift to a unimodular vector in $\mathfrak{o}^n$, the domain of integration is empty, forcing $H(\eta) = 0$. The vanishing assumption dictates that the finite Fourier transform of $H$ is identically zero on all unimodular vectors $y \in G$: \[ \widehat{H}(y) = \sum_{\eta \in G} H(\eta) \psi(-Q \eta y) = 0. \] \textbf{Step 4: Fourier inversion and translation invariance.} Since $\widehat{H}(y) = 0$ for all unimodular $y$, the support of $\widehat{H}$ is restricted to non-unimodular vectors. Over the finite module $G$, a vector is non-unimodular if and only if all its entries belong to $\mathfrak{p}/\mathfrak{p}^c$, meaning $\widehat{H}$ is supported entirely on $\mathfrak{p}G$. Applying the Fourier inversion formula over $G$, we obtain: \[ H(\eta) = \frac{1}{|G|} \sum_{y \in \mathfrak{p}G} \widehat{H}(y) \psi(Q \eta y). \] Let $y \in \mathfrak{p}G$, guaranteeing $y = \varpi z$ for some column vector $z \in (\mathfrak{o}/\mathfrak{p}^{c-1})^n$. For an arbitrary shift $\delta \in \mathfrak{p}^{c-1}G$, we may write $\delta = \varpi^{c-1} x$ with a row vector $x \in G$. The inner product computes as: \[ Q \delta y = (\alpha \varpi^{-c}) (\varpi^{c-1} x) (\varpi z) = \alpha x z \in \mathfrak{o}. \] Because the additive character $\psi$ has conductor $\mathfrak{o}$, we deduce $\psi(Q \delta y) = \psi(\alpha x z) = 1$. The additive character thus neutralizes the shift, giving $\psi(Q(\eta + \delta) y) = \psi(Q \eta y)$. Consequently, $H(\eta)$ exhibits translation invariance: \[ H(\eta + \delta) = H(\eta) \quad \text{for all } \delta \in \mathfrak{p}^{c-1}G. \] \textbf{Step 5: Level lowering and contradiction.} We evaluate $H(e_n)$. The domain of integration enforces the condition $e_n k \equiv e_n \pmod{\mathfrak{p}^c}$, which strictly characterizes the mirabolic congruence subgroup $K_1(\mathfrak{p}^c)$ consisting of matrices in $K_n$ whose last row is congruent to $e_n$ modulo $\mathfrak{p}^c$. By foundational theory (H.\ Jacquet, I.\ I.\ Piatetski-Shapiro, and J.\ A.\ Shalika, \textit{Conducteur des repr\'esentations du groupe lin\'eaire}, 1981), the essential newform $V_0$ is invariant under right translation by $K_1(\mathfrak{p}^c)$. Since $V_0(I_n) = 1$, we obtain: \[ H(e_n) = \int_{K_1(\mathfrak{p}^c)} V_0(k) \, dk = \operatorname{vol}(K_1(\mathfrak{p}^c)) > 0. \] By the translation invariance established above, summing $H$ over the $q^n$ mutually distinct shifts $\delta \in \mathfrak{p}^{c-1}G$ yields: \[ \sum_{\delta \in \mathfrak{p}^{c-1}G} H(e_n + \delta) = q^n H(e_n) > 0. \] Conversely, returning to the definition of $H$, the disjoint union of the integration domains $\{k \in K_n : e_n k \equiv e_n + \delta \pmod{\mathfrak{p}^c}\}$ systematically aggregates to the coarser condition $e_n k \equiv e_n \pmod{\mathfrak{p}^{c-1}}$. This aggregated domain precisely identifies the broader mirabolic congruence subgroup $K_1(\mathfrak{p}^{c-1})$. Therefore: \[ \sum_{\delta \in \mathfrak{p}^{c-1}G} H(e_n + \delta) = \int_{K_1(\mathfrak{p}^{c-1})} V_0(k) \, dk. \] This integral calculates the evaluation at $I_n$ of the locally averaged vector \[ v = \int_{K_1(\mathfrak{p}^{c-1})} \pi(k) V_0 \, dk \in \mathcal{W}(\pi, \psi). \] Because the conductor of $\pi$ is exactly $\mathfrak{p}^c$, the representation $\pi$ contains no nonzero vectors invariant under the larger mirabolic congruence subgroup $K_1(\mathfrak{p}^{c-1})$. Thus, the vector $v$ identically vanishes, mandating $v(I_n) = 0$. We are thereby led to the contradiction $0 = q^n \operatorname{vol}(K_1(\mathfrak{p}^c)) > 0$. This contradiction demonstrates that the uniform vanishing hypothesis must be false. We conclude that there exists some translate $V = \pi(h^{-1}) V_0$ for which the local Rankin--Selberg integral is finite and nonzero, completing the proof. \end{proof}",Algebra,2,https://github.com/google-deepmind/superhuman/tree/main/aletheia/FirstProof
first-proof-5-aletheia,Fix a finite group $G$. Let $\aO$ denote an incomplete transfer system associated to an $N_\infty$ operad. Define the slice filtration on the $G$-equivariant stable category adapted to $\aO$ and state and prove a characterization of the $\aO$-slice connectivity of a connective $G$-spectrum in terms of the geometric fixed points.,"\section{Setup and Structural Invariants} In equivariant stable homotopy theory, commutative ring spectra can be parameterized by $N_\infty$ operads, which specify the sets of admissible norm maps. By the foundational work of Blumberg and Hill \cite[Section 4]{BlumbergHill2015}, and its subsequent combinatorial classification by Rubin \cite[Theorem 3.7]{Rubin2020} via indexing systems, the data of an $N_\infty$ operad on a finite group $G$ can be equivalently captured by a partial order formalism known as an \emph{incomplete transfer system}. This formulation was explicitly introduced and formalized by Balchin, Barnes, and Roitzheim \cite[Definition 2.4]{BBR2021}. \begin{definition}[Balchin, Barnes, and Roitzheim {\cite[Definition 2.4]{BBR2021}}] A \emph{transfer system} $\mathcal{O}$ on a finite group $G$ is a partial order $\subseteq_{\mathcal{O}}$ on the set of subgroups of $G$ that refines inclusion and satisfies two axioms: \begin{enumerate} \item \textbf{Conjugation:} $K \subseteq_{\mathcal{O}} H \implies gKg^{-1} \subseteq_{\mathcal{O}} gHg^{-1}$ for all $g \in G$. \item \textbf{Restriction:} If $K \subseteq_{\mathcal{O}} H$ and $J \le H$, then $K \cap J \subseteq_{\mathcal{O}} J$. \end{enumerate} \end{definition} Because the set of subgroups $\{ K \le H \mid K \subseteq_{\mathcal{O}} H \}$ is finite and closed under intersection (via the restriction axiom and the transitivity of the partial order), it possesses a unique minimal element, which we denote by $H_{\mathcal{O}}$. This allows us to define a natural index for subgroups adapted to the operad. \begin{definition} The \emph{$\mathcal{O}$-index} of a subgroup $J \le G$ is defined as the maximal index of an $\mathcal{O}$-admissible subgroup of $J$, which evaluates to: \[ \| J \|_{\mathcal{O}} := [J : J_{\mathcal{O}}]. \] \end{definition} \begin{definition} A finite $H$-set $T$ is \emph{$\mathcal{O}$-admissible} if the stabilizer of every point $t \in T$ is an $\mathcal{O}$-admissible subgroup of $H$ (i.e., $\operatorname{Stab}_H(t) \subseteq_{\mathcal{O}} H$). A permutation representation is $\mathcal{O}$-admissible if it is isomorphic to $\mathbb{R}[T]$ for an $\mathcal{O}$-admissible $H$-set $T$. Let $RO_{\mathcal{O}}^+(H)$ denote the monoid of isomorphism classes of $\mathcal{O}$-admissible permutation representations of $H$. \end{definition} We adapt the regular slice filtration (cf.\ Hill, Hopkins, and Ravenel \cite[Section 4.1]{HHR2016}; Hill and Yarnall \cite[Section 2]{HillYarnall2018}) to the incomplete transfer system $\mathcal{O}$ as follows: \begin{definition} For an integer $n \ge 0$, the \emph{$\mathcal{O}$-slice category} $\Sigma_{\ge n}^{\mathcal{O}}$ is the full subcategory of connective genuine $G$-spectra generated (under arbitrary wedges, extensions, and homotopy colimits) by the $\mathcal{O}$-slice cells: \[ \left\{ G_+ \wedge_H S^V \;\middle|\; H \le G, \, V \in RO_{\mathcal{O}}^+(H), \text{ and } \dim_{\mathbb{R}}(V) \ge n \right\}. \] \end{definition} \section{The Main Theorem} We generalize the characterization of slice connectivity from Hill and Yarnall \cite[Theorem 2.5]{HillYarnall2018}, providing a sharp equivalence between the $\mathcal{O}$-slice filtration and the connectivity of geometric fixed points. \begin{theorem} \label{thm:main} Let $\mathcal{O}$ be an incomplete transfer system on a finite group $G$, and let $n \ge 0$. A connective $G$-spectrum $X$ belongs to the $\mathcal{O}$-slice category $\Sigma_{\ge n}^{\mathcal{O}}$ if and only if for every subgroup $J \le G$, the geometric fixed point spectrum $\Phi^J(X)$ is $\lceil n / \| J \|_{\mathcal{O}} \rceil$-connective (i.e., it belongs to the non-equivariant category $\mathrm{Sp}_{\ge \lceil n / \| J \|_{\mathcal{O}} \rceil}$). \end{theorem} \section{A Combinatorial Lemma} We first establish a strict lower bound on the fixed-point dimensions of $\mathcal{O}$-admissible representations. \begin{lemma} \label{lem:dim_bound} For any $H \le G$, $V \in RO_{\mathcal{O}}^+(H)$, and $J \le H$, the dimension of the $J$-fixed points satisfies \[ \dim(V^J) \ge \frac{\dim(V)}{\| J \|_{\mathcal{O}}}. \] \end{lemma} \begin{proof} By additivity over disjoint unions of $H$-orbits, it suffices to prove this for transitive admissible representations $V = \mathbb{R}[H/K]$ where $K \subseteq_{\mathcal{O}} H$. The dimension $\dim(V^J)$ is precisely the number of $J$-orbits on the coset space $H/K$, which corresponds to the number of double cosets $|J \backslash H / K|$. Consider a generic orbit corresponding to the double coset $JxK$. The stabilizer in $J$ of the coset $xK \in H/K$ is $L = J \cap xKx^{-1}$. By the conjugation axiom, $xKx^{-1} \subseteq_{\mathcal{O}} xHx^{-1} = H$. By the restriction axiom applied to $J \le H$, we obtain $L \subseteq_{\mathcal{O}} J$. Because $L$ is $\mathcal{O}$-admissible in $J$, its index satisfies $[J : L] \le [J : J_{\mathcal{O}}] = \| J \|_{\mathcal{O}}$. The size of this generic $J$-orbit on $H/K$ is $[J:L]$, which is bounded above by $\| J \|_{\mathcal{O}}$. Partitioning the elements of $H/K$ into these orbits yields: \[ \dim(V) = [H : K] = \sum_{\text{orbits}} [J : L] \le \sum_{\text{orbits}} \| J \|_{\mathcal{O}} = \dim(V^J) \cdot \| J \|_{\mathcal{O}}. \] Dividing by $\| J \|_{\mathcal{O}}$ yields the desired inequality. \end{proof} \section{Proof of Necessity} Assume $X \in \Sigma_{\ge n}^{\mathcal{O}}$. Since the geometric fixed point functor $\Phi^J$ is exact and preserves arbitrary wedges and homotopy colimits, it suffices to verify the connectivity condition on the generators $Y = G_+ \wedge_H S^V$ with $\dim_{\mathbb{R}}(V) \ge n$. By the geometric double coset Mackey formula: \[ \Phi^J(Y) \simeq \Phi^J(G_+ \wedge_H S^V) \simeq \bigvee_{x \in J \backslash G / H, \; J \le x H x^{-1}} S^{(xV)^J}. \] For each double coset $x$ contributing to the wedge, define $J' = x^{-1} J x \le H$. The space $(xV)^J$ is naturally isomorphic to $V^{J'}$. By Lemma \ref{lem:dim_bound}, we have $\dim(V^{J'}) \ge \dim(V) / \| J' \|_{\mathcal{O}}$. Because the transfer system $\mathcal{O}$ is conjugation-invariant, conjugation by $x$ induces a poset isomorphism between the $\mathcal{O}$-admissible subgroups of $J'$ and those of $J$, giving $\| J' \|_{\mathcal{O}} = \| J \|_{\mathcal{O}}$. Thus, $\dim(V^{J'}) \ge n / \| J \|_{\mathcal{O}}$. Because dimensions of real representations are integers, we obtain the bound $\dim(V^{J'}) \ge \lceil n / \| J \|_{\mathcal{O}} \rceil$. Therefore, $\Phi^J(Y)$ is a wedge of non-equivariant spheres of dimension at least $\lceil n / \| J \|_{\mathcal{O}} \rceil$, implying $\Phi^J(Y) \in \mathrm{Sp}_{\ge \lceil n / \| J \|_{\mathcal{O}} \rceil}$. Because the subcategory $\mathrm{Sp}_{\ge \lceil n / \| J \|_{\mathcal{O}} \rceil}$ is closed under wedges, extensions, and homotopy colimits, and $\Phi^J$ preserves these operations, this connectivity bound necessarily extends from the generators $Y$ to the generic spectrum $X$. This completes the proof of necessity. \section{Proof of Sufficiency} We proceed by strong induction on the order of $G$. The base case $G=\{e\}$ is trivial. Assume the theorem holds for all proper subgroups of $G$. Let $X$ be a $G$-spectrum satisfying the fixed-point bounds for all $J \le G$. Let $\mathcal{P}$ denote the family of proper subgroups of $G$. Consider the $G$-isotropy separation cofiber sequence: \[ E\mathcal{P}_+ \wedge X \to X \to \tilde{E}\mathcal{P} \wedge X. \] Since the subcategory $\Sigma_{\ge n}^{\mathcal{O}}$ is closed under extensions, it suffices to show that both outer terms belong to $\Sigma_{\ge n}^{\mathcal{O}}$. \subsection*{Step 1: The term $E\mathcal{P}_+ \wedge X$} The classifying space $E\mathcal{P}$ is a $G$-CW complex, and thus $E\mathcal{P}_+$ is equipped with a skeletal filtration where the cofibers of the successive skeletal inclusions $E\mathcal{P}_+^{(k-1)} \to E\mathcal{P}_+^{(k)}$ are finite wedges of cells of the form $(G/H)_+ \wedge S^k$ for proper subgroups $H \in \mathcal{P}$ and $k \ge 0$. Smashing this filtration with $X$, we deduce that $E\mathcal{P}_+ \wedge X$ is built via wedges, extensions, and homotopy colimits from spectra of the form $(G/H)_+ \wedge S^k \wedge X \simeq \Sigma^k (G_+ \wedge_H i_H^* X)$. Because $\Sigma_{\ge n}^{\mathcal{O}}$ is closed under homotopy colimits, it is closed under suspensions (as $\Sigma Z$ is the homotopy colimit of $\ast \leftarrow Z \rightarrow \ast$). Establishing that the unsuspended spectrum $G_+ \wedge_H i_H^* X \in \Sigma_{\ge n}^{\mathcal{O}}$ is strictly sufficient to guarantee that $E\mathcal{P}_+ \wedge X \in \Sigma_{\ge n}^{\mathcal{O}}$. For any proper subgroup $H < G$, let $\mathcal{O}_H$ denote the transfer system restricted to subgroups of $H$. For any $J \le H$, we note $\Phi^J(i_H^* X) \simeq \Phi^J(X)$. By hypothesis, this spectrum is $\lceil n / \| J \|_{\mathcal{O}} \rceil$-connective. Because the minimal admissible subgroups in $\mathcal{O}_H$ structurally coincide with those in $\mathcal{O}$, we have $\| J \|_{\mathcal{O}_H} = \| J \|_{\mathcal{O}}$. Thus, $i_H^* X$ perfectly satisfies the connectivity hypothesis for $\mathcal{O}_H$. By the inductive hypothesis, $i_H^* X \in \Sigma_{\ge n}^{\mathcal{O}_H}$. The exact induction functor $G_+ \wedge_H (-)$ sends $\mathcal{O}_H$-admissible cells identically to $\mathcal{O}$-admissible cells. Specifically, for any $K \le H$ and any $\mathcal{O}_H$-admissible representation $W$ of $K$, we have $G_+ \wedge_H (H_+ \wedge_K S^W) \simeq G_+ \wedge_K S^W$. Because $W$ is $\mathcal{O}_H$-admissible, its stabilizers are $\mathcal{O}_H$-admissible in $K$, which natively implies they are $\mathcal{O}$-admissible. Therefore, $G_+ \wedge_H i_H^* X \in \Sigma_{\ge n}^{\mathcal{O}}$, which guarantees $E\mathcal{P}_+ \wedge X \in \Sigma_{\ge n}^{\mathcal{O}}$. \subsection*{Step 2: The term $\tilde{E}\mathcal{P} \wedge X$} By standard geometric localization (see, e.g., \cite[Lemma 2.2]{HillYarnall2018} or \cite[Section 2.5]{HHR2016}), $\tilde{E}\mathcal{P} \wedge X$ is a geometric $G$-spectrum naturally determined by its geometric $G$-fixed points, yielding the equivalence $\tilde{E}\mathcal{P} \wedge X \simeq \tilde{E}\mathcal{P} \wedge \operatorname{infl}(\Phi^G X)$, where $\operatorname{infl}$ denotes inflation from non-equivariant spectra. By hypothesis, $\Phi^G X \in \mathrm{Sp}_{\ge m}$, where $m = \lceil n / \| G \|_{\mathcal{O}} \rceil$. Consequently, $\Phi^G X$ is generated (under wedges, extensions, and homotopy colimits) by non-equivariant spheres $S^k$ for $k \ge m$. Because these operations commute with inflation and smashing with $\tilde{E}\mathcal{P}$, it suffices to prove that $\tilde{E}\mathcal{P} \wedge \operatorname{infl}(S^k) \simeq \tilde{E}\mathcal{P} \wedge S^k \in \Sigma_{\ge n}^{\mathcal{O}}$ for all integers $k \ge m$. Consider the regular admissible permutation representation $V = k \mathbb{R}[G/G_{\mathcal{O}}]$. Its dimension is $k [G : G_{\mathcal{O}}] = k \| G \|_{\mathcal{O}} \ge m \| G \|_{\mathcal{O}} \ge n$. Consequently, the representation sphere $S^V \in \Sigma_{\ge n}^{\mathcal{O}}$. We apply the isotropy separation sequence to $S^V$: \[ E\mathcal{P}_+ \wedge S^V \to S^V \to \tilde{E}\mathcal{P} \wedge S^V. \] Observe that for any $J \le G$, $\Phi^J(S^V) \simeq S^{V^J}$. By Lemma \ref{lem:dim_bound}, for any proper subgroup $J < G$, we have $\dim(V^J) \ge \dim(V) / \| J \|_{\mathcal{O}} \ge n / \| J \|_{\mathcal{O}}$. Thus, $S^V$ perfectly satisfies the geometric fixed point bounds for all proper subgroups. Applying the exact same induction logic established in Step 1 to the spectrum $Y = S^V$, we deduce that $i_H^* S^V \in \Sigma_{\ge n}^{\mathcal{O}_H}$ via the inductive hypothesis, ensuring $E\mathcal{P}_+ \wedge S^V \in \Sigma_{\ge n}^{\mathcal{O}}$. As the subcategory $\Sigma_{\ge n}^{\mathcal{O}}$ is closed under homotopy colimits (and thus cofibers), we deduce from the sequence that $\tilde{E}\mathcal{P} \wedge S^V \in \Sigma_{\ge n}^{\mathcal{O}}$. Finally, we identify the $G$-fixed points $V^G$. Because $G$ acts transitively on the single orbit $G/G_{\mathcal{O}}$, the $G$-fixed point subspace (the trivial subrepresentation) of $\mathbb{R}[G/G_{\mathcal{O}}]$ is $1$-dimensional. Thus, $\dim(V^G) = k \cdot 1 = k$. Passing to the $\tilde{E}\mathcal{P}$-localization evaluates exactly to these fixed points: \[ \tilde{E}\mathcal{P} \wedge S^V \simeq \tilde{E}\mathcal{P} \wedge \operatorname{infl}(\Phi^G S^V) \simeq \tilde{E}\mathcal{P} \wedge S^{V^G} \simeq \tilde{E}\mathcal{P} \wedge S^k. \] This formally establishes $\tilde{E}\mathcal{P} \wedge S^k \in \Sigma_{\ge n}^{\mathcal{O}}$. By generation, $\tilde{E}\mathcal{P} \wedge X \in \Sigma_{\ge n}^{\mathcal{O}}$, closing the induction loop. \begin{thebibliography}{9} \bibitem{BBR2021} Balchin, S., Barnes, D., and Roitzheim, C. \newblock \emph{$N_\infty$-operads and associahedra}. \newblock Pacific Journal of Mathematics, 315(2):285--304, 2021. \bibitem{BlumbergHill2015} Blumberg, A.\ J., and Hill, M.\ A. \newblock \emph{Operadic multiplications in equivariant spectra, norms, and transfers}. \newblock Advances in Mathematics, 285:658--708, 2015. \bibitem{HHR2016} Hill, M.\ A., Hopkins, M.\ J., and Ravenel, D.\ C. \newblock \emph{On the nonexistence of elements of Kervaire invariant one}. \newblock Annals of Mathematics, 184(1):1--262, 2016. \bibitem{HillYarnall2018} Hill, M.\ A., and Yarnall, C. \newblock \emph{A new formulation of the equivariant slice filtration with applications to $C_p$-slices}. \newblock Proceedings of the American Mathematical Society, 146(8):3605--3614, 2018. \bibitem{Rubin2020} Rubin, J. \newblock \emph{Combinatorial $N_\infty$ operads}. \newblock Algebraic \& Geometric Topology, 20(7):3563--3587, 2020. \end{thebibliography}",Geometry,2,https://github.com/google-deepmind/superhuman/tree/main/aletheia/FirstProof
first-proof-7-aletheia,"Suppose that $\Gamma$ is a uniform lattice in a real semi-simple group, and that $\Gamma$ contains some 2-torsion. Is it possible for $\Gamma$ to be the fundamental group of a compact manifold without boundary whose universal cover is acyclic over the rational numbers $\mathbb{Q}$?","\textbf{Theorem.} \textit{Let $G$ be a real semi-simple Lie group, and let $\Gamma \subset G$ be a uniform lattice containing an element of order $2$. Then $\Gamma$ cannot be the fundamental group of a compact manifold without boundary whose universal cover is acyclic over the rational numbers $\mathbb{Q}$.} \begin{proof} The proof proceeds by contradiction. Assume there exists a compact, boundaryless manifold $M$ with fundamental group $\pi_1(M) \cong \Gamma$ whose universal cover $\tilde{M}$ is rationally acyclic. Let $K$ be a maximal compact subgroup of $G$, and let $X = G/K$ be the associated symmetric space. As a symmetric space of non-compact type, $X$ is a contractible, proper $\mathrm{CAT}(0)$ metric space. Let $d = \dim X$. By hypothesis, $\Gamma$ contains an element $\gamma$ of order $2$. \vspace{1em} \textbf{Step 1: Topological Setup and Equivariant Classifying Map} By Selberg's Lemma, the finitely generated linear group $\Gamma$ contains a torsion-free normal subgroup of finite index, say $\Gamma_1$. To ensure orientability and connectedness, we refine this subgroup. Let $G^0$ be the connected identity component of $G$. Let $\Gamma_X^+ \subset \Gamma$ be the subgroup acting by orientation-preserving isometries on $X$, and let $\Gamma_M^+ \subset \Gamma$ be the subgroup acting by orientation-preserving deck transformations on $\tilde{M}$. Because orientations admit exactly two states, these subgroups have index at most $2$ in $\Gamma$. We define \[ \Gamma_0 = \Gamma_1 \cap G^0 \cap \Gamma_X^+ \cap \Gamma_M^+. \] As a finite intersection of finite-index normal subgroups, $\Gamma_0$ is a torsion-free normal subgroup of $\Gamma$ of finite index. Crucially, $\Gamma_0 \subset G^0$, and it acts freely and orientation-preservingly on both $\tilde{M}$ and $X$. The quotient spaces $M_0 = \tilde{M}/\Gamma_0$ and $X_0 = X/\Gamma_0$ are closed, orientable manifolds. Because $X$ is contractible and the $\Gamma_0$-action is free and cocompact, $X_0$ natively serves as a compact Eilenberg--MacLane classifying space $B\Gamma_0$. To rigorously construct a classifying map that is strictly pointwise equivariant, we apply Bredon equivariant obstruction theory on the universal covers. The full group $\Gamma$ acts strictly freely on $\tilde{M}$ via deck transformations, making $\tilde{M}$ a free $\Gamma$-CW complex. Furthermore, $X$ is a contractible proper $\Gamma$-space. The geometric obstructions to constructing a $\Gamma$-equivariant map reside in the Bredon equivariant cohomology groups $H^k_{\Gamma}(\tilde{M}; \pi_{k-1}(X))$. Since $X$ is contractible, $\pi_{k-1}(X) = 0$ for all $k \geq 1$, meaning all obstructions identically vanish. Thus, there exists a strictly $\Gamma$-equivariant continuous map $\tilde{f}: \tilde{M} \to X$. Descending this map to the $\Gamma_0$-quotients yields a canonical classifying map $f_0: M_0 \to X_0$, which is strictly $\Gamma/\Gamma_0$-equivariant by geometric construction. Because both $\tilde{M}$ and $X$ are $\mathbb{Q}$-acyclic, the Cartan--Leray spectral sequence collapses, guaranteeing that $f_0$ induces an isomorphism on rational homology. Consequently, $\dim M_0 = \dim X_0 = d$, and its proper topological mapping degree $D = \deg(f_0)$ is a strictly non-zero integer. Because $\Gamma_0$ is a normal subgroup, the order-$2$ element $\gamma \notin \Gamma_0$ projects to a non-trivial involution $\bar{\gamma} \in \Gamma/\Gamma_0$ acting on both $M_0$ and $X_0$. Let $\epsilon_M, \epsilon_X \in \{\pm 1\}$ denote the orientation parity of $\bar{\gamma}$ on $M_0$ and $X_0$, respectively. Because $f_0$ is strictly $\mathbb{Z}/2$-equivariant with respect to $\bar{\gamma}$ (i.e., $f_0 \circ \bar{\gamma} = \bar{\gamma} \circ f_0$), evaluating the induced homology maps on the fundamental class $[M_0] \in H_d(M_0; \mathbb{Z})$ yields: \[ f_{0*}(\bar{\gamma}_*[M_0]) = f_{0*}(\epsilon_M [M_0]) = \epsilon_M D [X_0], \] \[ \bar{\gamma}_*(f_{0*}[M_0]) = \bar{\gamma}_*(D [X_0]) = \epsilon_X D [X_0]. \] This algebraically mandates $\epsilon_M D = \epsilon_X D$. Since $D \neq 0$, we immediately obtain $\epsilon_M = \epsilon_X$. Thus, $\bar{\gamma}$ either preserves the orientation of both manifolds or reverses the orientation of both manifolds. \vspace{1em} \textbf{Step 2: The Mapping Degree Parity Constraint via Atiyah--Borel Localization} We now establish that the proper mapping degree $D$ must be an \textit{even integer}. Because $X$ is a complete $\mathrm{CAT}(0)$ metric space, Cartan's Fixed-Point Theorem ensures that the finite group $\langle \gamma \rangle$ fixes a point in $X$. This equivariance trivially descends to a fixed point for the involution $\bar{\gamma}$ on the quotient; thus, the fixed-point set $X_0^{\bar{\gamma}} \neq \emptyset$. Conversely, suppose $\bar{\gamma}$ fixed a point $[y] \in M_0$. The fixed-point relation would natively lift to $\gamma \tilde{y} = g_0 \tilde{y}$ for some $g_0 \in \Gamma_0$, where $\tilde{y} \in \tilde{M}$ represents a valid chosen lift of $[y]$. The freeness of the $\Gamma$-action on $\tilde{M}$ mandates $\gamma = g_0 \in \Gamma_0$. Since $\gamma$ has order $2$ and $\Gamma_0$ is torsion-free, this is mathematically impossible. Thus, $M_0^{\bar{\gamma}} = \emptyset$. Assume for contradiction that $D$ is an odd integer. We evaluate $\mathbb{Z}/2$-equivariant Borel cohomology with $\mathbb{F}_2$ coefficients. To maintain orientability of the Borel constructions, we select the dimension $N$ of the approximating sphere $S^N$ based on the orientation parity $\epsilon_X$: \begin{itemize} \item If $\epsilon_X = 1$ (orientation-preserving), we choose $N$ to be an odd integer, ensuring the antipodal map on $S^N$ preserves orientation. \item If $\epsilon_X = -1$ (orientation-reversing), we choose $N$ to be an even integer, ensuring the antipodal map on $S^N$ reverses orientation. \end{itemize} In both cases, the diagonal $\mathbb{Z}/2$-action on the products $M_0 \times S^N$ and $X_0 \times S^N$ strictly preserves orientation. Thus, the Borel quotients $M_N = M_0 \times_{\mathbb{Z}/2} S^N$ and $X_N = X_0 \times_{\mathbb{Z}/2} S^N$ are strictly closed, orientable manifolds. The equivariant map $f_0$ induces a proper fiber bundle map $f_N: M_N \to X_N$ of degree $D$. The ordinary cohomological Gysin transfer unconditionally satisfies $(f_N)_! \circ f_N^*(x) = (D \bmod 2) \cdot x$. Because $D$ is odd, $D \equiv 1 \pmod 2$, meaning the composition acts as the identity on $H^*(X_N; \mathbb{F}_2)$. This algebraically forces the pullback $f_N^*$ to be a split injection. Taking the inverse limit as $N \to \infty$ (over the parity-appropriate sequence of spheres), the true equivariant pullback $f_{\mathbb{Z}/2}^*: H_{\mathbb{Z}/2}^*(X_0; \mathbb{F}_2) \to H_{\mathbb{Z}/2}^*(M_0; \mathbb{F}_2)$ is forced to be injective. By the exactness of localization, passing to the localized rings by inverting the polynomial generator $u \in H^1(B\mathbb{Z}/2; \mathbb{F}_2)$ preserves this injectivity: \[ S^{-1}f_{\mathbb{Z}/2}^*: S^{-1}H_{\mathbb{Z}/2}^*(X_0; \mathbb{F}_2) \hookrightarrow S^{-1}H_{\mathbb{Z}/2}^*(M_0; \mathbb{F}_2). \] By the Atiyah--Borel Localization Theorem, the localized equivariant cohomology of a space is isomorphic to the localized equivariant cohomology of its fixed-point set: \[ S^{-1}H_{\mathbb{Z}/2}^*(Y; \mathbb{F}_2) \cong H^*(Y^{\bar{\gamma}}; \mathbb{F}_2) \otimes_{\mathbb{F}_2} \mathbb{F}_2[u, u^{-1}]. \] Because $X_0^{\bar{\gamma}} \neq \emptyset$, the localized domain evaluates to a non-zero module. Because $M_0^{\bar{\gamma}} = \emptyset$, the localized target is identically zero. An exact injection from a non-zero module into a zero module is impossible. Therefore, $D$ must rigidly be an \textbf{even integer}. \vspace{1em} \textbf{Step 3: Higher Signature Rigidity via the Strong Novikov Conjecture} We evaluate the symmetric higher signature of $M_0$ within the real $C^*$-algebra K-theory $KO_d(C^*_r(\Gamma_0; \mathbb{R}))$ to establish a fundamentally conflicting constraint. Because $\tilde{M}$ and $X$ are $\mathbb{Q}$-acyclic, the Universal Coefficient Theorem guarantees they are $\mathbb{R}$-acyclic. Thus, their real cellular chain complexes $C_*(\tilde{M}; \mathbb{R})$ and $C_*(X; \mathbb{R})$ constitute finite-length projective free resolutions of the trivial module $\mathbb{R}$ over the real group ring $\mathbb{R}\Gamma_0$. By the Fundamental Lemma of Homological Algebra, the chain map $C_*(\tilde{f}; \mathbb{R})$ is inherently a strict chain homotopy equivalence over $\mathbb{R}\Gamma_0$. The algebraic symmetric Poincar\'e duality structure of $M_0$ (defined by capping with $[M_0]$) pushes forward under this chain equivalence to capping with $f_{0*}[M_0] = D[X_0]$. Thus, the algebraic symmetric Poincar\'e complex defining the higher signature $\sigma(M_0)$ is strictly chain-equivalent to the complex of $X_0$ globally scaled by $D$. Over any real $C^*$-algebra, scaling a non-degenerate symmetric Poincar\'e complex by a non-zero real scalar $D$ yields a complex isomorphic to one scaled merely by its sign. Specifically, we can algebraically conjugate the duality structure with the central, self-adjoint, invertible scalar $c = 1/\sqrt{|D|} \in \mathbb{R}$. This canonical isomorphism scales the symmetric form by exactly $c \cdot c^* \cdot D = c^2 \cdot D = D/|D| = \operatorname{sgn}(D)$. Therefore, the analytic symmetric signatures natively satisfy: \[ \sigma(M_0) = \operatorname{sgn}(D) \sigma(X_0) \in KO_d(C^*_r(\Gamma_0; \mathbb{R})). \] Because $\Gamma_0 \subset G^0$ is a discrete uniform lattice in a connected Lie group, Kasparov's foundational theorem (G. Kasparov, ``Equivariant KK-theory and the Novikov conjecture'', \textit{Inventiones Mathematicae} 91 (1988), 147--201) establishing the Strong Novikov Conjecture for connected Lie groups guarantees that the rational assembly map \[ \mu: \bigoplus_k H_{d-4k}(B\Gamma_0; \mathbb{Q}) \to KO_d(C^*_r(\Gamma_0; \mathbb{R})) \otimes \mathbb{Q} \] is injective. The analytic symmetric signature fundamentally corresponds to the assembly of the Poincar\'e dual of the Hirzebruch $L$-class. Explicitly incorporating the functorial pushforward of the homology class via the classifying map $f_0$, we have: \[ \sigma(M_0) = \mu(f_{0*}(L(M_0) \cap [M_0])) \quad \text{and} \quad \sigma(X_0) = \mu(L(X_0) \cap [X_0]). \] Because the assembly map $\mu$ is rationally injective, the strict equality of K-theoretic signatures forces strict equality of the underlying rationally assembled homology classes in $H_*(X_0; \mathbb{Q})$: \[ f_{0*} (L(M_0) \cap [M_0]) = \operatorname{sgn}(D) (L(X_0) \cap [X_0]). \] We evaluate this rigid homological equality strictly at the top topological degree $d$. Because the degree-$0$ component of the Hirzebruch $L$-class is identically $L_0 = 1 \in H^0(Y; \mathbb{Q})$, the top-dimensional component of the mixed-degree class $L(Y) \cap [Y]$ evaluates exactly to the fundamental class $[Y] \in H_d(Y; \mathbb{Q})$. Restricting the graded equality exclusively to $H_d(X_0; \mathbb{Q})$ yields: \[ f_{0*}[M_0] = \operatorname{sgn}(D) [X_0]. \] However, by the geometric definition of the proper mapping degree, $f_{0*}[M_0] = D [X_0]$. Equating the two algebraic coefficients rigorously enforces: \[ D = \operatorname{sgn}(D). \] Because $D$ is a strictly non-zero integer, this analytic rigidity relation exclusively bounds the proper mapping degree to exactly \textbf{$D = 1$ or $D = -1$}. \vspace{1em} \textbf{Step 4: Final Contradiction} In Step 2, the generalized Atiyah--Borel equivariant parity constraint definitively established that the proper mapping degree $D$ must be an \textit{even integer} to structurally sustain the free $\mathbb{Z}/2$-action without fixed points. Simultaneously, in Step 3, analytic higher signature rigidity (via the Strong Novikov Conjecture) established that $D$ must equal precisely $\pm 1$ to preserve the acyclic chain equivalence over the real group $C^*$-algebra. An integer cannot be simultaneously strictly even and equal to $\pm 1$. This terminal geometric and algebraic contradiction mathematically proves that our initial assumption was fundamentally false. Therefore, it is definitively impossible for such a manifold $M$ to exist. \end{proof}",Geometry,3,https://github.com/google-deepmind/superhuman/tree/main/aletheia/FirstProof
first-proof-9-aletheia,"Let $n \geq 5$. Let $A^{(1)}, \ldots, A^{(n)} \in \mathbb{R}^{3 \times 4}$ be Zariski-generic. For $\alpha, \beta, \gamma, \delta \in [n]$, construct $Q^{(\alpha \beta \gamma \delta)} \in \mathbb{R}^{3 \times 3 \times 3 \times 3}$ so that its $(i, j, k, \ell)$ entry for $1 \leq i, j, k, \ell \leq 3$ is given by $Q^{(\alpha \beta \gamma \delta)}_{i j k \ell} = \det [A^{(\alpha)}(i, :); A^{(\beta)}(j, :); A^{(\gamma)}(k, :); A^{(\delta)}(\ell, :)]$. Here $A(i, :)$ denotes the $i$th row of a matrix $A$, and semicolon denotes vertical concatenation. We are interested in algebraic relations on the set of tensors $\{Q^{(\alpha \beta \gamma \delta)} : \alpha, \beta, \gamma, \delta \in [n] \}$. More precisely, does there exist a polynomial map $\mathbf{F}: \mathbb{R}^{81n^4} \rightarrow \mathbb{R}^N$ that satisfies the following three properties? \smallskip \begin{itemize}\setlength\itemsep{0.5em} \item The map $\mathbf{F}$ does not depend on $A^{(1)}, \ldots A^{(n)}$. \item The degrees of the coordinate functions of $\mathbf{F}$ do not depend on $n$. \item Let $\lambda \in \mathbb{R}^{n \times n \times n \times n}$ satisfy $\lambda_{\alpha \beta \gamma \delta} \neq 0$ for precisely $\alpha, \beta, \gamma, \delta \in [n]$ that are not identical. Then $\mathbf{F}(\lambda_{\alpha \beta \gamma \delta} Q^{(\alpha \beta \gamma \delta)} : \alpha, \beta, \gamma, \delta \in [n]) = 0$ holds if and only if there exist $u, v, w, x \in (\mathbb{R}^*)^n$ such that $\lambda_{\alpha \beta \gamma \delta} = u_{\alpha} v_{\beta} w_{\gamma} x_{\delta}$ for all $\alpha, \beta, \gamma, \delta \in [n]$ that are not identical. \end{itemize}","\section*{1. Construction of the Polynomial Map $\mathbf{F}$} We construct a polynomial map $\mathbf{F}: \mathbb{R}^{81n^4} \to \mathbb{R}^N$ whose coordinate functions are homogeneous polynomials of degree $3$. Let $T$ be a formal tensor of variables in $\mathbb{R}^{n \times n \times n \times n \times 3 \times 3 \times 3 \times 3}$. The $81n^4$ entries of $T$, denoted $T^{(\alpha \beta \gamma \delta)}_{i j k \ell}$ for positional indices $\alpha, \beta, \gamma, \delta \in [n]$ and row choices $i, j, k, \ell \in \{1, 2, 3\}$, serve as the algebraic inputs to $\mathbf{F}$. We will subsequently evaluate $\mathbf{F}$ under the substitution $T^{(\alpha \beta \gamma \delta)}_{i j k \ell} = \lambda_{\alpha \beta \gamma \delta} Q^{(\alpha \beta \gamma \delta)}_{i j k \ell}$. To build the coordinate functions of $\mathbf{F}$, we proceed as follows: \begin{enumerate} \item Fix an ordered pair of distinct tensor modes (e.g., the third and fourth modes). Assign them strictly distinct positional indices $\gamma, \delta \in [n]$ with $\gamma \neq \delta$, alongside arbitrary row indices $k, \ell \in \{1, 2, 3\}$. \item For the remaining two varying modes (e.g., the first and second modes), choose three strictly distinct indices for the first mode: $\alpha_1 < \alpha_2 < \alpha_3$ in $[n]$, and three strictly distinct indices for the second mode: $\beta_1 < \beta_2 < \beta_3$ in $[n]$. \item Assign arbitrary row configurations $i_1, i_2, i_3 \in \{1, 2, 3\}$ and $j_1, j_2, j_3 \in \{1, 2, 3\}$. \end{enumerate} Construct a $3 \times 3$ matrix $B$ populated by the corresponding formal variables from $T$: \[ B_{r, s} = T^{(\alpha_r \beta_s \gamma \delta)}_{i_r j_s k \ell} \quad \text{for } 1 \leq r, s \leq 3. \] We define one coordinate function of $\mathbf{F}$ to be the polynomial $\det(B)$. The complete map $\mathbf{F}$ is formed by collecting all such determinantal polynomials over all $\binom{4}{2} = 6$ valid pairs of varying modes, and over all valid combinatorial choices of positional and row indices. \textbf{Constraint Verification:} By definition, each coordinate function evaluates a standard $3 \times 3$ minor of the formal variables. Its coefficients are exclusively $\pm 1$ or $0$. Thus, $\mathbf{F}$ depends entirely on combinatorial structures and is strictly independent of the entries of the generic matrices $A^{(m)}$. Furthermore, every coordinate function is a homogeneous polynomial of degree exactly $3$, satisfying the requirement that the degrees of the coordinate functions do not depend on $n$. \section*{2. Proof of Sufficiency ($\impliedby$)} Assume there exist parameters $u, v, w, x \in (\mathbb{R}^*)^n$ such that $\lambda_{\alpha \beta \gamma \delta} = u_\alpha v_\beta w_\gamma x_\delta$ precisely over the domain of tuples $(\alpha, \beta, \gamma, \delta)$ that are not uniformly identical. Evaluating $\mathbf{F}$ at $T = \lambda \odot Q$ (where $\odot$ denotes the pointwise Hadamard product), the matrix $B$ constructed above via the first and second varying modes takes the form: \[ B_{r, s} = \lambda_{\alpha_r \beta_s \gamma \delta} Q^{(\alpha_r \beta_s \gamma \delta)}_{i_r j_s k \ell}. \] Because the construction strictly enforced $\gamma \neq \delta$, the evaluated tuple $(\alpha_r, \beta_s, \gamma, \delta)$ fundamentally avoids identical uniformity. Hence, substituting the rank-$1$ factorization yields: \[ B_{r, s} = u_{\alpha_r} v_{\beta_s} w_\gamma x_\delta \det \big[ A^{(\alpha_r)}(i_r, :); A^{(\beta_s)}(j_s, :); A^{(\gamma)}(k, :); A^{(\delta)}(\ell, :) \big]. \] This factors the matrix as $B = c \cdot D_u \widetilde{Q} D_v$, where $c = w_\gamma x_\delta \neq 0$, the diagonal scaling matrices $D_u = \operatorname{diag}(u_{\alpha_1}, u_{\alpha_2}, u_{\alpha_3})$ and $D_v = \operatorname{diag}(v_{\beta_1}, v_{\beta_2}, v_{\beta_3})$ are non-singular, and $\widetilde{Q}$ is the core multilinear $4 \times 4$ determinant matrix defined by \[ \widetilde{Q}_{r, s} = \det \big[ A^{(\alpha_r)}(i_r, :); A^{(\beta_s)}(j_s, :); A^{(\gamma)}(k, :); A^{(\delta)}(\ell, :) \big]. \] Because the matrices $A^{(m)}$ are Zariski-generic and $\gamma \neq \delta$, the selected fixed rows $A^{(\gamma)}(k, :)$ and $A^{(\delta)}(\ell, :)$ are linearly independent and naturally span a $2$-dimensional subspace $V \subset \mathbb{R}^4$. The $4 \times 4$ determinant evaluates the standard volume form on $\mathbb{R}^4$, which mathematically descends to an alternating bilinear form on the $2$-dimensional quotient space $\mathbb{R}^4 / V \cong \mathbb{R}^2$. Letting $\pi: \mathbb{R}^4 \to \mathbb{R}^4 / V$ be the canonical projection, there exists a non-zero scalar $C$ (dependent strictly on $V$) such that: \[ \widetilde{Q}_{r, s} = C \det \Big( \pi \big(A^{(\alpha_r)}(i_r, :)\big), \pi \big(A^{(\beta_s)}(j_s, :)\big) \Big), \] where the outer determinant represents the canonical $2 \times 2$ volume form on the quotient space. Algebraically, this structural equivalence dictates that the $3 \times 3$ matrix $\widetilde{Q}$ factors precisely through an intermediate $2$-dimensional vector space. Consequently, $\operatorname{rank}(\widetilde{Q}) \leq 2$. Thus, all evaluated $3 \times 3$ minors identically vanish, forcing $\det(B) = 0$ universally across all valid mode and index selections. This establishes sufficiency. \section*{3. Proof of Necessity ($\implies$): Local Rank-1 Separability} Assume $\mathbf{F}(\lambda \odot Q) \equiv 0$. Expanding the constraint $\det(B) = 0$ via the Leibniz formula yields: \[ \sum_{\sigma \in \mathfrak{S}_3} \operatorname{sgn}(\sigma) \prod_{r=1}^3 \Big( \lambda_{\alpha_r \beta_{\sigma(r)} \gamma \delta} \widetilde{Q}_{r, \sigma(r)} \Big) = 0. \] Let $v_{r} = \pi(A^{(\alpha_r)}(i_r, :))$ and $u_{s} = \pi(A^{(\beta_s)}(j_s, :))$. Factoring out the volume scalar $C^3 \neq 0$ and denoting the coefficient component by $W_\sigma = \prod_{r=1}^3 \lambda_{\alpha_r \beta_{\sigma(r)} \gamma \delta}$, the sum defines a multilinear map $L$ evaluating to zero: \[ L(v_1, v_2, v_3, u_1, u_2, u_3) = \sum_{\sigma \in \mathfrak{S}_3} \operatorname{sgn}(\sigma) W_\sigma \prod_{r=1}^3 \det(v_r, u_{\sigma(r)}) = 0. \] For each fixed index $r \in \{1, 2, 3\}$, the set of possible values for the vector $v_r$ is generated by independently varying the assigned row choice $i_r \in \{1, 2, 3\}$. Because each single matrix $A^{(\alpha_r)}$ is Zariski-generic, its three available rows span a $3$-dimensional subspace of $\mathbb{R}^4$. The intersection of this $3$-dimensional subspace with the $2$-dimensional kernel $V$ of the projection $\pi$ is generically $1$-dimensional. Consequently, as $i_r$ varies, the set of three available projections $\{\pi(A^{(\alpha_r)}(1, :)), \pi(A^{(\alpha_r)}(2, :)), \pi(A^{(\alpha_r)}(3, :))\}$ dynamically spans the entirety of the $2$-dimensional target space $\mathbb{R}^4 / V \cong \mathbb{R}^2$. Since this independent spanning property holds universally for the domain of every argument slot $v_r$ as $i_r$ varies (and symmetrically for $u_s$ as $j_s$ varies), the multilinear map $L$ evaluates directly to zero on the full Cartesian product of these structurally full independent spanning sets. Standard multilinear algebra therefore rigorously dictates that $L \equiv 0$ identically everywhere on $(\mathbb{R}^2)^6$. By the First and Second Fundamental Theorems of Invariant Theory for $\mathrm{SL}(2, \mathbb{R})$ (see H. Weyl, \textit{The Classical Groups: Their Invariants and Representations}, Princeton University Press, 1939), the vector space of multilinear $\mathrm{SL}(2, \mathbb{R})$-invariants on six generic vectors in $\mathbb{R}^2$ has dimension exactly equal to the Catalan number $C_3 = 5$. There are precisely $3! = 6$ uniquely generated multi-determinant bipartite invariants $P_\sigma = \prod_{r=1}^3 \det(v_r, u_{\sigma(r)})$. Because these bipartite invariants span the entire $5$-dimensional invariant space (linearly generating all non-crossing perfect matchings via successive Grassmann-Plücker syzygies), the space of linear relations strictly spanning them is exactly $1$-dimensional ($6 - 5 = 1$). This unique relation is universally generated by the primary Grassmann-Plücker identity: \[ \sum_{\sigma \in \mathfrak{S}_3} \operatorname{sgn}(\sigma) P_\sigma = 0. \] Because the syzygy space is strictly $1$-dimensional, the identically vanishing linear combination $\sum_{\sigma \in \mathfrak{S}_3} \operatorname{sgn}(\sigma) W_\sigma P_\sigma \equiv 0$ functionally mandates that the coefficients $\operatorname{sgn}(\sigma) W_\sigma$ are strictly proportional to the syzygy coefficients $\operatorname{sgn}(\sigma)$. This systematically yields $W_\sigma = K$, where $K$ is a constant completely independent of $\sigma$. Equating $W_{\operatorname{id}} = W_{(1 2)}$ systematically yields: \[ \lambda_{\alpha_1 \beta_1 \gamma \delta} \lambda_{\alpha_2 \beta_2 \gamma \delta} \lambda_{\alpha_3 \beta_3 \gamma \delta} = \lambda_{\alpha_1 \beta_2 \gamma \delta} \lambda_{\alpha_2 \beta_1 \gamma \delta} \lambda_{\alpha_3 \beta_3 \gamma \delta}. \] Because $\gamma \neq \delta$, the tuple $(\alpha_3, \beta_3, \gamma, \delta)$ categorically avoids identical uniformity. By hypothesis, $\lambda$ strictly vanishes exclusively on uniformly identical tuples, reliably guaranteeing $\lambda_{\alpha_3 \beta_3 \gamma \delta} \neq 0$. Factoring it out isolates the local $2 \times 2$ rank-$1$ relation over the varying domains: \[ \lambda_{\alpha_1 \beta_1 \gamma \delta} \lambda_{\alpha_2 \beta_2 \gamma \delta} = \lambda_{\alpha_1 \beta_2 \gamma \delta} \lambda_{\alpha_2 \beta_1 \gamma \delta}. \] \section*{4. Global Rank-1 Gluing (Necessity)} We now uncouple the variables and bridge domains to synthesize the local rank-$1$ conditions into a global factorization. To streamline notation, we re-index the tensor positional modes as $(a, b, c, d) \in [n]^4$. Let $\Omega \subset [n]^4$ be the domain of non-identical tuples. By hypothesis, $\lambda_{abcd} \neq 0$ for all $(a, b, c, d) \in \Omega$. Fix an arbitrary index $a_0 \in [n]$. Consider the normalized ratio: \[ R(a \mid b, c, d) = \frac{\lambda_{a b c d}}{\lambda_{a_0 b c d}}. \] This ratio is universally well-defined provided $(a_0, b, c, d) \in \Omega$, which holds unconditionally whenever $b, c, d$ are not all simultaneously equal to $a_0$. By symmetrically evaluating the local rank-$1$ relation across different pairs of varying modes, we deduce the following uncoupled constraints: \begin{enumerate} \item When $c \neq d$, the local rank-$1$ factorization (derived by varying the first and second modes) implies the submatrix $M^{(cd)}_{a,b} = \lambda_{abcd}$ natively has rank $1$. Thus, $\lambda_{a b c d} = \tilde{A}_{c,d}(a) \tilde{B}_{c,d}(b)$. Therefore, the ratio $R(a \mid b, c, d) = \tilde{A}_{c,d}(a)/\tilde{A}_{c,d}(a_0)$ unconditionally filters out the variable $b$, allowing us to safely denote it as a function $P(a, c, d)$. \item When $b \neq d$, by symmetric application (varying the first and third modes), the ratio strictly uncouples independently of the variable $c$, yielding a function $Q(a, b, d)$. \item When $b \neq c$, by symmetry (varying the first and fourth modes), the ratio strictly uncouples independently of the variable $d$, yielding a function $S(a, b, c)$. \end{enumerate} For any tuple satisfying both $c \neq d$ and $b \neq d$, we have $P(a, c, d) = R(a \mid b, c, d) = Q(a, b, d)$. Because $P$ is independent of $b$ and $Q$ is independent of $c$, their common structural value must be functionally independent of both $b$ and $c$, strictly reducing to a function $U(a, d)$. For any fixed pair $c \neq d$, since $n \geq 5$, we can fundamentally select an index $b \notin \{c, d, a_0\}$. For this choice of $b$, the conditions $(a_0, b, c, d) \in \Omega$, $c \neq d$, and $b \neq d$ hold simultaneously. This mathematically forces $P(a, c, d) = U(a, d)$ identically for all $c \neq d$. Similarly, on the intersection spanning $c \neq d$ and $b \neq c$, overlapping yields $U(a, d) = S(a, b, c)$. By an analogous valid index selection for $c$, this structurally isolates the variables completely independent of $d$. Therefore, $U$ inherently restricts to a univariate global function dependent solely on $a$: $U(a, d) \equiv u_1(a)$. Consequently, $P(a, c, d) = u_1(a)$ for all $c \neq d$, meaning $R(a \mid b, c, d) = u_1(a)$ universally over the subspace where $c \neq d$. This establishes domain relations seamlessly across three operative partitions of $\Omega$: \begin{itemize} \item $D_1 = \{ (a,b,c,d) \in \Omega \mid c \neq d \}$: $R = u_1(a) \implies \lambda_{a b c d} = u_1(a) \lambda_{a_0 b c d} = u_1(a) F_1(b, c, d)$. Since $M^{(cd)}_{a,b}$ has rank $1$, $F_1$ must factor out the dependence on $b$. By defining an analogous ratio for the second mode and applying identical symmetric reasoning, we globally extract a univariate function $u_2(b)$. Thus, the relation uncouples strictly into $\lambda_{a b c d} = u_1(a) u_2(b) G_1(c, d)$. \item $D_2 = \{ (a,b,c,d) \in \Omega \mid a \neq b \}$: By complete corresponding symmetry, this structurally uncouples into $\lambda_{a b c d} = u_3(c) u_4(d) G_2(a, b)$, extracting global univariate functions $u_3(c)$ and $u_4(d)$. \item $D_3 = \{ (a,b,c,d) \in \Omega \mid b \neq d \}$: Symmetrically, the variables uniquely uncouple to $\lambda_{a b c d} = u_1'(a) u_3'(c) G_3(b, d)$. Overlapping exactly with $D_1$ and $D_2$ logically guarantees $u_1'$ and $u_3'$ correspond directly (up to constant scaling) to $u_1$ and $u_3$, yielding $\lambda_{a b c d} = u_1(a) u_3(c) G_3(b, d)$. \end{itemize} On the intersection bridging $D_1 \cap D_2 = \{ c \neq d \text{ and } a \neq b \}$, evaluation strictly crosses conditions: \[ u_1(a) u_2(b) G_1(c, d) = u_3(c) u_4(d) G_2(a, b). \] Because $\lambda$ categorically avoids $0$ on $\Omega$, the functional components are identically non-zero. This cross-condition fundamentally separates the localized functions, forcing the fraction $\frac{G_1(c, d)}{u_3(c) u_4(d)} = \frac{G_2(a, b)}{u_1(a) u_2(b)} = K$ for some strictly non-zero constant $K$. Thus $G_1(c, d) = K u_3(c) u_4(d)$. For any given pair $(c,d) \in D_1$, we can select $a, b$ such that $a \neq b$, implying $(a,b,c,d) \in D_1 \cap D_2$. Thus $G_1(c,d) = K u_3(c) u_4(d)$ holds identically everywhere on $D_1$. Absorbing $K$ structurally into $u_4(d)$ seamlessly unifies the mapping precisely on $D_1 \cup D_2$: \[ \lambda_{a b c d} = u_1(a) u_2(b) u_3(c) u_4(d). \] Validating continuity onto the third uncoupled plane naturally extends into $D_3$. On $(D_1 \cup D_2) \cap D_3$: \[ u_1(a) u_3(c) G_3(b, d) = u_1(a) u_2(b) u_3(c) u_4(d) \implies G_3(b, d) = u_2(b) u_4(d). \] Because for any $(b,d) \in D_3$, we can reliably select an index $c$ such that $c \neq d$, every element mapping in $D_3$ securely lies in $D_1 \cap D_3$. This definitively anchors the exact global rank-$1$ factorization over the united domain $D_1 \cup D_2 \cup D_3$. \textbf{Completeness of Domain Coverage:} If any valid tuple $(a,b,c,d) \in \Omega$ were to fall outside the spanned domain $D_1 \cup D_2 \cup D_3$, its exact mathematical omission logically structures the rigorous constraints: $c = d$ (violating $D_1$), $a = b$ (violating $D_2$), and $b = d$ (violating $D_3$). These three constraints collectively restrict the index boundaries exclusively to $a = b = c = d$, fully characterizing identical uniformity. However, uniformly identical tuples are unconditionally excluded from $\Omega$ strictly by hypothesis. Thus, the global union $D_1 \cup D_2 \cup D_3$ perfectly equals $\Omega$, entirely covering all valid non-identical subsets and firmly securing the exact uncoupled relation $\lambda_{\alpha \beta \gamma \delta} = u_1(\alpha) u_2(\beta) u_3(\gamma) u_4(\delta)$. Concurrently, since structural evaluation over $\Omega$ categorically rejects evaluation to zero, it unequivocally enforces the required continuous functional constraints $u_1, u_2, u_3, u_4 \in (\mathbb{R}^*)^n$ (formally corresponding to the vectors $u, v, w, x$). This comprehensively establishes necessity and completes the full proof.",Algebra,1,https://github.com/google-deepmind/superhuman/tree/main/aletheia/FirstProof
first-proof-10-aletheia,"Given a $d$-way tensor $\mathcal{T} \in \mathbb{R}^{n_1 \times n_2 \times \cdots \times n_d}$ such that the data is unaligned (meaning the tensor $\mathcal{T}$ has missing entries), we consider the problem of computing a CP decomposition of rank $r$ where some modes are infinite-dimensional and constrained to be in a Reproducing Kernel Hilbert Space (RKHS). We want to solve this using an alternating optimization approach, and our question is focused on the mode-$k$ subproblem for an infinite-dimensional mode. For the subproblem, then CP factor matrices $A_1, \dots, A_{k-1}, A_{k+1}, \dots, A_d$ are fixed, and we are solving for $A_k$. Our notation is as follows. Let $N = \prod_i n_i$ denote the product of all sizes. Let $n \equiv n_k$ be the size of mode $k$, let $M = \prod_{i\neq k} n_i$ be the product of all dimensions except $k$, and assume $n \ll M$. Since the data are unaligned, this means only a subset of $\mathcal{T}$'s entries are observed, and we let $q \ll N$ denote the number of observed entries. We let $T \in \mathbb{R}^{n \times M}$ denote the mode-$k$ unfolding of the tensor $\mathcal{T}$ with all missing entries set to zero. The $\vecop$ operations creates a vector from a matrix by stacking its columns, and we let $S \in \mathbb{R}^{N \times q}$ denote the selection matrix (a subset of the $N \times N$ identity matrix) such that $S^T \vecop(T)$ selects the $q$ known entries of the tensor $\mathcal{T}$ from the vectorization of its mode-$k$ unfolding. We let $Z = A_d \odot \cdots \odot A_{k+1} \odot A_{k-1} \odot \cdots \odot A_1 \in \mathbb{R}^{M \times r}$ be the Khatri-Rao product of the factor matrices corresponding to all modes except mode $k$. We let $B = TZ$ denote the MTTKRP of the tensor $\mathcal{T}$ and Khatri-Rao product $Z$. We assume $A_k = KW$ where $K \in \mathbb{R}^{n \times n}$ denotes the psd RKHS kernel matrix for mode $k$. The matrix $W$ of size $n \times r$ is the unknown for which we must solve. The system to be solved is \begin{equation} \left[ (Z \otimes K)^T S S^T (Z \otimes K) + \lambda (I_r \otimes K) \right] \vecop(W) = (I_r \otimes K) \vecop( B ). \nonumber \end{equation} Here, $I_r$ denotes the $r \times r$ identity matrix. This is a system of size $nr \times nr$ Using a standard linear solver costs $O(n^3 r^3)$, and explicitly forming the matrix is an additional expense. Explain how an iterative preconditioned conjugate gradient linear solver can be used to solve this problem more efficiently. Explain the method and choice of preconditioner. Explain in detail how the matrix-vector products are computed and why this works. Provide complexity analysis. We assume $n,r < q \ll N$. Avoid any computation of order $N$.","\section*{1. Algebraic Factorization of the Linear System} The alternating optimization subproblem for the infinite-dimensional factor matrix $W \in \mathbb{R}^{n \times r}$ associated with a Reproducing Kernel Hilbert Space (RKHS) governed by the symmetric positive semi-definite (PSD) kernel matrix $K \in \mathbb{R}^{n \times n}$ requires solving the normal equations \begin{equation} \label{eq:sys} \mathcal{H} \operatorname{vec}(W) = \mathbf{c}, \end{equation} where the global system matrix $\mathcal{H} \in \mathbb{R}^{nr \times nr}$ and the right-hand side objective vector $\mathbf{c} \in \mathbb{R}^{nr}$ are defined as \begin{align} \mathcal{H} &:= (Z \otimes K)^T \Omega (Z \otimes K) + \lambda (I_r \otimes K), \\ \mathbf{c} &:= (I_r \otimes K) \operatorname{vec}(B). \end{align} Here, $Z \in \mathbb{R}^{M \times r}$ denotes the Khatri-Rao product of the fixed factor matrices from the remaining $d-1$ modes. To represent the unaligned missing data topology, we define the diagonal masking matrix $\Omega := S S^T \in \mathbb{R}^{N \times N}$, where $S \in \mathbb{R}^{N \times q}$ is the selection matrix projecting onto the $q$ observed tensor entries. Explicitly forming the global operator $\mathcal{H}$ or executing computations within the ambient tensor dimensions $M$ and $N$ is computationally intractable. Because $K$ is a valid PSD reproducing kernel, the linear operator $\mathcal{H}$ is inherently symmetric and PSD. For any Tikhonov regularization parameter $\lambda > 0$, $\mathcal{H}$ is strictly positive definite if and only if $K$ is strictly positive definite ($K \succ 0$). In the broader regime where the kernel $K$ may be rank-deficient, the global operator $\mathcal{H}$ inherently shares a null space with the operator $(I_r \otimes K)$. Specifically, for any test vector $\mathbf{x} \in \mathbb{R}^{nr}$, the condition $\mathbf{x}^T \mathcal{H} \mathbf{x} = 0$ intrinsically requires both $(Z \otimes I_n)(I_r \otimes K)\mathbf{x} = \mathbf{0}$ and $(I_r \otimes K)\mathbf{x} = \mathbf{0}$ due to the strict positive semi-definiteness of the individual summands. Thus, $\operatorname{Null}(\mathcal{H}) = \operatorname{Null}(I_r \otimes K)$. Because both operators are symmetric, their column spaces are identical: $\operatorname{Col}(\mathcal{H}) = \operatorname{Col}(I_r \otimes K)$. Since the objective vector $\mathbf{c} = (I_r \otimes K) \operatorname{vec}(B)$ resides natively in the column space of $(I_r \otimes K)$, it necessarily lies precisely in the column space of $\mathcal{H}$. This intrinsic algebraic consistency rigorously guarantees that the Preconditioned Conjugate Gradient (PCG) method will safely converge to a valid minimizer without requiring strict positive definiteness of the global system. To construct an optimal matrix-vector product (MVP) for the PCG solver, we invoke the standard Kronecker mixed-product property, $(A_1 \otimes B_1)(A_2 \otimes B_2) = (A_1 A_2 \otimes B_1 B_2)$, to decouple the spatial kernel $K$ from the discrete fixed Khatri-Rao product $Z$: \begin{equation} (Z \otimes K) = (Z \otimes I_n)(I_r \otimes K). \end{equation} Leveraging the symmetry of the kernel, $(I_r \otimes K)^T = I_r \otimes K$. Substituting this exact factorization into the definition of $\mathcal{H}$ cleanly isolates the kernel operators: \begin{equation} \label{eq:H_factored} \mathcal{H} = (I_r \otimes K) \mathbf{\Phi} (I_r \otimes K) + \lambda (I_r \otimes K), \end{equation} where $\mathbf{\Phi} := (Z \otimes I_n)^T \Omega (Z \otimes I_n) \in \mathbb{R}^{nr \times nr}$ acts as the core structural matrix encapsulating the unaligned data topology. \section*{2. Spatial Decoupling and Matrix-Free Matrix-Vector Product} Standard sparse MVP algorithms strictly demand evaluating the missing data mask $\Omega$ at every iteration, instantiating a prohibitive $\mathcal{O}(qr)$ computational bottleneck. We systematically bypass this limitation by proving that $\mathbf{\Phi}$ operates completely independently across the $n$ spatial coordinates. \textbf{Theorem 1 (Spatial Block-Diagonal Structure of $\mathbf{\Phi}$).} \textit{Let $\mathcal{E}$ denote the set of $q$ observed tensor indices. For each observation $e \in \mathcal{E}$, let $i_e \in \{1, \dots, n\}$ be its mode-$k$ spatial index, and let $z_e \in \mathbb{R}^{1 \times r}$ denote the corresponding row extracted from the Khatri-Rao product $Z$. Let $\Psi_i \in \mathbb{R}^{r \times r}$ denote the local uncentered rank-covariance matrix for spatial slice $i$:} \begin{equation} \Psi_i = \sum_{e \in \mathcal{E} : i_e = i} z_e^T z_e \quad \text{for } i = 1, \dots, n. \end{equation} \textit{Then applying the core structural operator $\mathbf{\Phi}$ to the vectorization of any matrix $U \in \mathbb{R}^{n \times r}$ strictly decouples row-by-row in the unvectorized spatial domain. Specifically, if we unambiguously define the intermediate mapped matrix $V = \operatorname{unvec}(\mathbf{\Phi}\operatorname{vec}(U)) \in \mathbb{R}^{n \times r}$, its $i$-th row precisely evaluates to $V_{i, :} = U_{i, :} \Psi_i$.} \textit{Proof.} We formally expand the diagonal unaligned masking matrix as $\Omega = \sum_{e \in \mathcal{E}} \mathbf{e}_{j_e} \mathbf{e}_{j_e}^T \otimes \mathbf{e}_{i_e} \mathbf{e}_{i_e}^T$, where $j_e$ represents the complementary geometric multi-index in the $M$-dimensional ambient space. Evaluating the inner projection for $\mathbf{\Phi}$ yields: \begin{align} \mathbf{\Phi} &= \sum_{e \in \mathcal{E}} (Z \otimes I_n)^T \left( \mathbf{e}_{j_e} \mathbf{e}_{j_e}^T \otimes \mathbf{e}_{i_e} \mathbf{e}_{i_e}^T \right) (Z \otimes I_n) \nonumber \\ &= \sum_{e \in \mathcal{E}} \left( Z^T \mathbf{e}_{j_e} \mathbf{e}_{j_e}^T Z \right) \otimes \left( I_n \mathbf{e}_{i_e} \mathbf{e}_{i_e}^T I_n \right) \nonumber \\ &= \sum_{e \in \mathcal{E}} \left( z_e^T z_e \right) \otimes \left( \mathbf{e}_{i_e} \mathbf{e}_{i_e}^T \right) = \sum_{a=1}^n \Psi_a \otimes (\mathbf{e}_a \mathbf{e}_a^T). \end{align} Applying this decoupled operator directly to $\operatorname{vec}(U)$, we utilize the standard vectorization identity $(B^T \otimes A) \operatorname{vec}(X) = \operatorname{vec}(AXB)$. Noting that the localized empirical covariance matrix is strictly symmetric ($\Psi_a^T = \Psi_a$), we obtain: \begin{equation} \mathbf{\Phi} \operatorname{vec}(U) = \sum_{a=1}^n \operatorname{vec}\left( \mathbf{e}_a \mathbf{e}_a^T U \Psi_a \right). \end{equation} Unvectorizing this summation naturally maps the operator back to the dense matrix domain as $V = \sum_{a=1}^n \mathbf{e}_a \mathbf{e}_a^T U \Psi_a$. Extracting the targeted $i$-th row of $V$ mathematically establishes $V_{i, :} = \mathbf{e}_i^T V = \sum_{a=1}^n \mathbf{e}_i^T \mathbf{e}_a \mathbf{e}_a^T U \Psi_a$. Because the canonical basis vectors are orthonormal ($\mathbf{e}_i^T \mathbf{e}_a = \delta_{ia}$), the spatial summation collapses perfectly to $V_{i, :} = \mathbf{e}_i^T U \Psi_i = U_{i, :} \Psi_i$, concluding the proof. \hfill $\blacksquare$ \vspace{1em} \noindent \textbf{Accelerated Matrix-Free MVP Algorithm.} By precomputing the $n$ compact spatial covariance matrices $\Psi_i$, evaluating the complete action of the system $Y = \operatorname{unvec}(\mathcal{H}\operatorname{vec}(W))$ strictly bypasses the explicit necessity to traverse the observation mask $\Omega$ inside the iterative solver: \begin{enumerate} \item Compute $U = K W \in \mathbb{R}^{n \times r}$. \hfill \textit{(Cost: $\mathcal{O}(n^2 r)$)} \item Evaluate $V_{i, :} = U_{i, :} \Psi_i$ for $i=1, \dots, n$. \hfill \textit{(Cost: $\mathcal{O}(n r^2)$)} \item Compute $\tilde{U} = K V \in \mathbb{R}^{n \times r}$. \hfill \textit{(Cost: $\mathcal{O}(n^2 r)$)} \item Formulate $Y = \tilde{U} + \lambda U$. \hfill \textit{(Cost: $\mathcal{O}(n r)$)} \end{enumerate} This analytical factorization cleanly bounds the strict per-iteration MVP computational overhead to merely $\mathcal{O}(n^2 r + n r^2)$. \section*{3. Exact Spatial Block-Jacobi Preconditioner} CP tensor decompositions naturally suffer from severe structural collinearity among the latent rank components $r$, and the unaligned missing data topology $\Omega$ invariably leaves specific spatial slices sparsely observed. To robustly resolve this severe geometric ill-conditioning, we formally derive the exact spatial Block-Jacobi preconditioner $\mathcal{M}$, intrinsically extracted from the $n$ strictly diagonal $r \times r$ blocks of $\mathcal{H}$. \textbf{Theorem 2 (Diagonal Blocks of $\mathcal{H}$).} \textit{Let the continuous variables of $\operatorname{vec}(W)$ be sequentially partitioned by their spatial rows. The $i$-th diagonal block $B_i \in \mathbb{R}^{r \times r}$ of $\mathcal{H}$, uniquely operating over the localized spatial variables $W_{i, :}$, is exactly given by:} \begin{equation} B_i = \sum_{a=1}^n K_{i, a}^2 \Psi_a + \lambda K_{i, i} I_r. \end{equation} \textit{Proof.} The continuous decision variables encapsulating the $i$-th row of $W$ are selected via the orthogonal identity projection $(I_r \otimes \mathbf{e}_i^T) \operatorname{vec}(W) = W_{i, :}^T$. Thus, the exact $r \times r$ principal submatrix of $\mathcal{H}$ fundamentally mapping row $i$ back to itself is isolated strictly by the submatrix projection $B_i = (I_r \otimes \mathbf{e}_i^T) \mathcal{H} (I_r \otimes \mathbf{e}_i)$. Expanding $\mathcal{H}$ using the core structural identity established in Theorem 1: \begin{align} \mathcal{H} &= (I_r \otimes K) \left( \sum_{a=1}^n \Psi_a \otimes \mathbf{e}_a \mathbf{e}_a^T \right) (I_r \otimes K) + \lambda (I_r \otimes K) \nonumber \\ &= \sum_{a=1}^n \Psi_a \otimes (K \mathbf{e}_a \mathbf{e}_a^T K) + \lambda (I_r \otimes K). \end{align} Projecting this expanded summation sequentially with $(I_r \otimes \mathbf{e}_i^T)$ on the left and $(I_r \otimes \mathbf{e}_i)$ on the right yields: \begin{equation} B_i = \sum_{a=1}^n \Psi_a \otimes (\mathbf{e}_i^T K \mathbf{e}_a \mathbf{e}_a^T K \mathbf{e}_i) + \lambda (I_r \otimes \mathbf{e}_i^T K \mathbf{e}_i). \end{equation} By functional kernel symmetry, $\mathbf{e}_i^T K \mathbf{e}_a = K_{i, a}$ and $\mathbf{e}_a^T K \mathbf{e}_i = K_{a, i} = K_{i, a}$. Thus, the central quadratic form perfectly simplifies to $K_{i, a}^2$. Incorporating the local diagonal evaluation $\mathbf{e}_i^T K \mathbf{e}_i = K_{i, i}$, we obtain: \begin{equation} B_i = \sum_{a=1}^n \Psi_a \otimes (K_{i, a}^2) + \lambda (I_r \otimes K_{i, i}) = \sum_{a=1}^n K_{i, a}^2 \Psi_a + \lambda K_{i, i} I_r, \end{equation} which analytically isolates the target dense preconditioner sub-block. \hfill $\blacksquare$ Because the empirical covariance inherently satisfies $\Psi_a \succeq 0$, the squared kernel interactions naturally enforce $K_{i, a}^2 \ge 0$, and valid spatial coordinate maps within a non-trivial RKHS evaluate to $K_{i, i} > 0$. Therefore, every local block $B_i$ safely absorbs the strictly positive scalar shift $\lambda K_{i, i} I_r$. This mathematically guarantees that for any regularization parameter $\lambda > 0$, every block $B_i$ strictly maps as symmetric positive definite ($B_i \succ 0$), rigorously safeguarding the preconditioning sub-blocks against local rank degeneracy. We can independently precompute their $n$ spatial Cholesky factorizations $L_i L_i^T = B_i$. During the active PCG descent phase, preconditioning an arbitrary residual matrix $R \in \mathbb{R}^{n \times r}$ strictly reduces to solving $n$ decoupled dense triangular systems, $B_i \tilde{R}_{i, :}^T = R_{i, :}^T$, which costs purely $\mathcal{O}(n r^2)$ computational operations. \section*{4. Direct Right-Hand Side Construction} The exact evaluation of the initial right-hand side vector $\mathbf{c} = \operatorname{vec}(K B)$ depends purely on the sparse Matricized Tensor Times Khatri-Rao Product (MTTKRP) array $B = T Z$. Because the unaligned tensor unfolding $T \in \mathbb{R}^{n \times M}$ operates structurally as a complete zero-filled tensor aside from the natively defined $q$ observed continuous entries $\mathcal{T}_e$, we mathematically formulate the condensed objective matrix $B \in \mathbb{R}^{n \times r}$ directly without explicitly instantiating the massive ambient unfolding space: \begin{equation} B_{i, :} = \sum_{e \in \mathcal{E} : i_e = i} \mathcal{T}_e z_e. \end{equation} Aggregating $B$ implicitly requires strictly $\mathcal{O}(q r)$ dense operations. A final dense matrix multiplication $K B$ generates the fully shifted unvectorized objective vector $\mathbf{c}$ efficiently in $\mathcal{O}(n^2 r)$ sequential time. \section*{5. Computational Complexity Analysis} The unified algorithmic topography seamlessly circumvents any explicit calculations scaling with the native global geometric volume $\mathcal{O}(N)$ and strictly isolates all heavy $\mathcal{O}(q)$ calculations directly to an isolated, one-time precomputational phase. \vspace{0.5em} \noindent \textbf{I. One-Time Setup Precomputations:} \begin{enumerate} \item Extract the Khatri-Rao rows $z_e$: $\mathcal{O}(q d r)$ via sequential Hadamard products across the fixed unrolled factor matrices. \item Accumulate the spatial uncentered covariances $\Psi_i$ and evaluate the unaligned MTTKRP $B$: $\mathcal{O}(q r^2 + q r)$. \item Formulate the explicit dense initial objective matrix condition $K B$: $\mathcal{O}(n^2 r)$. \item Assemble the exact block-Jacobi preconditioner geometries $B_i$ ($\mathcal{O}(n^2 r^2)$) and solve their spatial Cholesky factors ($\mathcal{O}(n r^3)$): $\mathcal{O}(n^2 r^2 + n r^3)$. \end{enumerate} \textit{Total Setup Complexity:} $\mathcal{O}(q d r + q r^2 + n^2 r^2 + n r^3)$. \vspace{0.5em} \noindent \textbf{II. Per-Iteration PCG Phase:} \begin{enumerate} \item Accelerated matrix-free iteration MVP evaluation via $\operatorname{unvec}(\mathcal{H}\operatorname{vec}(W))$: $\mathcal{O}(n^2 r + n r^2)$. \item Fast mathematical application of the decoupled spatial block-Jacobi preconditioner: $\mathcal{O}(n r^2)$. \end{enumerate} \textit{Total Iteration Complexity:} $\mathcal{O}(n^2 r + n r^2)$. The overarching spatial memory footprint rigidly restricts scaling to $\mathcal{O}(q r + n^2 + n r^2)$, definitively respecting the unaligned data constraints dictating $n, r < q \ll N$.",Algebra,1,https://github.com/google-deepmind/superhuman/tree/main/aletheia/FirstProof
aletheia-f26,"Turn 1: I have a family of problems attached to a reductive group $G$ along with a choice of minuscule coweight $\mu$. Consider the graded ring $R = H^*(\BB T)$ where $T$ is a maximal torus of $G$. This has an obvious action of the Weyl group $W$, and the invariant ring $R^W$ identifies with $H^*(\BB G)$. Let $L_\mu \subset P_\mu$ be the Levi and parabolic subgroups of $G$ associated to $\mu$. Let $W_\mu$ be the Weyl group of $L_\mu$. The map $\BB P_\mu \rightarrow \BB G$ is a fiber bundle for $G/P_\mu$, so it induces a pushforward map on cohomology. For $f \in R^{W_\mu} $, denote this pushforward map by $$ \int_{G/P_\mu} f : R^{W_\mu} = H^*(\BB P_\mu) \rightarrow H^*(\BB G) = R^W $$ Since the coweight $\mu$ can be viewed in $X_*(T)$ while $R = \mathrm{Sym}_{\Q}(X^*(T))$, the partial derivative $\partial_\mu \colon R^W \rightarrow R^{W_\mu}$ is defined. Let $\VV = \Gr^1_{\aug}(R^W)/\Gr^2_{\aug}(R^W)$ be the first graded for the augmentation filtration on $R^W$. I will consider an operator $\nabla^\eta$ on $\VV$, of the form $$ \nabla^\eta_\mu(f) = \int \eta \partial_{\mu} f $$ where $\eta = t^{1 + \dim G/P_\mu}$ for some degree $2$ element $t \in R^{W_\mu}$ (the numerology is chosen so that $\nabla^\eta$ preserves degree, since $\partial_\mu$ lowers degree by $2$ and $\int \eta \partial_{\mu}$ lowers degree by $2 \dim G/P_\mu$). I want to know the eigenvalues of $\nabla^\eta_\mu$ on $\VV$. Let $G = \GL_n$ and the minuscule coweight $\mu = (1,1,\dots, 1, 0, \dots, 0)$ with $m$ leading $1$’s, and $t = x_1+x_2+ \dots + x_m$. Assume $1 \leq m < n$. Here $R^W = \Q[e_1, e_2, \dots, e_n]$ where $e_i$ is the $i$-th elementary symmetric polynomial in $x_1, \dots, x_n$. Calculate the action of $\nabla^\eta$ on the basis $e_1, e_2, \dots, e_n$ for $\VV = \Gr^1_{\aug}(R^W)/\Gr^2_{\aug}(R^W)$. In particular, identify the eigenvalues of $\nabla^\eta_\mu$ on $\VV$. Express these eigenvalues in closed form, as uniform in $n$ and $m$ as possible, and simplify your answer as much as possible.

Turn 2: Next let $G = PSp(2n)$ for $n \geq 2$. Let $\mu$ be the minuscule spin coweight $\frac{1}{2}(1, 1, \ldots, 1)$ of $G$ and $t = \frac{1}{2}(x_1+x_2+ … + x_n)$. Here $R^W = [p_1^{(2)}, p_2^{(2)}, \ldots, p_{n}^{(2)}]$ where $p_i^{(2)}$ is the ith power sum in $x_1^2, \ldots, x_n^2$. Calculate the action of $\nabla^\eta$ on the basis $p_1^{(2)}, p_2^{(2)}, \ldots, p_{n}^{(2)},$ for $\VV = \Gr^1_{\aug}(R^W)/\Gr^2_{\aug}(R^W)$. In particular, identify the eigenvalues of $\nabla^\eta_\mu$ on $\VV$. Try to find a closed form expression for the eigenvalues, which is as uniform in $n$ and $k$ as possible.

Turn 3: Next let $G = \PSO(2n)$ for $n \geq 3$. Let $\mu$ be the minuscule spin coweight $\frac{1}{2}(1, 1, \ldots, 1)$ of $G$ and $t = \frac{1}{2}(x_1+x_2+ … + x_n)$. Here $R^W = [p_1^{(2)}, p_2^{(2)}, \ldots, p_{n-1}^{(2)}, \Pf]$ where $p_i^{(2)} = \sum_{j=1}^n x_j^{2i}$ is the ith elementary symmetric polynomial in $x_1^2, \ldots, x_n^2$, and $\Pf = x_1 x_2 \cdots x_n$ is the Pfaffian. Calculate the action of $\nabla^\eta_\mu$ on the basis $p_1^{(2)}, p_2^{(2)}, \ldots, p_{n-1}^{(2)}, \Pf$ for $\VV = \Gr^1_{\aug}(R^W)/\Gr^2_{\aug}(R^W)$. Give an answer which is as uniform in $n$ as possible.","Turn 1: Let $G = \mathrm{GL}_n$ over $\mathbb{C}$ and let $T$ be its maximal torus. The cohomology ring of the classifying space $BT$ is identified with the polynomial ring $R = \Q[x_1, \dots, x_n]$. The Weyl group $W \cong S_n$ acts on $R$ by permuting the variables. The ring of invariants is $R^W = \Q[p_1, \dots, p_n]$, where $p_k = \sum_{i=1}^n x_i^k$ denotes the $k$-th power sum polynomial. Let $I \subset R^W$ be the augmentation ideal generated by homogeneous invariants of positive degree. The space $\VV = I/I^2$ represents the indecomposable elements of the cohomology ring. Fix a minuscule coweight $\mu = (1^m, 0^{n-m})$ with $1 \le m < n$. This defines a parabolic subgroup $P_\mu \subset G$. The fiber of the projection $G/P_\mu \to BP_\mu \to BG$ is the Grassmannian $\mathrm{Gr}(m,n)$, having complex dimension $d = m(n-m)$. We study the linear operator $\nabla^\eta_\mu: \VV \to \VV$ defined by \[ \nabla^\eta_\mu(f) = \int_{G/P_\mu} \eta \cdot \partial_\mu f, \] where $\eta = (x_1 + \dots + x_m)^{d+1}$ and $\partial_\mu = \sum_{i=1}^m \frac{\partial}{\partial x_i}$. In this paper, we prove that $\nabla^\eta_\mu$ acts diagonally on the graded components of $\VV$ and calculate the eigenvalues explicitly. \section{Preliminaries} \subsection{Graded Structure of $\VV$} Assign polynomial degrees $\deg(x_i) = 1$. Then $\deg(p_k) = k$. Since $R^W$ is a free polynomial algebra on $\{p_1, \dots, p_n\}$, the graded vector space $\VV = I/I^2$ has basis elements $[p_k]$ for $k=1, \dots, n$. Specifically, the subspace $\VV_k$ of degree $k$ is one-dimensional: \[ \VV_k = \mathrm{span}_\Q \{ p_k \pmod{I^2} \}. \] The elementary symmetric polynomials $e_k$ are related to $p_k$ by Newton's sums. In $\VV$, decomposable products vanish, leading to the relation $e_k \equiv \frac{(-1)^{k-1}}{k} p_k \pmod{I^2}$. Thus, $e_k$ and $p_k$ represent the same eigenline. \subsection{Degree Preservation} We verify the homogeneity of the operator $\nabla^\eta_\mu$. \begin{itemize} \item Differentiation $\partial_\mu$ reduces degree by 1. \item Multiplication by $\eta$ increases degree by $d+1$. \item Integration along the fiber $G/P_\mu$ reduces degree by $d$. \end{itemize} The net shift is $(k-1) + (d+1) - d = k$. Since $\nabla^\eta_\mu$ maps $\VV_k \to \VV_k$ and $\dim(\VV_k) = 1$, there exists a scalar eigenvalue $\lambda_k$ such that \[ \nabla^\eta_\mu(p_k) \equiv \lambda_k p_k \pmod{I^2}. \] \section{Integration and Gysin Pushforward} The integral is defined by the localization formula: \[ \int_{G/P_\mu} g = \sum_{w \in W/W_\mu} w \left( \frac{g}{\frR_\mu} \right), \] where $\frR_\mu = \prod_{\langle \alpha, \mu \rangle < 0} \alpha$. For $\mu = (1^m, 0^{n-m})$, the negative roots correspond to pairs $(i, j)$ with $i > m$ and $j \le m$: \[ \frR_\mu = \prod_{i=m+1}^n \prod_{j=1}^m (x_i - x_j). \] Let $\Delta_{rel} = \prod_{j=1}^m \prod_{i=m+1}^n (x_j - x_i)$. Observe that $\frR_\mu = (-1)^{m(n-m)} \Delta_{rel} = (-1)^d \Delta_{rel}$. Thus, the integral relates to the standard Gysin pushforward $\pi_*: R^{W_\mu} \to R^W$: \[ \int_{G/P_\mu} g = (-1)^d \sum_{w \in W/W_\mu} w \left( \frac{g}{\Delta_{rel}} \right) = (-1)^d \pi_*(g). \] \begin{lemma} Let $\Lambda_m$ be the ring of symmetric functions in $x_1, \dots, x_m$. For a Schur function $s_\lambda \in \Lambda_m$, \[ \pi_*(s_\lambda) = s_{\lambda - R}(x_1, \dots, x_n), \] where $R = ((n-m)^m)$ is the rectangular partition. If $R \not\subseteq \lambda$, the term vanishes. \end{lemma} \begin{proof} Recall the alternant definition of Schur functions. Let $\delta_k = (k-1, \dots, 0)$. \[ s_\lambda(x_1, \dots, x_m) = \frac{\sum_{u \in S_m} \epsilon(u) x^{u(\lambda+\delta_m)}}{\prod_{1 \le j < k \le m} (x_j - x_k)}. \] Applying $\pi_*$, the numerator becomes $\sum_{w \in S_n} \epsilon(w) x^{w(\kappa)}$, where: \[ \kappa = (\lambda_1+m-1, \dots, \lambda_m, n-m-1, \dots, 0). \] Solving for $\nu$ in $\nu_i + n - i = \kappa_i$ yields $\nu_i = \lambda_i - (n-m)$ for $i \le m$, thus $\nu = \lambda - R$. \end{proof} \section{Eigenvalue Derivation} \subsection{Evaluating the Integrand} Let $p_k^{(m)} = \sum_{i=1}^m x_i^k$. We calculate $\partial_\mu p_k = k p_{k-1}^{(m)}$. The integrand is $g = \eta \cdot \partial_\mu p_k = (p_1^{(m)})^{d+1} \cdot k p_{k-1}^{(m)}$. Define $\Phi_k = (p_1^{(m)})^{d+1} p_{k-1}^{(m)}$. Then $\nabla^\eta_\mu(p_k) = (-1)^d k \pi_*(\Phi_k)$. \subsection{Projection Modulo Decomposables} In $\VV_k$, $s_\nu \equiv \frac{\chi^\nu_{(k)}}{k} p_k \pmod{I^2}$. By the Murnaghan-Nakayama rule, $\chi^\nu_{(k)}$ is non-zero only if $\nu$ is a hook partition. We obtain the scalar eigenvalue: \begin{equation} \label{eq:eigenvalue_sum} \lambda_k = (-1)^d \sum_{\nu \in \text{Hooks}_k} (-1)^{\htop(\nu)} c_{R+\nu}. \end{equation} \subsection{Proof of Main Theorems} In $\Lambda_m$, $s_R \cdot p_k^{(m)} = \sum_{\substack{\nu \in \text{Hooks}_k \\ \ell(R+\nu) \le m}} (-1)^{\htop(\nu)} s_{R+\nu}$. Hence $\lambda_k = (-1)^d \langle \Phi_k, s_R p_k^{(m)} \rangle_{\Lambda_m}$. \begin{theorem} The eigenvalues of $\nabla^\eta_\mu$ on $\VV$ are given by: \begin{itemize} \item If $k=1$: $\lambda_1 = (-1)^d m f^{R+(1)}$. \item If $k \ge 2$: $\lambda_k = (-1)^d \sum_{h=0}^{\min(k-1, m-1)} (-1)^h \chi^{R+\nu_h}_{\alpha_k}$, \end{itemize} where $\nu_h = (k-h, 1^h)$ and $\alpha_k$ is the conjugacy class of cycle type $(k-1, 1^{d+1})$. \end{theorem} \section{Example Calculation} Let $n=4, m=2 \implies d = 4, R = (2,2)$. \begin{itemize} \item \textbf{Degree 1:} $\lambda_1 = 2 f^{(3,2)} = 2(5) = 10$. \item \textbf{Degree 2:} $\lambda_2 = f^{(4,2)} - f^{(3,3)} = 9 - 5 = 4$. \item \textbf{Degree 3:} $\lambda_3 = \chi^{(5,2)}_{(2, 1^4)} - \chi^{(4,3)}_{(2, 1^4)} = 6 - 4 = 2$. \end{itemize} \section{Conclusion} The operator $\nabla^\eta_\mu$ acts diagonally on the basis of power sums. The eigenvalues are integers involving characters of the symmetric group associated with extensions of the rectangle partition $R$.

Turn 2: Let $G = \PSp(2n)$ denote the projective symplectic group of rank $n$ over $\mathbb{C}$. Let $T$ be a maximal torus of $G$. The rational cohomology ring of the classifying space $BT$ is isomorphic to the polynomial ring $R = \Q[x_1, \dots, x_n]$, where the variables $x_i$ are assigned cohomological degree 2. The Weyl group $W \cong S_n \ltimes (\mathbb{Z}/2\mathbb{Z})^n$ acts on $R$ via permutations and sign changes of the generators. The invariant ring is $R^W = \Q[x_1^2, \dots, x_n^2]$. Let $I \subset R^W$ be the augmentation ideal generated by homogeneous invariants of positive degree. The vector space of indecomposables is defined as the quotient $\VV = I/I^2$. As $R^W$ is a free polynomial algebra generated by the power sums of squares, the classes of the polynomials \[ p_k^{(2)} = \sum_{i=1}^n x_i^{2k}, \quad k \in \{1, \dots, n\} \] form a basis for $\VV$. We adopt the polynomial grading convention $\deg(x_i) = 1$, giving $p_k^{(2)}$ a degree of $2k$. Fix the minuscule coweight $\mu = \frac{1}{2}(1, 1, \dots, 1)$. This defines a parabolic subgroup $P_\mu \subset G$, such that the generalized flag variety $G/P_\mu$ is the Lagrangian Grassmannian of complex dimension $d = \frac{n(n+1)}{2}$. Let $t = \frac{1}{2}\sum_{i=1}^n x_i$. We define the class $\eta = t^{d+1}$. We study the linear operator $\nabla^\eta_\mu: \VV \to \VV$ defined by \[ \nabla^\eta_\mu(f) = \int_{G/P_\mu} \eta \cdot \partial_\mu f, \] where $\partial_\mu = \frac{1}{2} \sum_{i=1}^n \frac{\partial}{\partial x_i}$ is the derivation associated with $\mu$. The main contribution of this paper is the proof that $\nabla^\eta_\mu$ acts diagonally on the basis $\{p_k^{(2)}\}$ and the determination of the corresponding eigenvalues using character theory. \section{Main Result} \begin{theorem} \label{thm:eigenvalues} Let $n \ge 1$ and $1 \le k \le n$. The operator $\nabla^\eta_\mu$ preserves the graded subspaces of $\VV$. Specifically, the basis vector $p_k^{(2)}$ is an eigenvector: \[ \nabla^\eta_\mu(p_k^{(2)}) \equiv \lambda_{n,k} p_k^{(2)} \pmod{I^2}. \] The eigenvalue $\lambda_{n,k}$ is given by the formula: \[ \lambda_{n,k} = \frac{(-1)^d}{2^{d+1}} \sum_{h=0}^{\min(k-1, n-1)} (-1)^h \chi^{\Lambda_h}_{\rho}, \] where: \begin{enumerate} \item $d = \frac{n(n+1)}{2}$. \item $\chi^{\Lambda}_{\rho}$ is the irreducible character of the symmetric group $S_{d+2k}$ corresponding to the partition $\Lambda$, evaluated on the conjugacy class $\rho = (2k-1, 1^{d+1})$. \item The partition $\Lambda_h$ has components defined by: \[ (\Lambda_h)_i = \begin{cases} 2k - 2h + n & \text{if } i = 1, \\ n - i + 3 & \text{if } 2 \le i \le h+1, \\ n - i + 1 & \text{if } h+2 \le i \le n. \end{cases} \] \end{enumerate} \end{theorem} \section{Proof} \subsection{Grading and Diagonal Action} We analyze the degree shift effected by each component of $\nabla^\eta_\mu$: \begin{itemize} \item Differentiation $\partial_\mu$: reduces degree by $1$. \item Multiplication by $\eta$: increases degree by $d+1$. \item Fiber integration over $G/P_\mu$: reduces degree by dimension $d$. \end{itemize} Total shift $= -1 + (d+1) - d = 0$. Thus, $\nabla^\eta_\mu$ maps elements of degree $m$ to elements of degree $m$. The space $\VV$ decomposes into graded components $\VV_{2k}$ spanned by $p_k^{(2)}$. Since these components are one-dimensional and preserved by the operator, $p_k^{(2)}$ must be an eigenvector. \subsection{Localization Analysis} We compute the integral using the Atiyah-Bott localization theorem. The $T$-fixed points on $G/P_\mu$ are indexed by sign vectors $\epsilon \in \{\pm 1\}^n$. The weights of the tangent space at a fixed point $\epsilon$ are given by the negative roots relative to $\mu$, evaluated at $\epsilon x$. The relevant roots are $\Phi^-_\mu = \{ -2x_i \} \cup \{ -(x_i+x_j) \mid i < j \}$. The equivariant Euler class at $\epsilon x$ is: \begin{align*} \frR_\mu(\epsilon x) &= \prod_{i=1}^n (-2\epsilon_i x_i) \prod_{i < j} -(\epsilon_i x_i + \epsilon_j x_j) \\ &= (-1)^d 2^n \left(\prod_{i=1}^n \epsilon_i x_i\right) \prod_{i < j} (\epsilon_i x_i + \epsilon_j x_j). \end{align*} Using the generalized Vandermonde identity $\prod_{i<j}(u_i+u_j) = \Delta(u^2)/\Delta(u)$, we rewrite the denominator: \[ \frR_\mu(\epsilon x) = (-1)^d 2^n (\prod \epsilon x) \frac{\Delta(x^2)}{\Delta(\epsilon x)}. \] Next, consider the numerator integrand for $f = p_k^{(2)}$. Since $\partial_\mu f = k \sum x_i^{2k-1}$ and $\eta = 2^{-(d+1)} (\sum x_i)^{d+1}$, evaluating at $\epsilon x$ yields: \[ (\eta \partial_\mu f)(\epsilon x) = \frac{k}{2^{d+1}} \left(\sum \epsilon x\right)^{d+1} \left(\sum (\epsilon x)^{2k-1}\right). \] Let $P(u) = (\sum u)^{d+1} (\sum u^{2k-1})$. Substituting into the localization sum: \[ \nabla^\eta_\mu(p_k^{(2)}) = \sum_{\epsilon \in \{\pm 1\}^n} \frac{\frac{k}{2^{d+1}} P(\epsilon x)}{\frR_\mu(\epsilon x)} = \frac{(-1)^d k}{2^{d+n+1} \Delta(x^2)} \sum_{\epsilon} \frac{P(\epsilon x)\Delta(\epsilon x)}{\prod \epsilon x}. \] \subsection{Parity Filtering} Let $Q(u) = P(u)\Delta(u)$. Writing $Q(u) = \sum_\gamma c_\gamma u^\gamma$, the summation over $\epsilon$ filters out terms where any exponent is even: \[ \sum_{\epsilon} \frac{(\epsilon x)^\gamma}{\prod \epsilon x} = \begin{cases} 2^n x^{\gamma - \mathbf{1}} & \text{if } \gamma_i \text{ is odd } \forall i, \\ 0 & \text{otherwise.} \end{cases} \] Let $\gamma = 2\beta + \mathbf{1}$. The sum yields $2^n x^{2\beta}$. Returning to the integral expression: \[ \nabla^\eta_\mu(p_k^{(2)}) = \frac{(-1)^d k}{2^{d+1} \Delta(x^2)} \sum_{\beta} c_{2\beta+\mathbf{1}} x^{2\beta}. \] Let $y_i = x_i^2$. Note that $Q(u)$ is an antisymmetric polynomial. Thus the coefficients satisfy $c_{\sigma(\gamma)} = \sgn(\sigma) c_\gamma$. This antisymmetry allows us to collect terms into Schur polynomials. Let $\beta = \nu + \delta$, where $\delta = (n-1, \dots, 0)$. Then: \[ \frac{1}{\Delta(y)} \sum_{\beta} c_{2\beta+\mathbf{1}} y^\beta = \sum_{\nu} c_{2(\nu+\delta)+\mathbf{1}} s_\nu(y). \] Thus, \[ \nabla^\eta_\mu(p_k^{(2)}) = \frac{(-1)^d k}{2^{d+1}} \sum_{\nu} c_{2(\nu+\delta)+\mathbf{1}} s_\nu(x^2). \] \subsection{Projection onto $\VV$} We evaluate the Schur functions modulo $I^2$. Using the character map $s_\nu = \sum_\rho z_\rho^{-1} \chi^\nu_\rho p_\rho$, we note that any term with more than one cycle corresponds to a decomposable element (product of invariants) and vanishes in $\VV$. The only surviving term is the single cycle $p_k$. \[ s_\nu \equiv \frac{\chi^\nu_{(k)}}{k} p_k \pmod{I^2}. \] The Murnaghan-Nakayama rule implies $\chi^\nu_{(k)} \neq 0$ if and only if $\nu$ is a hook partition $\nu_h = (k-h, 1^h)$, yielding value $(-1)^h$. Substituting into our expression: \[ \nabla^\eta_\mu(p_k^{(2)}) \equiv \frac{(-1)^d k}{2^{d+1}} \sum_{h=0}^{k-1} c_{2(\nu_h+\delta)+\mathbf{1}} \frac{(-1)^h}{k} p_k^{(2)} \pmod{I^2}. \] Factors of $k$ cancel. We identify the coefficient $c_\gamma$. Recall $c_\gamma$ is the coefficient of $u^\gamma$ in $P(u)\Delta(u)$. Let $\Lambda = \gamma - \delta$. Then $c_{\Lambda+\delta}$ is the inner product $\langle P, s_\Lambda \rangle$. Here $P = p_1^{d+1} p_{2k-1}$. This corresponds to the power sum function $p_\rho$ for partition $\rho = (2k-1, 1^{d+1})$. Using the orthogonality relation $\langle p_\rho, s_\Lambda \rangle = \chi^\Lambda_\rho$, we obtain: \[ c_{2(\nu_h+\delta)+\mathbf{1}} = \chi^{\Lambda_h}_{\rho}. \] This yields the formula stated in Theorem \ref{thm:eigenvalues}. \subsection{Construction of $\Lambda_h$} We verify the components of $\Lambda_h = 2\nu_h + \delta + \mathbf{1}$: For $i=1$: $(\Lambda_h)_1 = 2(k-h) + (n-1) + 1 = 2k - 2h + n$. For $2 \le i \le h+1$ (where $(\nu_h)_i = 1$): $(\Lambda_h)_i = 2(1) + (n-i) + 1 = n - i + 3$. For $h+2 \le i \le n$ (where $(\nu_h)_i = 0$): $(\Lambda_h)_i = 0 + (n-i) + 1 = n - i + 1$. Since $h \le k-1$, the partition parts are strictly decreasing, confirming $\Lambda_h$ is a valid partition. \section{Calculated Eigenvalues} Using the derived formula, exact eigenvalues for ranks $n=1$ to $n=6$ are calculated as follows. \begin{center} \captionof{table}{Eigenvalues $\lambda_{n,k}$ for $1 \le k \le n$} \vspace{0.2cm} \renewcommand{\arraystretch}{1.5} \begin{tabular}{ccl} \toprule Rank & Dim $d$ & Eigenvalues $(\lambda_{n,1}, \dots, \lambda_{n,n})$ \\ \midrule 1 & 1 & $-\frac{1}{4}$ \\ 2 & 3 & $-\frac{1}{4}, \ -\frac{1}{4}$ \\ 3 & 6 & $\frac{1}{2}, \ \frac{5}{16}, \ \frac{1}{2}$ \\ 4 & 10 & $\frac{11}{4}, \ \frac{19}{16}, \ \frac{7}{4}, \ \frac{41}{16}$ \\ 5 & 15 & $-\frac{221}{4}, \ -\frac{71}{4}, \ -\frac{49}{2}, \ -\frac{137}{4}, \ -47$ \\ 6 & 21 & $-\frac{81719}{16}, \ -1292, \ -\frac{13395}{8}, \ -\frac{36501}{16}, \ -\frac{12045}{4}, \ -\frac{7909}{2}$ \\ \bottomrule \end{tabular} \end{center} \section{Conclusion} We have demonstrated that the operator $\nabla^\eta_\mu$ acts diagonally on the basis of power sum polynomials in $\VV$. The eigenvalues obey a uniform combinatorial formula based on characters of the symmetric group $S_{d+2k}$, linking the geometry of the Lagrangian Grassmannian to symmetric function theory.

Turn 3: \section{Introduction} Let $G = \PSO(2n)$ be the projective special orthogonal group of rank $n \ge 3$ over $\mathbb{C}$. The rational cohomology ring of the classifying space $BG$ is isomorphic to the ring of Weyl group invariants $R^W \subset R = \Q[x_1, \dots, x_n]$, where $W$ is the Weyl group of type $D_n$. We assign the polynomial grading $\deg(x_i) = 1$. The ring $R^W$ is generated by the even power sum polynomials and the Pfaffian: \[ R^W = \Q[p_1^{(2)}, \dots, p_{n-1}^{(2)}, \Pf], \] where $p_k^{(2)} = \sum_{i=1}^n x_i^{2k}$ (degree $2k$) and $\Pf = \prod_{i=1}^n x_i$ (degree $n$). Let $I \subset R^W$ be the augmentation ideal. The space of indecomposables is defined as the quotient vector space $\VV = I/I^2$. The set $\mathcal{B} = \{p_1^{(2)}, \dots, p_{n-1}^{(2)}, \Pf\}$ forms a basis for $\VV$. Let $\mu = \frac{1}{2}(1, \dots, 1)$ be the specific minuscule coweight. This defines the spinor variety $G/P_\mu$ of dimension $d = n(n-1)/2$. Let $t = \frac{1}{2}\sum_{i=1}^n x_i$. We define the class $\eta = t^{d+1}$ and the operator $\nabla^\eta_\mu: \VV \to \VV$ by: \[ \nabla^\eta_\mu(f) = \int_{G/P_\mu} \eta \cdot \partial_\mu f, \] where $\partial_\mu = \frac{1}{2}\sum_{i=1}^n \frac{\partial}{\partial x_i}$ is the derivation induced by $\mu$. \section{Main Theorems} Let $C_0 = (-1)^d 2^{n-d-2}$. Let $\chi^\lambda_\rho$ denote the character of the symmetric group $S_{|\lambda|}$ evaluated on conjugacy class $\rho$, and $f^\lambda$ be the dimension of the irreducible representation indexed by $\lambda$. \begin{definition}[Partitions and Classes] We define the following combinatorial objects: \begin{itemize} \item $\delta = (n-1, n-2, \dots, 0)$. \item $\Delta_n = (n, n-1, \dots, 1)$. \item For $1 \le k \le n-1$ and $0 \le h < k$, $\nu_h(k) = (k-h, 1^h)$ is a hook partition of $k$. \item $\Lambda_h(n,k) = 2\nu_h(k) + \delta$ (component-wise sum). Note that $\Lambda_h$ is a partition of $d+2k$ with length $n-1$. \item $\Xi_h(n,k)$ is the partition obtained by removing the first column of $\Lambda_h(n,k)$. Explicitly, $(\Xi_h)_i = (\Lambda_h)_i - 1$ for $1 \le i \le n-1$. \item $\rho_k$ is the conjugacy class of cycle type $(2k-1, 1^{d+1})$ in $S_{d+2k}$. \end{itemize} \end{definition} \begin{theorem}[Eigenvalues for Generic Degrees] \label{thm:generic} Suppose $k \in \{1, \dots, n-1\}$ such that $2k \neq n$. Then $p_k^{(2)}$ is an eigenvector of $\nabla^\eta_\mu$. Its eigenvalue is: \[ \lambda_k = C_0 \sum_{h=0}^{k-1} (-1)^h \chi^{\Lambda_h(n,k)}_{\rho_k}. \] In addition, if $n$ is odd, $\Pf$ is an eigenvector with eigenvalue: \[ \lambda_{\Pf} = \frac{C_0}{2} (d+1) f^{\Delta_{n-1}}. \] \end{theorem} \begin{theorem}[Mixed Subspace Action] \label{thm:mixed} Suppose $n$ is even. Let $m = n/2$. The elements $p_m^{(2)}$ and $\Pf$ both have degree $n$ and span an invariant subspace $\VV_n \subset \VV$. With respect to the basis $(p_m^{(2)}, \Pf)$, the restriction of $\nabla^\eta_\mu$ is represented by the matrix: \[ M = \begin{pmatrix} \lambda_m & A_{m, \Pf} \\ A_{\Pf, m} & \lambda_{\Pf} \end{pmatrix}, \] where $\lambda_m$ and $\lambda_{\Pf}$ follow the formulas in Theorem \ref{thm:generic} (with $k=m$), and the mixing terms are: \begin{align*} A_{\Pf, m} &= m C_0 \chi^{\Delta_n}_{\rho_m}, \\ A_{m, \Pf} &= \frac{C_0}{2m} \sum_{h=0}^{m-1} (-1)^h f^{\Xi_h(n,m)}. \end{align*} Note: $A_{\Pf, m}$ is the coeff. of $\Pf$ in $\nabla^\eta_\mu(p_m^{(2)})$, and $A_{m, \Pf}$ is the coeff. of $p_m^{(2)}$ in $\nabla^\eta_\mu(\Pf)$. \end{theorem} \section{Proof Analysis} \subsection{Degree Properties} First, we verify that $\nabla^\eta_\mu$ maps homogeneous polynomials to homogeneous polynomials of the same degree. \begin{itemize} \item Degree of $\eta$: $\deg(t^{d+1}) = d+1$. \item Degree shift of $\partial_\mu$: $-1$. \item Degree shift of integration over $G/P_\mu$: $-d$. \end{itemize} Net shift: $(d+1) - 1 - d = 0$. Thus, $\VV_\ell \to \VV_\ell$. Since basis elements have distinct degrees unless $2k=n$, the operator must act diagonally whenever degrees do not coincide. Coincidence occurs only for even $n$ at degree $n$. \subsection{Localization} The fixed point set $E$ of the maximal torus on $G/P_\mu$ corresponds to the Weyl orbit of $\mu$. For $G=\PSO(2n)$, the weights in the orbit are $\epsilon \in \{\pm 1/2\}^n$ with an even number of minus signs. By rescaling variables $x \mapsto x/2$, we consider $\epsilon \in \{\pm 1\}^n$ such that $\prod \epsilon_i = 1$. The product of negative roots evaluated at a fixed point is: \[ \frR_\mu(\epsilon x) = \prod_{i<j} -(\epsilon_i x_i + \epsilon_j x_j) = (-1)^d \prod_{i<j} (\epsilon_i x_i + \epsilon_j x_j). \] Using the identity $\prod_{i<j}(u_i+u_j) = \Delta(u^2)/\Delta(u)$, we get: \[ \frR_\mu(\epsilon x) = (-1)^d \frac{\Delta(x^2)}{\Delta(\epsilon x)}. \] Let $F = \eta \partial_\mu f$. By Atiyah-Bott localization: \[ \nabla^\eta_\mu f = \sum_{\epsilon \in E} \frac{F(\epsilon x)}{\frR_\mu(\epsilon x)} = \frac{(-1)^d}{\Delta(x^2)} \sum_{\epsilon \in E} F(\epsilon x) \Delta(\epsilon x). \] \subsection{Projection via Parity} Let $Q(x) = F(x)\Delta(x)$. The sum over $E$ extracts specific parity components. Since $\sum_{\epsilon \in E} (\epsilon x)^\gamma$ vanishes unless all exponents $\gamma_i$ have the same parity: \[ \sum_{\epsilon \in E} Q(\epsilon x) = 2^{n-1} \left( [Q(x)]_{\text{even}} + [Q(x)]_{\text{odd}} \right), \] where subscripts indicate terms with all even or all odd exponents. \subsubsection{Even Exponents (Power Sum Projection)} Terms with all-even exponents correspond to power sums. Let $\gamma = 2(\nu+\delta)$. Expanding $F(x) = \sum c_\lambda s_\lambda(x)$, we get $Q(x) = \sum c_\lambda a_{\lambda+\delta}(x)$. Matching exponents yields $\lambda = 2\nu + \delta$. The contribution is: \[ \frac{(-1)^d 2^{n-1}}{\Delta(x^2)} c_{2\nu+\delta} a_{2\nu+2\delta}(x) = (-1)^d 2^{n-1} c_{2\nu+\delta} s_\nu(x^2). \] We project $s_\nu(x^2)$ modulo $I^2$. This term survives only if $\nu$ is a hook partition $\nu_h(k) = (k-h, 1^h)$, in which case: \[ s_{\nu_h(k)}(x^2) \equiv \frac{(-1)^h}{k} p_k^{(2)} \pmod{I^2}. \] Summing over $h$, the coefficient of $p_k^{(2)}$ is: \[ \text{Coeff} = (-1)^d 2^{n-1} \sum_{h=0}^{k-1} \frac{(-1)^h}{k} c_{\Lambda_h(k)}. \] \subsubsection{Odd Exponents (Pfaffian Projection)} Odd terms require $\deg(Q) \ge n^2$. Since $\deg(Q) = \deg(f) + n(n-1)$, this implies $\deg(f) \ge n$. Thus odd terms only occur for elements of degree $n$. The unique minimal odd exponent vector is $\gamma = \Delta_n + \delta$, corresponding to $\lambda = \Delta_n$. The term is: \[ \frac{(-1)^d 2^{n-1}}{\Delta(x^2)} c_{\Delta_n} a_{\Delta_n+\delta}(x) = (-1)^d 2^{n-1} c_{\Delta_n} \Pf(x). \] So the coefficient of $\Pf$ is simply $(-1)^d 2^{n-1} c_{\Delta_n}$. \subsection{Calculating $c_\lambda$} Note $\eta = 2^{-(d+1)} p_1^{d+1}$. \textbf{Case 1: $f = p_k^{(2)}$.} $\partial_\mu p_k^{(2)} = k p_{2k-1}$. $F = k 2^{-(d+1)} p_1^{d+1} p_{2k-1}$. This is proportional to the power sum $p_{\rho_k}$ where $\rho_k = (2k-1, 1^{d+1})$. Thus $c_\lambda = k 2^{-(d+1)} \chi^\lambda_{\rho_k}$. Substituting this into the even projection formula yields $\lambda_k$: \[ \lambda_k = (-1)^d 2^{n-1} \sum_h \frac{(-1)^h}{k} k 2^{-(d+1)} \chi^{\Lambda_h}_{\rho_k} = C_0 \sum_h (-1)^h \chi^{\Lambda_h}_{\rho_k}. \] Substituting into the odd projection formula (when $k=m$) yields $A_{\Pf, m}$: \[ A_{\Pf, m} = (-1)^d 2^{n-1} m 2^{-(d+1)} \chi^{\Delta_n}_{\rho_m} = m C_0 \chi^{\Delta_n}_{\rho_m}. \] \textbf{Case 2: $f = \Pf$.} $\partial_\mu \Pf = \frac{1}{2} e_{n-1}$. $F = 2^{-(d+2)} p_1^{d+1} e_{n-1}$. Using the property $\langle p_1^N e_{n-1}, s_\lambda \rangle = \langle p_1^N, s_\lambda s_{1^{n-1}}^\perp \rangle = f^{\lambda / 1^{n-1}}$, we have $c_\lambda = 2^{-(d+2)} f^{\lambda / 1^{n-1}}$. \paragraph{Odd Projection (Diagonal $\lambda_{\Pf}$):} We need $c_{\Delta_n}$. The skew shape $\Delta_n / 1^{n-1}$ is the disconnected diagram $\Delta_{n-1} \sqcup \Box$. The number of SYT is $\binom{d+1}{1} f^{\Delta_{n-1}} = (d+1) f^{\Delta_{n-1}}$. Thus: \[ \lambda_{\Pf} = (-1)^d 2^{n-1} 2^{-(d+2)} (d+1) f^{\Delta_{n-1}} = \frac{C_0}{2} (d+1) f^{\Delta_{n-1}}. \] \paragraph{Even Projection (Mix term $A_{m, \Pf}$):} We need $c_{\Lambda_h}$. The skew shape $\Lambda_h / 1^{n-1}$ removes the first column of $\Lambda_h$, yielding $\Xi_h$. Thus $c_{\Lambda_h} = 2^{-(d+2)} f^{\Xi_h}$. Substituting: \[ A_{m, \Pf} = (-1)^d 2^{n-1} \sum_h \frac{(-1)^h}{m} 2^{-(d+2)} f^{\Xi_h} = \frac{C_0}{2m} \sum_h (-1)^h f^{\Xi_h}. \] \section{Verification: Rank 4} Let $n=4$. Then $d=6$. $C_0 = 1/16$. We compute the action on the mixed subspace of degree 4 ($m=2$). Basis: $v_1 = p_2^{(2)}$, $v_2 = \Pf$. \begin{enumerate} \item $\lambda_2$: $\Lambda_0(2) = (7,2,1)$. $\chi = 34$. $\Lambda_1(2) = (5,4,1)$. $\chi = -6$. $\lambda_2 = \frac{1}{16}(34 - (-6)) = 2.5$. \item $\lambda_{\Pf}$: $\Delta_3 = (3,2,1)$. $f=16$. $\lambda_{\Pf} = \frac{1}{32}(7)(16) = 3.5$. \item $A_{\Pf, 2}$: $\Delta_4 = (4,3,2,1)$. $\chi^{\Delta_4}_{\rho_2} = -48$. $A_{\Pf, 2} = 2 \cdot \frac{1}{16} \cdot (-48) = -6$. \item $A_{2, \Pf}$: $\Xi_0 = (6,1)$ ($f=6$). $\Xi_1 = (4,3)$ ($f=14$). $A_{2, \Pf} = \frac{1/16}{4} (6 - 14) = -0.125$. \end{enumerate} Matrix: \[ M = \begin{pmatrix} 2.5 & -0.125 \\ -6 & 3.5 \end{pmatrix}. \] Characteristic equation: \[ x^2 - 6x + (8.75 - 0.75) = x^2 - 6x + 8 = 0. \] Roots: $x=2$ and $x=4$. The eigenvalues are integers, providing strong verification for the correctness of the derived coefficients. For generic degrees $k=1, 3$, we have $\lambda_1 = \lambda_3 = 4$. \section{Conclusion} The operator acts diagonally on all basis elements of degree $2k \neq n$. For $n$ even, the elements of degree $n$ mix according to the matrix $M$. Explicit, uniform formulas are provided for all entries, allowing calculation for arbitrary $n$.",Algebra,Publishable Research,https://github.com/google-deepmind/superhuman/tree/main/aletheia/F26
aletheia-hodgebundle,We work over $\mathbb{C}$. Let $\mathbb{E} \to \mathcal{M}_{g}$ be the rank $g$ Hodge bundle over the moduli stack of genus $g$ curves. Prove that $\mathbb{E}$ does not contain any non-trivial sub-vector bundles. (A sub-vector bundle is a vector bundle $V \to \mathcal{M}_{g}$ with an injective map $i : V \hookrightarrow \mathbb{E}$ which is injective on all fibers. A sub-vector bundle is trivial if it is either the 0-section or the whole bundle.),"\begin{abstract} We prove that the rank $g$ Hodge bundle $\mathbb{E} \to \mathcal{M}_g$ over the moduli stack of smooth complex algebraic curves of genus $g \ge 2$ admits no non-trivial proper sub-vector bundles. This is achieved by analyzing the equivariant characters of automorphisms on putative subbundles over specifically constructed loci of curves with a $(\mathbb{Z}/2\mathbb{Z})^2$-action. By extracting a rigid functional equation for the character traces, we categorically force the dimension of the isotypic invariant subspaces to be non-integral, yielding an algebraic contradiction. \end{abstract} \section{Introduction} Let $\mathcal{M}_g$ be the moduli stack of smooth projective curves of genus $g \ge 2$ over $\mathbb{C}$. The Hodge bundle $\mathbb{E} \to \mathcal{M}_g$ is the rank $g$ vector bundle whose fiber over a moduli point $[C]$ is the space of holomorphic abelian differentials $H^0(C, \omega_C)$. Suppose for the sake of contradiction that there exists a globally defined proper non-trivial sub-vector bundle $V \subset \mathbb{E}$ of rank $r$. By definition, this means $V \to \mathcal{M}_g$ admits a bundle map $V \hookrightarrow \mathbb{E}$ that is injective on all fibers, and its rank satisfies $0 < r < g$. For any curve $C \in \mathcal{M}_g$, the fiber $V_C$ is an $r$-dimensional subspace of $H^0(C, \omega_C)$ which is naturally invariant under the pullback action of the full automorphism group $\operatorname{Aut}(C)$. \section{Equivariant Traces of Involutions} \begin{lemma} \label{lem:constant_trace} Let $\tau$ be an orientation-preserving involution on a smooth curve $C$ of genus $g$ with $2m$ fixed points. The trace of the pullback $\tau^*$ on $V_C$ is a constant integer $f(m)$ depending only on $m$ and the bundle $V$. \end{lemma} \begin{proof} By the topological classification of surfaces, two orientation-preserving involutions on a closed orientable surface $\Sigma_g$ with the same number of fixed points correspond to double covers over a quotient surface of a uniquely determined genus. Thus, such involutions are conjugate in the mapping class group $\operatorname{Mod}_g$. The putative bundle $V$ functorially corresponds to a $\operatorname{Mod}_g$-equivariant holomorphic vector bundle over the Teichm\""uller space $\mathcal{T}_g$. By the Nielsen Realization Theorem (S. P. Kerckhoff, \textit{The Nielsen Realization Problem}, Ann. of Math., 1983), the fixed-point locus $\mathcal{T}_g^\tau$ of $\tau$ is non-empty and naturally identifies with the Teichm\""uller space of the quotient orbifold $\Sigma_g / \langle \tau \rangle$. Since the Teichm\""uller space of any orbifold is homeomorphic to a Euclidean space, $\mathcal{T}_g^\tau$ is a connected manifold. The restriction of the equivariant bundle $V$ to $\mathcal{T}_g^\tau$ globally splits into $+1$ and $-1$ eigenbundles for $\tau^*$. Because $\mathcal{T}_g^\tau$ is connected, the ranks of these eigenbundles are strictly constant. The trace of $\tau^*$ on $V_X$ for any $X \in \mathcal{T}_g^\tau$ is exactly the difference of these constant ranks, forming an integer $f(m)$ dictated entirely by the conjugacy class of $\tau$, and hence uniquely determined by $m$. \end{proof} By the Riemann-Hurwitz formula applied to the quotient map $C \to C/\langle\tau\rangle$, we have $2g - 2 = 2(2g' - 2) + 2m$, meaning $m = g + 1 - 2g'$. Since the quotient genus $g'$ is a non-negative integer, the geometrically valid parameters $m$ lie strictly in the finite set: \[ S = \{ m \in \mathbb{Z} \mid 0 \le m \le g+1, \; m \equiv g+1 \pmod 2 \}. \] \section{A Functional Equation via $(\mathbb{Z}/2\mathbb{Z})^2$-Covers} \begin{lemma} \label{lem:func_eq} For any three integers $m_1, m_2, m_3 \in S$ such that $m_1 + m_2 + m_3 = g + 3$ and at most one $m_i = 0$, we have the uniform trace relation $f(m_1) + f(m_2) + f(m_3) = -r$. \end{lemma} \begin{proof} Given a valid triple $(m_1, m_2, m_3)$, we choose generic, mutually coprime, square-free polynomials $A(x), B(x), C(x)$ over $\mathbb{C}$ of degrees $m_1, m_2, m_3$, respectively. Let $K = \mathbb{C}(x)$. We define a smooth projective curve $C$ as the smooth model of the function field $L = K(y, z)$ where $y^2 = A(x)C(x)$ and $z^2 = B(x)C(x)$. Because at most one $m_i=0$, the polynomials cannot all be constants; thus the extension $L/K$ forms a fully generated degree $4$ Galois extension with Galois group $G \cong (\mathbb{Z}/2\mathbb{Z})^2$, guaranteeing $C$ is a connected curve. Since $m_i \equiv g+1 \pmod 2$, the degrees of $A, B,$ and $C$ strictly share the same parity. Consequently, the polynomials $A(x)C(x)$ and $B(x)C(x)$ possess even degrees, meaning $L/K$ is unramified over the place at $x = \infty$. By local Galois analysis, the ramification of $L/K$ is localized entirely over the roots of $A, B,$ and $C$: \begin{itemize} \item Over a root of $A(x)$, the subextension $K(z)/K$ is unramified (as $B$ and $C$ do not vanish there), naturally splitting into $2$ places in $K(z)$. Adjoining $y$ introduces ramification of index $2$ at both places. Thus, there are $2$ places in $L$, both with ramification index $2$ over $K$. \item Symmetrically, there are exactly $2$ places over each root of $B(x)$, each with ramification index $2$ over $K$. \item Over a root $c$ of $C(x)$, the subextension $K(y/z)/K$ evaluates locally to $(y/z)^2 = A(c)/B(c) \neq 0$, which cleanly splits into $2$ places over $\mathbb{C}$. Adjoining $y$ (and therefore $z$) introduces ramification of index $2$ at both places. \end{itemize} By the Riemann-Hurwitz formula applied to $L/K$, the genus $g_C$ satisfies: \[ 2g_C - 2 = 4(-2) + 2m_1 + 2m_2 + 2m_3 = -8 + 2(g+3) = 2g - 2, \] which formally confirms $g_C = g$. The curve $C$ admits an automorphism group $G \cong (\mathbb{Z}/2\mathbb{Z})^2$ generated by the involutions $\tau_1(y, z) = (-y, z)$ and $\tau_2(y, z) = (y, -z)$, with $\tau_3 = \tau_1 \tau_2 = (-y, -z)$. The fixed points of $\tau_1$ correspond precisely to the places of $L$ fixed by the involution $\tau_1$, meaning $\tau_1$ lies in their inertia group. Because $L = K(z)(y)$ and $y^2 = A(x)C(x)$, ramification in $L/K(z)$ occurs exactly where the local valuation of $A(x)C(x)$ in $K(z)$ is odd. Over a root of $A(x)$, $A(x)C(x)$ has a simple zero in $K$, and since $K(z)/K$ is unramified here, the valuation in $K(z)$ remains $1$ (odd). Thus, these places strictly ramify in $L/K(z)$, meaning $\tau_1$ generates the inertia group and fixes the places. As there are $2$ places in $K(z)$ over each of the $m_1$ roots of $A(x)$, this contributes exactly $2m_1$ fixed points. Conversely, at a place of $K(z)$ lying over a root $c$ of $C(x)$, the local affine parameter for the base field $K = \mathbb{C}(x)$ is $x-c$. We have $z^2 = B(x)C(x)$. Since $B(c) \neq 0$ and $C(x)$ has a simple root at $c$, $z^2$ vanishes to order $1$ with respect to $x-c$, making $z$ a local uniformizer for $K(z)$ at this unique place. Consequently, $x-c$ vanishes to order $2$ with respect to $z$, and thus $A(x)C(x)$ also inherently vanishes to order $2$. Since its valuation is even, $(y/z)^2$ evaluates locally to a non-zero complex number $A(c)/B(c)$. Extracting the square root cleanly splits into two unramified places in $L$. Because they are unramified, the non-trivial automorphism $\tau_1$ of $L/K(z)$ simply swaps these two places, yielding zero fixed points. Finally, over a root of $B(x)$, the field $K(y)$ is unramified, meaning there are $2$ places in $K(y)$ where $y$ takes distinct non-zero values. The involution $\tau_1$ maps $y \mapsto -y$, explicitly swapping these places, thus fixing none. Therefore, $\tau_1$ possesses exactly $2m_1$ fixed points. By identical symmetry, $\tau_2$ and $\tau_3$ have exactly $2m_2$ and $2m_3$ fixed points, respectively. The space $V_C$ decomposes into four $G$-isotypic components: $V^{++}, V^{+-}, V^{-+}, V^{--}$. Projecting onto the invariant subspace via character theory yields: \[ \dim V^{++} = \frac{1}{4} \big( \operatorname{tr}(1) + \operatorname{tr}(\tau_1) + \operatorname{tr}(\tau_2) + \operatorname{tr}(\tau_3) \big) = \frac{1}{4} \big( r + f(m_1) + f(m_2) + f(m_3) \big). \] Crucially, $V^{++}$ is a subspace of the $G$-invariant differentials $H^0(C, \omega_C)^G$, which canonically correspond to holomorphic differentials on the quotient curve $C/G$. Since the invariant field is exactly $K = \mathbb{C}(x)$, the quotient curve is natively $\mathbb{P}^1$. Because $H^0(\mathbb{P}^1, \omega_{\mathbb{P}^1}) = 0$, we unconditionally deduce $\dim V^{++} = 0$. This forces the functional equation $f(m_1) + f(m_2) + f(m_3) = -r$. \end{proof} \section{Solving the Character Recurrence} \begin{lemma} \label{lem:recurrence_solution} For all $m \in S$, the unique solution to the functional equation is $f(m) = \frac{r(1-m)}{g}$. \end{lemma} \begin{proof} Let $y(m) = f(m) - \frac{r(1-m)}{g}$. Since the affine expression $\frac{r(1-m)}{g}$ algebraically satisfies the sum relation for any triple summing to $g+3$, we immediately deduce the homogeneous equation $y(m_1) + y(m_2) + y(m_3) = 0$ for all valid triples. When $m = g+1$, the involution possesses $2g+2$ fixed points, uniquely identifying it as the hyperelliptic involution. The hyperelliptic involution universally acts as $-I$ on the canonical bundle, thus acting as $-I$ on $H^0(C, \omega_C)$ and its subspace $V_C$. Hence, $f(g+1) = -r$, enforcing the strong boundary condition $y(g+1) = 0$. \textbf{Case $g$ is even:} The set $S$ consists of odd integers $m_i = 2k_i+1$ with $0 \le k_i \le g/2 = n$. Since $m_i \ge 1$, no valid index is zero. Let $y_k = y(2k+1)$. The relation for the index triple $(k_1, k_2, k_3) = (0, n, 0)$ corresponds to the valid $m$-values $(1, g+1, 1)$, which cleanly sum to $g+3$. This yields $2y_0 + y_n = 0 \implies y_0 = 0$. For any $0 \le j \le n-1$, the index triples $(1, j, n-1-j)$ and $(0, j+1, n-1-j)$ correspond to valid $m$-triples summing to $g+3$. Subtracting their respective sum equations isolates $y_{j+1} - y_j = y_1$, forming an arithmetic progression $y_k = k y_1$. Because $y_n = 0$ and $n \ge 1$, we firmly deduce $y_k = 0$ for all $k$. \textbf{Case $g$ is odd:} The set $S$ consists of even integers $m_i = 2k_i$ with $0 \le k_i \le (g+1)/2 = n-1$, where $n = (g+3)/2$. Let $y_k = y(2k)$. The boundary condition guarantees $y_{n-1} = 0$. For $1 \le k \le n-2$, the index triples $(1, k, n-1-k)$ and $(0, k+1, n-1-k)$ correspond to $m$-triples summing to $g+3$, each structurally containing at most one zero index. Subtracting their respective equations gives $y_{k+1} - y_k = y_1 - y_0$, establishing an arithmetic progression. The valid index triple $(0, 1, n-1)$ corresponds to $m$-values $(0, 2, g+1)$, safely possessing exactly one zero, and yields $y_0 + y_1 + y_{n-1} = 0 \implies y_1 = -y_0$. The progression thus evaluates to $y_k = y_0(1-2k)$. At $k=n-1$, $y_{n-1} = y_0(1-2(n-1)) = y_0(3-2n) = 0$. Since $g \ge 3$, we have $3-2n = -g \neq 0$, forcing $y_0 = 0$, meaning $y_k = 0$ for all $k$. \end{proof} \section{The Integrality Contradiction} \begin{theorem} \label{thm:no_subbundles} The Hodge bundle $\mathbb{E} \to \mathcal{M}_g$ contains no non-trivial proper sub-vector bundles. \end{theorem} \begin{proof} Isolating the trace projection for the $V^{+-}$ eigenspace yields: \[ \dim V^{+-} = \frac{1}{4} \big( \operatorname{tr}(1) + \operatorname{tr}(\tau_1) - \operatorname{tr}(\tau_2) - \operatorname{tr}(\tau_3) \big) = \frac{1}{4} \big( r + f(m_1) - f(m_2) - f(m_3) \big). \] Substituting the algebraic identity $-f(m_2) - f(m_3) = r + f(m_1)$ via Lemma \ref{lem:func_eq} cleanly simplifies this structure to: \[ \dim V^{+-} = \frac{1}{2} \big( r + f(m_1) \big). \] Consequently, $2 \dim V^{+-} = r + f(m_1) = r + \frac{r(1-m_1)}{g}$. Because $\dim V^{+-}$ represents the formal dimension of a complex vector space, $2 \dim V^{+-}$ must intrinsically be an even integer. Thus, the evaluated expression $r + \frac{r(1-m_1)}{g}$ is restricted to be an \textbf{even integer} for all values $m_1 \in S$ capable of completing a valid triple. \begin{itemize} \item \textbf{If $g$ is even:} Both $1$ and $3$ inherently belong to $S$. They seamlessly extend to the valid triples $(1, 1, g+1)$ and $(3, 1, g-1)$ respectively, summing to $g+3$ with no zero entries. Evaluating at $m_1=1$ strictly produces $r$, logically demanding that $r$ is an even integer. Evaluating at $m_1=3$ yields $r - \frac{2r}{g}$, which must simultaneously act as an even integer. \item \textbf{If $g$ is odd:} Both $0$ and $2$ inherently belong to $S$. They smoothly extend to the valid triples $(0, 2, g+1)$ and $(2, 2, g-1)$ respectively, summing to $g+3$ with at most one zero entry (since $g \ge 3 \implies g-1 \ge 2$). Evaluating at $m_1=0$ yields $r + \frac{r}{g}$, which is forced to be an even integer. Evaluating at $m_1=2$ yields $r - \frac{r}{g}$, which must similarly act as an even integer. \end{itemize} In either topological scenario, calculating the arithmetic difference between the evaluations at the two adjacent valid states strictly isolates $\frac{2r}{g}$. Because the difference between any two even integers categorically generates another even integer, we deduce: \[ \frac{2r}{g} \in 2\mathbb{Z} \implies \frac{r}{g} \in \mathbb{Z} \implies r \equiv 0 \pmod g. \] Since $V$ was hypothesized to be a proper subbundle, its rank is structurally constrained to the open interval $0 < r < g$. However, the parity condition categorically demands that $r$ behaves as a positive integer multiple of $g$. As absolutely no multiple of $g$ exists strictly within the open interval $(0, g)$, we achieve an absolute mathematical contradiction. Hence, no non-trivial proper sub-vector bundle $V \subset \mathbb{E}$ can topologically or algebraically exist over $\mathcal{M}_g$. \end{proof}",Geometry,Publishable Research,https://github.com/google-deepmind/superhuman/tree/main/aletheia/HodgeBundle
ramsey-hypergraphs,"A hypergraph (V, H) is said to contain a partition of size n if there is some D ⊆ V and P ⊆ H such that |D| = n and every member of D is contained in exactly one member of P. Find a hypergraph (V, H) with no isolated vertices such that |V| ≥ 64, |H| ≤ 20, and (V, H) contains no partitions of size > 20.

Output the hypergraph as a string where vertices are labeled, 1, ..., |V|, and edges are denoted with curly braces. Example: {1,2,3},{2,4},{3,4,5},{1,5}","\maketitle \begin{abstract} For $n \in \mathbb{N}$, let $H(n)$ denote the maximum number of vertices in a hypergraph with no isolated vertices and with no partition of size greater than $n$ in the sense of Brian and Larson. We give a self-contained lower-bound construction showing that for every fixed integer $t \ge 2$, \[ H(n) \ge \frac{H_t - 1}{\ln t}\, n \ln n - O_t(n), \] where $H_t = \sum_{j=1}^t \frac1j$ is the $t$th harmonic number. The Brian--Larson recurrence is the case $t=2$. Letting $t \to \infty$ after $n \to \infty$ yields \[ H(n) \ge (1-o(1)) n \ln n. \] We also formulate the finite witness problem as an exact integer optimization over ``outer frames,'' which leads to a practical dynamic-programming generator. In particular, this approach produces certified witnesses of sizes $(44,49,52,57,60,65,69,73,75,82,85)$ for $n=15,16,\dots,25$. \end{abstract} \section{The hypergraph extremal problem} A hypergraph is a pair $(V,E)$ with $V$ a finite vertex set and $E$ a finite family of subsets of $V$. Following Brian and Larson, one says that $(V,E)$ has a partition of size $m$ if there exist $D \subseteq V$ and $P \subseteq E$ such that $|D|=m$ and every vertex of $D$ lies in exactly one edge of $P$. Let \[ H(n) := \max\bigl\{ |V| : (V,E) \text{ has no isolated vertices and no partition of size } > n \bigr\}. \] Brian and Larson proved the two-sided estimate \[ \frac12 n \log_2 n - O(n) < H(n) < n \ln n + \gamma n + \frac12, \] and their lower bound is obtained from the binary recurrence \[ k_1 = 1, \qquad k_n = \Bigl\lfloor \frac n2 \Bigr\rfloor + k_{\lfloor n/2 \rfloor} + k_{\lceil n/2 \rceil}. \] The purpose of this note is to isolate the hypergraph problem and to prove an asymptotically stronger lower bound. The main result is the following. \begin{theorem}[1.1] For every fixed integer $t \ge 2$, if $H_t = 1 + \frac12 + \cdots + \frac1t$ and \[ c_t := \frac{H_t - 1}{\ln t}, \] then there is a constant $D_t$ such that \[ H(n) \ge c_t n \ln n - D_t n \qquad \text{for all } n \in \mathbb{N}. \] Consequently, \[ H(n) \ge (1-o(1)) n \ln n. \] \end{theorem} The proof is entirely constructive. The key ingredient is a multiway composition lemma in which the ``outer layer'' is a multiset of supports on the block indices, chosen so that the vertices counted exactly once in the outer layer can be paid for by the unused partition budget of the blocks in which no edge was selected. \section{Support multisets and exact-one counts} Fix a hypergraph $H=(V,E)$ and enumerate the edges as $E = \{e_1,\dots,e_m\}$. Each vertex $v \in V$ has an incidence support \[ \operatorname{supp}(v) := \{ i \in [m] : v \in e_i \} \subseteq [m]. \] Since isolated vertices are excluded, every support is nonempty. Thus $H$ may be identified with a finite multiset $\mathcal S$ of nonempty subsets of $[m]$. For $P \subseteq [m]$, define the exact-one count \[ \operatorname{ex1}_{\mathcal S}(P) := \bigl|\{ S \in \mathcal S : |S \cap P| = 1\}\bigr|, \] with multiplicities counted. This is exactly the number of vertices lying in precisely one selected edge. \begin{proposition}[2.1] A hypergraph $H$ has no partition of size greater than $n$ if and only if \[ \operatorname{ex1}_{\mathcal S}(P) \le n \qquad \text{for every } P \subseteq [m], \] where $\mathcal S$ is the multiset of supports of the vertices of $H$. \end{proposition} \begin{proof} If $D \subseteq V$ and $P \subseteq E$ witness a partition of size $m$, then every vertex of $D$ is counted by $\operatorname{ex1}_{\mathcal S}(P)$, so $\operatorname{ex1}_{\mathcal S}(P) \ge m$. Conversely, if $\operatorname{ex1}_{\mathcal S}(P)=m$, then one may take $D$ to be the set of all vertices counted exactly once by $P$. Thus the largest partition size is exactly $\max_P \operatorname{ex1}_{\mathcal S}(P)$. \end{proof} Henceforth we work in the support-set model. A witness for $H(n)$ is simply a multiset $\mathcal S$ of nonempty subsets of some edge set $[m]$ such that $\operatorname{ex1}_{\mathcal S}(P) \le n$ for every $P \subseteq [m]$. \section{Outer frames and a composition lemma} Let $t \ge 2$. Suppose we have $t$ disjoint edge blocks \[ [m_1], [m_2], \dots, [m_t] \] (which later will support recursive witnesses), and let $\mathcal F$ be a multiset of nonempty subsets of $[t]$. Every $A \in \mathcal F$ determines an outer support \[ U_A := \bigcup_{i \in A} [m_i], \] that is, a vertex incident with every edge in each block indexed by $A$. To control exact-one counts, the correct constraint is not on all subsets of $[t]$, but on the patterns of blocks containing $0$, $1$, or at least $2$ chosen edges. \begin{definition}[3.1] Let $\mathbf n = (n_1,\dots,n_t) \in \mathbb N^t$. A multiset $\mathcal F$ of nonempty subsets of $[t]$ is $\mathbf n$-admissible if for every pair of disjoint subsets $Z,I \subseteq [t]$ with $I \neq \varnothing$, \[ N_{\mathcal F}(Z,I) := \bigl|\{ A \in \mathcal F : A \subseteq Z \cup I \text{ and } |A \cap I|=1\}\bigr| \le \sum_{i \in Z} n_i. \] Multiplicities are counted in $N_{\mathcal F}(Z,I)$. \end{definition} The interpretation is simple: $I$ records the blocks in which exactly one edge was selected, $Z$ records the blocks in which no edge was selected, and the right-hand side is the unused partition budget of the zero-selected blocks. \begin{lemma}[3.2, Composition lemma] For $1 \le i \le t$, let $\mathcal S_i$ be a support multiset on a block of edges $E_i$ such that \[ \operatorname{ex1}_{\mathcal S_i}(P) \le n_i \qquad \text{for every } P \subseteq E_i. \] Assume that the edge sets $E_1,\dots,E_t$ are pairwise disjoint, and let $\mathcal F$ be a $\mathbf n$-admissible multiset on $[t]$. Form the combined support multiset \[ \mathcal S := \mathcal S_1 \sqcup \cdots \sqcup \mathcal S_t \sqcup \{ U_A : A \in \mathcal F \}, \] where $U_A = \bigcup_{i \in A} E_i$. Then \[ \operatorname{ex1}_{\mathcal S}(P) \le n_1 + \cdots + n_t \qquad \text{for every } P \subseteq E_1 \sqcup \cdots \sqcup E_t. \] In particular, \[ H(n_1 + \cdots + n_t) \ge |\mathcal S_1| + \cdots + |\mathcal S_t| + |\mathcal F|. \] \end{lemma} \begin{proof} Fix $P \subseteq E_1 \sqcup \cdots \sqcup E_t$, and write $P_i = P \cap E_i$. Partition $[t]$ into \[ Z := \{ i : |P_i| = 0\}, \qquad I := \{ i : |P_i| = 1\}, \qquad M := \{ i : |P_i| \ge 2\}. \] The contribution from the inner block $\mathcal S_i$ is at most $n_i$ whenever $P_i \neq \varnothing$, and is $0$ when $P_i = \varnothing$. Hence the inner blocks contribute at most \[ \sum_{i \in I \cup M} n_i. \] Now consider an outer support $U_A$ coming from some $A \in \mathcal F$. This support is counted exactly once by $P$ if and only if the total number of selected edges meeting it is $1$, i.e. \[ \sum_{i \in A} |P_i| = 1. \] Equivalently, $A \subseteq Z \cup I$ and $|A \cap I| = 1$. Thus the outer supports contribute exactly $N_{\mathcal F}(Z,I)$, which is at most $\sum_{i \in Z} n_i$ by admissibility. Therefore \[ \operatorname{ex1}_{\mathcal S}(P) \le \sum_{i \in I \cup M} n_i + \sum_{i \in Z} n_i = \sum_{i=1}^t n_i. \] This proves the first claim. The final inequality follows by choosing each $\mathcal S_i$ to be a witness for $H(n_i)$. \end{proof} \begin{remark}[3.3] The Brian--Larson binary construction is exactly the case $t=2$ with $\mathcal F$ consisting of some number of copies of $\{1,2\}$. Definition~3.1 then says that the number of such copies may be at most $\min(n_1,n_2)$. \end{remark} \section{Harmonic $t$-ary frames} The previous lemma reduces the problem to the construction of good admissible outer frames. The following family is the symmetric choice that gives the best asymptotic coefficient we presently know how to justify. Fix $t \ge 2$ and let \[ L_t := \operatorname{lcm}\left\{ \binom{t-1}{j} : 1 \le j \le t-1 \right\}. \] If $q$ is a positive multiple of $L_t$, define the multiset $\mathcal F_t(q)$ on $[t]$ by putting \[ \frac{q}{\binom{t-1}{s-1}} \] copies of every $s$-subset of $[t]$, for each $s=2,3,\dots,t$. The proof of admissibility rests on a simple binomial identity. \begin{lemma}[4.1] For integers $0 \le z \le N$, \[ \sum_{j=0}^z \binom{z}{j} \binom{N}{j}^{-1} = \frac{N+1}{N-z+1}. \] Consequently, \[ \sum_{j=1}^z \binom{z}{j} \binom{N}{j}^{-1} = \frac{z}{N-z+1}. \] \end{lemma} \begin{proof} Using \[ \binom{z}{j} \binom{N}{z}^{-1} = \binom{N}{j}^{-1} \binom{N-j}{z-j}, \] we obtain \[ \sum_{j=0}^z \binom{z}{j} \binom{N}{j}^{-1} = \binom{N}{z}^{-1} \sum_{j=0}^z \binom{N-j}{z-j}. \] Now set $r = z-j$. Then the sum becomes \[ \sum_{r=0}^z \binom{N-z+r}{r} = \binom{N+1}{z} \] by the hockey-stick identity. Dividing by $\binom{N}{z}$ gives \[ \frac{\binom{N+1}{z}}{\binom{N}{z}} = \frac{N+1}{N-z+1}. \] Subtracting the $j=0$ term gives the second formula. \end{proof} \begin{proposition}[4.2] Let $t \ge 2$ and let $q$ be a positive multiple of $L_t$. Then $\mathcal F_t(q)$ is $(q,\dots,q)$-admissible. Moreover, \[ |\mathcal F_t(q)| = tq(H_t - 1). \] \end{proposition} \begin{proof} Fix disjoint $Z,I \subseteq [t]$ with $I \neq \varnothing$, and write $z = |Z|$ and $i = |I|$. For a set $A \in \mathcal F_t(q)$ to contribute to $N_{\mathcal F_t(q)}(Z,I)$, it must contain exactly one point of $I$ and any number $j \ge 1$ of points of $Z$. Thus \[ N_{\mathcal F_t(q)}(Z,I) = q i \sum_{j=1}^z \binom{z}{j} \binom{t-1}{j}^{-1}. \] Applying Lemma~4.1 with $N=t-1$ gives \[ N_{\mathcal F_t(q)}(Z,I) = q i \frac{z}{t-z}. \] Since $Z$ and $I$ are disjoint subsets of $[t]$, we have $i \le t-z$, and therefore \[ N_{\mathcal F_t(q)}(Z,I) \le qz = \sum_{u \in Z} q. \] This is exactly the admissibility condition. For the size, we compute \[ |\mathcal F_t(q)| = \sum_{s=2}^t \binom{t}{s} \frac{q}{\binom{t-1}{s-1}} = q \sum_{s=2}^t \frac{t}{s} = tq\left(\frac12 + \frac13 + \cdots + \frac1t\right) = tq(H_t - 1). \] \end{proof} Combining Proposition~4.2 with Lemma~3.2 yields the basic multiway recurrence. \begin{corollary}[4.3] Fix $t \ge 2$. Let $n_1,\dots,n_t \in \mathbb N$, and let $q$ be any multiple of $L_t$ with $0 \le q \le \min_i n_i$. Then \[ H(n_1 + \cdots + n_t) \ge H(n_1) + \cdots + H(n_t) + tq(H_t - 1). \] \end{corollary} \begin{remark}[4.4] For $t=2$ we have $L_2=1$ and $H_2-1=\frac12$, so Corollary~4.3 becomes \[ H(n_1+n_2) \ge H(n_1) + H(n_2) + \min(n_1,n_2), \] which is exactly the Brian--Larson binary recurrence. For $t=4$, $L_4=3$, and $q=3$ gives one copy of each $2$-subset, one copy of each $3$-subset, and three copies of $[4]$, i.e. the $13$-vertex outer gadget discussed earlier in this line of work. \end{remark} \section{Asymptotics for fixed arity} We now prove the fixed-$t$ lower bound. \begin{theorem}[5.1] Fix $t \ge 2$, and let \[ c_t := \frac{H_t - 1}{\ln t}. \] Then there exists a constant $D_t > 0$ such that \[ H(n) \ge c_t n \ln n - D_t n \qquad \text{for every } n \in \mathbb N. \] \end{theorem} \begin{proof} Fix $t$. Set \[ K_t := (H_t - 1)(tL_t - 1), \qquad A_t := \frac{K_t}{t-1}. \] We claim that there exists $D_t$ such that \begin{equation} H(n) \ge c_t n \ln n - D_t n + A_t \qquad \text{for all } n \in \mathbb N. \tag{1} \end{equation} Since $H(n) \ge n$ (take $n$ singleton edges and one vertex on each edge), it is enough to choose $D_t$ so large that \[ n \ge c_t n \ln n - D_t n + A_t \qquad \text{for every } 1 \le n < tL_t. \] This is possible because only finitely many $n$ are involved. We now prove \eqref{1} by induction on $n$. The base range $1 \le n < tL_t$ has already been absorbed into the choice of $D_t$. Assume next that $n \ge tL_t$, and write \[ n = tm + r, \qquad 0 \le r < t. \] Define \[ q := L_t \left\lfloor \frac{m}{L_t} \right\rfloor. \] Then $q$ is a multiple of $L_t$ and $q \le m \le m+1$. Applying Corollary~4.3 to $r$ blocks of size $m+1$ and $t-r$ blocks of size $m$ gives \begin{equation} H(n) \ge rH(m+1) + (t-r)H(m) + tq(H_t - 1). \tag{2} \end{equation} Because $q \ge m - (L_t - 1)$, we have \[ tq = t\bigl(m - (m-q)\bigr) = n-r-t(m-q) \ge n-(t-1)-t(L_t-1) = n-(tL_t-1). \] Hence \begin{equation} tq(H_t - 1) \ge (H_t - 1)n - K_t. \tag{3} \end{equation} Now apply the induction hypothesis to the terms on the right side of \eqref{2}. Since $r(m+1) + (t-r)m = n$, we obtain \[ H(n) \ge c_t\bigl(r(m+1)\ln(m+1) + (t-r)m\ln m\bigr) - D_t n + tA_t + tq(H_t - 1). \] The function $x \mapsto x\ln x$ is convex on $(0,\infty)$, so by Jensen's inequality, \[ r(m+1)\ln(m+1) + (t-r)m\ln m \ge n\ln\left(\frac{n}{t}\right). \] Combining this with \eqref{3} gives \begin{align*} H(n) &\ge c_t n \ln\left(\frac nt\right) - D_t n + tA_t + (H_t - 1)n - K_t \\ &= c_t n \ln n - c_t n \ln t - D_t n + (H_t - 1)n + tA_t - K_t. \end{align*} Since $c_t \ln t = H_t - 1$ and $(t-1)A_t = K_t$, the last line simplifies to \[ H(n) \ge c_t n \ln n - D_t n + A_t. \] This is exactly \eqref{1}, completing the induction. Finally, dropping the positive constant term $A_t$ yields the stated bound. \end{proof} \begin{corollary}[5.2] One has \[ H(n) \ge (1-o(1)) n \ln n. \] \end{corollary} \begin{proof} Let $\varepsilon > 0$. Because $H_t = \ln t + \gamma + o(1)$ as $t \to \infty$, the coefficients \[ c_t = \frac{H_t - 1}{\ln t} \] converge to $1$. Choose $t$ so large that $c_t > 1 - \varepsilon/2$. Then Theorem~5.1 gives a constant $D_t$ such that \[ H(n) \ge c_t n \ln n - D_t n \] for all $n$. For sufficiently large $n$, the linear error term satisfies $D_t n \le \frac{\varepsilon}{2} n \ln n$. Hence \[ H(n) \ge (1-\varepsilon)n \ln n \] for all sufficiently large $n$. Since $\varepsilon > 0$ was arbitrary, the result follows. \end{proof} \begin{remark}[5.3] The coefficient in Theorem~5.1 may also be written in base-$2$ notation as \[ \frac{H_t - 1}{\log_2 t}\, n \log_2 n. \] Thus $t=2$ gives the Brian--Larson leading coefficient $\frac12$ in base $2$, while $t=4$ gives $\frac{13}{24}$ in base $2$. \end{remark} \section{Practical generation of witnesses} The asymptotic proof above produces an explicit witness generator: recursively split the edge budget into $t$ nearly equal parts, use the harmonic frame $\mathcal F_t(q)$ as the outer layer, and stop at a small library of certified seeds. In practice one can do better at moderate $n$ by solving exactly for the best outer frame over a fixed profile. \subsection{Exact optimization over outer frames} Fix positive integers $n_1,\dots,n_t$. Introduce one nonnegative integer variable $x_A$ for each subset $A \subseteq [t]$ with $|A| \ge 2$; $x_A$ represents the number of outer vertices supported on the union of the blocks indexed by $A$. By Definition~3.1, the admissibility constraints are \begin{equation} \sum_{\substack{A \subseteq Z \cup I \\ |A \cap I| = 1}} x_A \le \sum_{i \in Z} n_i \qquad \text{for every disjoint } Z,I \subseteq [t] \text{ with } I \neq \varnothing. \tag{4} \end{equation} Every feasible integer solution of \eqref{4} defines a valid outer frame, and therefore Lemma~3.2 gives the certified lower bound \[ H(n_1 + \cdots + n_t) \ge H(n_1) + \cdots + H(n_t) + \sum_{|A| \ge 2} x_A. \] The harmonic frame of Section~4 is exactly the symmetric feasible point \[ x_A = \frac{q}{\binom{t-1}{|A|-1}}, \qquad |A| \ge 2, \] with $q$ a multiple of $L_t$ and $q \le \min_i n_i$. For fixed $t$, the optimization problem is very small: it has $2^t - t - 1$ variables and $3^t - 2^t$ inequalities. In particular, exact search is practical for $t \le 7$ or $8$, and that is already enough to improve substantially on the binary lower bound in the range of interest here. \subsection{Dynamic programming and reconstruction} A practical witness generator works recursively as follows. \begin{enumerate}[leftmargin=2em] \item Store a library of certified seed witnesses for small $n$. \item For each target $n$, enumerate a menu of block profiles $n = n_1 + \cdots + n_t$ (balanced splits are a very good default; exact outer-frame search over a few small arities improves the small values). \item For each profile, solve \eqref{4} to obtain a certified outer bonus, add the previously computed values of the subproblems, and retain the best option. \item Store back-pointers consisting of the chosen profile and the chosen outer frame. Recursive expansion of these back-pointers produces an explicit support multiset on an edge set of size $n$. \item Translate the support multiset into the requested edge-list format by placing vertex $v$ in precisely those edges whose labels belong to its support. \end{enumerate} The recursive proof certificate is built into the data structure: each back-pointer is justified by Lemma~3.2, so a full witness can be verified recursively without enumerating all $2^n$ subsets of edges. For $n \le 25$, however, brute-force verification is also feasible and provides an additional independent check. \subsection{Certified witnesses for $15 \le n \le 25$} A machine-assisted search over small outer frames (with arity at most $7$) produces the following certified witness sizes. They are not claimed to be globally optimal, but each line is accompanied by an explicit decomposition and hence by a complete recursive correctness proof. \begin{center} \begin{tabular}{@{}cccc@{}} \toprule $n$ & Brian--Larson $k_n$ & certified $|V|$ & gain \\ \midrule 15 & 43 & 44 & 1 \\ 16 & 48 & 49 & 1 \\ 17 & 50 & 52 & 2 \\ 18 & 53 & 57 & 4 \\ 19 & 56 & 60 & 4 \\ 20 & 60 & 65 & 5 \\ 21 & 63 & 69 & 6 \\ 22 & 67 & 73 & 6 \\ 23 & 71 & 75 & 4 \\ 24 & 76 & 82 & 6 \\ 25 & 79 & 85 & 6 \\ \bottomrule \end{tabular} \end{center} For example, the $n=20$ witness is obtained from a five-way profile $(4,4,4,4,4)$ and an exact outer frame on those five blocks, while the $n=18$ witness is obtained from the profile $(2,2,2,6,6)$. The explicit back-pointers needed to reconstruct these witnesses are compact, and a companion Python script can emit the final hypergraph as a string in the edge-list format \[ \{1,2,3\},\ \{2,4\},\ \{3,4,5\},\dots \] required by the original problem statement. \section{Concluding remarks} The support-set viewpoint makes the lower-bound problem almost entirely transparent: one is trying to build a large multiset of nonempty subsets of an edge set subject to the exact-one inequalities \[ \operatorname{ex1}_{\mathcal S}(P) \le n \qquad (P \subseteq [m]). \] The outer-frame formulation isolates the recursive step from the internal structure of the blocks, and the harmonic frame $\mathcal F_t(q)$ gives a particularly clean family of admissible solutions. Theorem~5.1 shows that each fixed arity $t$ contributes the coefficient $(H_t - 1)/\ln t$, and Corollary~5.2 shows that the leading constant can be driven all the way up to $1$. Thus the hypergraph problem admits explicit witnesses on \[ (1-o(1)) n \ln n \] vertices. This matches the leading constant in the Brian--Larson upper bound and places the remaining difficulty in the lower-order terms and in the finite optimization of the outer frames. \begin{thebibliography}{9} \bibitem{BrianLarson2021} W.~Brian and P.~B.~Larson, \emph{Choosing between incompatible ideals}, European Journal of Combinatorics \textbf{96} (2021), 103349. \end{thebibliography}",,Moderately Interesting,https://epoch.ai/frontiermath/open-problems/ramsey-hypergraphs
PB-Basic-001,"Determine all functions $f: \mathbb{Z} \rightarrow \mathbb{Z}$ such that, for all $x, y \in \mathbb{Z}$, we have \[ f(2x)+2f(y)=f(f(x+y)).\]","By taking $x = 0$, we get $f(0) + 2f(y) = f(f(y))$ for all $y\in \mathbb{Z}$. So, the problem becomes:
 $$ f(2x) + 2f(y) = f(0) + 2f(x + y) $$
 Taking $x = 1$ for this one, we quickly obtain that $2(f(y+1) - f(y)) = f(2) - f(0) \Leftrightarrow f(y+1)-f(y) = (f(2)-f(0))/2$, so $f$ is linear, that is there exists $k,c$ such that $f(x) = kx+c$. Plug this back into the original equation, we see $f(x) = 2x+c$ and $f(x)=0$ are all possible solutions, and these indeed satisfy the given condition",Algebra,IMO-easy,"(Modified) IMO 2019, P1"
PB-Basic-002,"Show that $x^2 + y^2 + z^2 + t^2 \ge xyzt$ for any positive real numbers $x, y, z, t$ that satisfy $2(x + y + z + t) \ge xyzt$.","Assume the contrary that $xyzt> x^2+y^2+z^2+t^2$. Using AM-GM, we have $xyzt> x^2+y^2+z^2+t^2 \geq 4\sqrt{xyzt}$, which means that $xyzt > 16$. From here, this implies $2(x+y+z+t) >16$ from the condition $2(x+y+z+t) \geq xyzt$.
 However, from Cauchy-Scwarz, we have $x^2+y^2+z^2+t^2 \ge\frac{1}{4}(x+y+z+t)^2>2(x+y+z+t) \geq xyzt$. This is a contradiction.

 Therefore: $x^2+y^2+z^2+t^2\ge xyzt$.",Algebra,pre-IMO,"(Modified)  All-Russian MO 2013, Grade 11, P6"
PB-Basic-003,"Find all functions $f\colon \mathbb{R} \rightarrow \mathbb{R}$ such that for all $a,b \in \mathbb{R}$,
 \[ (b - a)f(f(a)) = a f(a + f(b)). \]""","Let $P(a,b)$ denote the given assertion.
 $P(a,a) \implies f(a+f(a))=0$
 $P(0,b) \implies f(f(0))=0$
 $P(f(0),b) \implies f(0)f(f(0)+f(b))=(b-f(0))f(0)$

 So $f(0)=0$ or $ f(f(0)+f(b))=(b-f(0))$

 If $ f(f(0)+f(b))=(b-f(0))$, setting $b \rightarrow f(b)+b \implies f(b)=-b+f(0)$ and checking we see that $f(a)=-a+k$ truly satisfies the condition
 Suppose now $f(0)=0$

 $P(a,0) \implies f(f(a))=-f(a)$
 So $P(a,b)$ becomes $af(a+f(b))=(a-b)f(a)$
 So $P(a,f(b)+b)$ gives us $f(a)=0$ or $f(a)=-a$

 Finally $f(a)=0, f(a)=-a+k$ where $k$ is a constant",Algebra,IMO-easy,"(Modified) Balkan MO 2023, P1"
PB-Basic-004,"Find all strictly increasing functions $g:\mathbb{R} \to \mathbb{R}$ such that:
 (a) $g$ is surjective
 (b) $g(g(x))=g(x)+20x.$","Note that the function is bijective, so setting $x=0$ gives $g(0)=0$ and since it is strictly increasing, we further derive $g(x)>0$ for $x>0$ and $g(x)<0$ for $x<0$.

 Consider the sequence $u_0 = x, u_{n+1} = g(u_n)$, we have that $u_{n+1} = u_n + 20u_{n-1}$, which gives $u_n = a (-4)^n + b 5^n$ for some real number $a, b$. Moreover, since $g$ is a bijective, there exists a real number $r$ such that $u_{-1} = r$, and so the sequence is well-defined for negative integer $n$ by defining the sequence backward. And since the sequence is increasing, $u_0 > 0$ implies $u_n > 0$ for all integer $n$.

 We will show that $a = 0$, which implies $g(x) = u_1 = 5u_0 = 5x$.

 Indeed, assume that $a > 0$, if $u_0 = x > 0$ then we choose a sufficiently small odd negative integer $n$ such that $(-4/5)^n < -b/a$, this gives $u_n < 0$. However, since $g$ is increasing and $u_0 > 0$, we must have that $u_n > 0$, which is a contradiction. Similarly, if $u_0 = a+b < 0$ then we must have $b < 0$ given $a > 0$, and so for a sufficiently small negative even integer $n$, we have $(-4/5)^n > -b/a$, which gives $u_n > 0$, which is a contradiction. Thus, we must have $a \leq 0$.

 Similarly, we can show that $a < 0$ will lead to a contradiction, and so, we must have $a \geq 0$.

 Together, this implies that $a = 0$. Hence proved.",Algebra,IMO-easy,"(Modified) VMO 2012, Day2 P3"
PB-Basic-005,"Let $P$ be a polynomial with real coefficients whose leading coefficient is $1$. Suppose that for all nonzero real numbers $x$, we have $P(x) + P(1/x) = \frac{P(x + 1/x) + P(x - 1/x)}{2}$. Determine all possibilities for $P$.","Substitute $\frac{1}{x}$ in the place of $x$. Comparing with the original equation, one can see that $P(x-\frac{1}{x})=P(-x+\frac{1}{x})$ . This implies that $P$ is even.

 Suppose $\deg P\geq 6$. Let $P(x)= x^n + a x^{n-2} + b x^{n-4} +Q(x)$, where $\deg Q < n-4$. Comparing the coefficient of $x^{n-4}$ in the given condition, we have that $b = \frac{2\binom{n}{2}+2b}{2}$, which is a contradiction. Therefore, $\deg P \leq 4$.

 If $\deg P = 4$, let $P(x) = x^4 + ax^2 +b$. Comparing the constant term, we can conclude that $b=6$. The possible solutions are $P(x) = x^4 +a x^2 +6$ for all real numbers $a$.

 If $\deg P = 2$, let $P(x) = x^2 +a$. Comparing the constant term, we can conclude that $a=0$. The only possible solution is $P(x)=x^2$.

 Therefore, the possible solutions are $P(x)= x^4 +ax^2 +6$, $P(x)=x^2$ which satisfies the condition.",Algebra,IMO-easy,(Modified) ELMO 2023 Shortlist A1
PB-Basic-006,"Consider any infinite sequence of integers $c_0, c_1, c_2, \ldots $ such that $c_0 \neq 0$. Prove that for some integer $k \geq 0$, the polynomial $P(x) = \sum_{i = 0}^k c_i x^i$ has fewer than $k$ distinct real roots.","If there exists an integer $k>0$ such that $c_k = 0$, $P(x)=\sum_{i=0}^k c_i x^i$ has less than $k$ roots. So it suffices to see the cases where $c_k \ne 0$ for all integers $k>0$. Let's prove the following lemma:
 If a polynomial $\sum_{i=0}^n a_i x^i$ has $n$ different real roots, $(\frac{a_{1}}{a_0})^2 - 2 \frac{a_{2}}{a_0} \geq n\sqrt[n]{\frac{a_n ^2}{a_0^2}}$

 (Proof) The left hand side is the sum of squares of inverses of all roots. The right hand side is $n$ times the $n$th root of the product of square of inverses of roots. By AM-GM, we can see that the inequality holds.

 Going back to the main proof, let's assume that all $P(x)=\sum_{i=0}^k c_i x^i$ has exactly $k$ distinct real roots.
 By the lemma, $\frac{c_{1}^2 - 2c_0 c_{2}}{\sqrt[n]{c_0^{2n-2}}} \geq n\sqrt[n]{c_n^2}$, which shows that $1\leq c_n^2 \leq (\frac{\frac{c_{1}^2 - 2c_0 c_{2}}{\sqrt[n]{c_0^{2n-2}}}}{n})^n$. We can easily see that the righthandside tends to $0$ as $n$ goes to infinity. It's a contradiction.",Algebra,IMO-medium,(Modified) ELMO 2023 Shortlist A3
PB-Basic-007,"Determine all positive integers $n$ and integer sequences $a_0, a_1,\ldots, a_n$ such that $a_n = 3$ and
 \[f(a_{i-1}) = a_i\]
 for all $i = 1,2,\ldots,n$, where $f(x) = a_n x^n + a_{n-1} x^{n-1} + \cdots + a_1 x + a_0$.","$n=2$ with $\left(a_{0}, a_{1}, a_{2}\right)=(-1,1,3)$.

 We provide a solution when we relax the condition $a_n=3$. When we add back the condition, the only solution is $n=2$ with $\left(a_{0}, a_{1}, a_{2}\right)=(-1,1,3)$.

 When relaxing the condition $a_n=3$, the short answers are $n=1$ with $\left(a_{0}, a_{1}\right)=(2,-2) ; n=2$ with $\left(a_{0}, a_{1}, a_{2}\right)=(-1,1,3)$; or $n$ even with $a_{0}=\cdots=a_{n}=-1$.

 It is clear that $a_{0} \neq 0$ as otherwise $a_{n}=0$. For any $k=1, \ldots, n+1$, let $I_{k}$ be the convex hull of $0, a_{0}, \ldots, a_{k-1}$. We will define $a_{-1}=0$ for convenience.

 We first show that $a_{k}$ is not in the interior of $I_{k}$. Otherwise, let $i, j \in\{-1,0, \ldots, k-$ $1\}$ be such that $a_{i}, a_{j}$ are the endpoints of $I_{k}$. Then as $a_{i}-a_{j} \mid f\left(a_{i}\right)-f\left(a_{j}\right)=$ $a_{i+1}-a_{j+1}$, we know that $a_{i+1}$ and $a_{j+1}$ are also the endpoints of $I_{k}$, and by continuing this argument we eventually get that $a_{k}$ is an endpoint of $I_{k}$, which is a contradiction. A consequence is that the endpoints of $I_{k}$ are $a_{k-2}$ and $a_{k-1}$ unless $a_{k-2}=a_{k-1}$. Now if $a_{i}=0$ for some $i>0$, then it is clear that the nonzero terms of $a_{0}, \ldots, a_{n}$ all have the same sign. Then $f\left(a_{i-1}\right)=0$ gives a contradiction if we take $i$ to be the smallest index with $a_{i}=0$.

 We first assume that $a_{n} \neq a_{0}$. If $\left|a_{i}\right|<2$ for any $i<n$, then we have several possibilities: either $n \leqslant 2$; or $a_{0}, \ldots, a_{n}=-1,1, \ldots,-1,1$, or $a_{0}, \ldots, a_{n}=1,-1, \ldots, 1,-1$, or $a_{0}, \ldots, a_{n}=-1,1,1, \ldots, 1$, or $a_{0}, \ldots, a_{n}=1,-1, \ldots,-1$, for $n>2$. It is easy to verify that the last four cases cannot occur by evaluating $f(1)$. Therefore we have $n=2, a_{0}=-a_{1} \in\{1,-1\}$, or $n=1, a_{0}= \pm 1$. In the first case, we have $a_{2}-a_{1}=f\left(a_{1}\right)-f\left(a_{0}\right)=2 a_{1}^{2}=2$ and so $a_{2}=a_{1}+2$. Therefore $a_{1}=f\left(a_{0}\right)=$ $\left(a_{0}+a_{1}+2\right)+a_{0} a_{1}=2-1=1$, and we get the solution $a_{0}, a_{1}, a_{2}=-1,1,3$. In the second case, we have $a_{1}=f\left(a_{0}\right)= \pm a_{1} \pm 1$, and we get no solution by parity.

 Now if $a_{n} \neq a_{0}$ and $a_{n}$ has the largest absolute value, pick $i<n$ such that $\left|a_{i}\right| \geqslant 2$. Then

 \[
 \left|f\left(a_{i}\right)\right| \geqslant\left|a_{n}\right|\left(\left|a_{i}\right|^{n}-\left|a_{i}\right|^{n-1}-\cdots-1\right) \geqslant\left|a_{n}\right|,
 \]

 and $\left|f\left(a_{i}\right)\right|=\left|a_{i+1}\right|\left|a_{n}\right|$. Therefore all equalities should hold, and we get $a_{0}=\cdots=$ $a_{n-1}=-a_{n}$ and $\left|a_{i}\right|=2$. Note that if $n \geqslant 2$, then $a_{0}=a_{1}$, which shows that

 $a_{0}=\cdots=a_{n}$, which is a contradiction. Therefore $n=1$ and we get $\left(a_{0}, a_{1}\right)=(2,-2)$ or $(-2,2)$. The latter is not a solution, so we get $a_{0}=2$ and $a_{1}=-2$.

 So now in the case that $a_{n} \neq a_{0}$, we may assume that $a_{n}$ does not have the largest absolute value. Let $a_{k}$ be the least index such that $a_{k}=a_{k+1}=\cdots=a_{n}$. Then we must have $\left|a_{k-1}\right|>\left|a_{k}\right|$ as $a_{k-1}$ and $a_{k}$ are the endpoints of $I_{k-1}$. We know that $a_{0} \mid a_{k-1}$ and $a_{0} \mid a_{k}$, and so $\left|a_{k-1}\right| \geqslant\left|a_{k}\right|+\left|a_{0}\right|$. As $a_{k-1} \mid f\left(a_{k-1}\right)-f(0)=a_{k}-a_{0}$, we have $\left|a_{k-1}\right| \leqslant\left|a_{k}-a_{0}\right|$ since $a_{k} \neq a_{0}$. This shows that $\left|a_{k}-a_{0}\right|=\left|a_{k}\right|+\left|a_{0}\right|=\left|a_{k-1}\right|$. As a consequence, we have $\left|a_{i}\right| \leqslant\left|a_{k}\right|+\left|a_{0}\right|$ for any $i$. Now we have

 \[
 \left|a_{k}\right|=\left|f\left(a_{k-1}\right)\right| \geqslant\left|a_{k}\right|\left(\left|a_{k-1}\right|^{n}-\left|a_{k-1}\right|^{n-1}-\cdots-1\right)-\left|a_{0}\right|\left(\left|a_{k-1}\right|^{n-1}+\cdots+1\right) .
 \]

 Hence

 \[
 \frac{\left|a_{k}\right|}{\left|a_{0}\right|} \leqslant \frac{\left|a_{k-1}\right|^{n-1}+\cdots+1}{\left|a_{k-1}\right|^{n}-\left|a_{k-1}\right|^{n-1}-\cdots-1} .
 \]

 Note that $\left|a_{k}\right| /\left|a_{0}\right|$ is a positive integer. If it is greater than 1 , then as $\left|a_{k-1}\right|=$ $\left|a_{k}\right|+\left|a_{0}\right| \geqslant 3$, we have

 \[
 \frac{\left|a_{k-1}\right|^{n-1}+\cdots+1}{\left|a_{k-1}\right|^{n}-\left|a_{k-1}\right|^{n-1}-\cdots-1} \leqslant \frac{3^{n-1}+\cdots+1}{3^{n}-3^{n-1}-\cdots-1}<1
 \]

 which is a contradiction. Therefore $\left|a_{k}\right|=\left|a_{0}\right|$, and so $a_{k}=-a_{0}$. This also shows that $a_{k-1}=2 a_{0}$, and by the inequality we see that $\left|a_{0}\right|=1$. With these constraints, we know that $a_{0}, \ldots, a_{n} \in\left\{a_{0},-a_{0}, 2 a_{0}\right\}$. By enumerating, we only have the possibilities $a_{0}, \ldots, a_{n}= \pm 1, \pm 2, \mp 1, \pm 2, \mp 1, \ldots, \pm 2, \mp 1$, or $a_{0}, \ldots, a_{n}= \pm 1, \mp 1, \pm 2, \mp 1, \ldots, \pm 2, \mp 1$, or $a_{0}, \ldots, a_{n}= \pm 1, \pm 2, \mp 1, \ldots, \mp 1$. For the first case, we have $n=2 t$ adn $2 a_{0}=a_{1}=$ $f\left(a_{0}\right)=-(t-1) a_{0}+2 t$, showing that $t=1, a_{0}=1$, and by plugging in $a_{1}$ we get a contradiction. For the second case, we have $n=2 t+1$ and $-a_{0}=a_{1}=f\left(a_{0}\right)=$ $(2 t+1) a_{0}-(t+1)$, which has no solutions. For the third case, if $a_{0}=1$ then we get $n=2$ and $a_{0}, a_{1}, a_{2}=1,2,-1$ by the equation $a_{1}=f\left(a_{0}\right)$, which is not a solution. Thus $a_{0}=-1$, and by plugging in $a_{0}$ we also get a contradiction.

 The remaining case is $a_{n}=a_{0}$. If $a_{n}=a_{n-1}$, then we must have $a_{0}=\cdots=a_{n}$. By plugging in $a_{0}$ we have $a_{0}^{n+1}+\cdots+a_{0}^{2}=0$, and so $a_{0}=-1$ and $n$ is even. Now assume that $a_{n} \neq a_{n-1}$. Then $a_{n}, a_{n-1}$ are the endpoints of $I_{n+1}$. Note that if $a_{n-2}=a_{n-1}$

 then $a_{n}=a_{n-1}$, which is a contradiction. Therefore $a_{n-2}, a_{n-1}$ are also endpoints of $I_{n+1}$. By induction we may show that $a_{k}, a_{k-1}$ are the endpoints of $I_{k+1}$. As $a_{0} \neq 0$, we must have $a_{n}=a_{n-2}=\cdots=a_{0}$, and so $n$ is even. This shows that $a_{n-1}=\cdots=a_{1}$. Now we have

 \[
 a_{0}^{n+1}+a_{0}^{n-1} a_{1}+\cdots+a_{0}^{3}+a_{0} a_{1}+a_{0}=a_{1}
 \]

 and

 \[
 a_{0} a_{1}^{n}+a_{1}^{n}+\cdots+a_{0} a_{1}^{2}+a_{1}^{2}+a_{0}=a_{0}
 \]

 The latter can be rewritten as $\left(a_{0}+1\right)\left(a_{1}^{n-2}+a_{1}^{n-4}+\cdots+1\right)=0$. Therefore $a_{0}=-1$ or $a_{1}=-1$. If $a_{0}=-1$, then $-\left(a_{1}+1\right) n / 2-1=a_{1}$, or equivalently, $\left(a_{1}+1\right)(n+2)=0$. This shows that $a_{1}=-1$, which was already obtained above. If $a_{1}=-1$, then the first equation gives $a_{0}^{n+1}=-1$ and so $a_{0}=-1$ too.

 In conclusion, all the solutions are: $n=1$ with $\left(a_{0}, a_{1}\right)=(2,-2) ; n=2$ with $\left(a_{0}, a_{1}, a_{2}\right)=(-1,1,3)$; or $n$ even with $a_{0}=\cdots=a_{n}=-1$.",Algebra,IMO-medium,"(Modified)  Taiwan TST 2024, 3J Day2 P6"
PB-Basic-008,"Let $a,b,c$ be positive reals such that $a+b+c = 1$, prove that $\sqrt{a}+\sqrt{b}+\sqrt{c} \geq 3\sqrt{3}(ab+bc+ca)$.","Renormalizing, we may suppose $a + b + c = 3$ and show $\sqrt{a}+\sqrt{b}+\sqrt{c} \geq ab+bc+ca$. Note that $\sqrt{a}+\sqrt{b}+\sqrt{c} \geq ab+bc+ca$ is equivalent to $2\sqrt{a}+2\sqrt{b}+2\sqrt{c} \geq 2ab+2bc+2ca \Leftrightarrow a^2+2\sqrt{a}+b^2+2\sqrt{b}+c^2+2\sqrt{c} \geq a^2+2ab+b^2+2bc+c^2+2ca = (a+b+c)^2$. The inequality is now equivalent to the inequality $a^2+2\sqrt{a}+b^2+2\sqrt{b}+c^2+2\sqrt{c} \geq 9$. Observe that from AM-GM, we have $a^2+\sqrt{a}+\sqrt{a} \geq 3a$. Similarly, we have $b^2+\sqrt{b}+\sqrt{b} \geq 3b$ and $c^2+\sqrt{c}+\sqrt{c} \geq 3c$. Adding these together, we have $a^2+2\sqrt{a}+b^2+2\sqrt{b}+c^2+2\sqrt{c} \geq 3(a+b+c) = 9$. Hence proved.",Algebra,pre-IMO,(Modified) All-Russia MO 2002.
PB-Basic-009,"Let $a_1,a_2,...,a_{18}$ be 18 real numbers, not necessarily distinct, with average $m$. Let $A$ denote the number of triples $1 \le i < j < k \le 18$ for which $a_i + a_j + a_k \ge 3m$. What is the minimum possible value of $A$?","I claim the answer is $136$. Take the construction $17, -1,...,-1,-1,-1,-1,-1,-1,-1,-1$, which clearly works.
 Now I will show that this is the minimum. For any partition of $\{a_1, a_2, ..., a_{18}\}$ into six triplets, at least one triplet must satisfy that $a_i + a_j +a_k \ge 0$.
 Therefore there are $\frac{18!}{(3!)^6 6!}$ partitions, and a fixed triplet is contatined in $\frac{15!}{(3!)^5 5!}$ partitions, so there are at least $\frac{18!}{(3!)^6 6!}/\frac{15!}{(3!)^5 5!} = 136$ partitions satisfying the condition.",Combinatorics,IMO-easy,(Modified) ELMO 2013
PB-Basic-010,"The numbers $\{ 1, 2, 3, \ldots , 2022 \}$ are partitioned into two sets $A$ and $B$ of size $1011$ each. Let $S_{AB}$ denote the set of all pairs $(a, b) \in A \times B$ where $a < b$, and let $S_{BA}$ denote the set of all pairs $(a, b) \in A \times B$ where $b < a$.

 Prove that $\sum_{(a, b) \in S_{AB}} (b - a) \neq \sum_{(a, b) \in S_{BA}} (a - b)$.","Let $X = \sum_{(a, b) \in S_{AB}} (b - a)$, $Y=\sum_{(a, b) \in S_{BA}} (a -b)$ and $Z=X-Y$. We first analyze the case where all elements of $A$ are smaller than all elements of $B$. In that case, $S_{BA} = 0$, and
 \[ X = \sum_{i = 1012}^{2022} \sum_{j = 1}^{1011} (i - j) = 1011 \cdot \left(\sum_{i = 1012}^{2022} i - \sum_{j = 1}^{1011} j \right) = 1011^3, \]
 and so $Z = 1011^3$.

 Now, arrange the numbers $1$ to $2022$ on a line in increasing order from left to right, and consider how the quantity $Z$ changes if we swap the set of two adjacent numbers, where the left number is in $A$ and the right number is in $B$. Let $A_l$ and $B_l$ be the number of numbers from $A$ and $B$ to the left of this adjacent pair, and similarly let $A_r$ and $B_r$ be the number of numbers from $A$ and $B$ to the right of this adjacent pair,

 First think of how $X$ changes. By moving the number from $A$ one unit to the right, we decrease each $A$-$B$ segment of $B_r$ by one unit. By moving the number from $B$ one unit to the left, we shorten each $A$-$B$ segments of $A_l$ by one unit. Also, we eliminated the length-1 $A$-$B$ segment formed by the swapped points themselves. Thus, $X$ decreases by $B_r + A_l + 1$.

 Similarly, $Y$ increases by $A_r + B_l + 1$, after the swap. Thus, $Z$ decreases by $B_r + R_l + B_r + B_l + 2 = 2022$.

 Now, starting from the initial configuration where all the 1011 left-most points are $A$, we can reach any other configuration by a series of swaps of adjacent pairs, where the left number is $A$ and the right number is $B$. In the initial configuration, we have $Z = 1011^3$, and it decreases by $2022$ with each swap. Thus, $Z$ always remains an odd number, so it can never be zero. We conclude that $X \neq Y$.",Combinatorics,IMO-easy,"(Modified) Tournament of Towns, Fall 2022 Senior O-level, P3"
PB-Basic-011,"Let $A\subset \{1,2,\ldots,2000\}$, $|A|=1000$, such that $a$ does not divide $b$ for all distinct elements $a,b\in A$. For a set $X$ as above let us denote with $m_{X}$ the smallest element in $X$. Find $\min m_{A}$ (for all $A$ with the above properties).","Partition the set $\{ 1,2,3,\cdots ,2000\}$ into 1000 parts $P_{1}\cup P_{2}\cup P_{3}\cup \cdots \cup P_{1000}$ such that $P_{a}$ contains all numbers of the form $2^{b}(2a-1)$ where $b$ is a nonnegative integer.

 $A$ cannot have two elements from the same part (otherwise one would divide the other by a power of 2). So $A$ must have exactly one element from each part.

 Let $t_{a}$ be the element of $A$ contained in $P_{a}$. Then consider $t_{1},t_{2},t_{5},\cdots $, each being a product of a power of 3 and a power of 2. The highest power of 2 dividing $t_{1}$ must be strictly greater than the highest power of 2 dividing $t_{2}$ (otherwise $t_{1}$ divides $t_{2}$). Similarly, the highest powers of 2 dividing $t_{1},t_{2},t_{5},\cdots $ must be a strictly decreasing sequence. In particular, there are 7 numbers in the sequence, so $t_{1}$ must be at least $2^6=64$. In a similar manner, if $666<3^{b}(2a-1)<2000$, then $t_{a}\geq 2^{b}(2a-1)$. (Here we look at the numbers where the odd factors are $(2a-1)$ times a power of 3.)

 Suppose one of the $t_{a}$ is less than 64. Then we have
 \[666<3^{b}(2a-1)\leq (3/2)^{b}t_{a}<64(3/2)^{b}\]
 so that $b\geq 6$. However, this means either $a=1$ (we know $t_{1}\geq 64$) or $t_{a}\geq 3\cdot 2^{6}$, which is a contradiction. Therefore, every element must be at least 64.


 We could attain a minimum by setting $t_{a}=2^{f(a)}(2a-1)$ where $f(a)$ satisfies $666<3^{f(a)}(2a-1)<2000$ if we can show it works. To do this, we must show that $t_{x}$ cannot divide $t_{y}$ for any $x\neq y$. Suppose there were such $x$ and $y$. Then
 \[2^{u}(2x-1)|2^{v}(2y-1)\]
 where $u=f(x)$ and $v=f(y)$. In particular, $u\leq v$ and $(2x-1)|(2y-1)$.

 In order to have $(2x-1)|(2y-1)$, we must have $2y-1\geq 3(2x-1)$, but this implies
 \[3^{u+1}(2x-1) \ge 2001 >3^{v}(2y-1)\geq 3^{v+1}(2x-1)\]
 and $u>v$, a contradiction! Therefore $\boxed{64}$ is the minimum.",Combinatorics,IMO-easy,(Modified) Vietnam TST 2007 P5
PB-Basic-012,"Consider a positive integer $n$. We define $f(n)$ as the number of pairs of paths on an $n \times n$ grid that:

 (1) Both paths start at $(0, 0)$ (bottom left corner) and end at $(n, n)$ (top right corner).

 (2) Both paths allow only right or up movements (one unit each).

 (3) The $y$ coordinate of the first path never exceeds the y coordinate of the second path at any timestep.

 For example, when $n = 2$, consider the following pair of paths:

 The first path: $(0,0) \rightarrow (1,0) \rightarrow (1,1) \rightarrow (2,1) \rightarrow (2,2)$
 The second path: $(0,0) \rightarrow (1,0) \rightarrow (2,0) \rightarrow (2,1) \rightarrow(2,2)$
 The example is invalid because after 2 steps, the y coordinate of the first path (1) is larger than the y coordinate of the second path (0).

 However, the following example is valid,

 The first path: $(0,0) \rightarrow (1,0) \rightarrow (2,0) \rightarrow (2,1) \rightarrow (2,2)$
 The second path: $(0,0) \rightarrow (1,0) \rightarrow (1,1) \rightarrow (2,1) \rightarrow (2,2)$

 since the y coordinate of the first path is never larger than the second path. Find $f(10)$.","If we move the second path up-left by one unit, the pair of paths corresponds to a pair of paths from (0,0) to (10,10) and from (-1,1) to (9,11) which are non-intersecting. The total number of path pairs is $\binom{20}{10}^2$. The number of intersecting pairs corresponds to the number of pair of paths from (0,0) to (9, 11) and paths from (-1, 1) to (10,10), because interchanging the two paths at the first intersection point gives a one-to-one correspondence, and thus equals $\binom{20}{9}^2$. Therefore there are $\binom{20}{10}^2 - \binom{20}{9}^2$ paths.",Combinatorics,IMO-medium,Novel Problem
PB-Basic-013,"Each of 8 boxes contains 6 balls. Each ball has been colored with one of 22 colors. If no two balls in the same box are the same color, prove that there are two colors that occur together in more than one box.","Let’s say a color ""connects"" two boxes if it appears in both. We want to show there are two colors that connect the same pair of boxes.

 Let $c_i$ denote the number of balls with color $i$. Then, the total number of times a color connects two boxes is $N = \sum_{i=1}^{22} \binom{c_i}{2}$. We also know the total number of balls is $48$, so $\sum_{i=1}^{22} c_i = 48$. We now try to find the minimum possible value of $N$.

 To do this, we first analyze the quantity $X = \sum_{i=1}^{22} (c_i - 2)^2$. If at $|c_i - 2| >= 2$ for some $i$, then clearly $X \ge 4$. Otherwise, all the $c_i$ are 1, 2, or 3. Then, in order for them to sum to 48, at most 18 of them can be 2, so once again $X \ge 4$. We then have

 $4 \le X = 2N - 3 \sum_{i=1}^{22} c_i + 4 * 22 = 2N - 3 * 48 + 4 * 22 = 2N - 56$,

 so that $N \ge 30$. But note that there are only $\binom{8}{2} = 28$ pairs of boxes. Thus, by the pigeonhole principle, some two colors connect the same pair of boxes, as desired.",Combinatorics,pre-IMO,(Modified) USAMO 2001 P1
PB-Basic-014,"In Shoreline Amphitheatre, 2024 Googlers each hold up to five flags of various colors. Any group of three Googlers will always have at least two people holding flags of the same color. Prove that one specific flag color is held by at least 200 Googlers.","Take any Googler. He holds at most 5 flags. If everyone holds at least one of those flags but not more than 199 people speak have each flag, then there are at most 1 + 5·198 = 991 Googlers. But there are 2024 Googlers, so we must be able to find someone who holds none of the 5 flags. He too has at most 5 flags, giving a total of 10 between the two Googlers selected. Now we are told that every other Googler holds at least one of these 10 flags. So if no more than 199 Googlers holds each flag, then there are at most 2 + 10·198 = 1982 Googlers. But there are 2024 Googlers, so one of the 10 flags must be held by 200 or more people.",Combinatorics,pre-IMO,(Modified) Balkan MO 1985 P4
PB-Basic-015,"Adrian is lining up $n \geq 2$ toy cars in a row. Each car has a width and length, and no two cars have the same width or length. Initially, the cars are arranged in increasing order of length from left to right. Adrian repeatedly does the following: he chooses some two adjacent cars where the left car is shorter in length and greater in width than the right car, and he swaps them. He keeps doing this until no further moves are possible. Prove that no matter how Adrian chooses his swaps, the procedure will eventually terminate, and in the end, the cars will be sorted in increasing order of width from left to right.","Define an inversion to be a pair of cars where the one on the left is wider than the one on the right. Clearly, each move strictly decreases the number of inversions, so the procedure must terminate.

 Now, suppose for sake of contradiction that we can make no more moves, but the cars are not sorted in increasing order of width. Consider the smallest index $i$ such that car $i$ is wider than car $i + 1$. Since we cannot make any further swaps, it must also be the case that car $i$ is longer than book $i + 1$. This means that originally, car $i$ was to the right of car $i + 1$, and at some point they switched relative positions. However, this is not possible because the rules prevent us from ever swapping two books when one is both taller and wider than the other.",Combinatorics,pre-IMO,(Modified) 2020 USOJMO P1
PB-Basic-016,"101 stones are arranged in a circle, numbered 1 through 101 in order (so that stone 1 is next to stone 101). Each stone is painted either red, white, or blue. Initially, stone 101 is the only blue stone. Among the remaining stones, even-numbered stones are red, and odd-numbered stones are white.

We perform a sequence of modifications to the coloring, where in each step, we may choose a stone and repaint it a different color, as long as we ensure that no two adjacent stones are ever the same color. Prove that it is not possible to eventually reach a state where again stone 101 is the only blue stone, but among the remaining stones, all even-numbered stones are white and all odd-numbered stones are red.","Let $A$ be the number of indices $i$ where $i$th stone is blue and $i+1$th stone is white (we define the order in mod 101). Similarly, let $C$ be the number of white stones followed by blue stones. In the initial state, we have $A = 1$ and $C = 0$, and in the final state, we have $A = 0$ and $C = 1$.

 We claim that $A - C$ is invariant. Indeed, consider all possible colorings of three consecutive stones, and let us enumerate what color the middle side can be changed to. Writing $R, W, B$ to represent red, white, and blue, we have the following possibilities:
 \[ RBR \to RWR, \qquad RWR \to RBR, \]
 \[ BWB \to BRB, \qquad BRB \to BWB, \]
 \[ WBW \to WRW, \qquad WRW \to WBW. \]
 In each case, we find that the quantity $A - C$ doesn't change. However, the initial state has $A - C = 1$, and the final state has $A - C = -1$, so it is not possible to reach the final state.",Combinatorics,pre-IMO,(Modified) USAMO 1994 Problem 2
PB-Basic-017,Find all non-negative integer $n$ such that $A_n = 1 + 3^{20(n^2+n+1)} + 9^{14(n^2+n+1)}$ is a prime number.,"Substitute $a = 3^{4(n^2+n+1)} \geq 81 \in Z^+$, we have $A_n = a^7 + a^5 + 1$. Observe that $a^7 + a^5 + 1 = (a^2+a+1)(a^5-a^4+a^3-a+1)$. Since $a \geq 81$, we have $a^2+a+1 > 1$ and $a^5-a^4+a^3-a+1 > 1$. Hence, $A_n$ is not a prime number for all $n \geq 0$.",Number theory,pre-IMO,folklore
PB-Basic-018,Let $x$ and $y$ be positive integers satisfying $2x^2 + x = 3y^2 + y$. Prove that $2x+2y+1$ is a perfect square.,"Lemma: If $ab$ is a perfect square for coprime integers $a,b$ then they are perfect squares.

 Observe that $2x^2+x=3y^2+y$ is equivalent to $y^2 = 2x^2-2y^2+x-y = (x-y)(2x+2y+1)$. Let $d$ be the greatest common divisior of $x-y,2x+2y+1$, we have $d | x-y$ and $d | 2x+2y+1$. On the other hand, observe that $y^2 = (x-y)(2x+2y+1)$. Hence, we must have that $d^2 | y^2$, which implies $d | y$. Since $d | y$ and $d | x-y$, we have $d | x$. Furthermore, since $d | x, d | y, d | 2x+2y+1$, we have that $d | 1$ and thus, $d = 1$, meaning that $x-y,2x+2y+1$ are coprime integers. From the Lemma, we have that $x-y,2x+2y+1$ are perfect squares. Hence proved.",Number theory,pre-IMO,(Modified) Polish MO 1965 P4
PB-Basic-019,"For any positive integer $n$, let $\delta(n)$ be the largest odd divisor of $n$. Prove for any $N>0$ that we have
 \[
 \left| \sum_{n=1}^N \frac{\delta(n)}{n}- \frac{2}{3}N \right| <1.
 \]","Observe the following: If the greatest power of $2$ that divides $n$ is $2^k$, the greatest odd divisor dividing $n$ is $\frac{n}{2^k}$.

 Let $\sum_{n=1}^N \frac{\delta(n)}{n}$ be $S(N)$.

 Let the greatest power of $2$ smaller or equal to $N$ be $2^k$. Then, $2^k \leq N <2^{k+1}$ holds. Using the observation, we get the following equation:
 $\sum_{n=1}^{2^k} \frac{\delta(n)}{n} = \sum_{i=0}^{k-1} \frac{2^{k-1-i}}{2^i} + \frac{1}{2^k} = 2^{k-1}(\frac{1-\frac{1}{4^{k}}}{\frac{3}{4}}) + \frac{1}{2^k}$

 Now observe that for $2^k < n <2^{k+1}$, $\frac{\delta(n)}{n} = \frac{\delta(n-2^k)}{n-2^k}$. Therefore, we have that $S(N)= S(N-2^k)+ (\frac{2^{k+1}}{3})(1-\frac{1}{4^{k}}) + \frac{1}{2^k}$

 Using this, we have that $S(N) - \frac{2N}{3} = S(N-2^k) - \frac{2(N-2^k)}{3} + \frac{1}{3\cdot 2^k}$

 Therefore, $|S(N) - \frac{2N}{3}|\leq \sum_{k=0}^\infty \frac{1}{3\cdot 2^k} \leq 1$",Number theory,IMO-easy,(translated) 2003 Korea Winter Program Practice Test
PB-Basic-020,"Find all pairs of primes $(a, b)$ such that $a^2 - ab - b^3 = 1$.","Step 1. Lemma. If for a prime $p$, $p\equiv 2 \pmod{3}$, then $p$ cannot divide $q^2-q+1$ for any prime $q$.
 Proof. Assume $p \mid q^2-q+1$ (so $p$ is odd); then $p \mid q^3+1$, so $q^3 \equiv -1 \pmod{p}$, thus $q^6 \equiv 1 \pmod{p}$. Let $\nu$ be the multiplicative order of $q$ modulo $p$; then $\nu \mid 6$, and $\nu \mid p-1$ (by Fermat's Little theorem). That forces $\nu = 2$ (since $\nu = 1$ means $q \equiv 1 \pmod{p}$, so $-1 \equiv q^3 \equiv 1 \pmod{p}$, forcing $p=2$, absurd), and so $q \equiv -1 \pmod{p}$. But then $0\equiv q^2-q+1 \equiv 1 + 1 + 1 = 3 \pmod{p}$, forcing $p=3$, absurd.

 Step 2. Easily $a>3$, then $a^2=ab+b^3+1>2b+b^3+1>2b+b^2+1=(b+1)^2$, hence $a>b+1$; but then from $a\mid b^3+1=(b+1)(b^2-b+1)$ follows that $a\mid b^2-b+1$, hence $a\equiv 1 \pmod{3}$.

 Step 3. If $b\equiv 1\pmod{3}$, then $1=a^2-ab-b^3 \equiv 1-1-1 = -1 \pmod{3}$, a contradiction. If $b\equiv 2\pmod{3}$, then $1=a^2 - ab - b^3 \equiv 1 - 2 + 1 = 0 \pmod{3}$, a contradiction again. Hence $b=3$ (the only moment where the primality of $b$ is actually used), and from this we easily get $a=7$. So $(a,b)=(7,3)$ is the only solution.",Number theory,IMO-easy,"(Modified) Tuymaada 2013, Seniors, P6"
PB-Basic-021,Define the sequence $x_1 = 6$ and $x_n = 2^{x_{n-1}} + 2$ for all integers $n \ge 2$. Prove that $x_{n-1}$ divides $x_n$ for all integers $n \ge 2$.,"We will prove this using induction. Note that $x_{2}=2^{6}+2=66$
 which is divisible by $x_{1}$ and $x_{3}=2^{66}+2=2(2^{65}+1)$,
 which is divisible by $2(2^{5}+1)=2^{6}+2=x_{2}$.


 For $a,b\in\mathbb{N}$, it is well known that $2^{a}+1|2^{ab}+1$
 and $2^{a}-1|2^{ab}-1$ if $2\not|b$.


 We will prove the result by induction. Note that $\nu_{2}(x_{i})=1$,
 so $\frac{x_{n-1}}{x_{n-2}}$ is odd. Also, note that $x_{1}|x_{2}$,
 as $2|6$, and $x_{2}|x_{3}$, as $6|66$.

 $x_{n}|x_{n+1}\Longleftrightarrow2^{x_{n-1}-1}+1|2^{x_{n}-1}+1\Longleftarrow x_{n-1}-1|x_{n}-1\Longleftrightarrow2^{x_{n-2}}+1|2^{x_{n-1}}+1\Longleftarrow x_{n-2}|x_{n-1}\text{ and that \ensuremath{\frac{x_{n-1}}{x_{n-2}}} is odd.}$
 Thus $x_{n-2}|x_{n-1}\implies x_{n}|x_{n+1}$, we can prove by induction
 that $x_{i}|x_{i+1}$ for all $i\in\mathbb{N}$.",Number theory,IMO-easy,(Modified) ELMO 2015 P1
PB-Basic-022,"Let $S=\{0,1,2^{2024},3^{2024},\ldots\}$ be the set of all perfect
 2024-th powers. Find all polynomials $P$ with integer coefficients
 such that $P(x)=s$ has an integer solution $x$ for every $s\in S$.","Since $0$ is in $S$, there exists an integer $c$ such that $P(c)=0$.
 We can write $P(x)=(x-c)^{n}Q(x)$ for some positive integer $n$
 and integer coefficient polynomial $Q$ such that $Q(c)\ne0$.

 \noindent Pick a prime number $q$ bigger than $|Q(c)|,|Q(c+1)|,|Q(c-1)|$.
 For every positive integer $m$, there exists an integer $a$ such
 that $P(a)=q^{2024m}$. Then, $(a-c)$ is a power of $q$.

 \noindent If it is 1, it is a contradiction to the fact that $|Q(c+1)|,|Q(c-1)|<q$.
 Therefore, $q$ divides $a-c$ and so $Q(a)-Q(c)$ is a multiple of
 $q$, which shows that $Q(a)$ is not a multiple of $q$. Therefore,
 $|Q(a)|=1$ and $|(a-c)^{n}|=q^{2024m}$. Therefore, $|Q(x)|=1$ for
 infinitely many integers $x$ and so $Q(x)=1$ or $Q(x)=-1$. Then
 $|P(x)|$ is always a $n$th power.

 \noindent In this case we can easily see that $n$ needs to divide
 $2024$. Moreover if $n$ is even and $Q(x)=-1$, $P$ is always negative
 or 0 . Hence, the only possible solutions are of the form: $P(x)=(\pm(x+c))^{n}$
 for some divisor $n$ of 2024. We can easily see that this satisfies
 the problem conditions.",Number theory,IMO-easy,(Modified) ELMO 2023 Shortlist N1
PB-Basic-023,"Suppose $a,b,c$ are positive integers such that $2^{a}+1=7^{b}+2^{c}$.
 Find all possible values of $(a,b,c)$.","From the given equation, observe that $a>c$. The equation can be
 rewritten as:
 \[
 2^{c}\left(2^{a-c}-1\right)=7^{b}-1.
 \]

 We consider the following cases:


 \textbf{Case 1: $b$ is odd}

 In this case, $7^{b}-1\equiv2\pmod 4$, so $2^{c}=2$, which implies
 $c=1$. Substituting back into the equation, we have:
 \[
 2^{a}=7^{b}+1.
 \]

 On the other hand, note that $7^{b}+1=8(7^{b-1}-7^{b-2}+\cdots+7+1)$.
 If $b\ge3$ the second factor is an odd number greater than 1 which
 cannot divide $2^{a}$, contradiction. Therefore we have $b=1$ and
 $2^{a}=8$, so $a=3$. Hence, this case gives the solution $(a,b,c)=(3,1,1)$.


 \textbf{Case 2: $b$ is even but not divisible by $4$}

 Let $b=4k+2$, where $k\in\mathbb{N}$. Then:
 \[
 7^{b}-1=7^{4k+2}-1=\left(7^{2k+1}-1\right)\left(7^{2k+1}+1\right).
 \]

 Reasoning similarly to the previous case, we find that $7^{2k+1}-1$
 is divisible by $2$ but not by $4$, $7^{2k+1}+1$ is divisible by
 $8$ but not by $16$. Therefore, $7^{b}-1$ is divisible by $16$
 but not by $32$, which implies $c=4$. Substituting back into the
 equation, we have:
 \[
 2^{a}=7^{4k+2}+15.
 \]

 Since $7^{4k+2}+15\equiv1\pmod 3$, it follows that $2^{a}\equiv1\pmod 3$.
 Thus, $a$ is even. Let $a=2\ell$, where $\ell\in\mathbb{Z}^{+}$,
 $\ell\geq2$ (since $x>z=4$). We can write:
 \[
 15=2^{2\ell}-7^{4k+2}=\left(2^{\ell}-7^{2k+1}\right)\left(2^{\ell}+7^{2k+1}\right).
 \]

 From here we easily obtain $\ell=3$ and $k=0$ which gives $a=6$
 and $b=2$. Thus, this case gives the solution $(a,b,c)=(6,2,4)$.


 \textbf{Case 3: $b$ is divisible by $4$}

 In this case, $7^{b}-1$ is divisible by $4^{2}=16$. Since $2^{a-c}-1$
 is divisible by $25$, $a-c$ is divisible by $\text{ord}_{25}(2)=20$.
 Then, $2^{a-c}-1$ is divisible by 31. Additionally:
 \[
 2^{a-c}-1\text{ is divisible by }31\implies7^{b}-1\text{ is divisible by }31.
 \]

 Note that $\text{ord}_{31}(7)=15$, so $b$ is divisible by $15$.
 However, in this case $7^{b}-1$ is also divisible by $9$, implying
 $a-c$ must be divisible by $6$ which implies that $2^{a-c}-1$ is
 divisible by $7$. Then, we find:
 \[
 7^{b}-1\text{ is divisible by }7,\text{ leading to a contradiction.}
 \]

 Hence, there are no solutions in this case.


 \textbf{Conclusion}

 The two valid solutions are:
 \[
 (a,b,c)=(3,1,1)\quad\text{and}\quad(a,b,c)=(6,2,4).
 \]",Number theory,IMO-medium,(Modified) Vietnam TST 2019 P4
PB-Basic-024,"Find all non-negative integers $a,b,c$ such that $20^{a}+b^{4}=2024^{c}$","We state the following well-known lemma: If $p=4k+3$ is a prime
 number for some positive integer $k$, and there exists integers $x,y$
 such that $x^{2}+y^{2}$ is divisible by $p$, then we have $x,y$
 are both divisible by $p$.

 We omit the proof of this lemma since it is a well-known result.

 Now, return to the main problem. It is obvious that $(a,b,c)=(0,0,0)$
 is a solution. Now, consider $c>0$, we have the following cases:


 \textbf{Case 1: $a$ is even.}

 In this case, we have $a=2k$ for some non-negative integer $k$.
 This gives $(20^{k})^{2}+(b^{2})^{2}$ is divisible by $2024$, which
 is divisible by $11$. Since $11$ is a prime in the form of $4n+3$
 for some positive integer $n$, we must have that $20^{k},b^{2}$
 are all divisible by $11$, which is a contradiction since $\gcd(20,11)=1$.
 Hence, $a$ cannot be even.


 \textbf{Case 2: $a$ is odd.}

 In this case, we have $a,c\geq1$, and so $b$ must be even. Let $b=2^{t}q$
 for some non-negative integer $t,q$ where $q$ is odd, we have the
 equation becomes $2^{2a}5^{a}+2^{4t}q^{4}=2^{3c}253^{c}$. Consider
 quadratic residue modulo $11$, we have the LHS gives us $-5$ is
 a quadratic residue modulo $11$. However, since $11$ has the form
 $4n+3$ we have $-1$ is a quadratic nonresdue, while $5$ is a quadratic
 residue modulo $11$ from the Law of Quadratic Reciprocity. Hence,
 we have that $-5$ is a quadratic nonresidue modulo $11$, which a
 contradiction.

 Hence, $(a,b,c)=(0,0,0)$ is the only solution.",Number theory,IMO-medium,"(Modified) Serbia MO 2008, P1"
PB-Basic-025,"Given a triangle $XYZ$ with circumcenter $O$, the incircle of triangle
 $XYZ$ has center $I$. Let $M,N$ on the sides $XY,XZ$
 respectively such that $YM=ZN=YZ$. If $\gamma$ is the angle created
 by two lines $MN,OI$, what is $\frac{\gamma}{2}$ in terms of degree?","Let the incircle of $XYZ$ meet the sides of $XYZ$ at points $D,E,F$. Let $G$ be the centroid of triangle $DEF$, it is well-known that
 $I,G,O$ are collinear. Let $r$ be the inradius and $\vec{v}$ be
 the unit vector perpendicular to $MN$ pointing outward, we have $YZ\vec{ID}+ZN\vec{IE}+YM\vec{IF}+rMN\vec{v}=\vec{0}$.
 Since $YZ=YM=ZN=a$, we have $YZ\vec{ID}+ZN\vec{IE}+YM\vec{IF}+rMN\vec{v}=\vec{0}$
 is equivalent to $3a\vec{IG}=-rMN\vec{v}$, which implies that $IG$
 is parallel with $\vec{v}$. Since $\vec{v}$ is perpendicular to
 $MN$, this implies that $MN$ is perpendicular to $IG$. Combining
 this with the fact that $I,G,O$ is collinear, we have $\gamma=90^{\circ}$,
 which means that $\frac{\gamma}{2}=45^{\circ}$.",Geometry,IMO-easy,folklore
PB-Basic-026,"Let $\triangle ABC$ be an inscribed triangle in $(O)$ and circumscribed
 around $(I)$. The incircle $(I)$ touches $BC,CA,AB$ at $D,E,F$,
 respectively. Construct the circle $(W_{a})$ passing through $B,C$
 and tangent to $(I)$ at $X$, and let $D'$ be the reflection of
 $D$ across $AI$. Define $Y,Z,E',F'$ similarly. Prove that the lines
 $D'X,E'Y,F'Z$ are concurrent on the line $OI$.","Lemma: Let $ABC$ be an acute triangle with circumcircle $\Omega$.
 Let $B_{0}$ be the midpoint of $AC$ and let $C_{0}$ be the midpoint
 of $AB$. Let $D$ be the foot of the altitude from $A$ and let $G$
 be the centroid of the triangle $ABC$. Let $\omega$ be a circle
 through $B_{0}$ and $C_{0}$ that is tangent to the circle $\Omega$
 at a point $X\not=A$. Prove that the points $D,G$ and $X$ are collinear.

 This is the well-known IMO Shortlist 2011 G4 problem, we omit the
 proof here.

 Consider an inversion center $I$ with power $r^{2}$ where $r$ is
 the inradius. This maps $B,C$ to the midpoint $M_{B},M_{C}$ of $DF,DE$
 respectively. Moreover, we have $DD'$ is parallel to $EF$. Let $G$
 be the centroid of $\triangle DEF$ and $H_{D}$ be the foot of $D$
 onto $EF$. We have $D',G,H_{D}$ are collinear from Thales Theorem,
 and $X,G,H_{D}$ are collinear. And so, we have $XD'$ passes through
 $G$. Similarly, we have $YE',ZF'$ passes through $G$ as well. Finally,
 it is well-known that $I,G,O$ are collinear. And so, we have $D'X,E'Y,F'Z$
 are concurrent on the line $OI$.",Geometry,IMO-medium,Novel Problem
PB-Basic-027,"Given an acute triangle $ABC$, let $D$ and $E$ be the feet of
 the altitudes from $B$ to $AC$ and $C$ to $AB$, respectively.
 Let $E_{1}$ and $E_{2}$ be the reflections of $E$ with respect
 to $AC$ and $BC$, respectively. If $X$ (not equal to $C$) is an
 intersection point of the circumcircle of $\triangle CE_{1}E_{2}$
 and $AC$, and $O$ is the circumcenter of $\triangle CE_{1}E_{2}$,
 prove that $XO$ is perpendicular to $DE$.","\textbf{Claim.} $X,E,E_{2}$ are colinear.


 \noindent\emph{Proof. }Let $T$ be a intersection of $EE_{2}$ and
 $AC$. Observe that $CE_{1}=CE=CE_{2}$ and $(B,C,E,E_{1},E_{2})$
 are cyclic. This gives $\angle E_{2}E_{1}C=\frac{1}{2}(180^{\circ}-2\angle C)=\angle E_{2}TC$,
 so $(E_{2},T,C,E_{1})$ are cyclic. Thus, $T=X$, and we have $X,E,E_{2}$
 colinear.


 Now, observe $\angle OXC=90-\angle XE_{2}C=90-\angle EE_{2}C=90-\angle ABC=90-\angle ADE=90-\angle XDE$.
 Thus, $\angle OXC+\angle XDE=90^{\circ}$, and we have $XO\perp DE$
 as desired.",Geometry,IMO-easy,(Modified) FKMO 2016 P1
PB-Basic-028,"In $\triangle ABC$ the altitudes $BE$ and $CF$ intersect at $H$. A circle $(W)$ is
 externally tangent to the Euler circle $(E)$ of $\triangle ABC$ and also tangent
 to the sides $AB$ and $AC$ at $X$ and $Y$, respectively, with
 $(W)$ being closer to $A$ than the Euler circle. Let $I'$ be the
 incenter of $\triangle AEF$. Prove that $AXI'Y$ is a rhombus.","Consider the inversion centered at $A$ with power $\sqrt{\frac{1}{2} AE \times AC}$. Under
 this inversion, the Euler circle remains unchanged, while $B$ and
 $C$ are mapped to $B'$ and $C'$, which are the midpoints of $AF$
 and $AE$, respectively.


 Observe that if $AXI'Y$ is a rhombus, then $(W)$ is the image of
 the mixtilinear incircle of $\triangle AEF$ under a homothety centered
 at $A$ with ratio $\frac{1}{2}$. The $A$-excircle of $\triangle ABC$,
 which is tangent to $AB,AC$, and $BC$, is mapped to the circle $(V)$,
 which is tangent to $AB,AC$, and $(AB'C')$, i.e., the mixtilinear
 incircle of $\triangle AEF$.


 It remains to prove that $(V)$ is tangent to the Euler circle, which
 would imply that $(V)$ coincides with $(W)$. Indeed, by Feuerbach's
 theorem, the $A$-excircle is externally tangent to $(E)$. Thus,
 under the inversion, $(V)$ is also tangent to $(E)$, which implies
 that $(V)$ coincides with $(W)$, as desired.",Geometry,IMO-medium,Novel Problem
PB-Basic-029,"Let $p$ and $n$ be integers with $0\le p\le n-2$. Consider a set
 $S$ of $n$ lines in the plane such that no two of them are parallel
 and no three have a common point. Denote by $I$ the set of intersections
 of lines in $S$. Let $O$ be a point in the plane not lying on any
 line of $S$. A point $X\in I$ is colored red if the open line segment
 $OX$ intersects at most $p$ lines in $S$. What is the minimum number
 of red points that is contained in $I$?","Let $\ell$ be the nearest to $O$ line from $L$ and $\ell\cap I=\left\{ X_{1},X_{2},...,X_{n-1}\right\} $
 with $|OX_{i}|\leq|OX_{i+1}|$ for every $i.$

 Claim. Open segment $OX_{i}$ intersects at most $i-1$ line from
 $S$.

 Proof. Suppose the contrary, so $OX_{i}$ intersects $i$ lines and
 in particular it intersects line $\ell'$ such that $Y=\ell\cap\ell'\notin\bigcup_{t=1}^{i-1}\{X_{t}\}.$
 If $Z=OX_{i}\cap\ell'$ we get the contradiction with
 \[
 |OY|\geq|OX_{i}|\implies\angle OYX_{i}<90^{\circ}\implies d(O,\ell')=|OY|\cdot\sin\angle OYZ<|OY|\cdot\sin\angle OYX_{i}=d(O,\ell)\text{ }\Box
 \]
 Now with fixed $n$ we apply induction by $p.$ By the claim $X_{1}$
 is always red, so the base case $p=0$ follows. Now consider problem
 statement for $S\backslash\ell$ and $p=k,$ so there exist at least
 $C_{p+2}^{2}$ red points. After backing $\ell$ to $L$ and increasing
 $p$ to $p+1$ all red points are preserved and by claim all points
 $X_{1},X_{2},...,X_{p+2}$ are red, so totally there are at least
 $C_{p+3}^{2}$ red points.

 For the example construction, we take $X=(-1,-1)$ and $n$ lines
 to be the lines connecting $(0,n-1-i)$ and $(i,0)$ for $0\le i\le n-1$.",Geometry,IMO-medium,(modified) IMO Shortlist 2008 G5
PB-Basic-030,"Given a trapezoid $ABCD$ with $AB,CD$ as the two legs. Circle $(W_{1})$ passes through $A,B$, and $(W_{2})$ passes through $C,D$ so that they are tangent to each other. The inscribed angle on circle $W_1$ corresponding to the arc AB on the side opposite to C and D is alpha, and the inscribed angle on circle $W_2$ corresponding to the arc CD on the side opposite to  A and B is beta. Construct $(W_{3})$ passing through $A,B$, $(W_{4})$ passing through $C,D$ such that the inscribed angle on circle W3 corresponding to the arc AB on the side opposite to C and D is $\beta$, and the inscribed angle on circle $W_4$ corresponding to the arc CD on the side opposite to  A and B is b $\alpha$. Prove that $(W_{3}),(W_{4})$ are tangent to each other.","If $AB,CD$ are parallel to each other then $(W_{1})$ maps to $(W_{4}),(W_{2})$
 maps to $(W_{3})$ via a reflection w.r.t. the center $O$ of the
 parallelogram $ABCD$.

 If $AB,CD$ are not parallel to each other then let $X$ be the intersection
 of $AB,CD$. Consider the inversion with power $XA.XC$ and then reflect
 it w.r.t. to the internal bisector $\angle AXD$, we have $A\rightarrow C$,
 $B\rightarrow D$ (1). Note that inversion preserves the angle between
 the circles and the lines, and so $(W_{1})$ is mapped to $(W_{4})$
 since we have (1) and the angle between $(W_{1})$ and $AB$ is $\alpha$,
 which is also the angle between $(W_{4})$ and $CD$. Similarly, we
 have $(W_{2})$ is mapped to $(W_{3})$. Since $(W_{1})$ is tangent
 to $(W_{2})$, we have $(W_{3})$ is tangent to $(W_{4})$. Hence
 proved.",Geometry,IMO-easy,Novel Problem
PB-Advanced-001,"For a positive integer $n$, let $A_{n}$ be the number of perfect powers less than or equal to $n$. Here, a perfect power is a number that can be expressed in the form $a^{b}$, where $a$ is a positive integer and $b$ is an integer greater than or equal to 2. Prove that there are infinitely many $n$ such that $A_{n}$ divides $n+2024$.","Let's look at the following lemma using the intermediate value property.

 <Lemma 1> If a sequence of non-negative integers $\left(x_{n}\right)_{n=1}^{\infty}$ satisfies $x_{n+1}-x_{n} \in\{0,1\}$ and for any $M>0$, there exists a positive integer $n$ such that $\frac{n}{x_{n}}>M$, then there are infinitely many $n$ such that $\frac{n}{x_{n}}$ is a positive integer.

 <Proof of Lemma 1> First, let $k_{0}$ be the smallest $k$ such that $x_{k} \geq 1$. Now, we will prove that for any integer $m \geq k_{0}$, there exists an $n$ such that $\frac{n}{x_{n}}=m$.

 (1) There exists a positive integer $n$ such that $\frac{n}{x_{n}}>m$, and let $n_{0}$ be the smallest such $n$. Since $\frac{k_{0}}{x_{k_{0}}} \leq k_{0}$, we have $n_{0} \geq k_{0}+1$.

 (2) By the minimality of $n_{0}$ and $n_{0} \geq k_{0}+1$, we have $\frac{n_{0}-1}{x_{n_{0}-1}} \leq m$. If $\frac{n_{0}-1}{x_{n_{0}-1}}<m$, then

 \[
 n_{0}<m x_{n_{0}-1}+1 \quad \Rightarrow \quad n_{0} \leq m x_{n_{0}-1}.
 \]

 However, from $\frac{n_{0}}{x_{n_{0}}}>m$, we have $m x_{n_{0}}<n_{0}$, so combining the two results gives

 \[
 m x_{n_{0}-1} \geq n_{0}>m x_{n_{0}},
 \]

 which leads to $x_{n_{0}-1}>x_{n_{0}}$. This contradicts the condition of the problem that $x_{n+1}-x_{n} \in\{0,1\}$. Therefore, we must have $\frac{n_{0}-1}{x_{n_{0}-1}}=m$, and the proof is complete.

 Therefore, for any integer $m \geq k_{0}$, there exists an $n$ such that $\frac{n}{x_{n}}=m$, and it is obvious that these values of $n$ are different for different $m$, so the proof is complete. \qed

 The following lemma is a Bernoulli-type inequality.

 <Lemma 2> For any integer $k \geq 2$, we have $2^{k} \geq \frac{k^{2}}{2}$.

 <Proof of Lemma 2> Since $k \geq 2$, by the binomial theorem, we have

 \[
 2^{k} \geq 1+k+\binom{k}{2}=1+\frac{k}{2}+\frac{k^{2}}{2}>\frac{k^{2}-k}{2},
 \]

 so the proof is complete. $\qed$

 Now, let's prove the main problem.

 <Step 1> Finding an upper bound for $A_{n}$

 <Step 1.1> For a positive integer $a$ and $k \geq 2$, let a number of the form $a^{k}$ be called a $k$-th power. Then, for any $k$-th power $a^{k}$ to be less than or equal to $n$, we must have

 \[
 a^{k} \leq n \quad \Rightarrow \quad a \leq n^{\frac{1}{k}},
 \]

 so the number of $k$-th powers less than or equal to $n$ is less than or equal to $n^{\frac{1}{k}}$.

 <Step 1.2> If any $k$-th power other than 1 is less than or equal to $n$, then we must have $2^{k} \leq n$, so $k \leq \log _{2} n$.

 <Step 1.3> By (1) and (2) above, $A_{n}$ satisfies the following:

 \[
 A_{n} \leq \sum_{k=2}^{\left[\log _{2} n\right]} n^{\frac{1}{k}} \leq\left(\left[\log _{2} n\right]-1\right) n^{\frac{1}{2}}<\log _{2} n \cdot n^{\frac{1}{2}}.
 \]

 <Step 2> Solving the problem using the lemma

 Now, let the sequence $\left(x_{n}\right)_{n=1}^{\infty}$ be defined as $x_{n}=0$ if $n \leq 2024$ and $x_{n}=A_{n-2024}$ for $n \geq 2025$.

 <Step 2.1> Since $A_{1}=1$ and $A_{n+1}-A_{n}$ is 1 if $n+1$ is a perfect power and 0 otherwise, $x_{n}$ satisfies $x_{n+1}-x_{n} \in\{0,1\}$ for any $n \geq 1$.

 <Step 2.2> By <Step 1>, we have $A_{2^{2 k}} \leq 2 k \cdot 2^{k}$, so by <Lemma 2>, we have

 \[
 \frac{2^{2 k}}{A_{2^{2 k}}} \geq \frac{2^{k}}{2 k} \geq \frac{k}{4}.
 \]

 Since $A_{n}$ is an increasing sequence, we have $A_{n} \geq x_{n}$, so $\frac{n}{x_{n}} \geq \frac{n}{A_{n}}$. Combining these results gives

 \[
 \frac{2^{2 k}}{x_{2^{2 k}}} \geq \frac{2^{2 k}}{A_{2^{2 k}}} \geq \frac{k}{4},
 \]

 so for any $M>0$, there exists an $n$ such that $\frac{n}{x_{n}}>M$.

 <Step 2.3> By (1), (2), and <Lemma 1> above, there are infinitely many $n$ such that $x_{n} \mid n$. Therefore, there are also infinitely many $n$ such that

 \[
 \frac{n+2024}{A_{n}}=\frac{n+2024}{x_{n+2024}}
 \]

 is a positive integer.",Algebra,IMO-easy,Novel Problem
PB-Advanced-002,"There are 120 students in DeepMind highschool, and each student `loves' some of the students. Here `love' is not always a mutual relationship; a student A may love B while B may not love A, and it is also possible that a student loves oneself. For the set $F$ of all $2^{120}$ subsets of the students, define the function $f: F \rightarrow F$ as the function that maps each $X \in F$ to the set of students loved by one or more students in $X$. For $A, B \in F$, $A$ and $B$ are said to have a 'lovely relationship' iff there exists a natural number $k$ such that $f^{k}(A)=B$. Now we want to select distinct elements $A_{1}, A_{2}, \cdots A_{t}$ from $F$ such that for any $1 \leq i<j \leq t$, $A_{i}$ and $A_{j}$ have a lovely relationship. Let $M(f)$ be the maximum possible value of $t$.  Show that $M(f) \leq 2^{70}$. ","To being with, we prove there must be some $A \in F$ such that $\left\{A_{1}, \cdots A_{t}\right\} \subset \cup_{i=0}^{\infty}\left\{f^{i}(A)\right\}$. Why is this? Consider a graph $H$ with $A_{1}, A_{2}, \cdots A_{t}$ as its vertices. If $f^{k}\left(A_{i}\right)=A_{j}$ for some $k$, draw a directed edge $A_{i} \rightarrow A_{j}$ to create a directed graph. This graph is a tournament. Now, if there is a vertex $A$ such that $d^{-}(A)=0$, then it holds directly. If not, then in this graph, the in-degree of any vertex is at least 1. This means the graph contains a cycle. Having a cycle means that for each element $A$ in the cycle, there is some $T$ such that $f^{T}(A)=A$. Therefore, for two vertices $A, B$ in the cycle, if $f^{i}(A)=B$, then $f^{T-i}(B)=A$. This means any two vertices in the cycle can reach each other via applications of $f$. Now, if we remove all but one vertex from the cycle and then use induction on the number of vertices, we can immediately find that there is a vertex $A$ such that $d^{+}(A)=t-1$. Thus, we can obtain our desired conclusion.

Now, considering a directed graph $G$ whose vertices are the students and where an edge $i \rightarrow j$ is drawn if student $i$ loves student $j$, we need to find $\max_{A_0 \in F} \left| \{f^i(A_0) \mid i \in \mathbb{Z}_{\ge 0} \} \right|$. Now, in $G$, let's perform the following procedure: \begin{itemize} \item Pick any cycle in $G$ and call it $C_{1}$. \item Pick any cycle in $G-C_{1}$ (the graph after removing all vertices of $C_1$) and call it $C_{2}$. \item Repeat this procedure until no more cycles can be found. \end{itemize} As a result of this procedure, we will have disjoint cycles $C_{1}, C_{2}, \cdots, C_{m}$, and a graph $H$ (which is $G - \bigcup C_i$) that has no cycles. Let $a_i$ be the number of vertices in $C_i$, and let $|V(H)|=x$. Then $a_{1}+a_{2}+\cdots+a_{m}=n-x \leq n$ (where $n=120$). Let $L =c\operatorname{lcm}\left[a_{1}, a_{2}, \cdots, a_{m}\right]$, where $c$ is the smallest positive integer such that $L\ge n$.
\\Consider some nonempty $A \subset V(G)$. Now, if we define $T(k) = \bigcup_{j=1}^{m} (f^{k}(A) \cap C_{j})$, then since each $|f^{k}(A) \cap C_{j}|$ is non-decreasing, $|T(k)|$ is a non-decreasing function. Now let's look at $|T(L)|, \cdots, |T((2n+1)L)|$. Since $|T(k)| \leq |V(G)|=n$ and $|T(k)|$ is non-decreasing, there exists some $i$ such that $|T(iL)|=|T((i+1)L)|=|T((i+2)L)|$. At this point, by the definition of $L$, it must be that $T(iL) \subset T((i+1)L) \subset T((i+2)L)$, and therefore $T(iL)=T((i+1)L)=T((i+2)L)$. Therefore, for each $1 \leq r < L$, $T(iL+r)=T((i+1)L+r)$ also holds.
\\Now, if $f^{(i+2)L}(A) \neq f^{(i+1)L}(A)$, then there must be a $v_{0} \in f^{(i+2)L}(A) \triangle f^{(i+1)L}(A)$ (symmetric difference; $A \triangle B=(A-B) \cup (B-A)$), and in this case, $v_{0} \in H$ must hold. Therefore, there also exists $v_1 \in f^{(i+2)L-1}(A) \triangle f^{(i+1)L-1}(A)$ (from which $v_0$ is reached), and $v_2 \in \dots$, so we can keep finding $v_j$ such that there is a path $v_k \rightarrow \dots \rightarrow v_1 \rightarrow v_0$. If $v_1 , v_2, \cdots, v_{|V(H)|+1}$ are all in $H$, then some point should appear at least twice, which is a contradiction to the fact that $H$ has no cycles. Therefore, there exists some $k \le n$ such that $v_k \not \in H$, or equivalently  $v_k \in \bigcup C_j$. However, since $v_k \in f^{(i+2)L -k} (A) \triangle f^{(i+1)L -k} (A)$ where $k \le n \le L$, this is a contradiction to the observation above that $T(iL+r)=T((i+1)L+r)$ for each $1\le r \le L$.

Thus, $f^{(i+2)L}(A)=f^{(i+1)L}(A)$ and thus it follows that $\left\{f^{j}(A) \mid j \in \mathbb{Z}_{\ge 0}\right\}=\left\{f^{j}(A) \mid j \leq (i+1)L \right\}$. Since $i <2n$, we can conclude that $M(f) \leq 2nL$.
\\Now, $\operatorname{lcm}[a_1, a_2, \cdots, a_m] \leq 120 \cdot 60 \cdot 40 \cdot 30 \cdot 24 \cdot 20 \cdot 17 \cdot 15 \cdot 13 \cdot \operatorname{lcm}[1,2,3, \cdots, 12]<2^{60}$ so $L \le \max\{2^{60}, 2n\} = 2^{60}$ Since $2n=240<2^8$, $2nL < 2^8 \cdot 2^{60} = 2^{68}$.",Combinatorics,IMO-medium,Novel Problem
PB-Advanced-003,"Let $ ABC $ be an acute triangle which is not an isosceles.Let $ I $ be the incenter and let $ \omega $ be the circumcircle of $ABC$. Let the intersections of lines $ AI $, $ BI $, and $ CI $ with $ BC $, $ CA $, and $ AB $ be $ D $, $ E $, and $ F $ respectively. Also, let $ \omega_A $ be the circle that lies inside $\angle BAC$, tangent to lines $ AB $ and $ AC $, and internally tangent to the circumcircle $ \omega $ at $ T_A $. Similarly, define $ T_B $ and $ T_C $ for points $ B $ and $ C $ respectively. Prove that there exist two points $ X $ and $ Y $ such that the circumcircles of triangles $ ADT_A $, $ BET_B $, and $ CFT_C $ all pass through $ X $ and $ Y $.","Let's define some points as follows:
 \begin{enumerate}
  \item Let $A_1$, $B_1$, and $C_1$ be the points of tangency of the incircle with sides $BC$, $CA$, and $AB$, respectively.
  \item Let $N$ be the midpoint of arc $BC$.
  \item Let $S_A$ be the intersection of line $NT_A$ and side $BC$ (if they are parallel, consider $S_A$ as the point at infinity).
  \item Let $\Gamma_A$, $\Gamma_B$, and $\Gamma_C$ be the circumcircles of triangles $ADT$, $BET$, and $CFT$, respectively.
 \end{enumerate}

 <Step 1> Finding a point on the radical axis of circles $\Gamma_A$, $\Gamma_B$, and $\Gamma_C$

 By the well-known property of Mixtilinear circles, $AT_A$ is isogonal to the line joining the point of tangency of the excircle opposite to vertex $A$ and vertex $A$.
 Similarly, consider the lines joining the points of tangency of the excircles opposite to vertices $B$ and $C$ with their respective vertices. It is well-known that these three lines intersect at a single point, the Nagel point.
 Therefore, lines $AT_A$, $BT_B$, and $CT_C$ also intersect at a single point, which is the isogonal conjugate of the Nagel point. Let this point be $T$.
 Clearly, $T$ lies on segments $AT_A$, $BT_B$, and $CT_C$, and is inside circles $\Gamma_A$, $\Gamma_B$, and $\Gamma_C$.

 Furthermore, by the power of a point theorem with respect to the circumcircle of triangle $ABC$, we have
 \[AT \cdot TT_A = BT \cdot TT_B = CT \cdot TT_C.\]
 Therefore, point $T$ has the same power with respect to circles $\Gamma_A$, $\Gamma_B$, and $\Gamma_C.$

 Hence, to prove the statement, it is sufficient to find another point that has the same power with respect to circles $\Gamma_A$, $\Gamma_B$, and $\Gamma_C$.

 <Step 2> $(A, D, T_A, S_A)$ is cyclic

 $\angle ADS_A = \frac{\angle A}{2} + \angle C = \angle ACN = \angle A T_A SA$, so $(A, D, T_A, S_A)$ is cyclic.

 <Step 3> $\angle AIS_A = 90^\circ$

 This is also a well-known property of Mixtilinear circles. By angle chasing, we can show that the circumcircles of triangles $BIC$ and $NIT_A$ are tangent to each other at point $I$.
 Let's consider the radical axes of these three circles:
 \begin{itemize}
  \item The radical axis of the circumcircles of triangles $BIC$ and $NITA$ is the line passing through $I$ and perpendicular to $AI$.
  \item The radical axis of the circumcircles of triangles $BIC$ and $ABC$ is $BC$.
  \item The radical axis of the circumcircles of triangles $ABC$ and $NITA$ is $NT_A$.
 \end{itemize}
 Therefore, the intersection point $S_A$ of $BC$ and $NT_A$ satisfies $\angle AIS_A = 90^\circ$.

 <Step 4> Inversion with respect to the incircle of triangle $ABC$

 Now, let's invert the figure with respect to the incircle $I$. In particular, let's pay attention to which circle $I$ maps to under this inversion.
 Let $A'$, $B'$, and $C'$ be the images of points $A$, $B$, and $C$ under the inversion. Also, let $D'$ and $S_A'$ be the images of points $D$ and $S_A$ under the inversion.

 Let's investigate the properties of the inverted points.
 Since $DA_1$ is tangent to the circle, $D'$ is the foot of the perpendicular from $A_1$ to $ID$. $A'$ is the midpoint of $B_1C_1$. Finally, since $SA_1$ is tangent to the circle, $S_A'$ is the foot of the perpendicular from $A_1$ to $IS_A$.
 By the conclusion of Step 3, $A_1S_A'$ is parallel to $AI$.
 By the observation from step 2, the inversion of the circumcircle of $ADT_A$ is the circumcircle of triangle $A'S_A'D'$. Similarly, the circumcircles of $B'S_B'E'$ and $C'S_C'F'$ are our desired circles. Let's prove that the three circumcircles pass through two common points.

 <Step 5> The circumcircles of triangles $A'S_A'D', B'S_B'E'$, and $C'S_C'F'$ pass through two common points

 Now, let's consider the figure with respect to triangle $A_1B_1C_1$.

 In triangle $A_1B_1C_1$, point $I$ is the circumcenter. Let $H_1$ be the foot of the perpendicular from $A_1$ to $B_1C_1$.
 Then, points $A'$, $S_A'$, and $D'$ are constructed as follows:
 \begin{itemize}
  \item Point $A'$ is the midpoint of $B_1C_1$.
  \item Point $D'$ is the intersection of the line parallel to $B_1C_1$ passing through $A_1$ and the perpendicular bisector of $B_1C_1$.
  \item Point $S_A'$ is the foot of the perpendicular from $I$ to $AH_1$.
 \end{itemize}
 Through this construction, we can find that the circumcenter $O_A$ of triangle $A'S_A'D'$ lies on the perpendicular bisector of $A'D'$, which is the line $B'C'$.
 Now, let's consider the point $O_A'$ which is the reflection of $O_A$ with respect to the midpoint of $B'C'$.

 <Step 6> $O_A'$ is the circumcenter of triangle $A_1IH_1$

 Since $A'$, $B'$, $C'$, and $H_1$ lie on the nine-point circle of triangle $ABC$, these four points are concyclic. Therefore, quadrilateral $A'H_1 B'C'$ is an isosceles trapezoid, and points $A'$ and $H_1$ are symmetric with respect to the perpendicular bisector of line $B_1 C_1$.
 Furthermore, $A_1$ and $D'$ are symmetric with respect to the perpendicular bisector of line $B'C'$.
 Therefore, triangle $AIH_1$ is the reflection of triangle $A'S_A'D'$ across the perpendicular bisector of line $B'C'$, and the circumcenters $O_A$ and $O_A'$ are also symmetric with respect to each other.

 <Step 7> $O_A, O_B$, and $O_C$ are collinear

 Now, let's define $O_B, O_C, O_B'$, and $O_C'$ similarly, and show that $O_A, O_B$, and $O_C$ are collinear.
 First, let's show that $O_A'$, $O_B'$, and $O_C'$ are collinear. It is sufficient to prove that the circumcircles of triangles $AIH_1$, $BIH_B$, and $C_1IH_C$ have a common radical axis.
 On the other hand, the circumcenter $I$ of $ABC$ and the orthocenter $A_1H_A \cap B_1H_B \cap C_1H_C$ have the same power with respect to these three circumcircles. Therefore, these three circles have a common radical axis. Hence, the centers of these three circles, $O_A'$, $O_B'$, and $O_C'$, are collinear.
 Now, by Menelaus' theorem, we have
 \[\frac{C'O_A' \cdot B'O_C' \cdot A'O_B'}{O_A'B' \cdot O_C'A' \cdot O_B'C'} = 1\]
 \[\frac{C'O_A \cdot B'O_C \cdot A'O_B}{O_AB' \cdot O_CA' \cdot O_BC'} = 1\]
 Therefore, $O_A, O_B$, and $O_C$ are also collinear.

 <Step 8> Circles $\Gamma_A, \Gamma_B$, and $\Gamma_C$ have two common points

 Now, the circles $\Gamma_A, \Gamma_B$, and $\Gamma_C$ are inverted into circles. The centers of these three circles are collinear, as proven earlier. Therefore, these three circles either have a common radical axis or their radical axes are parallel. This property remains true before the inversion.
 However, in Step 1, we found point $T$ that has the same power with respect to these three circles. Therefore, circles $\Gamma_A, \Gamma_B$, and $\Gamma_C$ have a common radical axis.
 Furthermore, since point $T$ lies inside all three circles, this common radical axis intersects each circle at two distinct points. Therefore, the three circles have two common points.",Geometry,IMO-hard,Novel Problem
PB-Advanced-004,"For a positive integer $n$, a convex $18n+2$-gon $P$ is divided into $18n$ triangles by drawing $18n-1$ diagonals. Prove that we can choose two of these diagonals such that the three parts of $P$ divided by these two diagonals each contain at least $3n$ and at most $9n$ triangles.","First, let's look at the following well-known theorem.

 <Lemma>
 For a graph $G$ with $n$ vertices, the following four statements are equivalent. Therefore, if one of them holds, $G$ is a tree.

 (A) $G$ is connected and has no cycles.

 (B) $G$ is connected and has $n-1$ edges.

 (C) $G$ has $n-1$ edges and no cycles.

 (D) There is exactly one path between any two vertices in $G$.

 The following lemma is a general fact about the division of trees.

 For a positive integer $k \geq 2$, if the degree of each vertex in a tree is at most $k$, then we can remove an edge from the tree so that both resulting connected components have size at least $\frac{n-1}{k}$.

 <Proof of Lemma>

 (1) Let $H_{e}, K_{e}$ be the two connected components obtained by removing an edge $e$ from the tree, and let $h_{e}, k_{e}$ be the number of vertices in the two components. (Of course, $h_{e}+k_{e}=n$.) Let $l=\{x, y\}$ be the edge for which $\min \left(h_{e}, k_{e}\right)$ is maximized. (If there are multiple such edges, choose one arbitrarily)

 (2) Assume for contradiction that the smaller component obtained by removing $l$ has size less than $\frac{n-1}{k}$. Without loss of generality, let this be the component containing $x$. Let this component be $A$.

 (3) Now, for any edge $e$ other than $l$ connected to vertex $y$, if we remove that edge instead of $l$, let $H_{e}$ be the component containing $l$ and $K_{e}$ be the other component. Then $H_{e}$ contains $A$, so it is larger than $A$. If the number of vertices in $H_{e}$ is less than or equal to the number of vertices in $K_{e}$, then it contradicts the maximality of $A$. Therefore, the number of vertices in $K_{e}$ must be less than the number of vertices in $H_{e}$. Therefore, by the maximality of $A$, the number of vertices in $K_{e}$ is less than or equal to the number of vertices in $A$, and therefore less than $\frac{n-1}{k}$.

 (4) Therefore, when we remove each edge adjacent to vertex $y$, each resulting connected component has less than $\frac{n-1}{k}$ vertices. Since the degree of vertex $y$ is at most $k$, there are at most $k$ such components, and therefore the number of vertices excluding $y$ is less than $\frac{n-1}{k} \times k=n-1$, which is a contradiction.

 Therefore, the proof is complete. \qed

 Now, let's prove the problem. First, let's look at the general properties of triangulation of a convex $n$-gon before looking at the convex $18n+2$-gon.

 <Step 1> Basic properties of triangulation of a convex polygon

 <Step 1.1> The sum of the interior angles of a convex $n$-gon is $(n-2) \pi$. Therefore, in order for triangles with an interior angle sum of $\pi$ to divide this sum, we need a total of $n-2$ triangles. Since each time we draw a diagonal, the division of the convex $n$-gon increases by one, we know that if we have divided a convex $n$-gon into $n-2$ triangles, we have drawn a total of $n-3$ diagonals. In summary, to triangulate a convex $n$-gon, we need to draw $n-3$ diagonals to divide it into $n-2$ triangles.

 <Step 1.2> If $n \geq 4$, then there are $n-2$ triangles, and each triangle cannot have all 3 sides as sides of the convex $n$-gon. Therefore, there must be at least 2 triangles that share 2 sides with the convex $n$-gon.

 <Step 2> Mapping triangulation of a convex polygon to a tree

 The problem of dividing a convex $n$-gon $P$ into triangles is directly related to trees. For convenience, assume $n \geq 4$. Let's consider the triangles as vertices and connect two vertices if the corresponding triangles share a side to draw a graph $G$.

 <Step 2.1> By <Step 1>, this graph has $n-2$ vertices and $n-3$ edges. (This is because each diagonal drawn during the division corresponds to one edge in $G$.)

 <Step 2.2> We can confirm that this graph $G$ is connected by mathematical induction. The case $n=4$ is trivial. Now, assume that $G$ is connected for triangulations of convex $n-1$-gons for $n \geq 5$, and consider a triangulation $T$ of a convex $n$-gon $P$. By (2) of <Step 1>, this triangulation includes a triangle $X$ that has two consecutive sides of $P$.

 <Step 2.3> The vertex corresponding to this triangle $X$ has degree 1 in graph $G$. Let $Y$ be the vertex connected to $X$. Now, the remaining part of the $n$-gon $P$ excluding triangle $X$ is an $n-1$-gon $P^{\prime}$, and if we remove triangle $X$ from triangulation $T$, the remaining part is $T^{\prime}$, which is a triangulation of $P^{\prime}$. Let $G^{\prime}$ be the graph for this triangulation. Clearly, $G^{\prime}$ is the graph obtained by removing vertex $X$ and edge $XY$ from $G$. By the inductive hypothesis, $G^{\prime}$ is connected, so the graph $G$ obtained by adding edge $XY$ to it is also connected.

 In conclusion, graph $G$ is a connected graph with $n-2$ vertices and $n-3$ edges. Therefore, by -(B), $G$ is a tree.

 <Step 3> Analysis of the problem situation

 <Step 3.1> According to the above analysis, we can see that the triangulation given in the problem corresponds to a tree $T$ with $18n$ vertices. It is very important that the degree of each vertex in this tree is at most 3.

 <Step 3.2> Choosing two diagonals to divide the convex $18n+2$-gon can be thought of as removing two edges from this tree to divide it into three connected components. The question is whether we can do this so that the size of each connected component is at least $3n-1$ and at most $8n+1$.

 <Step 4> Solving the problem

 <Step 4.1> First, the tree $T$ corresponding to the triangulation has $18n$ vertices, and the degree of each vertex is at most 3. Therefore, by Lemma, we can remove one edge to make the sizes of the two resulting components at least $6n-1$.

 <Step 4.2> Let $A$ be the component with fewer vertices and $B$ be the component with more vertices (if the sizes are the same, assign $A$ and $B$ arbitrarily). The number of vertices in $A$ is at least $6n-1$ and at most $9n$, and the number of vertices in $B$ is at least $9n$ and at most $12n+1$.

 <Step 4.3> Since $B$ is also a tree with degree at most 3, we can apply again to $B$. By removing one edge from $B$, we can divide it into $B_{1}, B_{2}$ so that the size of each component is at least $\frac{9n-1}{3}$ and at most $\frac{2(12 n+1)+1}{3}=8 n+1$. Therefore, the sizes of $B_{1}, B_{2}$ are at least $3n$ and at most $8n+1$.

 <Step 4.4> Therefore, we can divide it into $A, B_{1}, B_{2}$.",Combinatorics,IMO-easy,Novel Problem
PB-Advanced-005,"Let $\angle XYZ$ be an acute angle with $\angle XYZ \ne 60^\circ$, and let $A$ be a point inside $\angle XYZ$. Prove that there exists $D\ne A$ inside $\angle XYZ$ and $\theta\in (0,2\pi )$ satisfying the following condition:

 For points $B$ and $C$ on the rays $\overrightarrow{YX}$ and $\overrightarrow{YZ}$ respectively, then
 \[
 \angle BAC = \angle XYZ \quad \implies \quad \angle BDC = \theta.
 \]","step 1: Construction of $D$ and $\theta$

 step 1-1: Without loss of generality we may assume that $XA\perp YZ$
 and $ZA\perp YX$.

 step 1-2: Let $D$ be the circumcenter of $\triangle XYZ$.

 step 1-3: Let $\theta=180^{\circ}-2\angle XYZ$.

 \medskip{}

 step 2: We prove that if $\angle BAC=\angle XYZ$, then $\angle BDC=\theta$.

 \medskip{}

 step 3: Lemma. A point $K$ inside a convex quadrilateral $PQRS$
 has an isogonal conjugate with respect to the $PQRS$ if and only
 if $\angle PKQ+\angle RKS=180^{\circ}$.

 \medskip{}

 step 4: Proof of Lemma.

 step 4-1: Let $H_{1},H_{2},H_{3},H_{4}$ be the feet of perpendicular
 from $K$ onto $PQ,QR,RS,SP$, respectively.

 step 4-2: First assume that $K^{\prime}$ is the isogonal conjugate
 of $K$

 step 4-2-1: Let $H_{1}^{\prime},H_{2}^{\prime},H_{3}^{\prime},H_{4}^{\prime}$
 be the feet of perpendicular from $K^{\prime}$ onto $PQ,QR,RS,SP$,
 respectively.

 step 4-2-2: We prove that $H_{1},H_{2},H_{1}^{\prime},H_{2}^{\prime}$
 are cyclic.

 step 4-2-2-1: We have $\angle KQH_{1}=\angle K^{\prime}QH_{2}^{\prime}$
 by assumption.

 step 4-2-2-2: We have $\angle KH_{1}Q=\angle K^{\prime}H_{2}^{\prime}Q=90^{\circ}$.

 step 4-2-2-3: By steps 4-2-2-1 and 4-2-2-2, we have $\triangle KQH_{1}\sim\triangle K^{\prime}QH_{2}^{\prime}$.

 step 4-2-2-4: Thus $QH_{1}:QH_{2}^{\prime}=KQ:K^{\prime}Q$.

 step 4-2-2-5: Similarly $QH_{1}^{\prime}:QH_{2}=KQ:K^{\prime}Q$.

 step 4-2-2-6: By steps 4-2-2-4 and 4-2-2-5, we have $QH_{1}\times QH_{1}^{\prime}=QH_{2}\times QH_{2}^{\prime}$.

 step 4-2-2-7: Hence $H_{1},H_{2},H_{1}^{\prime},H_{2}^{\prime}$ are
 cyclic.

 step 4-2-3: Denote $M$ as the midpoint of $KK^{\prime}$.

 step 4-2-4: We prove that $H_{1},H_{1}^{\prime},H_{2},H_{2}^{\prime}$
 are equidistant to $M$.

 step 4-2-4-1: Let $N$ be the midpoint of $H_{1}H_{1}^{\prime}$.

 step 4-2-4-2: Since $H_{1}K\parallel H_{1}^{\prime}K^{\prime}$ and
 both are perpendicular to $PQ$, we have $NM\perp PQ$.

 step 4-2-4-3: Hence $M$ lies on the perpendicular bisector of $H_{1}H_{1}^{\prime}$.

 step 4-2-4-4: Similarly $M$ lies on the perpendicular bisector of
 $H_{2}H_{2}^{\prime}$.

 step 4-2-4-5: By steps 4-2-2, 4-2-4-3, 4-2-4-4 and the fact that $PQ$
 and $QR$ are not parallel, we have that the center should be $M$.

 step 4-2-5: Similarly $H_{2},H_{2}^{\prime},H_{3},H_{3}^{\prime}$
 are equidistant to $M$, and $H_{3},H_{3}^{\prime},H_{4},H_{4}^{\prime}$
 are equidistant to $M$.

 step 4-2-6: By steps 4-2-4 and 4-2-5, $H_{1},H_{1}^{\prime},H_{2},H_{2}^{\prime},H_{3},H_{3}^{\prime},H_{4},H_{4}^{\prime}$
 all lie on a circle centered at $M$.

 step 4-2-7: Since $\angle KH_{1}Q=\angle KH_{2}Q=90^{\circ}$, $K,H_{1},Q,H_{2}$
 are cyclic.

 step 4-2-8: Similarly $K,H_{2},R,H_{3}$ are cyclic.

 step 4-2-9: Similarly $K,H_{3},S,H_{4}$ are cyclic.

 step 4-2-10: Similarly $K,H_{4},P,H_{1}$ are cyclic.

 step 4-2-11: By steps 4-2-6, 4-2-7, 4-2-8, 4-2-9, and 4-2-10, we have
 \begin{align*}
 \angle PKQ+\angle RKS&=(\angle PKH_{1}+\angle QKH_{1})+(\angle RKH_{3}+\angle SKH_{3})
 &=\angle PH_{4}H_{1}+\angle QH_{2}H_{1}+\angle RH_{2}H_{3}+\angle SH_{4}H_{3}
 &=360^{\circ}-(\angle H_{1}H_{2}H_{3}+\angle H_{3}H_{4}H_{1})=180^{\circ}.
 \end{align*}
 step 4-3: Assume $\angle PKQ+\angle RKS=180^{\circ}$.

 step 4-3-1: By the same logic as in step 4-2, $H_{1},H_{2},H_{3},H_{4}$ lie on a circle $\omega$.

 step 4-3-2: Let $O$ be the center of $\omega$.

 step 4-3-3: Denote $J_{1},J_{2},J_{3},J_{4}$as the second intersection
 of $\omega$ and $PQ,QR,RS,SP$, respectively.

 step 4-3-4: Let $K^{\prime}$ be the reflection of $K$ with respect
 to $O$.

 step 4-3-5: Let $N^{\prime}$ be the midpoint of $H_{1}J_{1}$.

 step 4-3-6: Since $KH_{1}\parallel ON^{\prime}$ and both are perpendicular
 to $PQ$, we have $K^{\prime}J_{1}\perp PQ$.

 step 4-3-7: Similarly $K^{\prime}J_{2}\perp QR$.

 step 4-3-8: Hence $\angle PQK=\angle H_{1}QK=90^{\circ}-\angle H_{1}KQ=90^{\circ}-\angle H_{1}H_{2}Q=90^{\circ}-\angle J_{2}J_{1}Q=\angle RQK^{\prime}$.

 step 4-3-9: Similarly $K,K^{\prime}$ are isogonal with respect to
 all four angles of $PQRS$.

 step 4-3-10: Thus $K^{\prime}$ is the isogonal conjugate of $K$
 with respect to $PQRS$.\medskip{}

 step 5: Now suppose $\angle BAC=\angle XYZ$.

 step 5-1: Since $\angle XYZ$ is acute, $\triangle XYZ$ is acute,
 and $\angle XAY,\angle ZAY>90^{\circ}>\angle BAC$.

 step 5-2: Hence $\square BCZX$ is convex, and $K$ is inside of $\square BCZX$.\medskip{}

 step 6: We prove that $D$ is the isogonal conjugate of $A$ with
 respect to $\square BCZX$.

 step 6-1: We have $\angle ZAX+\angle BAC=(180^{\circ}-\angle XYZ)+\angle XYZ=180^{\circ}$.

 step 6-2: Hence by Lemma and steps 5-2, 6-1, $A$ has an isogonal
 conjugate with respect to $\square BCZX$.

 step 6-3: $A,D$ are isogonal conjugates with respect to $\triangle XYZ$
 as orthocenter and circumcenter.

 step 6-4: By step 6-3, $XA,XD$ are isogonal lines with respect to
 $\angle BXZ$, and $ZA,ZD$ are isogonal lines with respect to $\angle CZX$.

 step 6-5: By steps 6-2, 6-4, and the fact that there is at most one
 isogonal conjugate, we conclude that $D$ is indeed the isogonal conjugate.

 \medskip{}

 step 7: We prove that $\angle BDC=180^{\circ}-2\angle XYZ$.

 step 7-1: By step 6, $A$ is the isogonal conjugate of $D$ with respect
 to $\square BCZX$.

 step 7-2: By Lemma, we have $\angle BDC+\angle XDZ=180^{\circ}$.

 step 7-3: Since $D$ is the circumcenter of $\triangle XYZ$, we have
 $\angle XDZ=2\angle XYZ$.

 step 7-4: By step 7-2 and 7-3, we have $\angle BDC=180^{\circ}-2\angle XYZ$.
 step 7-5: Since $\angle XYZ \ne 60^\circ$, we have $D\ne A$.",Geometry,IMO-medium,Novel Problem
PB-Advanced-006,"Find all functions$f:\mathbb{Z}\rightarrow\mathbb{Z}$
 such that the equation
 \[
 f(x-f(xy))=f(x)f(1-y)
 \]
 holds for all $x,y\in\mathbb{Z}$.","Let $P(x,y)$ be the assertion $f(x-f(xy))=f(x)f(1-y)$.

 If $f$ is constant, $f\equiv0$ or $f\equiv1$. From now on we will
 only consider non-constant functions.

 Claim 1 $f(f(x))=f(x)$ for all $x\in\mathbb{Z}$

 Proof. $P(0,y):f(-f(0))=f(0)f(1-y)\Longrightarrow f(0)=0$

 $P(x,0):f(x)=f(x)f(1)\Longrightarrow f(1)=1$

 $P(1,y):f(1-f(y))=f(1-y)$

 $P(1,1-y):f(1-f(1-y))=f(y)$

 $P(1,1-f(y)):f(y)=f(1-f(1-y))=f(1-f(1-f(y)))=f(f(y))\Longrightarrow f(f(x))=f(x)\forall x\in\mathbb{Z}\blacksquare$

 $\Longrightarrow P(x,1):f(x-f(x))=0$

 Now consider $f(\mathbb{Z})$.

 Case 1 $f(\mathbb{Z})\subset\{-1,0,1\}$

 Case 1.1. $f(\mathbb{Z})=\{0,1\}$

 We have $f(x)=1\textbackslash \Longrightarrow f(x-1)=0\textbackslash \Longrightarrow
 f(2-x)=1 \textbackslash \Longrightarrow f(1-x)=0$ and $f(1-x)=0
 \textbackslash \Longrightarrow f(x)=1$

 \[
 \therefore f(x)=1\Longleftrightarrow f(x-1)=0\Longleftrightarrow f(2-x)=1\Longleftrightarrow f(1-x)=0
 \]
 We can inductively prove that $f(x)=\begin{cases}
 0 & 2|x

 1 & 2\nmid x
 \end{cases}$

 Case 1.2. $f(\mathbb{Z})=\{-1,0,1\}\Longrightarrow f(-1)=-1$

 $P(1,x)$ and $P(-1,x)$ gives

 \begin{align*}
 f(x)=1 & \Longrightarrow f(1-x)=0,f(x+1)=-f(-2)

 f(x)=0 & \Longrightarrow f(1-x)=1,f(x+1)=1

 f(x)=-1 & \Longrightarrow f(1-x)=f(2),f(x+1)=0
 \end{align*}
 It's easy to see that $f(-2)=1,f(2)=-1$, and using this, we can inductively
 prove that $f(x)=\begin{cases}
 0 & 3|x

 1 & 3|x-1

 -1 & 3|x+1
 \end{cases}$

 Case 2. $f(\mathbb{Z})$ is not a subset of $\{-1,0,1\}$

 Case 2.1 $f(t)=1$ for some $2\mid t$

 \[
 P(2,\frac{t}{2}):1=f(1)=f(2)f(1-\frac{t}{2})
 \]

 Case 2.1.1 : $f(2)=1\Longrightarrow P(2,1):1=f(2)f(0)=0$. Contradiction!

 Case 2.1.2 : $f(2)=-1\Longrightarrow f(-1)=-1,f(1-\frac{t}{2})=-1$

 $P(-1,-x):f(-1-f(x))=-f(1+x)$

 $P(-1,-f(x)):f(-1-f(x))=f(-1-f(f(x)))=-f(1+f(x))\Longrightarrow f(1+x)=f(1+f(x))...(*)$

 Since $f(2)=-1$, so plugging this in $(*)$, we have

 \[
 f(2)=-1\Longrightarrow f(3)=0\Longrightarrow f(4)=1\Longrightarrow f(5)=-1\cdots
 \]
 We can prove inductively that$f(x)=\begin{cases}
 0 & 3|x

 1 & 3|x-1

 -1 & 3|x+1
 \end{cases}$ for all $x\in\mathbb{N}$.

 Plugging in $x=-1,y=-n(n\in\mathbb{N})$ gives $f(-1-n)=f(-1-f(n))=-f(1+n)$,
 so we have $f(x)=\begin{cases}
 0 & 3|x

 1 & 3|x-1

 -1 & 3|x+1
 \end{cases}$for all $x$, so contradiction since $f(\mathbb{Z})\in\{-1,0,1\}$.

 Case 2.2 $f(t)=1\Longrightarrow2\nmid t$

 Claim 2 $f(-1)=-1$ or $f(2)=0$

 Proof. Assume that $f(2)\neq0$

 We will prove that $f(t)=1\Longrightarrow f(1-t)=0$. $P(2,\frac{1-t}{2})$
 gives

 \[
 f(2)=f(2)f(\frac{t-3}{2})\Longrightarrow f(\frac{t-3}{2})=1
 \]
 We repeat this, then we get $t\equiv1(mod2^{n})$ for all $n\Longrightarrow t=1$.
 Note that

 \[
 f(-1)=c\Longrightarrow f(-1-c)=0\Longrightarrow f(c+2)=1
 \]
 Hence we conclude that $c=-1$.

 Case 2.2.1. $f(2)=0\Longrightarrow f(-1)=1$

 Define $n$ as the element of $f(\mathbb{Z})-\{-1,0,1\}$ which has
 the smallest absolute value. Then we have

 \[
 f(x-f(xy))=n\Longrightarrow\{f(x),f(1-y)\}=\{1,n\}\text{ or }\{f(x),f(1-y)\}=\{-1,-n\}...(\star)
 \]
 . Also note that $P(-n,- 1):f(-n-f(n))=0$, where $f(n)=n$ by Claim 1. Thus by $x=n,y=-2$ $(\star)\Longrightarrow f(3)=1$.
 Case 2.2.1. now becomes a repetition of Case 1.1, so contradiction!

 Case 2.2.2. $f(2)\neq0,f(-1)=-1,f(-2)=-f(2)$

 Claim 3 $f(n)=t\Longrightarrow n=t\forall t\leq1$

 Proof. We use induction on $t$. $t=1$ is already proven above. Assume
 that $t$ works.

 If $f(n)=t-1\Longrightarrow f(1+n)=f(1+f(n))=f(t)\Longrightarrow n=t-1$,
 so we're done.

 Use the same method to prove that $f(n)=n\forall n\leq1$, and $P(-1,n)(n>0)$
 gives $f(n+1)=-f(-n-1)=n+1$, so $f(n)=n$ for all $n\in\mathbb{Z}$.",Algebra,IMO-hard,Novel Problem
PB-Advanced-007,"Prove that there exist two real-coefficient polynomials $P(x)$ and $Q(x)$ satisfying the following condition:

 (Condition) The degree of the polynomial $P(x)$ is at least 2024, the degree of $Q(x)$ is at least 2, and for any real number $x$, the following holds:

 \[
 P(Q(x)-x-1)=Q(P(x))
 \]","<Step 1> Checking the possibility of recursive construction using induction

 <Step 1.1> Let's assume that two polynomials $P_{0}$ and $Q_{0}$ satisfy the polynomial equation given in the problem as follows:

 \[
 P_{0}\left(Q_{0}(x)-x-1\right)=Q_{0}\left(P_{0}(x)\right)
 \]

 <Step 1.2> For a positive integer $n$, let's define the polynomial $P_{n}(x)$ recursively as follows:

 \[
 P_{n}(x)=P_{n-1}\left(Q_{0}(x)-x-1\right); n \geq 1
 \]

 <Step 1.3> Let's prove by mathematical induction that for any non-negative integer $n$, $(P_{n}, Q_{0})$ also satisfies the given polynomial equation.

 *(1)* First, we have already confirmed that the case $n=0$ holds.

 *(2)* Next, let's assume that the case $n=k$ holds, i.e., assume that $(P_{k}, Q_{0})$ is also a solution to the polynomial equation. Then, by the induction hypothesis and the recursive formula for $P_{n}$ defined above, we have

 \[
 P_{k+1}(x)=P_{k}\left(Q_{0}(x)-x-1\right)=Q_{0}\left(P_{k}(x)\right)
 \]

 Now, substituting $x=Q_{0}(y)-y-1$, we get

 \[
 P_{k+1}\left(Q_{0}(y)-y-1\right)=Q_{0}\left(P_{k}\left(Q_{0}(y)-y-1\right)\right)=Q_{0}\left(P_{k+1}(y)\right)
 \]

 Therefore, we can see that the proposition holds for the case $n=k+1$.

 <Step 2> Initialization

 <Step 2.1> As we saw in <Step 1>, if we find an initial solution $(P_{0}, Q_{0})$, we can continuously generate solutions. In particular, looking at the recursive formula for $P_{n}$, if the degree of $Q_{0}$ is at least 2, the degree of $P_{n}$ is twice the degree of $P_{n-1}$, which continuously increases. Therefore, by repeating this process, we can eventually make the degree of $P_{n}$ greater than 2024.

 <Step 2.2> Therefore, to find an initial solution, let's first try $P_{0}$ as a linear polynomial and $Q_{0}$ as a quadratic polynomial. It is easy to see that there are no possible cases. If both $P_{0}$ and $Q_{0}$ are quadratic polynomials, substituting $P_{0}(x)=ax^{2}+bx+c$, $Q_{0}(x)=ux^{2}+vx+w$ and using the method of undetermined coefficients, we find that

 \[
 P_{0}(x)=x^{2}+\frac{5}{2} x, \quad Q_{0}(x)=x^{2}+\frac{7}{2} x+\frac{3}{2}
 \]

 is a solution to the polynomial equation $P_{0}\left(Q_{0}(x)-x-1\right)=Q_{0}\left(P_{0}(x)\right)$.

 <Step 2.3> Now, repeating <Step 1> based on this initial solution, $(P_{n}, Q_{0})$ is also a solution for any $n$, and in particular, the degree of $P_{11}$ is 2048, which is greater than 2024.",Algebra,IMO-easy,Novel Problem
PB-Advanced-008,"Let $\left\{F_{n}\right\}_{n \geq 1}$ be a sequence of integers satisfying $F_{1}=1$ and for $n \geq 2$,
 \[
 F_{n}=n^{F_{n-1}}.
 \]
 For example, $F_3 = 3^2= 9$ and $F_4 = 4^9$.

 Prove that for any positive integers $a, c$ and integer $b$, there exists a positive integer $n$ such that the following expression is an integer:

 \[
 \frac{a^{F_{n}}+n-b}{c}.
 \]","First, let's prove the following Lemma, which is an extension of Euler's theorem.

 <Lemma 1> Given positive integers $n$ and $a$, there exists a positive integer $N$ such that for any positive integer $k \geq N$, $a^{k+\phi(n)} \equiv a^{k}(\bmod n)$ holds.

 <Proof of Lemma 1> Let $p_1, p_2, \cdots, p_t$ the common prime divisors of $n$ and $a$, and let $\max_{1\le i\le t} v_{p_i} (n) =M$. Then, if we set $N=M$, the conclusion holds. Let $n=p_n \times q_n$, $a=p_a \times q_a$, where $p_n$ and $p_a$ represents the $p_1, p_2, \cdots, p_t$ part of the prime factorization of $n, a$, respectively. Note that $p_n | (p_1 p_2 \cdots p_t )^M$, and that $(a, q_n) =1$.

 First, if $k \geq M$, then $a^{k+\phi(n)} \equiv a^{k} \equiv 0\left(\bmod p_n \right)$. Also, $\phi(n)=\phi\left(p_n \right) \cdot \phi(q_n)$, so

 \[
 a^{k+\phi(n)} \equiv a^{k+\phi\left(p_n\right) \cdot \phi(q_n)} \equiv a^{k}(\bmod q_m)
 \]

 holds. Combining the two equations, we obtain $a^{k+\phi(n)} \equiv a^{k}(\bmod n)$, which completes the proof. $\qed$

 Let's also prove the following Lemma about $F_{n}$.

 <Lemma 2> Given positive integers $n$ and $a$, there exists a positive integer $N$ such that for any positive integer $k \geq N$, $F_{k} \equiv F_{k+\Phi(n)}(\bmod n)$ holds.

 Here, $\Phi(n)$ is the least common multiple of $n, \phi(n), \phi^{(2)}(n), \ldots$.

 <Proof of Lemma 2>

 We will prove this by induction on $n$.

 (1) (Base case) If $n=1$, the statement holds trivially.

 (2) (Induction step) Assume that the statement holds for all positive integers less than $n$.

 By the induction hypothesis, there exists a positive integer $N$ such that for $k \geq N$,

 \[
 F_{k} \equiv F_{k+\Phi(\phi(n))}(\bmod \phi(n))
 \]

 holds.

 Now, consider the least common multiple of $\Phi(\phi(n))$ and $n$, which is $\Phi(n)$. Since $F_{k+1}=(k+1)^{F_{k}}$, by <Lemma $1>$,

 \[
 (k+\Phi(n)+1)^{F_{k+\Phi(n)}} \equiv(k+1)^{F_{k+\Phi(n)}} \equiv(k+1)^{F_{k}}(\bmod n)
 \]

 holds for all sufficiently large $k$. Therefore, the statement also holds for $n$. $\qed$

 Now, let's prove the original problem.
 <Step 1>$ \operatorname{gcd}(\Phi(\phi(c)), c)<c$

 <Step 1.1> Factorize $c$ into primes as $c=p_{1}^{e_{1}} \cdots p_{k}^{e_{k}}$. Also, let $p_{1}<\cdots<p_{k}, e_{i}>0$.

 <Step 1.2> Then, $\phi(c)=p_{1}^{e_{1}-1} \cdots p_{k}^{e_{k}-1}\left(p_{1}-1\right) \cdots\left(p_{k}-1\right)$, and since $p_{i}-1$ is not a multiple of $p_{k}$,

 \[
 v_{p_{k}}(\phi(c))<v_{p_{k}}(c)
 \]

 holds. Also, the largest prime factor of $\phi(c)$ is less than or equal to $p_{k}$.

 <Step 1.3> Therefore, by induction, for all positive integers $r$, $v_{p_{k}}\left(\phi^{(r)}(c)\right)<v_{p_{k}}(c)$ holds.

 <Step 2> Applying strong induction on $c$

 We will prove the problem by strong mathematical induction on $c$.

 <Step 2.1> If $c=1$, the statement holds for any positive integer $n$.

 <Step 2.2> Assume that the statement holds for $c=1, \ldots c-1$, and let's prove the statement for $c$.

 First, choose $n$ large enough so that

 \[
 a^{F_{n}} \equiv a^{F_n+\phi(c)}(\bmod c)
 \]

 holds. By <Step 1>, $\operatorname{gcd}(c, \Phi(\phi(c)))<c$, so by the induction hypothesis,

 \[
 a^{F_{n}}+n \equiv b(\bmod \operatorname{gcd}(c, \Phi(\phi(c)))
 \]

 has infinitely many solutions for $n$.

 <Step 2.3> By <Lemma 2>, among these solutions, for sufficiently large $n$,

 \[
 a^{F_{n}} \equiv a^{F_{n+\Phi(\phi(c))}}(\bmod c)
 \]

 holds. Let this $n$ be $n_{0}$.

 <Step 2.4> Consider the following system of congruences for $n$:

 \[
 n \equiv n_{0}(\bmod \Phi(\phi(c))), a^{F_{n_{0}}}+n \equiv b(\bmod c)
 \]

 This system of congruences has $n_{0}$ as a solution modulo $\operatorname{gcd}(c, \Phi(\phi(c)))$, so by the Chinese Remainder Theorem, there exists an $n$ that satisfies both congruences modulo $\operatorname{lcm}(\Phi(\phi(c)), c)$. For this $n$,

 \[
 a^{F_{n}}+n \equiv a^{F_{n_{0}}}+n \equiv b(\bmod c)
 \]

 holds, so the desired equation holds, and therefore the induction hypothesis holds for $c$.

 By induction, for all $c$, there exist infinitely many $n$ that satisfy $a^{F_{n}}+n \equiv b(\bmod c)$.",Number theory,IMO-medium,Novel Problem
PB-Advanced-009,"Let $H$ be the orthocenter of an acute-angled triangle $A B C$, and let $D, E, F$ be the feet of the altitudes from vertices $A, B, C$ to the opposite sides, respectively. Let $G$ be the midpoint of $B C$. Let $I, J$ be the feet of the perpendiculars from $B, C$ to $AG$, respectively. Let $K (\neq D)$ be the second intersection of the circumcircles of triangle $D I F$ and triangle $D J E$. Let $M$ be the midpoint of segment $A H$. Let $L$ be the foot of the perpendicular from $M$ to $A G$. Let $R (\neq G)$ be the second intersection of the circumcircle of triangle $A H G$ with $B C$. Let $S$ be the intersection of line $A H$ and $E F$. Let $N$ be the foot of the perpendicular from point $D$ to $R S$. Let $O$ be the midpoint of segment $D N$. Let line $D N$ intersect the circumcircle of triangle $D K L$ again at point $P (\neq D)$. Let $Q (\neq C)$ be the second intersection of the circumcircle of triangle $O C P$ and line $B C$. Prove that $A B=A Q$. "," First, let $Z$ be the intersection of lines $E F$ and $B C$. From the harmonic relation $(Z D, B C)=-1$, we have $$D G \times D R=D H \times D A=D B \times D C=D Z \times D G,$$ which implies $D Z=D R$. Therefore $R S$ is the reflection of $E F$ with respect to $A H$. Now, let's invert the figure with respect to the circle centered at $D$ with radius $\sqrt{D B \times D C}$, and then reflect it across $A D$. Let the image of a point or figure $X$ after this transformation be denoted by $X^{\prime}$. It can be easily seen that $(A, H),(B, C),(Z, G),(E, F),(S, M)$ are pairs of corresponding points under this transformation. $I$ and $J$ are the intersections of $A G$ with $\odot(A D B)$ and $\odot(A D C)$ respectively, so $I^{\prime}=C H \cap \odot(D H Z)$ and $J^{\prime}=BH\cap \odot(D H Z)$. Also, $L=A G \cap \odot(D E F)$, so $L^{\prime}=\odot(D H Z) \cap E F$, which means $L'$ is the foot of the perpendicular from $H$ to $E F$. Let this point be $X$. Also, if we consider $A_{1}$, the reflection of $A$ across $G$, then $$A F \times A B=A H \times A D=2 A M \times A D=2 A L \times A G=A L \times A A_{1}$$ so $\left(B F L A_{1}\right)$ and $\left(C E L A_{1}\right)$ are sets of concyclic points. Therefore $A_{1}^{\prime}$ maps to $T \equiv \odot(C E X) \cap \odot(B F X)$. Meanwhile, since $A$ is the radical center of $\odot\left(B F L A_{1}\right), \odot\left(C E L A_{1}\right), \odot(B F E C)$, points $A, X, T$ are collinear. Furthermore, by the collinearity of $A, G, A_1$, $(H, Z, D, T)$ is a set of concyclic points.  Therefore, $$ \angle X T C=\angle A E F=\angle A H F=\angle E H X=\angle J^{\prime} H X=\angle J^{\prime} T X $$ so $J^{\prime}, T, C$ are collinear. For similar reasons, $\left(I^{\prime}, T, B\right)$ are also collinear. Therefore, by Pappus's theorem, $B F \cap C E=A, C J^{\prime} \cap B I^{\prime}=T, F J^{\prime} \cap E I^{\prime}=Y$ are collinear. At this point, $K$ is mapped to $Y$ by the transformation, so the four points $H, K, L, D$ are concyclic. $H, K, L, D, A_1, P$ all lie on this circle. Therefore, after the transformation (inversion then reflection), $A, T, Y, X, P^{\prime}$ are all collinear. Now, let $U$ be the foot of the perpendicular from $D$ to $E F$, and let $V$ be the midpoint of $D U$. Then from the harmonic cross-ratio $$X(D U, V \infty)=(A H, S D)=-1$$ it can be seen that $V, X, A$ must be collinear. Therefore, $A, T, X, Y, V, P^{\prime}$ are all collinear. Therefore $V^{\prime}$ must lie on the circle passing through $H, K, L, D, A^{\prime}, P$. Since $V$ is the reflection of $O$ about $A H$, $D, O, V^{\prime}$ is collinear and so is $D, O, P$. Therefore, $P \equiv V^{\prime}$. Thus, from $$ D B \times D C=D O \times D P=D Q \times D C $$ we have $D B=D Q$. This means $A B=A Q$.",Geometry,IMO-hard,Novel Problem
PB-Advanced-010,"Let $O$ and $G$ be the circumcenter and centroid of a non-isosceles triangle $ABC$, respectively. Let $H$ be the foot of the perpendicular from $A$ to $BC$, and let $M$ be the midpoint of $BC$. For a point $X$ on the line $OG$, let the line $BX$ intersect $AC$ at $P$, and let the line $CX$ intersect $AB$ at $Q$. Let $H_1$ be the foot of the perpendicular from $P$ to the line $AB$, and let $K$ be the reflection of $A$ about $H_1$. Let $T$ be the intersection of the circumcircle of triangle $KPQ$ and the circumcircle of triangle $PHM$. Prove that as $X$ moves along the line $OG$, $T$ moves along a fixed circle.","The most difficult part of this problem is to observe that $(B, T, P, C)$ are concyclic. If this holds, let $Y$ be the intersection of $TP$ and $BC$. Then $YH \cdot YM = YT \cdot YP = YB \cdot YC$,
 which means that $Y$ is the point such that $(B, H, C, Y)$ is a harmonic division. This is a fixed point. Thus, $T$ lies on the inversion of $AC$ with respect to the circle centered at $Y$ with radius $\sqrt{YB \cdot YC}$. This is a fixed circle.

 \textbf{Claim:} $(B, T, P, C)$ are concyclic. This means that the circumcircles of $\triangle BPC$, $\triangle PHM$, and $\triangle KPQ$ are coaxial. We will use the following well-known Lemma: For two circles, the locus of points where the ratio of the powers with respect to the two circles is constant is a circle coaxial with the two circles.
 Now, using the Lemma, we see that it suffices to show that: The ratio of the powers of $B$ and $C$ with respect to the circumcircles of $\triangle PHM$ and $\triangle KPQ$ are the same.

 1) The ratio of powers of $B$ and $C$ with respect to the circumcircle of $\triangle PHM$ is $\frac{BH \cdot BM}{CH \cdot CM} = \frac{BH}{CH}$.

 2) Let's compute the ratio of powers of $B$ and $C$ with respect to the circumcircle of $\triangle KPQ$. Let $H_2$ be the foot of the perpendicular from $Q$ to $AC$, and let $L$ be the reflection of $A$ across $H_2$. Since $\angle QKP = \angle QLP = 180^\circ - \angle A$, $(K, L, P, Q)$ are concyclic. The power of $B$ is $BK \cdot BQ$, and the power of $C$ is $CL \cdot CP$. We want to show that $\frac{CL \cdot CP}{BK \cdot BQ} = \frac{CH}{BH}$.

 Let $D, E$ be the intersection of the Euler line of $\triangle ABC$ with $AB, AC$ respectively. Let $R$ be the intersection of $AX$ and $BC$.
 By Ceva's theorem, $\frac{CP}{BQ} = \frac{AP}{AQ} \times \frac{CR}{BR}$. $BK = BA - KA = BA - 2AP \cos A$, $CL = CA - LA = CA - 2AQ \cos A$.
 Thus $\frac{CL \cdot CP}{BK \cdot BQ} = \frac{CA - 2AQ \cos A}{BA - 2AP \cos A} \times \frac{AP}{AQ} \times \frac{CR}{BR} = \frac{\frac{CA}{AQ} - 2 \cos A}{\frac{BA}{AP} - 2 \cos A} \times \frac{CR}{BR}$.

 Let $\frac{XE}{DX} = \lambda$.
 $\frac{CR}{BR} = \frac{AC \sin \angle CAR}{AB \sin \angle BAR} = \frac{AC}{AB} \cdot \frac{AD}{AE} \cdot \frac{XE}{DX} = \frac{AC \cdot AD}{AB \cdot AE} \lambda$.
 By Menelaus' theorem on $\triangle ADE$ and line $CXQ$,
 $\frac{AQ}{QD} \cdot \frac{CE}{AC} \cdot \frac{DX}{EX} = 1$. Thus, $\frac{AQ}{QD} = \frac{AC}{CE} \lambda$, so $AQ = \frac{1}{1 + \frac{AC}{CE} \lambda} AD = \frac{AD}{1+\lambda \frac{AC}{CE}}.$
 Similarly, $AP = \frac{1}{1 + \frac{1}{\lambda} \frac{AB}{BD}} AE$.
 Thus $\frac{CL \cdot CP}{BK \cdot BQ} = \frac{\frac{CA}{AQ} - 2 \cos A}{\frac{BA}{AP} - 2 \cos A} \times \frac{CR}{BR}$ has the form $\frac{(\text{linear in } \lambda)}{(\text{linear in } \lambda)}$. That is, if it is $\frac{CH}{BH}$ for two values of $\lambda$, then it is $\frac{CH}{BH}$ for all $\lambda$.

 Case 1) $X = H$.
 In this case, $P, Q$ are the feet of the altitudes from $B, C$ respectively. Thus $KL \parallel BC$. Thus $\frac{CL \cdot CP}{BK \cdot BQ} = \frac{CH \cdot CB}{BH \cdot BC} = \frac{CH}{BH}$.

 Case 2) $X = G$.
 In this case, $P, Q$ are the midpoints of $AC, AB$, and $K, L$ are the feet of altitudes from $C, B$ respectively. Thus $\frac{CL \cdot CP}{BK \cdot BQ} = \frac{CH \cdot \frac{CB}{2}}{BH \cdot \frac{BC}{2}} = \frac{CH}{BH}$.
 Since $H \neq G$ due to scalene condition, we have two different values of $\lambda$, completing the proof.",Geometry,IMO-medium,Novel Problem
PB-Advanced-011,"Find all functions $f: \mathbb{R}^+ \to \mathbb{R}^+$ such that $$yf(yf(x)+1) = f(\frac{1}{x} + f(y))$$ for all $x, y \in \mathbb{R}^+$","
Let $P(x,y)$ be the given assertion.
$$P(c+1, \frac{c}{f(c+1)}): \quad c= \frac{c}{f(c+1)} f(\frac{c}{f(c+1)} \times f(c+1)+1)= f(\frac{1}{c+1} + f(\frac{c}{f(c+1)}))$$, hence $f$ is surjective. \\ Now assume that $f(x) = f(b)$ for some $a>b>0$. Since $f$ is surjective, there exists some $t\in \mathbb{R}^+$ such that $f(t)=1$. comparing $P(a,t)$ and $f(b,t)$ gives $f(1+\frac{1}{a}) = f(1+\frac{1}{b})$. Again since $f$ is surjective, there exists some $t\in \mathbb{R}^+$ such that $f(t)=\frac{1}{ab}$. Comparing $P(s,a)$ and $P(s,b)$ gives $af(\frac{1}{b} +1) = b f(\frac{1}{a}+1)$, which is a contradiction. Therefore $f$ is injective. \\
Now $P(x,1)$ implies $f(x) = \frac{1}{x}+c$, and by surjectivity, $c=0$, thus $f(x) = \frac{1}{x}$, which is indeed a solution.
",Algebra,IMO-medium,Novel Problem
PB-Advanced-012,"Let $p$ be a prime number and $a, b$ be positive integers such that

 \[
 p^{n}=a^{4}+b^{4}
 \]

 for some integer $n \geq 2$. Prove that $n \geq 5$.","First, let's summarize the facts that are frequently used in Diophantine equations. We will omit the proofs of well-known facts. The following lemma characterizes Pythagorean triples and is used repeatedly.

 <Lemma 1> If $a, b, c$ are positive integers with $ab \neq 0$ satisfying $a^{2}+b^{2}=c^{2}$, then there exist positive integers $m \neq n$ and $k$ such that

 \[
 (a, b, c)=k\left(2 m n, m^{2}-n^{2}, m^{2}+n^{2}\right) \text { or } k\left(m^{2}-n^{2}, 2 m n, m^{2}+n^{2}\right).
 \]

 In particular, if $a, b$ are relatively prime, then $k=1$ and $m$ and $n$ have different parity, and one of $a, b$ is odd and the other is even. The odd one is expressed as $m^{2}-n^{2}$ and the even one is expressed as $2mn$. Also, in this case, $c$ is always odd.
 <Proof of Lemma 1> Omitted. \qed
 <Lemma 2> If $p$ is a prime number or 1, and positive integers $x$ and relatively prime positive integers $a, b$ satisfy

 \[
 p a b=x^{2},
 \]

 then there exist positive integers $u, v$ such that $(a, b, x)=\left(p u^{2}, v^{2}, p u v\right)$ or $\left(u^{2}, p v^{2}, p u v\right)$.
 <Proof of Lemma 2> Omitted. \qed

 <Lemma 3> If $a^{2}+b^{2}$ is a multiple of 4 for integers $a, b$, then both $a$ and $b$ are even.

 <Proof of Lemma 3> $a$ and $b$ must have the same parity, but the square of an odd number has a remainder of 1 when divided by 4, so if $a, b$ have the same parity as odd numbers, then $a^{2}+b^{2}$ has a remainder of 2 when divided by 4, so it cannot be a multiple of 4. \qed

 Now, let's proceed with the proof of the main problem using these facts.
 <Step 1> There are no positive integers $x, y, z$ satisfying $x^{4}+y^{4}=z^{2}$. Therefore, $n$ is odd.

 <Step 1.1> Using proof by contradiction, assume that there exists a positive integer solution $x, y, z$. Among these solutions, choose the solution $(x, y, z)$ with the smallest $z$. If there is a prime number $q$ that divides two of $x, y, z$, then it must also divide the remaining number, and in this case, $\left(\frac{x}{q}, \frac{y}{q}, \frac{z}{q^{2}}\right)$ becomes a solution, contradicting the minimality of $z$. Therefore, this solution is pairwise relatively prime.

 <Step 1.2> Since $\left(x^{2}, y^{2}, z\right)$ is a Pythagorean triple, by <Lemma 1>, there exist relatively prime positive integers $u, v$ with different parity such that


 \begin{equation*}
 x^{2}=u^{2}-v^{2}, y^{2}=2 u v, z=u^{2}+v^{2} \tag{1.1}
 \end{equation*}


 We can assume that $u > v$ without loss of generality. Since $y^{2}=2 u v$ and $u, v$ are relatively prime, by <Lemma 2>, there exist positive integers $s, t$ such that $u=2 s^{2}, v=t^{2}$ or $u=s^{2}, v=2 t^{2}$.

 (Case 1) $u=2 s^{2}, v=t^{2}$

 $x^{2}+t^{4}=4 s^{4}$. By <Lemma 3>, both $x$ and $t$ must be even, but from $x^{2}=u^{2}-v^{2}$, $x$ is odd, which is a contradiction.

 (Case 2) $u=s^{2}, v=2 t^{2}$

 $x^{2}+4 t^{4}=s^{4}$ and since $t|v, v| y^{2}$,

 \[
 \operatorname{gcd}(x, t)|\operatorname{gcd}(x, v)| \operatorname{gcd}\left(x, y^{2}\right)=1.
 \]

 Therefore, $x$ and $t^{2}$ are also relatively prime, and by <Lemma 1>, there exist relatively prime positive integers $q, r$ with different parity (since $x$ is odd by (1.1)) such that

 \[
 x=q^{2}-r^{2}, 2 t^{2}=2 q r, s^{2}=q^{2}+r^{2}.
 \]

 Since $t^{2}=q r$, by <Lemma 2>, there exist positive integers $x', y'$ such that $q=x^{\prime 2}, r=y^{\prime 2}$, and thus by the above equation, $x^{\prime 4}+y^{\prime 4}=s^{2}$. Since

 \[
 s=\sqrt{u} \leq u<u^{2}+v^{2}=z,
 \]

 this contradicts the minimality of $(x, y, z)$. Therefore, the proof is complete.

 <Step 2> If $p^{3}=a^{4}+b^{4}$, then there exist positive integers $x, y, z$ such that $x^{2}+3 y^{4}=z^{4}$.

 <Step 2.1> If $p \mid a$, then clearly $p \mid b$ must also hold, and vice versa. Therefore, $a, b$ are either both multiples of $p$ or not. However, if the former is the case, the right-hand side becomes a multiple of $p^{4}$, which is a contradiction, so $p$ is relatively prime to both $a$ and $b$.

 <Step 2.2> Therefore, $p$ is a divisor of the sum of squares, and since $(p, a)=(p, b)=1$, $p$ is a prime number of the form $4 k+1$, so it can be expressed in the form $p=c^{2}+d^{2}$. By Jacobi's theorem, there are only two ways (considering order) to express $p^{3}$ as the sum of perfect squares:

 \[
 (p c)^{2}+(p d)^{2} \text { and } \left(c\left(c^{2}-3 d^{2}\right)\right)^{2}+\left(d\left(3 c^{2}-d^{2}\right)\right)^{2}.
 \]

 By (1), the first case cannot be expressed as $a^{4}+b^{4}$, so

 \[
 a^{2}=\left|c\left(c^{2}-3 d^{2}\right)\right|, \quad b^{2}=\left|d\left(3 c^{2}-d^{2}\right)\right|
 \]

 (or vice versa, but we can ignore this case due to symmetry) must hold. Letting $C=|c|, D=|d|$, we have


 \begin{equation*}
 a^{2} b^{2}=C D \times\left|C^{2}-3 D^{2}\right| \times\left|3 C^{2}-D^{2}\right| \tag{1.2}
 \end{equation*}


 and $\operatorname{gcd}(C, D)=1$. Now, we divide into cases depending on whether $C D$ is a multiple of 3.

 (Case 1) If $3 \mid C D$

 Without loss of generality, assume $3 \mid C$. Then, from

 \[
 \left(\frac{a b}{3}\right)^{2}=\frac{C}{3} \cdot D \cdot\left|3\left(\frac{C}{3}\right)^{2}-D^{2}\right| \cdot\left|3 C^{2}-D^{2}\right|,
 \]

 since the four terms are pairwise relatively prime, there exist positive integers $e, f, g, h$ such that

 \[
 C=3 e^{2}, \quad D=f^{2},\left|3 e^{4}-f^{4}\right|=g^{2},\left|27 e^{4}-f^{4}\right|=h^{2}.
 \]

 Then, by $\bmod 3$, we have $g^{2}+3 e^{4}=f^{4}$.

 (Case 2) If $3 \nmid CD$

 From (1.2), since the four terms are pairwise relatively prime, there exist positive integers $e, f, g, h$ such that

 \[
 C=e^{2}, \quad D=f^{2},\left|e^{4}-3 f^{4}\right|=g^{2},\left|3 e^{4}-f^{4}\right|=h^{2}.
 \]

 Similarly, by $\bmod 3$, we have $e^{4}-3 f^{4}=g^{2}$.

 Therefore, in both cases, there exists a positive integer solution to $x^{2}+3 y^{4}=z^{4}$.

 <Step 3> There are no positive integers $x, y, z$ satisfying $x^{2}+3 y^{4}=z^{4}$.

 Using proof by contradiction, assume that there exists a positive integer solution $x, y, z$. Among these solutions, choose the solution $(x, y, z)$ with the smallest $z$. If there is a prime number $q$ that divides two of $x, y, z$, then it must also divide the remaining number, and in this case, $\left(\frac{x}{q^{2}}, \frac{y}{q}, \frac{z}{q}\right)$ becomes a solution, contradicting the minimality of $z$. Therefore, this solution is pairwise relatively prime.

 Now, rewriting the equation as


 \begin{equation*}
 3 y^{4}=\left(z^{2}-x\right)\left(z^{2}+x\right) \tag{1.3}
 \end{equation*}


 we can divide into two cases since $\operatorname{gcd}\left(z^{2}-x, z^{2}+x\right)=1$ or 2.

 (Case 1) If $x$ and $z$ have the same parity

 By <Lemma 2>, there exist relatively prime positive integers $u, v$ such that

 \[
 z^{2}-x=2 u^{2}, z^{2}+x=6 v^{2}, y^{2}=2 u v \quad \text { or } \quad z^{2}+x=2 u^{2}, z^{2}-x=6 v^{2}, y^{2}=2 u v.
 \]

 In both cases, we have


 \begin{equation*}
 z^{2}=u^{2}+3 v^{2}, y^{2}=2 u v. \tag{1.4}
 \end{equation*}


 Since $y$ is even, one of $u, v$ must be even.

 <Step 3.1> If $u$ is even, then $v$ is odd, and then $z^{2}=u^{2}+3 v^{2} \equiv 3(\bmod 4)$, which is a contradiction.

 <Step 3.2> If $v$ is even, then by <Lemma 2>, there exist positive integers $s, t$ such that

 \[
 u=s^{2}, v=2 t^{2},
 \]

 and substituting this back into (1.4) gives $s^{4}+12 t^{4}=z^{2}$. Since both $s$ and $z$ are odd, this equation can be written as

 \[
 \frac{z+s^{2}}{2} \cdot \frac{z-s^{2}}{2}=3 t^{4},
 \]

 and since $\operatorname{gcd}\left(\frac{z+s^{2}}{2}, \frac{z-s^{2}}{2}\right)=1$, by <Lemma 2>, there exist relatively prime positive integers $q, r$ such that

 \[
 \frac{z+s^{2}}{2}=q^{4}, \frac{z-s^{2}}{2}=3 r^{4} \quad \text { or } \quad \frac{z+s^{2}}{2}=3 r^{4}, \frac{z-s^{2}}{2}=q^{4}.
 \]

 In the second case, we have $s^{2}=3 r^{4}-q^{4}$, but since $q$ and $s$ cannot both be multiples of 3 (in this case, $r$ would also be a multiple of 3, leading to a contradiction), $s^{2}+q^{4}$ cannot be a multiple of 3, which is a contradiction. In the remaining case, we have $s^{2}=q^{4}-3 r^{4}$, but since $q \leq q^{4} = \frac{z+s^2}{2} < z$, this contradicts the minimality of $z$.

 (Case 2) If $x$ and $z$ have different parity

 In this case, by (1.3) and <Lemma 2>, there exist relatively prime positive integers $u, v$ such that

 \[
 z^{2}+x=u^{4}, z^{2}-x=3 v^{4}, y^{2}=u v \quad \text { or } \quad z^{2}-x=3 v^{4}, z^{2}+x=u^{4}, y^{2}=u v.
 \]

 In both cases, we have $2 z^{2}=u^{4}+3 v^{4}$, but since $z$ and $u$ cannot both be multiples of 3, this leads to a contradiction modulo 3.

 Therefore, by <Step 1>, $n \neq 2,4$, and by <Step 2>, $n \neq 3$, so the proof is complete.",Number theory,IMO-hard,Novel Problem
PB-Advanced-013,"For an integer $n \geq 2$, let $a_{1} \leq a_{2} \leq \cdots \leq a_{n}$ be positive real numbers satisfying $a_{1} a_{2} \cdots a_{n}=1$. For each $k=1,2, \cdots, n$, define $b_{k}=2^{k}\left(1+a_{k}^{2^{k}}\right)$. Prove that the following inequality holds:

 \[
 \frac{1}{2}-\frac{1}{2^{n+1}} \leq \frac{1}{b_{1}}+\frac{1}{b_{2}}+\cdots+\frac{1}{b_{n}}
 \]","The following Lemma is often used in problems involving multiple variables or sequences.

 <Lemma> For positive real numbers $x, y$ satisfying $xy \geq 1$, the following inequality holds:

 \[
 \frac{1}{1+x}+\frac{1}{1+y} \geq \frac{2}{1+\sqrt{x y}}
 \]

 <Proof of Lemma> The proof is a simple calculation. Multiplying both sides by $(1+\sqrt{x y})(1+x)(1+y)$, the given inequality simplifies to $(\sqrt{x y}-1)(\sqrt{x}-\sqrt{y})^{2} \geq 0$, which holds trivially under the condition $x y \geq 1$. Therefore, the inequality is proven.\qed

 Now, let's prove the main problem. We will prove by induction that the following inequality holds for each $k=n, n-1, \cdots, 1$:

 \begin{equation*}
 \frac{1}{2^{n+1}}+\frac{1}{b_{n}}+\frac{1}{b_{n-1}}+\cdots+\frac{1}{b_{k}} \geq \frac{1}{2^{k-1}} \frac{1}{1+\left(a_{n} a_{n-1} \cdots a_{k}\right)^{2^{k-1}}} \tag{1.1}
 \end{equation*}

 In particular, if this inequality holds for $k=1$, then the inequality in the problem is proven due to the condition $a_{1} a_{2} \cdots a_{n}=1$.
 <Step 1> First, for $k=n$, since $a_{n} \geq 1$, we obtain the following by <Lemma>:

 \[
 \frac{1}{2^{n+1}}+\frac{1}{b_{n}}=\frac{1}{2^{n}}\left(\frac{1}{1+1}+\frac{1}{1+a_{n}^{2^{n}}}\right) \geq \frac{1}{2^{n-1}} \frac{1}{1+a_{n}^{2^{n-1}}}
 \]

 Therefore, (1.1) holds.

 <Step 2> Next, let's prove that if (1.1) holds for $k=m$, then it also holds for $k=m-1$ (where $2 \leq m \leq n$).

 <Step 2.1> First, by the induction hypothesis, we obtain the following inequality:

 \[
 \frac{1}{2^{n+1}}+\frac{1}{b_{n}}+\frac{1}{b_{n-1}}+\cdots+\frac{1}{b_{m}}+\frac{1}{b_{m-1}} \geq \frac{1}{2^{m-1}}\left[\frac{1}{1+\left(a_{n} a_{n-1} \cdots a_{m}\right)^{2^{m-1}}}+\frac{1}{1+a_{m-1}^{2_{m-1}^{m}}}\right]
 \]

 <Step 2.2> By the condition of the problem,

 \[
 \left(a_{n} a_{n-1} \cdots a_{m}\right)^{2^{m-1}} \cdot a_{m-1}^{2^{m-1}} \geq 1
 \]

 Therefore, by <Lemma>,

 \[
 \frac{1}{2^{m-1}}\left[\frac{1}{1+\left(a_{n} a_{n-1} \cdots a_{m}\right)^{2^{m-1}}}+\frac{1}{1+a_{m-1}^{2^{m-1}}}\right] \geq \frac{1}{2^{m-2}} \frac{1}{1+\left(a_{n} a_{n-1} \cdots a_{m} a_{m-1}\right)^{2^{m-2}}}
 \]

 This confirms that inequality (1.1) also holds for $k=m-1$.

 In conclusion, by mathematical induction, (1.1) holds for $k=1$, completing the proof.",Algebra,IMO-easy,Novel Problem
PB-Advanced-014,"Two distinct positive integers \( a \) and \( b \) are written on a blackboard. At each step, you must choose one of the two operations — either adding 2 or multiplying by 3 — for each number separately, and apply the chosen operation to both numbers (possibly using different operations). You must apply an operation to both numbers every step. Find all pairs $(a, b)$ such that we can make the two numbers on the blackboard equal after a finite number of steps.","The answer is that $a$ and $b$ are both even, or $a$ and $b$ are both odd and have the same remainder when divided by 4.
 <Step 1> Finding an invariant

 Let's observe how the remainder when divided by 4 changes under the operations. First, for odd numbers, both operations change the remainder as follows:

 $1 \rightarrow 3,3 \rightarrow 1$

 For even numbers, adding 2 changes the remainder as follows:

 \[
 0 \rightarrow 2,2 \rightarrow 0
 \]

 and multiplying by 3 changes the remainder as follows:
 \[
 0 \rightarrow 0,2 \rightarrow 2
 \]


 <Step 2> Finding impossible cases

 <Step 2.1> From the observation in <Step 1>, we can find conditions on $a$ and $b$ for which the conclusion of the problem does not hold. Let's consider the following two cases:

 <Step 2.2> (Case 1) $a$ and $b$ have different parity.

 Since the parity of the two numbers does not change under the operations, the two numbers cannot become equal. Therefore, the answer is impossible in this case.

 <Step 2.3> (Case 2) $a$ and $b$ are both odd and have different remainders when divided by 4.

 Since odd numbers change their remainders when divided by 4 under each operation, the remainders of the two numbers when divided by 4 will always be different, regardless of the operations. Therefore, the answer is impossible in this case.

 Now, let's prove that the answer is possible for $a$ and $b$ that do not satisfy (Case 1) and (Case 2).

 <Step 3> Showing that the operations exist for the remaining cases.

 <Step 3.1> The remaining cases are as follows:

 (Case 3) $a, b$ are both odd and have the same remainder when divided by 4.

 (Case 4) $a, b$ are both even.

 <Step 3.2> First, let's show that we can make $a \equiv b(\bmod 4)$ for both cases by applying operations to $a$ and $b$. In (Case 3), $a \equiv b(\bmod 4)$ is already satisfied.

 In (Case 4), if $a \neq b(\bmod 4)$, then by applying the operation of changing $a$ to $3a$ and $b$ to $b+2$, we can see that $3a \equiv b+2(\bmod 4)$. Therefore, we can make the two numbers congruent modulo 4.

 <Step 3.3> Now, let's write the two numbers with the same remainder when divided by 4 as $x$ and $x+4n$. Let's add 2 to $x$ for $k$ times and then multiply it by 3. On the other hand, let's multiply $x+4n$ by 3 and then add 2 to it for $k$ times. As a result of the operations, $x$ becomes $3(x+2k)$ and $x+4n$ becomes $3x+12n+2k$.

 Therefore, if we set $k=3n$, then the two numbers become equal.

 [Short answer] $a$ and $b$ are both even, or $a$ and $b$ are both odd and have the same remainder when divided by 4.",Combinatorics,IMO-medium,Novel Problem
PB-Advanced-015,"Consider an acute triangle $ABC$ that is not isosceles. Let $H_0$, $E$, and $F$ be the feet of the perpendiculars dropped from vertices $A$, $B$, and $C$ to their opposite sides, respectively. Let $D$ be the point where the incircle of $\triangle ABC$ is tangent to side $ BC $. Denote the incenter and circumcenter of $\triangle ABC$ as $I$ and $O$, respectively. Let $K$ be the intersection of line $IO$ and line $BC$. Let $Q$ be the point where the ray $IH_0$ intersects the circumcircle of $\triangle ABC$ again. Let $X$ be the point where the line $ QD $ intersects the circumcircle of $\triangle ABC$ at a point other than $Q$.
 Let $Y$ be the point where the circle that touches rays $AB$, $AC$, and is also externally tangent to the circumcircle of $\triangle ABC$, touches the circumcircle of $ \triangle ABC$. Prove that if segment $EF$ is tangent to the incircle of $ \triangle ABC$, then $X$, $Y$, and $K$ are collinear.","Let $W, V$ be the points where the incircle of $\triangle ABC$ tangent to $AB,AC$, respectively.

 <Step 1> The circumcircle of $\triangle A B C$, the circumcircle of $\triangle A V W$, and the circumcircle of $\triangle A E F$ meet at a point $P$ other than $A$.

 (1) Let $P(\neq A)$ be the intersection of the circumcircle of $\triangle A B C$ and the circumcircle of $\triangle A E F$. Then, $\triangle P E C \sim \triangle P F B(A A)$.

 (2) From the perspective of $\triangle A E F$, the incircle is the excircle, and since $\triangle A B C \sim \triangle A E F$, we have $\frac{F W}{E V}=\frac{B W}{C V}$.

 (3) Therefore, $\frac{B W}{F W}=\frac{C V}{E V}$, so $\triangle P E V \sim \triangle P F W(S A S)$, and by the inscribed angle theorem, we know that $A, V, W, P$ must lie on a circle.


 <Step 2> Using radical axis

 (1) By considering the radical axis of the circumcircle of $\triangle A B C$, the circumcircle of $\triangle A E F$, and $(E, F, B, C)$, we see that $E F, A P, B C$ must be concurrent. Let this point be $R$.

 (2) By considering the radical axis of the circumcircle of $\triangle A B C$, the circumcircle of $\triangle I B C$, and the circumcircle of $\triangle A V W$, we see that $I R$ must be tangent to the circumcircle of $\triangle I B C$.


 <Step 3> $Q$ is the point of tangency between the $A$-inmixtilinear circle of $\triangle A B C$ and the circumcircle.

 (1) $B, H_{0}, C, R$ are harmonic conjugates, so for the midpoint $M$ of $B C, R M \times R H_{0}=R B \times R C$. This is equal to $R I^{2}$ since $R I$ is tangent to the circumcircle of $\triangle I B C$.

 (2) Therefore, $I H_{0}$ is the symmedian of $\triangle I B C$.

 (3) Therefore, $Q$ must be the point of tangency between the $A$-inmixtilinear circle of $\triangle A B C$ and the circumcircle.


 <Step 4> $V, H, W$ are collinear and $H V$ bisects $\angle E H C$.

 Since $\frac{H E}{H C}=\frac{E F}{B C}=\frac{E V}{C V}$(because $\triangle A B C \sim \triangle A E F$) $H V$ bisects $\angle E H C$. Similarly, $H W$ bisects $\angle F H B$, and therefore $V, H, W$ are collinear.


 <Step 5> $K$ is the reflection of $D$ with respect to $M$.

 (1) Since $\frac{H B}{H C}=\frac{B W}{C V}=\frac{B D}{C D}, H D$ is the angle bisector of $\angle B H C$, and therefore $H D$ is perpendicular to $V W$. That is, $H D$ is parallel to $A I$.

 (2) Therefore, quadrilateral $A I D H$ is a parallelogram, and $A H=I D$. Therefore, $O M$ is half the length of the inradius. Therefore, $K$ is the reflection of $D$ with respect to $M$.


 <Step 6> Finishing the proof

 (1) Let $l$ be the perpendicular bisector of $B C$.

 (2) By Step $3$, $X$ is the reflection of $A$ with respect to $l$.

 (3) By Step $5$ $K$ is the reflection of $D$ with respect to $l$.

 (4) Therefore, the intersection $Y$ of $X K$ and the circumcircle of $\triangle A B C$ is the reflection of the intersection of $A D$ and the circumcircle of $\triangle A B C$ with respect to $l$. This holds because this is the point of tangency between the $A$-exmixtilinear circle and the circumcircle of $\triangle A B C$.
 [0pt]

 [Marking Scheme]

 (1) Circumcircles of $A B C, A V W$, and $A V W$ meet simultaneosly at a point $P$ other than $A$ : 2 points

 (2) $Q$ is the point of tangency between the circumcircle of $A B C$ and $A$-mixtilinear circle: 2 points

 (3) $K$ is the reflection of $D$ with respect to the midpoint $M$ of $B C: 2$ points",Geometry,IMO-hard,Novel Problem
PB-Advanced-016,"Let $ABC$ be a non-isosceles triangle with incenter $I$. Let line $BI$ intersect $AC$ at $E$, and line $CI$ intersect $AB$ at $F$. Two Points $U$ and $V$ are on segments $AB$ and $AC$ respectively, such that $AU = AE$ and $AV = AF$. Let the line passing through $I$ and perpendicular to $AI$ intersect line $BC$ at $L$. The circumcircle of $\triangle ILC$ intersects line $LU$ at $X$ (other than $L$), and the circumcircle of triangle $\triangle ILB$ intersects line $LV$ at $Y$ (other than $L$). Prove that if $P$ is the intersection of lines $YB$ and $XC$, then line $IP$ is parallel to line $XY$.","By symmetry, we assume that $AC>BC$.

 <Step 1> $U, V, L$ lie on a same line

 (1) Let $B^{\prime}$ be the point on $A C$ such that $A B=A B^{\prime}$ and $C^{\prime}$ be the point on $A B$ such that $A C=A C^{\prime}$. These points lie on the circumcircle of $\triangle I B C$.

 (2) By symmetry, $\left(B^{\prime}, I, U\right)$ and $\left(C^{\prime}, I, V\right)$ are collinear.

 (3) By Pascal's theorem on $B^{\prime} C B C^{\prime} I I, U, V, L$ lie on a same line.


 <Step 2> $IPXY$ is an isosceles trapezoid

 Since $U, V, L$ are collinear,

 \[
 \angle I X Y=\angle I C B=\angle B I L=\angle B Y L=\angle P Y X
 \]

 and similarly, $\angle I Y X=\angle P X Y$, so the statement holds.


 <Step 3> Therefore, by <Step 2>, $I P$ and $X Y$ are parallel.",Geometry,IMO-easy,Novel Problem
PB-Advanced-017,"Let $n$ be a positive integer that has a remainder of 6 when divided by 7. Let $d$ be any divisor of $n$.

Define $c$ such that when the expression $\left(d+\frac{n}{d}\right)^{2}$ is divided by $n$, the remainder is $n-c$.

What is the smallest possible value of $c$ among all $d$ and $n$ satisfying the conditions above?

(Note that the remainder when a positive integer $a$ is divided by a positive integer $b$ is the value of $r$ in the expression $a=b q+r, 0 \leq r \leq b-1$.)","<Step 1> Understanding the problem situation

 <Step 1.1> Let $d=a, \frac{n}{d}=b$, then $n=a b$. So if the remainder when $(a+b)^{2}$ is divided by $n$ is $n-c$ (where $c \geq 1$), then

 \[
 -c \equiv(a+b)^{2}=a^{2}+b^{2}+2 a b \equiv a^{2}+b^{2}(\bmod n)
 \]

 which implies that $\frac{a^{2}+b^{2}+c}{a b}$ must be a positive integer.

 <Step 1.2> First, if $c=3$, then setting $a=4, b=19$ gives

 \[
 \frac{4^{2}+19^{2}+3}{4 \cdot 19}=5
 \]

 which is an integer. In fact, this corresponds to the case when $n=76, d=4$, and $\left(4+\frac{76}{4}\right)^{2}=529 \equiv -3(\bmod 76)$.

 <Step 1.3> Therefore, if $c \leq 2$, it is sufficient to prove that when $\frac{a^{2}+b^{2}+c}{a b}$ is a positive integer, $n$ cannot have remainder 6 when divided by $7$. Now, let's assume that $c$ is 1 or 2.

 <Step 2> Vieta jumping

 <Step 2.1> First, let's find the solutions when $a=b$. Then $\frac{2 a^{2}+c}{a^{2}}$ must be a positive integer, so $a^{2} \mid c$. Since $c$ is 1 or 2, we know that $a=1$. Therefore, $(a, b)=(1,1)$ is the only solution in this case. Now, let's find the solutions when $a \neq b$. By symmetry, we can assume $a<b$, so let's find all such pairs $(a, b)$.

 <Step 2.2> We need to find pairs $(a, b)$ that satisfy the following for some positive integer $k$:


 \begin{equation*}
 \frac{a^{2}+b^{2}+c}{a b}=k \tag{1.1}
 \end{equation*}


 The above equation (1.1) can be rewritten as:

 \[
 a^{2}-k a b+b^{2}+c=0
 \]

 Now, if we view this equation as a quadratic equation in $b$, we can observe the following facts from the relationship between roots and coefficients:

 (1) The sum of the two roots is $k a$, so if a positive integer $b$ is a root, then the other root is $k a-b$, which is also an integer.

 (2) The product of the two roots is $a^{2}+c$, so if a positive integer $b$ is a root, then $\frac{a^{2}+c}{b}$ is also a root, and by (1), it is a positive integer solution.

 (2) Therefore, if $(a, b)$ is a solution to (1.1), then


 \begin{equation*}
 \left(a^{\prime}, b^{\prime}\right)=\left(\frac{a^{2}+c}{b}, a\right)=(k a-b, a) \tag{1.2}
 \end{equation*}


 defined as above is also a solution to (1.1).

 This process gives us a way to find another solution if we have a solution $(a, b)$.

 <Step 3> Applying the method of infinite descent

 Suppose $(a, b)$ is a solution to (1.1) with $a<b$. Now, let's apply infinite descent to the recursive construction process of solutions described in <Step 2> .

 <Step 3.1> Since we assumed $a<b$,

 \[
 b^{2} \geq(a+1)^{2}>a^{2}+2 \geq a^{2}+c
 \]

 so $\frac{a^{2}+c}{b}<b$. In other words, from (1.2),

 \[
 a^{\prime}+b^{\prime}=\frac{a^{2}+c}{b}+a<a+b
 \]

 holds. That is, when performing the recursive construction in <Step 1>, the sum of the two numbers forming the solution always decreases by at least 1.

 <Step 3.2> If $\frac{a^{2}+c}{b}<a$, we can apply the process in <Step 1> again to the new solution $\left(a^{\prime}, b^{\prime}\right)=\left(\frac{a^{2}+c}{b}, a\right)$ to obtain another solution. However, by the result in (1) and the principle of infinite descent, this process cannot be repeated infinitely, and we will eventually reach a solution $(a, b)$ that satisfies $\frac{a^{2}+c}{b} \geq a$.

 <Step 3.3> Let's find what the final solution we must reach in (2) is. If $a<b$, then $b \geq a+1$ must hold. In this situation, if $\frac{a^{2}+c}{b} \geq a$, then

 \[
 a^{2}+c \geq a b \geq a(a+1)=a^{2}+a
 \]

 so $a \leq c$ must hold. Since $a$ is a positive integer, only $a=1,2$ are possible. Here, if $a=2$, then all equalities in the above inequality must hold, so $b=a+1=3$ and $c=2$, which gives

 \[
 \frac{a^{2}+b^{2}+c}{a b}=\frac{2^{2}+3^{2}+3}{2 \cdot 3}=\frac{8}{3}
 \]

 which is not an integer. Therefore, $a$ must be 1 in any case, and $\frac{a^{2}+c}{b}=\frac{1+c}{b}$ must be an integer.$b>a$ and $c+1=2or3$ so $b=c+1$.

 Therefore, this process ends when $(1, c+1)$ becomes $\left(\frac{1^{2}+c}{c+1}, 1\right)=(1,1)$.

 <Step 3.4> Summarizing the above discussion, if $(a, b)$ is a solution to (1.1) with $a<b$, then $\left(a^{\prime}, b^{\prime}\right)$ obtained in <Step 1> is a new solution satisfying $a^{\prime}<b^{\prime}$, and this process of generating solutions ends when the solution reaches $(1,1)$.

 <Step 4> Reversing the descent process

 <Step 4.1> First, the value of $k$ in (1.1) does not change during the process described in <Step 3> . Therefore, the value of $k$ must be the same as the value at the endpoint $(a, b)=(1,1)$ of this process, so

 \[
 k=\frac{1^{2}+1^{2}+1}{c \cdot 1}=c+2
 \]

 must hold.

 <Step 4.2> Now, we know that any solution $(a, b)$ to (1.1) with $a<b$ reaches the endpoint $(a, b)=(1,1)$ by going through the process described in <Step 3> . Therefore, by reversing this process, we can find all solutions $(a, b)$ to (1.1) with $a<b$.

 <Step 4.3> On the other hand, from (1), $k=c+2$, so looking at (1.2), we see that $\left(a^{\prime}, b^{\prime}\right)=((c+2) a-b, a)$. Therefore,

 \[
 (a, b)=\left(b^{\prime},(c+2) b^{\prime}-a^{\prime}\right)
 \]

 holds. In other words, the process of mapping $(x, y) \mapsto(y,(c+2) y-x)$ is the reverse of the process where the solution descends in <Step 2> .

 <Step 4.4> Therefore, by (3), if we define the sequence $\left(x_{n}, y_{n}\right)_{n=1}^{\infty}$ as $\left(x_{1}, y_{1}\right)=(1,1)$ and

 \begin{equation} \tag{1.3}
 \left\{\begin{array}{l}
 x_{n+1}=y_{n}

 y_{n+1}=(c+2) y_{n}-x_{n}
 \end{array}\right.
 \end{equation}

 then this sequence describes the reverse of the process where the solution descends in <Step 2>, and by (2), these $\left(x_{n}, y_{n}\right)$ with $n \geq 2$ are all solutions to (1.1) with $a<b$.

 Note that the descent process described in <Step 2> is

 \[
 \left(x_{k}, y_{k}\right) \rightarrow\left(x_{k-1}, y_{k-1}\right) \rightarrow \cdots \rightarrow\left(x_{1}, y_{1}\right)=(1,1)
 \]

 <Step 4.5>

 (Case 1) When $c=1$, substituting the first equation of (1.3) into the second equation gives the recurrence relation

 \[
 y_{n+1}=3 y_{n}-y_{n-1}
 \]

 and using $y_{1}=1, y_{2}=2$, we can see that this sequence repeats as $1,2,5,6,6,5,2,1,1,2$ modulo 7. Therefore, $x_n y_{n} = y_n y_{n-1}$ repeats as $2,3,2,1,2,3,2,1$ and thus cannot have remainder 6 when devided by $7$.

 (Case 2) When $c=2$, substituting the first equation of (1.3) into the second equation gives the recurrence relation

 \[
 y_{n+1}=4 y_{n}-y_{n-1}
 \]

 and using $y_{1}=1, y_{2}=3$, we can see that this sequence repeats as $1,3,4,6,6,4,3,1,1,3$ modulo 7. Therefore, $x_n y_{n} = y_n y_{n-1}$ repeats as $3,5,3,1,3,5,3,1$ and thus cannot have remainder 6 when divided by $7$.

 In conclusion, when $c=1,2$, there is no case where $ab$ has remainder $6$ when divided by $7$ and $\frac{a^{2}+b^{2}+c}{a b}$ is an integer. Therefore, $c=3$ is the smallest possible value.",Number theory,IMO-easy,Novel Problem
PB-Advanced-018,"For given integers $n \ge 5$ and $k \ge 1$, we color each of the $n^2$ cells of an $n \times n$ grid using one of $k$ colors. If $q$ is the largest integer which is not larger than $\frac{n^2}{k}$, then, each of the $k$ colors must be used to color exactly $q$ or $q+1$ cells. A sequence of $n$ different cells $c_1, c_2, \ldots, c_n$ in the grid is called a \textit{snake} if it satisfies the following conditions simultaneously:

 \begin{enumerate}
 \item[(a)] For each $1 \le i \le n-1$, two cells $c_i$ and $c_{i+1}$ are adjacent to their sides,
 \item[(b)] For each $1 \le i \le n-1$, cell $c_i$ and cell $c_{i+1}$ are colored with different colors.
 \end{enumerate}
 Let $a(n)$ be the minimum $k$ such that a snake exists regardless of the method of coloring. Find a constant $L$ that satisfies the following inequality and prove it:

 \[
 |La(n)- n^2 | \le n +2 \sqrt n + 3 \;.
 \]","Let $(i, j)$ denote the cell in the $i$-th column from the left and the $j$-th row from the bottom.


 <Step 1> For any $n \geq 5$, we can color the grid with $q=3$ and $r:= n^2 - kq \leq n+\lceil 2 \sqrt{n}\rceil+2$ so that it does not satisfy the conditions. From this, we can see that $a(n) \geq \frac{n^{2}- (n+2 \sqrt{n}+3)}{3}$.


 (1) Let $m=\lceil\sqrt{n}\rceil-1$.


 (2) For the following cells, color the $2 \times 2$ square with that cell as its bottom left corner with the same color.

 \[
 \{(i, j): i, j \in \mathbb{Z}, m|i, \quad m| j, \quad 1 \leq i, j \leq n-1\}
 \]

 Color each $2 \times 2$ square with a different color. Let $A$ be the area colored in this way.


 (3) In the remaining area excluding $A$, we can color the cells so that each color is used 3 times. For any $i$ such that $m \mid i$, color the cells $(x, y)$ with $x=i$ that do not belong to $A$ with the same color as the cell above it, and color the cells $(x, y)$ with $y=i$ that do not belong to $A$ with the same color as the cell to its right. Color the remaining cells arbitrarily, but make sure that each color appears 3 or 4 times.


 (4) Since we can do this with $k=\left\lfloor\frac{n^{2}-|A|}{3}\right\rfloor, r \leq|A|+2$.


 (5) From this,
 \[
 |A|=\left\lfloor\frac{n-1}{m}\right\rfloor^{2}<\left(\frac{n-1}{\sqrt{n}-1}\right)^{2}<n+2 \sqrt{n}+1
 \]
 and $r \leq n+\lceil 2 \sqrt{n}\rceil+2$ holds.


 (6) Show that for this arrangement, there do not exist $n$ cells that satisfy the conditions. Group the cells into $m \times m$ squares starting from the bottom left of the grid. Treat any remaining cells at the top or right as if the grid were extended and group them in the same way. Each grouped section contains at most $m^{2}$ cells.


 (7) In order to start from within a grouped section and exit it, one must pass through consecutive cells of the same color due to the construction in (3) and (4). Therefore, $n \leq m^{2}$ must hold. This contradicts the definition of $m$. That is, this coloring does not satisfy the conditions.


 <Step 2> If $k \geq \frac{n^{2}}{3}$, the conditions are satisfied. Therefore, $a(n) \leq\left\lceil\frac{n^{2}}{3}\right\rceil \leq \frac{n^{2}+2}{3}$.


 (1) Consider the following graph: each cell is a vertex, and each cell is connected to the vertices of cells adjacent to it that have a different color.


 (2) Consider the $4 n-4$ cells on the border of the given $n \times n$ grid. Now, let's prove the following claim.

 Claim. For any two vertices $x, y$ belonging to the same connected component $\Phi$ on the border, if there is no vertex in $\Phi$ when moving clockwise along the border from $x$ to $y$, then the vertex one step clockwise from $x$ and the vertex one step counterclockwise from $y$ belong to the same connected component.


 (3) Let $z$ be the vertex one step clockwise from $x$ and $w$ be the vertex one step counterclockwise from $y$. Consider the boundary of the polygon formed by the cells in $\Phi$. This boundary consists of the perimeter edges of the given $n \times n$ grid or the edges shared by two adjacent cells within the $n \times n$ grid. The edge $l$ shared by $x$ and $z$ and the edge $m$ shared by $y$ and $w$ are both included in the boundary of this polygon. By the condition, on the boundary of this polygon, the line segments between $l$ and $m$ are all inside the $n \times n$ grid.


 (4) Let these line segments between $l$ and $m$ be $a_{0}, a_{1}, \cdots, a_{k}$ in order ( $a_{0}=l, a_{k}=m$ ). Each $a_{i}$ lies on the boundary between a cell belonging to $\Phi$ and a cell not belonging to $\Phi$. That is, the two cells sharing $a_{i}$ must have the same color. We will show that the cells not belonging to $\Phi$ that share $a_{i}$ all belong to the same connected component. We will use induction to show that for $i=0, \cdots, s$, the cells not belonging to $\Phi$ that share $a_{i}$ all belong to the same connected component.


 (5) Now, if $s=0$, it is trivial since there is only one cell. Therefore, using the inductive hypothesis, assume that the statement holds for $s-1$ and consider the case for $s$.


 (Case 1) If $a_{s-1}$ and $a_{s}$ lie on the same line

 This is the case where for some $2 \times 2$ square and the line connecting the midpoints of two opposite sides, one side belongs to $\Phi$ and the opposite side does not. In this case, the coloring must be symmetric with respect to this line. Therefore, the two cells not belonging to $\Phi$ must also be connected by a line segment.


 (Case 2) If $a_{s-1}$ and $a_{s}$ form a $90^{\circ}$ angle

 This means that for some $2 \times 2$ square, the two lines connecting its center to the midpoints of two consecutive sides are $a_{s-1}$ and $a_{s}$. These lines divide the $2 \times 2$ square into 1 cell and 3 cells. Place the centers of these cells on a new coordinate plane. Suppose they are divided into $(0,0)$ and $(1,0),(0,1),(1,1)$. Then $(0,0)$ and $(1,0),(0,1)$ must have the same color. Since each color is used at most 3 times, these are different from the color of $(1,1)$. Therefore, $(1,1)$ is connected to $(1,0)$ and $(0,1)$. That is, both sides of the division belong to the same connected component.


 (6) Therefore, by mathematical induction, all cells not belonging to $\Phi$ that share $a_{i}$ are in the same connected component. This means that $z$ and $w$ are in the same connected component. This completes the proof of the Claim.


 (7) Returning to the main proof, we will consider the vertices on the border. For two points $(x_1, y_1)$ and $(x_2, y_2)$, define the 'grid distance' as $|x_1 -x_2| +|y_1 - y_2|$. Let points $a$ and $b$ be the pair of points on the boarder that have the largest grid distance between them while being on the same connected component.

(8) If the grid distance between $a$ and $b$ is larger or equal to $n-1$, then the path on the connected component that connects $a$ and $b$ is a desired \textit{snake} and we are done.

(9) If the grid distance is smaller than $n-1$, then let the squares one step clockwise from $a$ and $b$ be $a_1$ and $b_1$, respectively, and the squares one step counterclockwise from $a$ and $b$ be  $a_2$ and $b_2$, respectively. Now without loss of generality, we can say the grid distance between $a_1$ and $b_2$ is smaller than $n-1$. Now think of the path along the boundary connecting $a_2$ and $b_1$, not passing $a$ and $b$. The length of this path is at least $4n-4 -(n-1)-2 = 3n-5$, so if there is a square $c$ that is in the same connected component with $a$ and $b$, the grid distance between $(a,c)$ or $(b,c)$ is larger than $n-1$, thus a contradiction to maximality. However, if there are no squares in the path from $a_2$ to $b_1$ , by Claim $a_2$ and $b_1$ must be in the same connected component, which is agian a contradiction to the maximality of $(a,b)$.",Combinatorics,IMO-hard,Novel Problem
PB-Advanced-019,"For a real number $r$, let $A(r)$ denote the fractional part of $2r$ in its decimal representation. For a real number $r$ and a positive integer $n$, define $B(n,r)$ as
 $$
 B(n,r)=\sum_{k=1}^n A(kr).
 $$
 Find all positive real numbers $r$ such that $n(n+1)r - B(n,r)$ is a multiple of $n$ for all positive integers $n$.","Let $r$ be a positive real number. Let $A(r)$ denote the fractional part of $2r$, so $A(r) = 2r - \lfloor 2r \rfloor$. We are given that $B(n,r) = \sum_{k=1}^n A(kr)$. We want to find all positive real numbers $r$ such that $n(n+1)r - B(n,r)$ is a multiple of $n$ for all positive integers $n$.

 We can rewrite the condition as
 $$
 n(n+1)r - \sum_{k=1}^n (2kr - \lfloor 2kr \rfloor) = \sum_{k=1}^n \lfloor 2kr \rfloor \quad \text{is a multiple of } n.
 $$
 Let $\alpha = 2r$. Then the condition becomes: $\sum_{k=1}^n \lfloor k\alpha \rfloor$ is a multiple of $n$ for all positive integers $n$.

 We prove that all even integers $\alpha$ satisfy the condition, and no other real number $\alpha$ does so. First we will show that
 even integers satisfy the condition. If $\alpha=2m$ where $m$ is
 an integer then

 \[
 \lfloor\alpha\rfloor+\lfloor2\alpha\rfloor+\cdots+\lfloor n\alpha\rfloor=2m+4m+\cdots+2mn=mn(n+1)
 \]

 which is a multiple of $n$. Since $r > 0$, we must have $\alpha = 2r > 0$. So $\alpha$ must be a positive even integer. If $\alpha = 2m$ for some positive integer $m$, then $r = m$, which is a positive integer.

 Now we will show that they are the only real numbers satisfying the
 conditions of the problem. Let $\alpha=k+\epsilon$ where $k$ is
 an integer and $0\leqslant\epsilon<1$. Then the number
 \[
 \begin{aligned}\lfloor\alpha\rfloor+\lfloor2\alpha\rfloor+\cdots+\lfloor n\alpha\rfloor & = \lfloor k+\epsilon \rfloor+\lfloor2(k+\epsilon)\rfloor+\cdots+\lfloor n(k+\epsilon)\rfloor

 & = k+\lfloor\epsilon\rfloor+2k+\lfloor2\epsilon\rfloor+\cdots+nk+\lfloor n\epsilon\rfloor

 & =\frac{kn(n+1)}{2}+\lfloor\epsilon\rfloor+\lfloor2\epsilon\rfloor+\cdots+\lfloor n\epsilon\rfloor
 \end{aligned}
 \]
 has to be a multiple of $n$. We consider two cases based on the parity
 of $k$.


 \begin{itemize}
 \item Case 1: \textbf{$k$ is even.} Then $\frac{kn(n+1)}{2}$ is always
 a multiple of $n$. Thus
 \[
 \lfloor\epsilon\rfloor+\lfloor2\epsilon\rfloor+\cdots+\lfloor n\epsilon\rfloor
 \]
 also has to be a multiple of $n$. We will prove that $\lfloor n\epsilon\rfloor=0$
 for every positive integer $n$ by strong induction. The base case
 $n=1$ follows from the fact that $0\leqslant\epsilon<1$. Let us
 suppose that $\lfloor m\epsilon\rfloor=0$ for every $1\leqslant m<n$.
 Then the number
 \[
 \lfloor\epsilon\rfloor+\lfloor2\epsilon\rfloor+\cdots+\lfloor n\epsilon\rfloor=\lfloor n\epsilon\rfloor
 \]
 has to be a multiple of $n$. As $0\leqslant\epsilon<1$ then $0\leqslant n\epsilon<n$,
 which means that the number $\lfloor n\epsilon\rfloor$ has to be
 equal to 0. The equality $\lfloor n\epsilon\rfloor=0$ implies $0\leqslant\epsilon<1/n$.
 Since this has to happen for all $n$, we conclude that $\epsilon=0$.
 Thus $\alpha$ is an even integer. Since $r > 0$, $\alpha = 2r > 0$. So $\alpha$ must be a positive even integer. This means $2r = 2m$ for some positive integer $m$. Therefore, $r=m$ must be a positive integer.
 \item Case 2: \textbf{$k$ is odd.} We will prove that $\lfloor n\epsilon\rfloor=n-1$
 for every natural number $n$ by strong induction. The base case $n=1$
 again follows from the fact that $0\leqslant\epsilon<1$. Let us suppose
 that $\lfloor m\epsilon\rfloor=m-1$ for every $1\leqslant m<n$.
 We need the number
 \[
 \begin{aligned}\frac{kn(n+1)}{2}+\lfloor\epsilon\rfloor+\lfloor2\epsilon\rfloor+\cdots+\lfloor n\epsilon\rfloor & =\frac{kn(n+1)}{2}+0+1+\cdots+(n-2)+\lfloor n\epsilon\rfloor

 & =\frac{kn(n+1)}{2}+\frac{(n-2)(n-1)}{2}+\lfloor n\epsilon\rfloor

 & =\frac{k+1}{2}n^{2}+\frac{k-3}{2}n+1+\lfloor n\epsilon\rfloor
 \end{aligned}
 \]
 to be a multiple of $n$. As $k$ is odd, we need $1+\lfloor n\epsilon\rfloor$
 to be a multiple of $n$. Again, as $0\leqslant\epsilon<1$ then $0\leqslant n\epsilon<n$,
 so $\lfloor n\epsilon\rfloor=n-1$ as we wanted. This implies that
 $1-\frac{1}{n}\leqslant\epsilon<1$ for all $n$. Taking the limit as $n \to \infty$, we get $\epsilon=1$, which contradicts $0 \le \epsilon < 1$.
 So there are no other solutions in this case.

 \end{itemize}
 Therefore, $\alpha = 2r$ must be a positive even integer. This implies $r$ must be a positive integer.",Algebra,IMO-easy,(Modified) IMO 2024 P1
PB-Advanced-020,"For given positive integers $x$ and $y$, we define a sequence $(a_n)_{n \ge 1}$ as
 $$
 a_n = \gcd \left( x^n +y , \, (y-x)\left(\sum_{i=0}^{n-1} y^i x^{n-i-1} - 1\right) \right)
 $$
 for all $n\in \mathbb{N}$. Find all pairs $(x,y)$ of positive integers such that the limit of the sequence $(a_n)$ exists.","To begin with, we can change the expression in the problem to
 $\gcd \left( x^n +y , \, (y-x)\left(\sum_{i=0}^{n-1} y^i x^{n-i-1} - 1\right) \right) = \gcd \left( x^n +y , \, y^n - x^n -(y-x) \right) = \gcd(x^n +y , y^n +x)$.
 Let the limit of the sequence $(a_n)$ exist and be equal to $g$. Then, for sufficiently large $n$,

 Lemma. If the limit of $a_n$ as $n \to \infty$ exists and is equal to $g$, then $g$ divides $2 \gcd(x, y)$.

 Proof. For sufficiently large $n$, we have $a_n = \gcd \left( x^n +y , \, y^n +x \right) = g$.
 This implies that $g$ divides $x^n + y$ and $g$ divides $y^n +x$ for all $n \ge N$, for some positive integer $N$.

 Consider $n \ge N$. We have $x^n + y \equiv 0 \pmod{g}$ and $x^{n+1} + y \equiv 0 \pmod{g}$.
 Multiplying the first congruence by $x$, we get $x^{n+1} + xy \equiv 0 \pmod{g}$.
 Subtracting the second congruence from this, we have $(x^{n+1} + xy) - (x^{n+1} + y) \equiv 0 - 0 \pmod{g}$, which simplifies to $xy - y = y(x-1) \equiv 0 \pmod{g}$.

 Analogously, $x(y-1)$ is divisible by $g$.
 Their difference $x-y$ is then divisible by $g$, so $g$ also divides
 $x(y-1)+x(x-y)=x^2 -x$. All powers of $x$ are then congruent modulo
 $g$, so $x+y\equiv x^{N}+y\equiv0(\bmod g)$. Then $2x=(x+y)+(x-y)$
 and $2y=(x+y)-(x-y)$ are both divisible by $g$, so $g\mid2\operatorname{gcd}(x,y)$.
 On the other hand, it is clear that $\operatorname{gcd}(x,y)\mid g$,
 thus proving the Lemma.

 Let $d=\operatorname{gcd}(x,y)$, and write $x=da$ and $y=db$ for
 coprime positive integers $a$ and $b$. We have that

 \[
 \operatorname{gcd}\left((da)^{n}+db,(db)^{n}+da\right)=d\operatorname{gcd}\left(d^{n-1}a^{n}+b,d^{n-1}b^{n}+a\right)
 \]

 so the Lemma tells us that

 \[
 \operatorname{gcd}\left(d^{n-1}a^{n}+b,d^{n-1}b^{n}+a\right)\leqslant2
 \]

 for all $n\geqslant N$. Defining $K=d^{2}ab+1$, note that $K$ is
 coprime to each of $d,a$, and $b$. By Euler's theorem, for $n\equiv-1(\bmod\varphi(K))$
 we have that

 \[
 d^{n-1}a^{n}+b\equiv d^{-2}a^{-1}+b\equiv d^{-2}a^{-1}\left(1+d^{2}ab\right)\equiv 0\quad(\bmod K)
 \]

 so $K\mid d^{n-1}a^{n}+b$. Analogously, we have that $K\mid d^{n-1}b^{n}+a$.
 Taking such an $n$ which also satisfies $n\geqslant N$ gives us
 that

 \[
 K\mid\operatorname{gcd}\left(d^{n-1}a^{n}+b,d^{n-1}b^{n}+a\right)\leqslant2
 \]

 This is only possible when $d=a=b=1$, which yields the only solution
 $(x,y)=(1,1)$. Therefore, the only solution is $(x,y)=(1,1)$.",Number theory,IMO-medium,(Modified) IMO 2024 P2
PB-Advanced-021,"Infinitely many boys and girls stand in a line alternatingly. For
 a given positive integer $N$, they choose positive integers according
 to the following rules:

 (1) The first $N$ people in the line choose any positive integers
 they want.

 (2) For each $m>N$, the $m$-th person chooses the number that is
 one more than the number of appearances of the number chosen by the
 $(m-1)$-th person appears among the numbers chosen by the first $m-2$
 people.

 Let $b_{i}$ be the number chosen by the $i$-th boy, and $g_{i}$
 be the number chosen by the $i$-th girl. Prove that at least one
 of the following holds:

 (i) There exists a sufficiently large integer $M$ such that $\{b_{n}\}_{n\ge M}$
 is a periodic sequence.

 (ii) There exists a sufficiently large integer $M$ such that $\{g_{n}\}_{n\ge M}$
 is a periodic sequence.","Let $N$ be the given positive integer. Let $s_{m}$ be the number
 chosen by the $m$-th person in the line. For $m\ge N+1$, $s_{m}$
 is one more than the number of appearances of $s_{m-1}$ in the sequence
 $s_{1},s_{2},\dots,s_{m-2}$. Let $b_{i}=s_{2i-1}$ be the number
 chosen by the $i$-th boy, and $g_{i}=s_{2i}$ be the number chosen
 by the $i$-th girl. We want to show that at least one of the sequences
 $\{b_{n}\}_{n\ge M}$ or $\{g_{n}\}_{n\ge M}$ is periodic for some
 sufficiently large integer $M$.


 Let $M>\max\left(s_{1},\ldots,s_{2N}\right)$. We first prove that
 some integer appears infinitely many times. If not, then the sequence
 contains arbitrarily large integers. The first time each integer larger
 than $M$ appears, it is followed by a 1 . So 1 appears infinitely
 many times, which is a contradiction.


 Now we prove that every integer $x\geq M$ appears at most $M-1$
 times. If not, consider the first time that any $x\geq M$ appears
 for the $M^{\text{th }}$ time. Up to this point, each appearance
 of $x$ is preceded by an integer which has appeared $x\geq M$ times.
 So there must have been at least $M$ numbers that have already appeared
 at least $M$ times before $x$ does, which is a contradiction.


 Thus there are only finitely many numbers that appear infinitely many
 times. Let the largest of these be $k$. Since $k$ appears infinitely
 many times there must be infinitely many integers greater than $M$
 which appear at least $k$ times in the sequence, so each integer
 $1,2,\ldots,k-1$ also appears infinitely many times. Since $k+1$
 doesn't appear infinitely often there must only be finitely many numbers
 which appear more than $k$ times. Let the largest such number be
 $l\geq k$. From here on we call an integer $x$ big if $x>l$, medium
 if $l\geq x>k$ and small if $x\leq k$. To summarise, each small
 number appears infinitely many times in the sequence, while each big
 number appears at most $k$ times in the sequence.


 Choose a large enough $N^{\prime}>2N$ such that $s_{N^{\prime}}$
 is small, and in $s_{1},\ldots,s_{N^{\prime}}$ :
 \begin{enumerate}
 \item every medium number has already made all of its appearances;
 \item every small number has made more than $\max(k,N)$ appearances.
 \end{enumerate}
 Since every small number has appeared more than $k$ times, past this
 point each small number must be followed by a big number. Also, by
 definition each big number appears at most $k$ times, so it must
 be followed by a small number. Hence the sequence alternates between
 big and small numbers after $s_{N^{\prime}}$.


 \textbf{Lemma 1. }Let $g$ be a big number that appears after $s_{N^{\prime}}$.
 If $g$ is followed by the small number $h$, then $h$ equals the
 amount of small numbers which have appeared at least $g$ times before
 that point.


 \emph{Proof. }By the definition of $N^{\prime}$, the small number
 immediately preceding $g$ has appeared more than $\max(k,2N)$ times,
 so $g>\max(k,2N)$. And since $g>2N$, the $g^{\text{th }}$ appearance
 of every small number must occur after $s_{2N}$ and hence is followed
 by $g$. Since there are $k$ small numbers and $g$ appears at most
 $k$ times, $g$ must appear exactly $k$ times, always following
 a small number after $s_{2N}$. Hence on the $h^{\text{th }}$ appearance
 of $g$, exactly $h$ small numbers have appeared at least $g$ times
 before that point.


 Denote by $s_{[i,j]}$ the subsequence $s_{i},s_{i+1},\ldots,s_{j}$.


 \textbf{Lemma 2. }Suppose that $i$ and $j$ satisfy the following
 conditions:

 (a) $j>i>N^{\prime}+2$,

 (b) $s_{i}$ is small and $s_{i}=s_{j}$,

 (c) no small value appears more than once in $s_{[i,j-1]}$.

 Then $s_{i-2}$ is equal to some small number in $s_{[i,j-1]}$.


 \emph{Proof. }Let $\mathcal{I}$ be the set of small numbers that
 appear at least $s_{i-1}$ times in $s_{[1,i-1]}$. By Lemma 1, $s_{i}=|\mathcal{I}|$.
 Similarly, let $\mathcal{J}$ be the set of small numbers that appear
 at least $s_{j-1}$ times in $s_{[1,j-1]}$. Then by Lemma $1,s_{j}=|\mathcal{J}|$
 and hence by (b), $|\mathcal{I}|=|\mathcal{J}|$. Also by definition,
 $s_{i-2}\in\mathcal{I}$ and $s_{j-2}\in\mathcal{J}$.


 Suppose the small number $s_{j-2}$ is not in $\mathcal{I}$. This
 means $s_{j-2}$ has appeared less than $s_{i-1}$ times in $s_{[1,i-1]}$.
 By (c), $s_{j-2}$ has appeared at most $s_{i-1}$ times in $s_{[1,j-1]}$,
 hence $s_{j-1}\leq s_{i-1}$. Combining with $s_{[1,i-1]}\subset s_{[1,j-1]}$,
 this implies $\mathcal{I}\subseteq\mathcal{J}$. But since $s_{j-2}\in\mathcal{J}\backslash\mathcal{I}$,
 this contradicts $|\mathcal{I}|=|\mathcal{J}|$. So $s_{j-2}\in\mathcal{I}$,
 which means it has appeared at least $s_{i-1}$ times in $s_{[1,i-1]}$
 and one more time in $s_{[i,j-1]}$. Therefore $s_{j-1}>s_{i-1}$.


 By (c), any small number appearing at least $s_{j-1}$ times in $s_{[1,j-1]}$
 has also appeared $s_{j-1}-1\geq$ $s_{i-1}$ times in $s_{[1,i-1]}$.
 So $\mathcal{J}\subseteq\mathcal{I}$ and hence $\mathcal{I}=\mathcal{J}$.
 Therefore, $s_{i-2}\in\mathcal{J}$, so it must appear at least $s_{j-1}-s_{i-1}=1$
 more time in $s_{[i,j-1]}$.


 For each small number $s_{n}$ with $n>N^{\prime}+2$, let $p_{n}$
 be the smallest number such that $s_{n+p_{n}}=s_{i}$ is also small
 for some $i$ with $n\leq i<n+p_{n}$. In other words, $s_{n+p_{n}}=s_{i}$
 is the first small number to occur twice after $s_{n-1}$. If $i>n$,
 Lemma 2 (with $j=n+p_{n}$ ) implies that $s_{i-2}$ appears again
 before $s_{n+p_{n}}$, contradicting the minimality of $p_{n}$. So
 $i=n$. Lemma 2 also implies that $p_{n}\geq p_{n-2}$. So $p_{n},p_{n+2},p_{n+4},\ldots$
 is a nondecreasing sequence bounded above by $2k$ (as there are only
 $k$ small numbers). Therefore, $p_{n},p_{n+2},p_{n+4},\ldots$ is
 eventually constant and the subsequence of small numbers is eventually
 periodic with period at most $k$.",Combinatorics,IMO-hard,(Modified) IMO 2024 P3
PB-Advanced-022,"Given a triangle $ABC$ with $AB<AC<BC$, let $I$ be the incenter
 of triangle $ABC$, and let $M$ and $N$ be the midpoints of sides
 $CA$ and $AB$, respectively. Let $K$ be the midpoint of the arc
 $BC$ of the circumcircle of triangle $ABC$ which does not contain
 $A$. Let $B'\neq B$ be the point where the line parallel to $AC$
 and tangent to the incircle of triangle $ABC$ intersects side $BC$,
 and similarly, let $C'\neq C$ be the point where the line parallel
 to $AB$ and tangent to the incircle of triangle $ABC$ intersects
 side $BC$. Find the value of $\angle NIM+\angle B'KC'$ in terms
 of degree.","Let $IB'$ intersect $CK$ at $Q$.


 \textbf{Claim. }Triangle $CB'Q$ is similar to $\triangle AIB$ (and
 $Q$ lies on circle $BIC$).


 \emph{Proof.} Since the tangent at $B'$ to the incircle, distinct
 from $BC$, is parallel to $AC$, and $B'I$ bisects the two tangents
 from $B'$,
 \[
 \angle CB'I=\frac{1}{2}\left(180^{\circ}-\angle ACB\right)=90^{\circ}-\frac{1}{2}\angle ACB.
 \]
 Using this, we get
 \[
 \angle CQB'=\angle CB'I-\angle BCK=90^{\circ}-\frac{1}{2}\angle ACB-\angle BAK=90^{\circ}-\frac{1}{2}(\angle ACB+\angle BAC)=\frac{1}{2}\angle CBA
 \]
 Which is enough to show $Q$ lies on circle $BIC$. Combining this
 with $\angle B'CQ=\angle BCK=$ $\angle BAI$ gives the similarity.

 Note that $K$ is the centre of circle $BIC$ so $K$ is the midpoint
 of $CQ$. Since $N$ is the midpoint of $AB$, $K$ and $N$ are similar
 points in the two triangles in the Claim so
 \[
 \angle KB'C'=\angle KB'C=\angle AIN.
 \]

 Similarly $\angle B'C'K=\angle MIA$ so
 \[
 \angle MIN+\angle C'KB'=\angle MIA+\angle AIN+\angle C'KB'=\angle B'C'K+\angle KB'C'+\angle C'KB'=180^{\circ}.
 \]",Geometry,IMO-easy,(Modified) IMO 2024 P4
PB-Advanced-023,"On a table of size $3002\times3001$, a stone is placed on the leftmost cell of the first row. James and Peter play a game on this table. Peter selects $3000$ cells, under the rule that he must choose one from each row except the first and last rows (i.e., the $1$st and $3002$th row), and there must be at most one selected cell in each column. James knows this rule too, but he doesn't know which cells Peter selected. The goal of James is to move the stone to the last row, avoiding the cells selected by Peter. The stone can only move to adjacent cells on the table. If the stone enters a cell selected by Peter, James receives a penalty of 1 point, and the stone returns to its initial position (i.e., the leftmost cell). Find the smallest positive integer $n$ such that there exists a method for James to achieve his goal before receiving a penalty of $n$ points.","First we demonstrate that there is no winning strategy if James has
 2 attempts.


 Suppose that $(2,i)$ is the first cell in the second row that James
 reaches on his first attempt. Peter could have selected this cell,
 in which case James receives a penalty and returns to the initial
 position, and he cannot have reached any other cells past the first
 row.


 Next, suppose that $(3,j)$ is the first cell in the third row that
 James reaches on his second attempt. James must have moved to this
 cell from $(2,j)$, so we know $j\neq i$. So it is possible that
 Peter selected the cell $(3,j)$, in which case James also receives
 a penalty and returns to the initial position on his second attempt.
 Therefore James cannot guarantee to reach the last row in 2 attempts.


 Next, we exhibit a strategy for $n=3$. On the first attempt, James
 travels along the path

 \[
 (1,1)\rightarrow(2,1)\rightarrow(2,2)\rightarrow\cdots\rightarrow(2,3001).
 \]

 This path meets every cell in the second row, so James will find the
 selected cell in row 2, receive a penalty, and return to the initial
 position.


 If the selected cell in the second row is not on the edge of the board
 (that is, it is in cell $(2,i)$ with $2\leq i\leq3000$ ), then James
 takes the following two paths in his second and third attempts:

 \[
 \begin{aligned} & (1,1)\rightarrow\dots\rightarrow(1,i-1)\rightarrow(2,i-1)\rightarrow(3,i-1)\rightarrow(3,i)\rightarrow(4,i)\rightarrow\cdots\rightarrow(3002,i).

  & (1,1)\rightarrow\dots\rightarrow(1,i+1)\rightarrow(2,i+1)\rightarrow(3,i+1)\rightarrow(3,i)\rightarrow(4,i)\rightarrow\cdots\rightarrow(3002,i).
 \end{aligned}
 \]

 The only cells that Peter might have selected in either of these paths
 are $(3,i-1)$ and $(3,i+1)$. At most one of these can have been
 selected by Peter, so at least one of the two paths will be successful.
 James starts each path from the initial position $(1,1)$, but he
 knows where the selected cell in row 2 is, so he can navigate to $(1,i-1)$
 or $(1,i+1)$ directly.


 If the selected cell in the second row is on the edge of the board,
 without loss of generality we may assume it is in $(2,1)$. Then,
 on the second attempt, James takes the following path:

 \[
 (1,1)\rightarrow(1,2)\rightarrow(2,2)\rightarrow(2,3)\rightarrow(3,3)\rightarrow\cdots\rightarrow(3000,3001)\rightarrow(3001,3001)\rightarrow(3002,3001).
 \]

 If none of the cells on this path were selected by Peter, then James
 wins. Otherwise, let $(i,j)$ be the first cell on which James encounters
 a selected cell. We have that $j=i$ or $j=i+1$. Then, on the third
 attempt, James takes the following path:

 \[
 \begin{aligned}(1,1)\rightarrow\dots\rightarrow(1,2) & \rightarrow(2,2)\rightarrow(2,3)\rightarrow(3,3)\rightarrow\cdots\rightarrow(i-2,i-1)\rightarrow(i-1,i-1)

  & \rightarrow(i,i-1)\rightarrow(i,i-2)\rightarrow\cdots\rightarrow(i,2)\rightarrow(i,1)

  & \rightarrow(i+1,1)\rightarrow\cdots\rightarrow(3001,1)\rightarrow(3002,1).
 \end{aligned}
 \]

 Now note that:
 \begin{itemize}
 \item The cells from $(1,2)$ to $(i-1,i-1)$ were not selected because
 they were reached earlier than $(i,j)$ on the previous attempt.
 \item The cells $(i,k)$ for $1\leq k\leq i-1$ were not selected because
 there is only one selected cell in row $i$, and it lies in $(i,i)$
 or $(i,i+1)$.
 \item The cells $(k,1)$ for $i\leq k\leq3002$ were not selected because
 Peter selected at most one cell in column 1 (since there is one selected
 cell per row from 2 to 3001), and it lies in $(2,1)$.
 \end{itemize}
 Therefore James will win on the third attempt. Therefore, the smallest
 positive integer $n$ is $3$.",Combinatorics,IMO-medium,(Modified) IMO 2024 P5
PB-Advanced-024,"Let $P$ be a function from the set $\mathbb{Q}$ of rational numbers
 to itself, and suppose that $P$ satisfies
 \[
 (P(b-P(a))+a-P(b))(P(a+P(b-P(a)))-b)=0
 \]
 for all rational numbers $a,b$. Prove that the set $\{P(a)+P(-a):a\in\mathbb{Q}\}$
 is a finite set, and find the maximum possible number of elements
 in this set.","Let the given condition be
 \[
 (P(b-P(a))+a-P(b))(P(a+P(b-P(a)))-b)=0\quad(*)
 \]
 for all $a,b\in\mathbb{Q}$. Let $y=b-P(a)$. Then $b=y+P(a)$. Substituting
 this into $(*)$, we get
 \[
 (P(y)+a-P(y+P(a)))(P(a+P(y))-(y+P(a)))=0.
 \]
 This must hold for all $a\in\mathbb{Q}$ and all $y$ in the image
 of $b\mapsto b-P(a)$. Since $b$ can be any rational number, $y$
 can be any rational number (assuming $P(a)\in\mathbb{Q}$). Thus,
 for all $a,y\in\mathbb{Q}$, we have
 \[
 P(y+P(a))=P(y)+a\quad\text{or}\quad P(a+P(y))=y+P(a).
 \]
 Let's rewrite this by swapping variable names $a\to y$ and $y\to x$:
 For all $x,y\in\mathbb{Q}$,
 \[
 P(x+P(y))=P(x)+y\quad\text{or}\quad P(P(x)+y)=x+P(y).\quad(**)
 \]
 We want to find the maximum possible number of elements in the set
 $S=\{P(a)+P(-a):a\in\mathbb{Q}\}$. Let $g(a)=P(a)+P(-a)$. We want
 to find the maximum possible size of the image of $g$.


 We begin by providing an example of a function $P$ for which there
 are two values of $g(a)$. We take the function $P(x)=2\lfloor x\rfloor-x=\lfloor x\rfloor-\{x\}$.
 First, we show that $P$ satisfies $(**)$. Given $x,y\in\mathbb{Q}$,
 writing $f$ instead of $P$: If $\{x\}<\{y\}$, then $f(f(x)+y)=x+f(y)$.
 This is the second case of $(**)$. If $\{x\}>\{y\}$, then $f(x+f(y))=f(x)+y$.
 This is the first case of $(**)$. If $\{x\}=\{y\}$, then $f(x)+y=x+f(y)=N$
 (an integer). $f(N)=N$. So $f(x+f(y))=f(N)=N=f(x)+y$ and $f(f(x)+y)=f(N)=N=x+f(y)$.
 Both cases of $(**)$ hold. In all cases, the relation $(**)$ is
 satisfied, which is equivalent to the original condition $(*)$.


 Finally, we compute $g(a)=P(a)+P(-a)$ for this function. $g(a)=(2\lfloor a\rfloor-a)+(2\lfloor-a\rfloor-(-a))=2(\lfloor a\rfloor+\lfloor-a\rfloor)$.
 If $a$ is an integer, $\lfloor a\rfloor=a$ and $\lfloor-a\rfloor=-a$,
 so $g(a)=2(a-a)=0$. If $a$ is not an integer, $\lfloor-a\rfloor=-\lfloor a\rfloor-1$,
 so $g(a)=2(\lfloor a\rfloor-\lfloor a\rfloor-1)=-2$. The set of values
 for $g(a)$ is $\{0,-2\}$. There are two values for $g(a)$.

 Now, we prove that there cannot be more than two values of $g(a).$
 Applying $(**)$ with $y=x$ tells us that $P(x+P(x))=P(x)+x$ or
 $P(P(x)+x)=x+P(x)$. In either case, if we let $z=x+P(x)$, then $P(z)=z$.
 So
 \[
 P(x+P(x))=x+P(x)\qquad\tag{(1)}
 \]
 for all $x\in\mathbb{Q}$.


 We begin with the following lemma.


 \textbf{Lemma 1.} $P$ is a bijection, and satisfies
 \[
 P(-P(-x))=x\qquad\tag{(2)}
 \]

 \emph{Proof.} We first prove that $P$ is injective. Suppose that
 $P(x_{1})=P(x_{2})=Y$. The condition $(**)$ applied to $(x_{1},x_{2})$
 gives $P(x_{1}+P(x_{2}))=P(x_{1})+x_{2}$ or $P(P(x_{1})+x_{2})=x_{1}+P(x_{2})$.
 Substituting $P(x_{1})=P(x_{2})=Y$, this becomes $P(x_{1}+Y)=Y+x_{2}$
 or $P(Y+x_{2})=x_{1}+Y$.

 From (1), we know $P(x_{1}+P(x_{1}))=x_{1}+P(x_{1})$, i.e., $P(x_{1}+Y)=x_{1}+Y$.
 Also from (1), $P(x_{2}+P(x_{2}))=x_{2}+P(x_{2})$, i.e., $P(x_{2}+Y)=x_{2}+Y$.

 Case A: $P(x_{1}+Y)=Y+x_{2}$ holds. Using $P(x_{1}+Y)=x_{1}+Y$,
 we get $x_{1}+Y=Y+x_{2}$, which implies $x_{1}=x_{2}$.

 Case B: $P(Y+x_{2})=x_{1}+Y$ holds. Using $P(x_{2}+Y)=x_{2}+Y$,
 we get $x_{2}+Y=x_{1}+Y$, which implies $x_{1}=x_{2}$.

 In both cases, $x_{1}=x_{2}$. So $P$ is injective.


 Now, (1) with $x=0$ tells us that $P(0+P(0))=0+P(0)$, so $P(P(0))=P(0)$.
 By injectivity, $P(0)=0$.

 Let $C(x,y)$: $P(x+P(y))=P(x)+y$ or $P(P(x)+y)=x+P(y)$.

 $C(x,-P(x))$: $P(x+P(-P(x)))=P(x)-P(x)=0$ or $P(P(x)-P(x))=x+P(-P(x))$.

 Case 1: $P(x+P(-P(x)))=0$. Since $P(0)=0$ and $P$ is injective,
 $x+P(-P(x))=0$, so $P(-P(x))=-x$.

 Case 2: $P(0)=x+P(-P(x))$. Since $P(0)=0$, this gives $0=x+P(-P(x))$,
 so $P(-P(x))=-x$.

 Both options yield $P(-P(x))=-x$. Replace $x$ with $-x$: $P(-P(-x))=-(-x)=x$.
 This proves (2).


 Finally, bijectivity follows immediately from (2). $P$ is injective.
 For any $y\in\mathbb{Q}$, let $x=-P(-y)$. Then $P(x)=P(-P(-y))=y$.
 So $P$ is surjective.


 Since $P$ is bijective, it has an inverse, which we denote $P^{-1}$.
 From (2), $P(-P(-x))=x$. Let $z=-P(-x)$. Then $P(z)=x$, so $z=P^{-1}(x)$.
 Thus, $P^{-1}(x)=-P(-x)$. Rearranging gives $P(-x)=-P^{-1}(x)$.
 We have $g(x)=P(x)+P(-x)=P(x)-P^{-1}(x)$.

 Suppose $g(x)=u$ and $g(y)=v$, where $u\neq v$ are both nonzero.
 Define $x^{\prime}=P^{-1}(x)$ and $y^{\prime}=P^{-1}(y)$. By definition,
 $P(x')=x$ and $P(y')=y$. We have $g(x)=P(x)-P^{-1}(x)=P(x)-x'=u$,
 so $P(x)=x'+u$. Similarly,
 \[
 g(y)=P(y)-P^{-1}(y)=P(y)-y'=v,
 \]
 so $P(y)=y'+v$.


 Apply $(**)$ to $(x',y)$:

 \[
 P(x'+P(y))=P(x')+y\text{ or }P(P(x')+y)=x'+P(y).
 \]
 $P(x'+y'+v)=x+y$ or $P(x+y)=x'+y'+v$. (Let $A=x+y,B=x'+y'+v$. $P(B)=A$
 or $P(A)=B$.)



  Apply $(**)$ to $(x,y')$:
 \[
 P(x+P(y'))=P(x)+y'\text{ or }P(P(x)+y')=x+P(y').
 \]
 $P(x+y)=P(x)+y'=(x'+u)+y'$ or $P(x'+u+y')=x+y$. (Let $C=x'+y'+u$.
 $P(A)=C$ or $P(C)=A$.)


 We have the possibilities:

 (1a) $P(B)=A$ and (2a) $P(A)=C$.

 (1a) $P(B)=A$ and (2b) $P(C)=A$. Since $P$ is injective, $B=C$,
 so $x'+y'+v=x'+y'+u$, which implies $u=v$. Contradiction.

 (1b) $P(A)=B$ and (2a) $P(A)=C$. Since $P(A)$ must be unique, $B=C$,
 which implies $u=v$. Contradiction.

 (1b) $P(A)=B$ and (2b) $P(C)=A$.

 So we must have either ($P(B)=A$ and $P(A)=C$) or ($P(A)=B$ and
 $P(C)=A$).


 Case 1: $P(x'+y'+v)=x+y$ and $P(x+y)=x'+y'+u$.

 Case 2: $P(x+y)=x'+y'+v$ and $P(x'+y'+u)=x+y$.


 Swapping $(x,u)$ with $(y,v)$ transforms Case 1 into Case 2 structure
 and vice versa. So, without loss of generality, assume Case 2 holds:
 $P(x+y)=x'+y'+v$ and $P(x'+y'+u)=x+y$.


 Now consider $(**)$ applied to $(x+y,-x'-u)$. Let $A=x+y$ and $Z=-x'-u$.
 Using $P(-z)=-P^{-1}(z)$, we have $P(-x'-u)=-P^{-1}(x'+u)$. From
 $P(x)=x'+u$ we have $x=P^{-1}(x'+u)$. Therefore, $P(Z)=P(-x'-u)=-x$.

 Now $C(A,Z)$ gives: $P(A+P(Z))=P(A)+Z$ or $P(P(A)+Z)=A+P(Z)$. Substitute
 $A=x+y$, $Z=-x'-u$, $P(Z)=-x$. And $P(A)=P(x+y)=x'+y'+v$ (using
 Case 2).


 Option 1: $P((x+y)+(-x))=P(x+y)+(-x'-u)$. $P(y)=(x'+y'+v)-x'-u=y'+v-u$.

 Option 2: $P(P(x+y)+Z)=A+P(Z)$. $P((x'+y'+v)+(-x'-u))=(x+y)+(-x)$.
 $P(y'+v-u)=y$.


 So we have $P(y)=y'+v-u$ or $P(y'+v-u)=y$. This means $y'+v-u$
 must be either $P(y)$ or $P^{-1}(y)$. We know $P(y)=y'+v$ and $P^{-1}(y)=y'$.
 If $y'+v-u=P(y)=y'+v$, then $v-u=v$, which means $u=0$. This contradicts
 our assumption $u\neq0$. If $y'+v-u=P^{-1}(y)=y'$, then $v-u=0$,
 which means $u=v$. This contradicts our assumption $u\neq v$.


 Both possibilities lead to a contradiction. Therefore, the initial
 assumption that there exist distinct non-zero values $u,v$ for $g(x)$
 must be false. The set $S=\{g(a):a\in\mathbb{Q}\}$ can contain $g(0)=P(0)+P(0)=0$.
 It can contain at most one non-zero value $u$. Thus, the set $S$
 must be a subset of $\{0,u\}$ for some $u\in\mathbb{Q}$. The maximum
 possible number of elements in $S$ is $2$.


 Since we found an example where the set of values is $\{0,-2\}$,
 which has 2 elements, the maximum possible number of elements is exactly
 2.",Algebra,IMO-hard,(Modified) IMO 2024 P6
PB-Advanced-025,"Let $k$ and $d$ be positive integers. Prove that there exists a
 positive integer $N$ such that for every odd integer $n>N$, the
 digits in the base-$2n$ representation of $n^{k}$ are all greater
 than $d$.","The problem actually doesn't have much to do with digits: the idea
 is to pick any length $\ell\leq k$, and look at the rightmost $\ell$
 digits of $n^{k}$; that is, the remainder upon division by $(2n)^{\ell}$.
 We compute it exactly:

 Claim - Let $n\geq1$ be an odd integer, and $k\geq\ell\geq1$ integers.
 Then

 \[
 n^{k}\bmod(2n)^{l}=c(k,\ell)\cdot n^{l}
 \]

 for some odd integer $1\leq c(k,\ell)\leq2^{\ell}-1$.

 Proof. This follows directly by the Chinese remainder theorem, with
 $c(k,\ell)$ being the residue class of $n^{k-i}\left(\bmod2^{\ell}\right)$
 since $n$ is odd. In particular, for the $\ell$ th digit from the
 right to be greater than $d$, it would be enough that
 \[
 c(k,\ell)\cdot n^{\ell}\geq(d+1)\cdot(2n)^{\ell-1}
 \]
 But this inequality holds whenever $n\geq(d+1)\cdot2^{\ell-1}$.

 Putting this together by varying $\ell$, we find that for all odd

 \[
 n\geq(d+1)\cdot2^{k-1}
 \]

 we have that
 \begin{itemize}
 \item $n^{k}$ has $k$ digits in base- $2n$; and
 \item for each $\ell=1,\ldots,k$, the $\ell^{\text{th }}$ digit from the
 right is at least $d+1$

  so the problem is solved.

  Remark. Note it doesn't really matter that $c(k,i)$ is odd per se;
 we only need that $c(k,i)\geq1$.
 \end{itemize}",Number theory,IMO-easy,USAMO 2025
PB-Advanced-026,"Let $n$ and $k$ be positive integers with $k<n$. Let $P(x)$ be
 a polynomial of degree $n$ with real coefficients, nonzero constant
 term, and no repeated roots. Suppose that for any real numbers $a_{0},a_{1},\dots,a_{k}$
 such that the polynomial $a_{k}x^{k}+\dots+a_{1}x+a_{0}$ divides
 $P(x)$, the product $a_{0}a_{1}\dots a_{k}$ is zero. Prove that
 $P(x)$ has a non-real root.","Let $n>k\geq1$ be integers. Let $P(x)\in\mathbb{R}[x]$ be a polynomial
 of degree $n$ with no repeated roots and $P(0)\neq0$. Suppose that
 for any real numbers $a_{0},\ldots,a_{k}$ such that the polynomial
 $a_{k}x^{k}+\cdots+a_{1}x+a_{0}$ divides $P(x)$, the product $a_{0}a_{1}\ldots a_{k}$
 is zero. Prove that $P(x)$ has a non-real root.


 By considering any $k+1$ of the roots of $P$, we may as well assume
 WLOG that $n=k+1$. Suppose that $P(x)=\left(x+r_{1}\right)\ldots\left(x+r_{n}\right)\in\mathbb{R}[x]$
 has $P(0)\neq0$. Then the problem hypothesis is that each of the
 $n$ polynomials (of degree $n-1$ ) given by

 \[
 \begin{aligned}P_{1}(x) & =\left(x+r_{2}\right)\left(x+r_{3}\right)\left(x+r_{4}\right)\ldots\left(x+r_{n}\right)

 P_{2}(x) & =\left(x+r_{1}\right)\left(x+r_{3}\right)\left(x+r_{4}\right)\ldots\left(x+r_{n}\right)

 P_{3}(x) & =\left(x+r_{1}\right)\left(x+r_{2}\right)\left(x+r_{4}\right)\ldots\left(x+r_{n}\right)

  & \vdots

 P_{n}(x) & =\left(x+r_{1}\right)\left(x+r_{2}\right)\left(x+r_{3}\right)\ldots\left(x+r_{n-1}\right)
 \end{aligned}
 \]

 has at least one coefficient equal to zero. (Explicitly, $P_{i}(x)=\frac{P(x)}{x+r_{i}}$.)
 We'll prove that at least one $r_{i}$ is not real.


 Obviously the leading and constant coefficients of each $P_{i}$ are
 nonzero, and there are $n-2$ other coefficients to choose between.
 So by pigeonhole principle, we may assume, say, that $P_{1}$ and
 $P_{2}$ share the position of a zero coefficient, say the $x^{k}$
 one, for some $1\leq k<n-1$.


 \textbf{Claim 1. }If $P_{1}$ and $P_{2}$ both have $x^{k}$ coefficient
 equal to zero, then the polynomial

 \[
 Q(x)=\left(x+r_{3}\right)\left(x+r_{4}\right)\ldots\left(x+r_{n}\right)
 \]

 has two consecutive zero coefficients.


 \emph{Proof.} Suppose that

 \[
 Q(x)=x^{n-2}+b_{n-3}x^{n-3}+\cdots+b_{0}.
 \]

 (And let $b_{n-2}=1$. ) Then the fact that the $x^{k}$ coefficient
 of $P_{1}$ and $P_{2}$ are both zero means

 \[
 r_{1}b_{k}+b_{k-1}=r_{2}b_{k}+b_{k-1}=0
 \]

 and hence that $b_{k}=b_{k-1}=0$ (since the $r_{i}$ are distinct).



  To solve the problem, it suffices to prove:


 \textbf{Claim 2.} If $F(x)\in\mathbb{R}[x]$ is a polynomial with
 two consecutive zero coefficients, it cannot have all distinct real
 roots.


 \emph{Proof. }Say $x^{t}$ and $x^{t+1}$ coefficients of $F$ are
 both zero. Assume for contradiction all the roots of $F$ are real
 and distinct. Then by Rolle's theorem, every higher-order derivative
 of $F$ should have this property too. However, the $t$th order derivative
 of $F$ has a double root of $0$, contradiction.",Algebra,IMO-medium,USAMO 2025
PB-Advanced-027,"Alice the architect and Bob the builder play a game. First, Alice
 chooses two points $P$ and $Q$ in the plane and a subset $S$ of
 the plane, which are announced to Bob. Next, Bob marks infinitely
 many points in the plane, designating each a city. He may not place
 two cities within distance at most one unit of each other, and no
 three cities he places may be collinear. Finally, roads are constructed
 between the cities as follows: for each pair $A,B$ of cities, they
 are connected with a road along the line segment $AB$ if and only
 if the following condition holds: For every city $C$ distinct from
 $A$ and $B$, there exists $R\in S$ such that $\triangle PQR$ is
 directly similar to either $\triangle ABC$ or $\triangle BAC$. Alice
 wins the game if

 \noindent (i) the resulting roads allow for travel between any pair
 of cities via a finite sequence of roads and

 \noindent (ii) no two roads cross.

 \noindent Otherwise, Bob wins. Determine, with proof, which player
 has a winning strategy. (Note: $\triangle UVW$ is directly similar
 to $\triangle XYZ$ if there exists a sequence of rotations, translations,
 and dilations sending $U$ to $X$, $V$ to $Y$, and $W$ to $Z$.)","The answer is that Alice wins. Let's define a Bob-set $V$ to be
 a set of points in the plane with no three collinear and with all
 distances at least 1 . The point of the problem is to prove the following
 fact.

 Claim - Given a Bob-set $V\subseteq\mathbb{R}^{2}$, consider the
 Bob-graph with vertex set $V$ defined as follows: draw edge $ab$
 if and only if the disk with diameter $\overline{ab}$ contains no
 other points of $V$ on or inside it. Then the Bob-graph is connected
 and planar.

 Proving this claim shows that Alice wins since Alice can specify $\mathcal{S}$
 to be the set of points outside the disk of diameter $PQ$.

 We start with proving that every Bob-graph is connected. Assume for
 contradiction the graph is disconnected. Let $p$ and $q$ be two
 points in different connected components. Since $pq$ is not an edge,
 there exists a third point $r$ inside the disk with diameter $\overline{pq}$.

 Hence, $r$ is in a different connected component from at least one
 of $p$ or $q$ - let's say point $p$. Then we repeat the same argument
 on the disk with diameter $\overline{pr}$ to find a new point $s$,
 non-adjacent to either $p$ or $r$. See the figure below, where the
 X'ed out dashed edges indicate points which are not only non-adjacent
 but in different connected components.

 In this way we generate an infinite sequence of distances $\delta_{1},\delta_{2},\delta_{3},\ldots$
 among the non-edges in the picture above. By the ""Pythagorean theorem""
 (or really the inequality for it), we have

 \[
 \delta_{i}^{2}\leq\delta_{i-1}^{2}-1
 \]

 and this eventually generates a contradiction for large $i$, since
 we get $0\leq\delta_{i}^{2}\leq\delta_{1}^{2}-(i-$ $1)$.

 Now we prove that every Bob-graph is planar. Assume for contradiction
 that edges $ac$ and $bd$ meet, meaning $abcd$ is a convex quadrilateral.
 WLOG assume $\angle bad\geq90^{\circ}$ (each quadrilateral has an
 angle at least $90^{\circ}$ ). Then the disk with diameter $\overline{bd}$
 contains $a$, contradiction.",Combinatorics,IMO-hard,USAMO 2025
PB-Advanced-028,"Let $H$ be the orthocenter of acute triangle $ABC$, let $F$ be
 the foot of the altitude from $C$ to $AB$, and let $P$ be the reflection
 of $H$ across $BC$. Suppose that the circumcircle of triangle $AFP$
 intersects line $BC$ at two distinct points $X$ and $Y$. Prove
 that $C$ is the midpoint of $XY$.","Let $Q$ be the antipode of $B$ in the circumcircle of $ABC$.


 \textbf{Claim.} $AHQC$ is a parallelogram, and $APCQ$ is an isosceles
 trapezoid.



  \emph{Proof.} The claim follows from $\overline{AH}\perp\overline{BC}\perp\overline{CQ}$
 and $\overline{CF}\perp\overline{AB}\perp\overline{AQ}$.


 Let $M$ be the midpoint of $\overline{QC}$.


 \textbf{Claim.} Point $M$ is the circumcenter of $\triangle AFP$.


 \emph{Proof.} It's clear that $MA=MP$ from the isosceles trapezoid
 $APCQ$. As for $MA=MF$, let $N$ denote the midpoint of $\overline{AF}$;
 then $\overline{MN}$ is a midline of the parallelogram, so $\overline{MN}\perp\overline{AF}$.


 Since $\overline{CM}\perp\overline{BC}$ and $M$ is the center of
 $(AFP)$, it follows $CX=CY$.",Geometry,IMO-easy,USAMO 2025
PB-Advanced-029,"Determine, with proof, all positive integers $k$ such that
 \[
 \frac{1}{n+1}\sum_{i=0}^{n}\binom{n}{i}^{k}
 \]
 is an integer for every positive integer $n$.","The answer is all even $k$. Let's abbreviate $S(n):=\binom{n}{0}^{k}+\cdots+\binom{n}{n}^{k}$
 for the sum in the problem.


 \textbf{Proof that even $k$ is necessary.}

  Choose $n=2$. We need $3\mid S(2)=2+2^{k}$, which requires $k$
 to be even.


 \textbf{Proof that even $k$ is sufficient. }

 From now on we treat $k$ as fixed, and we let $p^{e}$ be a prime
 fully dividing $n+1$. It is sufficient to prove that $S(n)$ is a
 multiple of $p^{e}$ for each such $p^{e}$. The basic idea is to
 reduce from $n+1$ to $(n+1)/p$ by an induction. We prove the following
 lemma on each individual binomial coefficient.


 \textbf{Lemma. }Suppose $p^{e}$ is a prime power which fully divides
 $n+1$. Then

 \[
 \binom{n}{i}\equiv\pm\binom{\frac{n+1}{p}-1}{\lfloor i/p\rfloor}\quad\left(\bmod p^{e}\right)
 \]

 \emph{Proof.} If we write
 \[
 \binom{n}{i}=\prod_{1\leq j\leq i}\frac{n-(j-1)}{j}
 \]

 then the fractions for $p\nmid j$ are all $\pm1\left(\bmod p^{e}\right)$.
 So only considers those $j$ with $p\mid j$; in that case one obtains
 the claimed $\binom{\frac{n+1}{p}-1}{\lfloor i/p\rfloor}$ exactly
 (even without having to take modulo $p^{e}$).


 From the lemma, it follows if $p^{e}$ is a prime power which fully
 divides $n+1$, then
 \[
 S(n)\equiv p\cdot S\left(\frac{n+1}{p}-1\right)\quad\left(\bmod p^{e}\right)
 \]

 by grouping the $n+1$ terms (for $0\leq i\leq n$ ) into consecutive
 ranges of length $p$ (by the value of $\lfloor i/p\rfloor$ ) and
 the result follows by induction.",Number theory,IMO-medium,USAMO 2025
PB-Advanced-030,"Let $m$ and $n$ be positive integers with $m\ge n$. There are
 $m$ cupcakes of different flavors arranged around a circle and $n$
 people who like cupcakes. Each person assigns a non-negative real
 number score to each cupcake, depending on how much they like the
 cupcake. Suppose that for each person $P$, it is possible to partition
 the circle of $m$ cupcakes into $n$ groups of consecutive cupcakes
 so that the sum of $P$'s scores of the cupcakes in each group is
 at least $1$. Prove that it is possible to distribute the $m$ cupcakes
 to the $n$ people so that each person $P$ receives cupcakes of total
 score at least $1$ with respect to $P$.","Arbitrarily pick any one person - call her Pip - and her $n$ arcs.
 The initial idea is to try to apply Hall's marriage lemma to match
 the $n$ people with Pip's arcs (such that each such person is happy
 with their matched arc). To that end, construct the obvious bipartite
 graph $\mathfrak{G}$ between the people and the arcs for Pip.

 We now consider the following algorithm, which takes several steps.
 \begin{itemize}
 \item If a perfect matching of $\mathfrak{G}$ exists, we're done!
 \item We're probably not that lucky. Per Hall's condition, this means there
 is a bad set $\mathcal{B}_{1}$ of people, who are compatible with
 fewer than $\left|\mathcal{B}_{1}\right|$ of the arcs. Then delete
 $\mathcal{B}_{1}$ and the neighbors of $\mathcal{B}_{1}$, then try
 to find a matching on the remaining graph.
 \item If a matching exists now, terminate the algorithm. Otherwise, that
 means there's another bad set $\mathcal{B}_{2}$ for the remaining
 graph. We again delete $\mathcal{B}_{2}$ and the fewer than $\mathcal{B}_{2}$
 neighbors.
 \item Repeat until some perfect matching $\mathcal{M}$ is possible in the
 remaining graph, i.e. there are no more bad sets (and then terminate
 once that occurs).
 \end{itemize}
 Since Pip is a universal vertex, it's impossible to delete Pip, so
 the algorithm does indeed terminate with nonempty $\mathcal{M}$.

 We commit to assigning each of person in $\mathcal{M}$ their matched
 arc (in particular if there are no bad sets at all, the problem is
 already solved). Now we finish the problem by induction on $n$ (for
 the remaining people) by simply deleting the arcs used up by $\mathcal{M}$.

 To see why this deletion-induction works, consider any particular
 person Quinn not in $\mathcal{M}$. By definition, Quinn is not happy
 with any of the $\operatorname{arcs}$ in $\mathcal{M}$. So when
 an $\operatorname{arc}\mathcal{A}$ of $\mathcal{M}$ is deleted,
 it had value less than 1 for Quinn so in particular it couldn't contain
 entirely any of Quinn's arcs. Hence at most one endpoint among Quinn's
 arcs was in the deleted $\operatorname{arc}\mathcal{A}$. When this
 happens, this causes two arcs of Quinn to merge, and the merged value
 is

 \[
 (\geq1)+(\geq1)-(\leq1)\quad\geq1
 \]

 meaning the induction is OK.",Combinatorics,IMO-hard,USAMO 2025
