problem_id,category,level,source,problem_text,ground_truth
erdos-397,Number Theory,Independent Rediscovery,erdos-reduced,"Are there only finitely many solutions to\[\prod_i \binom{2m_i}{m_i}=\prod_j \binom{2n_j}{n_j}\]with the $m_i,n_j$ distinct?","The answer to the question of whether such solutions are finite is \textbf{No}; there are infinitely many solutions.

\begin{theorem}
There exist infinitely many distinct pairs of disjoint finite sets of positive integers $(A, B)$ such that
\[ \prod_{m \in A} \binom{2m}{m} = \prod_{n \in B} \binom{2n}{n}. \]
\end{theorem}

\begin{proof}
Let $C_k = \binom{2k}{k}$ denote the $k$-th central binomial coefficient. To prove the existence of infinitely many solutions, we will explicitly construct an infinite family of disjoint sets satisfying the required product identity.

For every integer $k \ge 3$, define the sets $A_k$ and $B_k$ as follows:
\begin{align*}
A_k &= \{k, \, 2k-2, \, 8k^2-8k+2\} \\
B_k &= \{k-1, \, 2k, \, 8k^2-8k+1\}
\end{align*}

We assert two properties for all $k \ge 3$:
\begin{enumerate}
    \item \textbf{Disjointness and Distinctness:} The sets $A_k$ and $B_k$ consist of strictly positive distinct integers and are disjoint.
    \item \textbf{Product Equality:} The product of central binomial coefficients indexed by $A_k$ equals the product of those indexed by $B_k$.
\end{enumerate}

Since the largest element of these sets, $8k^2-8k+2$, is strictly increasing for $k \ge 3$, each $k$ generates a unique solution pair. Thus, establishing these properties proves the theorem.

\subsection*{1. Proof of Distinctness and Disjointness}

We verify that all six indices appearing in $A_k \cup B_k$ are distinct integers. Let us order the elements by magnitude. We claim:
\[ k-1 < k < 2k-2 < 2k < 8k^2-8k+1 < 8k^2-8k+2. \]
Proof of the inequalities for $k \ge 3$:
\begin{enumerate}
    \item $k-1 < k$: Trivial.
    \item $k < 2k-2$: Rearranging gives $2 < k$, which is true by assumption.
    \item $2k-2 < 2k$: Trivial.
    \item $2k < 8k^2-8k+1$: This is equivalent to $8k^2-10k+1 > 0$. The roots of $8x^2-10x+1=0$ are $x = \frac{5 \pm \sqrt{17}}{8}$. Since $\frac{5+\sqrt{17}}{8} \approx 1.14$, the quadratic is positive for all $k \ge 2$.
    \item $8k^2-8k+1 < 8k^2-8k+2$: Trivial.
\end{enumerate}

Also, since $k \ge 3$, the smallest element $k-1 \ge 2$, ensuring all elements are positive integers. Because all elements in the union $A_k \cup B_k$ are distinct, the sets must be disjoint ($A_k \cap B_k = \emptyset$).

\subsection*{2. Proof of the Identity}

The condition $\prod_{m \in A_k} C_m = \prod_{n \in B_k} C_n$ holds if and only if the product of the ratios is $1$. Rearranging terms, we verify:
\[ \left(\frac{C_k}{C_{k-1}}\right) \cdot \left(\frac{C_{2k-2}}{C_{2k}}\right) \cdot \left(\frac{C_{8k^2-8k+2}}{C_{8k^2-8k+1}}\right) = 1. \]
Recall the ratio formula for consecutive central binomial coefficients:
\[ \frac{C_x}{C_{x-1}} = \frac{(2x)!}{(x!)^2} \cdot \frac{((x-1)!)^2}{(2x-2)!} = \frac{2x(2x-1)}{x^2} = \frac{2(2x-1)}{x}. \]

\textbf{Factor 1:} Let $x=k$.
\[ F_1 = \frac{C_k}{C_{k-1}} = \frac{2(2k-1)}{k}. \]

\textbf{Factor 2:} We compute $\frac{C_{2k-2}}{C_{2k}}$ as the reciprocal of the product of two consecutive steps.
\[ \frac{C_{2k}}{C_{2k-2}} = \frac{C_{2k}}{C_{2k-1}} \cdot \frac{C_{2k-1}}{C_{2k-2}} = \left(\frac{2(4k-1)}{2k}\right) \left(\frac{2(4k-3)}{2k-1}\right) = \frac{2(4k-1)(4k-3)}{k(2k-1)}. \]
Inverting this gives:
\[ F_2 = \frac{k(2k-1)}{2(4k-1)(4k-3)}. \]

\textbf{Factor 3:} Let $N = 8k^2-8k+2 = 2(2k-1)^2$. The ratio is:
\[ F_3 = \frac{2(2N-1)}{N} = \frac{2(2(2(2k-1)^2)-1)}{2(2k-1)^2} = \frac{4(2k-1)^2 - 1}{(2k-1)^2}. \]
Using the difference of squares $a^2-b^2 = (a-b)(a+b)$ where $a=2(2k-1)$:
\[ F_3 = \frac{(2(2k-1)-1)(2(2k-1)+1)}{(2k-1)^2} = \frac{(4k-3)(4k-1)}{(2k-1)^2}. \]

\textbf{Verification of Product:}
\[ \text{Product} = \left( \frac{2(2k-1)}{k} \right) \cdot \left( \frac{k(2k-1)}{2(4k-1)(4k-3)} \right) \cdot \left( \frac{(4k-1)(4k-3)}{(2k-1)^2} \right) = \frac{2k(2k-1)^2(4k-1)(4k-3)}{2k(2k-1)^2(4k-1)(4k-3)} = 1. \]
\end{proof}

\subsection*{Example ($k=3$)}
For $k=3$: $A_3 = \{3, 4, 50\}$ and $B_3 = \{2, 6, 49\}$.
\begin{align*}
\prod_{m \in A_3} \binom{2m}{m} &= \binom{6}{3} \binom{8}{4} \binom{100}{50} = 20 \cdot 70 \cdot \binom{100}{50} = 1400 \binom{100}{50}. \\
\prod_{n \in B_3} \binom{2n}{n} &= \binom{4}{2} \binom{12}{6} \binom{98}{49} = 6 \cdot 924 \cdot \binom{98}{49} = 5544 \binom{98}{49}.
\end{align*}
The ratio $\frac{1400 \binom{100}{50}}{5544 \binom{98}{49}} = \frac{1400}{5544} \cdot \frac{2(99)}{50} = \frac{28 \cdot 198}{5544} = \frac{5544}{5544} = 1$."
erdos-333,Additive Number Theory,Literature Identification,erdos-aletheia(renamed),"Let $A\subseteq \mathbb{N}$ be a set of density zero. Does there exist a basis $B$ such that $A\subseteq B+B$ and\[\lvert B\cap \{1,\ldots,N\}\rvert =o(N^{1/2})\]for all large $N$?","Let $A$ be a subset of the natural numbers $\N$. A set $B \subseteq \Nzero$ is called a \textit{basis} for $A$ if every element of $A$ can be expressed as the sum of two elements of $B$. That is,
\[
A \subseteq B+B = \{ b_1 + b_2 : b_1, b_2 \in B \}.
\]
A classic result in additive combinatorics states that if $A = \N$, the counting function $B(N) = |B \cap \{1, \ldots, N\}|$ must satisfy $B(N) \ge \sqrt{N}$. A natural question, appearing as Problem 333 in Erdős and Graham \cite{ErdosGraham}, is whether ""thin"" sets (those with asymptotic density zero) always possess sparse bases.

\begin{theorem} \label{thm:main}
There exists a set $A \subseteq \N$ of asymptotic density zero such that for every basis $B \subseteq \Nzero$ of $A$, the counting function $B(N)$ satisfies
\[
\limsup_{N \to \infty} \frac{B(N)}{\sqrt{N}} > 0.
\]
In particular, no basis for $A$ satisfies $B(N) = o(N^{1/2})$.
\end{theorem}

\section{Construction of the Set $A$}

Define a sequence of integers $N_k = 4^k$ for $k \ge 1$. Let $\{I_k\}_{k=1}^\infty$ be a sequence of disjoint intervals:
\[
I_k = \{ n \in \N : \frac{N_k}{2} < n \le N_k \}.
\]
Fix $\lambda = 0.1$. Let $\mathcal{F}_k$ be the collection of all subsets $S \subseteq \{0, 1, \ldots, N_k\}$ with $|S| \le \lambda \sqrt{N_k}$. Let $L_k = \lfloor \sqrt{N_k} \ln N_k \rfloor$.

\begin{lemma} \label{lemma:prob_existence}
There exists an integer $K$ such that for all $k \ge K$, there exists a set $A_k \subseteq I_k$ satisfying $|A_k| \le L_k$ and $A_k \not\subseteq S+S$ for all $S \in \mathcal{F}_k$.
\end{lemma}

\begin{proof}
Let $k$ be fixed and $m = \lfloor \lambda \sqrt{N_k} \rfloor$. The size of the family is bounded by:
\[
|\mathcal{F}_k| = \sum_{j=0}^m \binom{N_k+1}{j} \le (m+1) \left( \frac{e(N_k+1)}{m} \right)^m.
\]
Taking logarithms, we find $\ln |\mathcal{F}_k| \le \frac{\lambda}{2} \sqrt{N_k} \ln N_k + O(\sqrt{N_k})$.

For any $S \in \mathcal{F}_k$, the sumset $S+S$ has size at most $\binom{m+1}{2} \approx \frac{\lambda^2 N_k}{2}$. The probability $p$ that a random element $x \in I_k$ falls in $S+S$ is $p = \frac{|(S+S) \cap I_k|}{|I_k|} \le \lambda^2 (1 + o(1))$.

The probability that a random multiset $X$ of size $L_k$ is covered by some $S+S$ is bounded by the union bound:
\[
P_{\text{fail}} \le |\mathcal{F}_k| p^{L_k} \implies \ln P_{\text{fail}} \le \sqrt{N_k} \ln N_k \left( \frac{\lambda}{2} + 2 \ln \lambda \right) + o(\sqrt{N_k} \ln N_k).
\]
With $\lambda = 0.1$, the term in parentheses is approximately $-4.55$, so $P_{\text{fail}} \to 0$. Thus, a suitable $A_k$ exists for large $k$.
\end{proof}

We define our counterexample as $A = \bigcup_{k=K}^{\infty} A_k$.

\section{Density and Basis Growth}

\subsection{Asymptotic Density}
Since $|A_k| \le \sqrt{N_k} \ln N_k$, the cumulative size $|A \cap [1, x]|$ is dominated by the largest $N_k \le x$.
\[
\frac{|A \cap [1, x]|}{x} \le \frac{\sum_{j=K}^k (2 \ln 2) j 2^j}{2^{2k}} \approx \frac{k 2^k}{2^{2k}} = \frac{k}{2^k} \to 0.
\]
Thus, $d(A) = 0$.

\subsection{Proof of the Main Result}
Assume $B$ is a basis for $A$ with $B(N) = o(\sqrt{N})$. For large $k$, let $S^* = B \cap [0, N_k]$. Then $|S^*| \le B(N_k) + 1$. Since $B(N_k) = o(\sqrt{N_k})$, for sufficiently large $k$ we must have $|S^*| < \lambda \sqrt{N_k}$, meaning $S^* \in \mathcal{F}_k$.

Since $A_k \subseteq A$ and $A \subseteq B+B$, any $a \in A_k$ must satisfy $a = b_1 + b_2$ for $b_1, b_2 \in B$. Since $a \le N_k$ and $b_i \ge 0$, it follows $b_i \in [0, N_k]$, so $b_1, b_2 \in S^*$. This implies $A_k \subseteq S^* + S^*$, which contradicts the construction of $A_k$ in Lemma \ref{lemma:prob_existence}.

Therefore, $B(N) \neq o(\sqrt{N})$.

\begin{thebibliography}{9}
\bibitem{ErdosGraham}
P. Erdős and R. L. Graham, \textit{Old and New Problems and Results in Combinatorial Number Theory}, Monographies de L'Enseignement Mathématique, Vol. 28, Geneva, 1980.
\bibitem{ErdosNewman}
P. Erdős and D. J. Newman, \textit{Bases for sets of integers}, Journal of Number Theory \textbf{9} (1977), 420--425.
\end{thebibliography}"
erdos-654,Discrete Geometry,Negligible Novelty,erdos-reduced,"Let $x_1,\ldots,x_n\in \mathbb{R}^2$ with no four points on a circle. Must there exist some $x_i$ with at least $(1-o(1))n$ distinct distances to other $x_i$?","Let $S$ be a set of $n$ points in the Euclidean plane $\mathbb{R}^2$. The set $S$ is said to have \textit{no four points on a circle} if the intersection of $S$ with any Euclidean circle contains at most three points. The problem asks whether this condition forces the existence of at least one point $x \in S$ such that the number of distinct distances from $x$ to $S \setminus \{x\}$, denoted $|\mathcal{D}(x)|$, satisfies $|\mathcal{D}(x)| \ge (1-o(1))n$.

We prove that this assertion is false. We construct a family of point sets where every point determines at most roughly $\frac{3}{4}n$ distinct distances.

\section{Construction}

Let $m \ge 10$ be an integer, and let $n = 4m$. Define the index set $K = \{10, 11, \dots, m+9\}$.
We define two sets of points $P$ and $Q$ located on the $y$-axis and $x$-axis, respectively:
\[
P = \left\{ (0, y) \in \mathbb{R}^2 \;\middle|\; y \in \{ 3^k, -3^k : k \in K \} \right\},
\]
\[
Q = \left\{ (x, 0) \in \mathbb{R}^2 \;\middle|\; x \in \{ 2^j, -2^j : j \in K \} \right\}.
\]
Let $S = P \cup Q$.
Since all coordinates are non-zero (powers of primes are positive), neither set contains the origin. Thus $P \cap Q = \emptyset$.
The size of each subset is $2|K| = 2m$. The total size of $S$ is $4m = n$.

\section{Geometric Verification}

We interpret ``circle'' in the standard Euclidean sense (a locus of points equidistant from a center). Note that in $\mathbb{R}^2$, a straight line is not a circle.

\begin{theorem}
No four points of $S$ lie on a circle.
\end{theorem}

\begin{proof}
A Euclidean circle intersects a straight line in at most two points. Since $P$ lies on the line $x=0$ and $Q$ lies on the line $y=0$, any circle can contain at most two points from $P$ and at most two points from $Q$.
Consequently, for a circle to contain four points of $S$, it must contain exactly two points from $P$ and exactly two points from $Q$.

Suppose such a circle $\mathcal{C}$ exists. Let the points in $P \cap \mathcal{C}$ be $(0, y_1)$ and $(0, y_2)$, and the points in $Q \cap \mathcal{C}$ be $(x_1, 0)$ and $(x_2, 0)$.
The chords formed by these pairs intersect at the origin $(0,0)$. By the Power of a Point Theorem, the product of the signed lengths of the segments from the intersection point must be equal. In terms of coordinates, this implies:
\[
y_1 y_2 = x_1 x_2.
\]
Taking absolute values yields:
\[
|y_1| |y_2| = |x_1| |x_2|.
\]
By construction, $|y_i| = 3^{k_i}$ and $|x_i| = 2^{j_i}$ for some $k_i, j_i \in K$. Substituting these forms:
\[
3^{k_1} \cdot 3^{k_2} = 2^{j_1} \cdot 2^{j_2} \implies 3^{k_1 + k_2} = 2^{j_1 + j_2}.
\]
By the Fundamental Theorem of Arithmetic, a power of 3 equals a power of 2 if and only if both exponents are zero. However, since $k, j \ge 10$, the sums of exponents satisfy $k_1+k_2 \ge 20$ and $j_1+j_2 \ge 20$. Thus, equality is impossible.

This contradiction implies that no circle passes through two points of $P$ and two points of $Q$. Since any other combination of four points involves at least three collinear points (which cannot lie on a circle), we conclude that no four points of $S$ lie on a circle.
\end{proof}

\section{Upper Bound on Distinct Distances}

We establish that every point determines fewer than $\frac{3}{4}n$ distinct distances.

\begin{lemma}
For any $u \in S$, distances from $u$ to points on the same axis are integers, while distances to points on the orthogonal axis are irrational. Thus, the set of distances to $P$ and the set of distances to $Q$ are disjoint.
\end{lemma}

\begin{proof}
We consider two cases based on the location of $u$.

\paragraph{Case 1: $u \in P$.}
Let $u = (0, Y)$ with $|Y| = 3^{k_0}$ ($k_0 \ge 10$).
Distances to other points $v \in P$ correspond to distances between $(0, Y)$ and $(0, y)$, which are $|Y-y|$. Since coordinates are integers, these distances are integers.
Distances to points $w = (x, 0) \in Q$ are given by $\sqrt{Y^2 + x^2}$.
Suppose such a distance is an integer $z$. Then $z^2 - Y^2 = x^2$, which implies:
\[
z^2 - 3^{2k_0} = 2^{2j}.
\]
Factoring the difference of squares, $(z-3^{k_0})(z+3^{k_0}) = 2^{2j}$. The factors must be powers of 2, say $2^a$ and $2^b$, with $a < b$. The difference between factors is:
\[
(z+3^{k_0}) - (z-3^{k_0}) = 2 \cdot 3^{k_0} = 2^b - 2^a = 2^a(2^{b-a} - 1).
\]
Since $3^{k_0}$ is odd, comparing the powers of 2 gives $2^a = 2 \implies a=1$.
The remaining factor yields $3^{k_0} = 2^{b-1} - 1$.
Taking modulo 3: $0 \equiv 2^{b-1} - 1 \pmod 3$, implying $2^{b-1} \equiv 1 \pmod 3$. Thus $b-1$ is even; let $b-1 = 2t$.
Then $3^{k_0} = 2^{2t} - 1 = (2^t - 1)(2^t + 1)$.
Since the product is a power of 3, both factors are powers of 3. Their difference is $(2^t+1) - (2^t-1) = 2$.
The only powers of 3 differing by 2 are 1 and 3. Thus $2^t-1 = 1 \implies t=1$.
Substituting $t=1$ gives $3^{k_0} = 3 \implies k_0 = 1$.
However, by construction $k_0 \ge 10$. Thus, no integer solution exists.

\paragraph{Case 2: $u \in Q$.}
Let $u = (X, 0)$ with $|X| = 2^{j_0}$ ($j_0 \ge 10$).
Distances to points in $Q$ are integers $|X-x|$.
Distances to points in $P$ are $\sqrt{X^2 + y^2}$.
Assume an integer distance $z$. Then $z^2 - 2^{2j_0} = 3^{2k}$.
Factorizing: $(z-2^{j_0})(z+2^{j_0}) = 3^{2k}$.
Let factors be $3^a$ and $3^b$ ($a < b$). Difference:
\[
2 \cdot 2^{j_0} = 3^b - 3^a = 3^a(3^{b-a}-1).
\]
Since 2 is coprime to 3, $a=0$.
Then $2^{j_0+1} = 3^b - 1$.
Consider modulo 4: $0 \equiv 3^b - 1 \implies 3^b \equiv 1 \pmod 4$. Thus $b$ is even; let $b=2s$.
Then $2^{j_0+1} = (3^s-1)(3^s+1)$.
The factors are powers of 2 differing by 2.
Thus $3^s-1 = 2 \implies s=1$.
This implies $2^{j_0+1} = 3^2-1 = 8$, so $j_0+1=3 \implies j_0=2$.
But $j_0 \ge 10$. Thus, no integer solution exists.

In both cases, distances to the orthogonal axis are purely irrational, while distances along the resident axis are integers. Thus, the sets are disjoint.
\end{proof}

\begin{theorem}
For every point $u \in S$, $|\mathcal{D}(u)| < \frac{3}{4}n$.
\end{theorem}

\begin{proof}
Assume without loss of generality that $u \in P$.
By the Lemma, $|\mathcal{D}(u)| = |\mathcal{D}_P| + |\mathcal{D}_Q|$.
\begin{enumerate}
    \item \textbf{Bound for $\mathcal{D}_Q$:}
    The distances are $\{\sqrt{Y^2 + 4^j} \mid j \in K\}$. Since the function $f(j) = Y^2 + 4^j$ is strictly monotonic, there are exactly $|K| = m$ distinct values.
    \[ |\mathcal{D}_Q| = m. \]
    \item \textbf{Bound for $\mathcal{D}_P$:}
    Since $u \in P$, there are $|P|-1 = 2m-1$ other points in $P$. The number of distinct distances cannot exceed the number of target points.
    \[ |\mathcal{D}_P| \le 2m-1. \]
\end{enumerate}
Combining these:
\[
|\mathcal{D}(u)| \le m + (2m-1) = 3m - 1.
\]
Recalling $n = 4m$, we have $3m = \frac{3}{4}n$. Thus:
\[
|\mathcal{D}(u)| \le \frac{3}{4}n - 1 < \frac{3}{4}n.
\]
By symmetry, the same bound applies if $u \in Q$.
\end{proof}

\section{Conclusion}

Since $\frac{3}{4}n < (1-\epsilon)n$ for any $\epsilon \in (0, 0.25)$, our construction demonstrates that a set with no four points on a circle need not contain any point with $(1-o(1))n$ distinct distances.

\begin{remark}[General Position]
The set $S$ contains collinear points. However, if one requires the set to be in \textit{general position} (no three collinear), the answer remains negative. Dumitrescu \cite{Dumitrescu2008} established the existence of sets of $N$ points in general position with no four concyclic points such that the sum of distinct distances determined by all points is $O(N^2 / \sqrt{\log N})$. By the pigeonhole principle, or by extracting a suitable subset, one can find a set satisfying these strict conditions where \textit{every} point determines $o(N)$ distinct distances. While our explicit construction suffices to disprove the claim in the problem statement, this result illustrates that the non-existence holds even under stronger constraints.
\end{remark}

\begin{thebibliography}{9}
\bibitem{Dumitrescu2008} A. Dumitrescu, ``Planar point sets with forbidden 4-point patterns and few distinct distances,'' \textit{Discrete Mathematics}, vol. 308, no. 23, pp. 5598--5603, 2008.
\bibitem{Mihailescu2004} P. Mih\u{a}ilescu, ``Primary Cyclotomic Units and a Proof of Catalan's Conjecture,'' \textit{Journal f\""{u}r die reine und angewandte Mathematik}, vol. 572, pp. 167--195, 2004.
\end{thebibliography}"
erdos-659,Combinatorics,Negligible Novelty,combined-benchmarks,"Is there a set of $n$ points in $\mathbb{R}^2$ such that every subset of $4$ points determines at least $3$ distances, yet the total number of distinct distances is\[\ll \frac{n}{\sqrt{\log n}}?\]","\documentclass[11pt, reqno]{amsart} % Packages \usepackage{amsmath, amssymb, amsthm} \usepackage{geometry} \usepackage{enumitem} \usepackage{graphicx} \usepackage{lineno} \usepackage{hyperref} % Hyperref should generally be loaded last % Theorem Styles \newtheorem{theorem}{Theorem} \newtheorem{lemma}[theorem]{Lemma} \newtheorem{corollary}[theorem]{Corollary} \theoremstyle{definition} \newtheorem{definition}[theorem]{Definition} \theoremstyle{remark} \newtheorem*{remark}{Remark} % Macros \newcommand{\R}{\mathbb{R}} \newcommand{\Q}{\mathbb{Q}} \newcommand{\Z}{\mathbb{Z}} % Page Setup \geometry{a4paper, margin=1in} \title[Solution to a Problem of Erd\H{o}s Concerning Distances and Points]{Solution to a Problem of Erd\H{o}s Concerning Distances and Points} % AUTHOR INFORMATION - FILL THIS IN \author{XXX} \address{XXX College, Departments of Mathematics \& Computer Science} \email{XXX} % DATE \date{\today} \begin{document} \begin{abstract} In 1997, Erd\H{o}s asked \cite{erdos1997} whether for arbitrarily large $n$ there exists a set of $n$ points in $\R^2$ that determines $O(\frac{n}{\sqrt{\log n}})$ distinct distances while satisfying the local constraint that every $4$-point subset determines at least $3$ distinct pairwise distances. We use $n$-point subsets of an $m\times m$ box in the anisotropic lattice \[ L = \{(x,\sqrt{2}y):x,y \in \Z\} \subset \R^2. \] The distinct-distance bound follows from Bernays' theorem applied to the binary quadratic form $u^2+2v^2$ \cite{brinkmoreeosburn2011}, following earlier work on lattices with few distances \cite{sheffer2014blog, moreeosburn2006}. The local $4$-point constraint is verified using Perucca's classification \cite{perucca4points} of $4$-point two-distance sets, together with the observation noted here that this lattice excludes the remaining regular-pentagon trapezoid configuration. \end{abstract} \maketitle \section{Introduction} Erd\H{o}s asks whether there exists a set of $n$ points in $\R^2$ such that every subset of $4$ points determines at least $3$ distinct distances, yet the total number of distinct distances is \[ \le C\frac{n}{\sqrt{\log n}} \] for some constant $C > 0$ \cite{erdos1997}, which we write as $O\!\left(\frac{n}{\sqrt{\log n}}\right)$. Constructions of planar point sets with few distinct distances arising from anisotropic lattices, together with the use of Bernays' theorem (or related results) to count represented integers, appear in earlier work of Moree and Osburn \cite{moreeosburn2006}; see also Sheffer's discussion \cite{sheffer2014blog}. The additional point in the present note is that the specific lattice $\Z\times \sqrt2\,\Z$ also excludes the remaining $4$-point two-distance configuration consisting of four vertices of a regular pentagon (equivalently, the associated isosceles trapezoid). Combined with the complete similarity classification of $4$-point two-distance sets \cite{perucca4points}, this verifies the local constraint, answering Erd\H{o}s’ question in the affirmative. \begin{theorem}\label{thm:main} For every integer $n\ge 2$ there is a set $P\subset \R^2$ with $|P|=n$ satisfying: \begin{enumerate}[label=(\roman*)] \item every $4$-point subset of $P$ determines at least $3$ distinct pairwise distances; and \item $\bigl|\{\|p-q\|:\ p,q\in P,\ p\neq q\}\bigr| = O\!\left(\frac{n}{\sqrt{\log n}}\right)$. \end{enumerate} \end{theorem} \section{The Construction} Consider the anisotropic lattice \[ L = \{(x,\sqrt{2}y):x,y \in \Z\} \subset \R^2. \] For an integer $m\ge 1$, define the $m\times m$ box subset \[ P_m=\{(i,\sqrt2\,j): 0\le i,j\le m-1\}. \] Note that $|P_m|=m^2$. \begin{definition} For a finite set $P\subset\R^2$, let \[ D(P) := \{\|p-q\| : p,q\in P,\ p\neq q\} \] denote its set of (nonzero) distinct pairwise distances. \end{definition} \section{Verification of the distinct-distance bound}\label{sec:distinct-dist} Since $d\mapsto d^2$ is a bijection on the positive reals, we may bound $|D(P_m)|$ by counting distinct \emph{squared} distances. For $p=(x_1,\sqrt2\,y_1)$ and $q=(x_2,\sqrt2\,y_2)$ in $L$, \[ \|p-q\|^2=(x_1-x_2)^2+2(y_1-y_2)^2 = u^2+2v^2 \] where $u,v\in\Z$. For $p,q\in P_m$ we have $|u|\le m-1$ and $|v|\le m-1$, hence \[ \|p-q\|^2 \le (m-1)^2+2(m-1)^2 < 3m^2. \] Distinct squared distances in $P_m$ are exactly the values of the quadratic form $Q(u,v)=u^2+2v^2$ with $|u|,|v|\le m-1$, and as such are bounded by $3m^2$. Therefore \[ |D(P_m)| \le B_Q(3m^2), \] where $B_Q(x)$ denotes the number of positive integers $\le x$ represented by $Q$. \begin{theorem}[Bernays {\cite[Eq.~(2)]{brinkmoreeosburn2011}}]\label{thm:bernays} Let $f(X,Y)=aX^2+bXY+cY^2$ be a primitive integral binary quadratic form with non-square discriminant $\Delta=b^2-4ac$, and assume $f$ is positive definite. Let $B_f(x)$ denote the number of positive integers $\le x$ represented by $f$. Then there exists a constant $C_\Delta>0$ (depending on $\Delta$) such that \[ B_f(x)\sim C_\Delta\,\frac{x}{\sqrt{\log x}} \qquad (x\to\infty). \] \end{theorem} The form $Q(u,v)=u^2+2v^2$ is primitive and positive definite, with discriminant \[ \Delta = 0^2 - (4)\cdot(1)\cdot (2) = -8, \] which is not a square. Theorem~\ref{thm:bernays} therefore applies to $Q$, giving \[ B_Q(x) \sim C_{-8}\,\frac{x}{\sqrt{\log x}} \qquad (x\to\infty). \] In particular, \[ |D(P_m)| \le B_Q(3m^2) = O\!\left(\frac{m^2}{\sqrt{\log m}}\right) = O\!\left(\frac{|P_m|}{\sqrt{\log |P_m|}}\right). \] \begin{corollary}\label{cor:general-n} For every integer $n\ge 2$, there exists a set $P\subset\R^2$ with $|P|=n$ such that \[ |D(P)| = O\!\left(\frac{n}{\sqrt{\log n}}\right). \] \end{corollary} \begin{proof} Let $m=\lceil\sqrt{n}\rceil$ and choose any $n$-point subset $P\subset P_m$. Removing points cannot increase the number of distinct distances, so $|D(P)|\le |D(P_m)|$. Also $m^2\asymp n$ and $\log m \asymp \log n$, hence \[ |D(P)| \le |D(P_m)| = O\!\left(\frac{m^2}{\sqrt{\log m}}\right) = O\!\left(\frac{n}{\sqrt{\log n}}\right). \] \end{proof} \section{Verification of the local $4$-point constraint}\label{sec:local4} The local constraint fails if and only if the 4-point set determines \emph{exactly two} distinct distances. A complete classification of $4$-point two-distance configurations (up to similarity) is given in \cite{perucca4points} and depicted in Figure~\ref{fig:forbidden_shapes}. Note that the only similarity types that do \emph{not} contain an equilateral triangle are the square and the regular-pentagon trapezoid. \begin{figure}[ht] \centering \includegraphics[width=\linewidth]{Figure_1.png} \caption{The six $4$-point two-distance configurations (up to similarity). Short vs.\ long segments are color-coded.} \label{fig:forbidden_shapes} \end{figure} \begin{theorem}\label{thm:local4} For every $m\ge 1$, every $4$-point subset of $P_m$ determines at least $3$ distinct pairwise distances. \end{theorem} \begin{proof} Let $S\subset P_m$ with $|S|=4$. Suppose that $S$ determines exactly two distinct distances. By Perucca's classification \cite{perucca4points}, either $S$ is a square, $S$ contains an equilateral triangle, or $S$ is similar to the regular-pentagon trapezoid. The square case is impossible by Lemma~\ref{lem:nosquare}, and the equilateral-triangle case is impossible by Lemma~\ref{lem:noequilateral}. The regular-pentagon trapezoid case is impossible by Lemma~\ref{lem:nopentagon}. Hence $S$ cannot determine only two distances and must determine at least three. \end{proof} \subsection{Squares} \begin{lemma}\label{lem:nosquare} The lattice $L$ contains no non-degenerate square. \end{lemma} \begin{proof} If four points of $L$ form a square, then the vector between two adjacent vertices is a nonzero vector \[ \vec v=(u,\sqrt2\,v)\in L,\qquad (u,v)\in\Z^2\setminus\{(0,0)\}, \] and the other side vector is obtained by a $90^\circ$ rotation: \[ \begin{pmatrix} 0 & -1\\[2pt] 1 & 0\end{pmatrix} \vec v = (-\sqrt2\,v,\,u). \] As such, $(-\sqrt2\,v,\,u)$ must belong to L, which implies $-\sqrt2\,v \in \Z$ and $u\in\sqrt{2}\Z $. This is only possible if $ \vec v = 0$ and thus forces a contradiction. \end{proof} \subsection{Equilateral triangles} \begin{lemma}\label{lem:noequilateral} The lattice $L$ contains no non-degenerate equilateral triangle. \end{lemma} \begin{proof} If $p,q,r\in L$ form an equilateral triangle, then $\vec v=q-p\in L$ is nonzero and $r-p$ equals $R_{\pm 60}\vec v$, where \[ R_{60}=\begin{pmatrix} \tfrac12 & -\tfrac{\sqrt3}{2}\\[2pt] \tfrac{\sqrt3}{2} & \tfrac12\end{pmatrix}. \] Write $\vec v=(u,\sqrt2\,v)$ with $u,v\in\Z$, not both $0$. Then \[ R_{60}\vec v=\left(\frac{u-\sqrt6\,v}{2},\ \frac{\sqrt3\,u+\sqrt2\,v}{2}\right). \] For $R_{60}\vec v$ to lie in $L$, there must exist $k\in\Z$ such that \[ \frac{\sqrt3\,u+\sqrt2\,v}{2}=\sqrt2\,k, \] so $\sqrt3\,u=\sqrt2\,(2k-v)\in\Q(\sqrt2)$. Since $\sqrt3\notin\Q(\sqrt2)$, this forces $u=0$. Then the first coordinate becomes $-\frac{\sqrt6\,v}{2}$, which is irrational unless $v=0$. This implies $u=v=0$, forcing a contradiction with $\vec v\ne 0$. The same argument holds for $R_{-60}$. \end{proof} \begin{remark} The exclusion of squares and equilateral triangles in rectangular or anisotropic lattice constructions is standard; see \cite{sheffer2014blog} for related discussion. \end{remark} \subsection{The regular-pentagon trapezoid} \begin{lemma}\label{lem:nopentagon} The lattice $L$ contains no $4$-point set similar to the isosceles trapezoid arising from four vertices of a regular pentagon. \end{lemma} \begin{proof} In this configuration, the ratio of the diagonal length to the side length equals the golden ratio $\varphi=\frac{1+\sqrt5}{2}$, hence the ratio of squared lengths (diagonal to side) is $\varphi^2=\frac{3+\sqrt5}{2}$. For points in $L$, every squared distance equals $u^2+2v^2\in\Z$. Therefore any ratio of (nonzero) squared distances determined by a $4$-point subset of $L$ is rational, and in particular cannot equal $\varphi^2$. \end{proof} \section{Conclusion} We have shown that the anisotropic lattice box $P_m \subset \Z \times \sqrt2\,\Z$ satisfies both the asymptotic distinct-distance bound \[ |D(P_m)| = O(\frac{|P_m|}{\sqrt{\log |P_m|}}) \] and the local constraint that every $4$-point subset determines at least three distinct pairwise distances. For a general $n$, taking any $n$-point subset of $P_{\lceil\sqrt n\rceil}$ preserves the local constraint and gives the same asymptotic upper bound (up to constants), as in Corollary~\ref{cor:general-n}. The construction ultimately works because $60^\circ$ and $90^\circ$ rotations, as well as the golden-ratio distance relation, are incompatible with the quadratic field $\Q(\sqrt2)$ and this last obstruction rules out the regular-pentagon trapezoid configuration. \begin{thebibliography}{99} \bibitem{erdos1997} P. Erd\H{o}s, \textit{Some of my favourite unsolved problems}, Math. Japon. \textbf{46} (1997), 527--537. \bibitem{brinkmoreeosburn2011} D. Brink, P. Moree, and R. Osburn, \textit{Principal forms $X^2+nY^2$ representing many integers}, Integers \textbf{11} (2011), A66. \bibitem{bernays1912} P. Bernays, \textit{\""Uber die Darstellung von positiven, ganzen Zahlen durch die primitiven, bin\""aren quadratischen Formen einer nicht-quadratischen Diskriminante}, Dieterich, G\""ottingen, 1912. \bibitem{sheffer2014blog} A. Sheffer, \textit{Point sets with few distinct distances}, blog post (July 16, 2014), \url{https://adamsheffer.wordpress.com/2014/07/16/point-sets-with-few-distinct-distances/}. \bibitem{moreeosburn2006} P. Moree and R. Osburn, \textit{Two-dimensional lattices with few distances}, L'Enseignement Math\'ematique (2) \textbf{52} (2006), no.~3--4, 361--380; also available as \url{https://arxiv.org/abs/math/0604163}. \bibitem{perucca4points} A. Perucca, \textit{Four points, two distances}, available at \url{https://www.antonellaperucca.net/didactics/4points2distances.pdf}, accessed 2025-12-21. \end{thebibliography} \end{document}"
erdos-1051,Number Theory,Minor Novelty,erdos-reduced,Is it true that if $a_1<a_2<\cdots$ is a sequence of integers with\[\liminf a_n^{1/2^n}>1\]then\[\sum_{n=1}^\infty \frac{1}{a_na_{n+1}}\]is irrational?,"\textbf{Introduction.} In this paper, we examine the arithmetic nature of the series
\[ S = \sum_{n=1}^\infty \frac{1}{a_n a_{n+1}}, \]
where $(a_n)_{n \ge 1}$ is a strictly increasing sequence of integers. We assume the sequence exhibits double exponential growth, quantified by the condition:
\begin{equation} \label{eq:hypothesis}
L := \liminf_{n\to\infty} a_n^{1/2^n} > 1.
\end{equation}
This problem relates to classical results by Erd\H{o}s, Graham, and Badea concerning the irrationality of series with rapidly growing denominators \cite{Erdos1980, Badea1987}. We prove that condition \eqref{eq:hypothesis} is sufficient to guarantee the irrationality of $S$.

\section{Main Result}

\begin{theorem}
Let $(a_n)_{n \ge 1}$ be a strictly increasing sequence of integers satisfying \eqref{eq:hypothesis}. Then the sum $S$ is an irrational number.
\end{theorem}

\begin{proof}
We proceed by contradiction. Assume that $S$ is a rational number.

\paragraph{Reduction to a Tail Sequence.}
Since $L > 1$, the terms $a_n$ tend to infinity. Let $c$ be a constant such that $1 < c < L$. By the definition of the limit inferior, there exists an index $N_0$ such that for all $n \ge N_0$, $a_n^{1/2^n} > c$. Consequently, $a_n \ge 2$ for all $n \ge N_0$. The original series $S$ can be decomposed into a finite sum and an infinite tail:
\[ S = \sum_{n=1}^{N_0-1} \frac{1}{a_n a_{n+1}} + \sum_{n=N_0}^\infty \frac{1}{a_n a_{n+1}}. \]
Since the finite sum is rational, $S$ is rational if and only if the tail sum is rational. We define a shifted sequence $(b_n)_{n \ge 1}$ by $b_n = a_{N_0 + n - 1}$. The sequence $(b_n)$ satisfies:
\begin{enumerate}
\item $b_n \in \mathbb{Z}$, $b_n \ge 2$, and $b_{n+1} > b_n$ for all $n \ge 1$.
\item The sum $S' = \sum_{n=1}^\infty \frac{1}{b_n b_{n+1}}$ is rational. Let $S' = p/q$ for positive integers $p, q$.
\item The growth rate is preserved in the limit. Let $\mathcal{L} = \liminf_{n \to \infty} b_n^{1/2^n}$. We have:
\[ \mathcal{L} = \liminf_{n \to \infty} \left( a_{N_0+n-1}^{1/2^{N_0+n-1}} \right)^{2^{N_0-1}} = L^{2^{N_0-1}}. \]
Since $L > 1$ and $N_0 \ge 1$, we have $\mathcal{L} > 1$.
\end{enumerate}

\paragraph{Integer Constraints from Rationality.}
Let $P_n = \prod_{k=1}^n b_k$. Define the partial sum $S'_n = \sum_{k=1}^{n-1} \frac{1}{b_k b_{k+1}}$ and the remainder $R_n = S' - S'_n$. Substituting $S' = p/q$:
\[ R_n = \frac{p}{q} - S'_n \implies q P_n R_n = p P_n - q (P_n S'_n). \]
The term $P_n S'_n = \sum_{k=1}^{n-1} \frac{P_n}{b_k b_{k+1}}$ is an integer because for every $k < n$, the distinct factors $b_k$ and $b_{k+1}$ divide $P_n$. Thus, the quantity $K_n := q P_n R_n$ is an integer. Since the terms of the series are strictly positive, $R_n > 0$, implying $K_n \ge 1$. This yields a lower bound for the remainder:
\begin{equation} \label{eq:Rn_lower}
R_n \ge \frac{1}{q P_n}.
\end{equation}

\paragraph{Recurrence Bound on Sequence Growth.}
We establish an upper bound for $b_{n+1}$ derived from the properties of $R_n$. Using the telescoping inequality $\frac{1}{b_k b_{k+1}} < \frac{1}{b_k} - \frac{1}{b_{k+1}}$, we sum from $k=n$ to infinity:
\[ R_n = \sum_{k=n}^\infty \frac{1}{b_k b_{k+1}} < \frac{1}{b_n}. \]
From $K_n = q P_n R_n$, we have:
\[ K_n < \frac{q P_n}{b_n} = q P_{n-1} \quad (\text{with } P_0=1). \]
Applying this to index $n+1$, we obtain $K_{n+1} < q P_n$. Next, we use the recurrence relation for the remainder:
\[ R_n = \frac{1}{b_n b_{n+1}} + R_{n+1}. \]
Multiplying by $q P_{n+1} = q P_n b_{n+1}$:
\[ q P_{n+1} R_n = \frac{q P_n b_{n+1}}{b_n b_{n+1}} + q P_{n+1} R_{n+1}. \]
Simplifying the first term on the right-hand side using $P_n/b_n = P_{n-1}$:
\[ b_{n+1} (q P_n R_n) = q P_{n-1} + (q P_{n+1} R_{n+1}). \]
Substituting $K_n$ and $K_{n+1}$:
\[ b_{n+1} K_n = q P_{n-1} + K_{n+1}. \]
Since $K_n \ge 1$, we have $b_{n+1} \le b_{n+1} K_n$. Therefore:
\[ b_{n+1} \le q P_{n-1} + K_{n+1}. \]
Using the bound $K_{n+1} < q P_n$:
\[ b_{n+1} < q P_{n-1} + q P_n = q P_{n-1} (1 + b_n). \]
Since $b_n \ge 2$, $1+b_n \le 2 b_n$. Thus:
\[ b_{n+1} < 2 q P_{n-1} b_n = 2 q P_n. \]
Substituting this into $P_{n+1} = P_n b_{n+1}$, we obtain the growth constraint:
\begin{equation} \label{eq:Pn_recurrence}
P_{n+1} < 2 q P_n^2.
\end{equation}

\paragraph{Convergence of Sequence Limits.}
We analyze the asymptotic behavior of $P_n$. Taking the natural logarithm of \eqref{eq:Pn_recurrence}:
\[ \ln P_{n+1} < 2 \ln P_n + \ln(2q). \]
Dividing by $2^{n+1}$:
\[ \frac{\ln P_{n+1}}{2^{n+1}} < \frac{\ln P_n}{2^n} + \frac{\ln(2q)}{2^{n+1}}. \]
Let $y_n = 2^{-n} \ln P_n$. Then $y_{n+1} < y_n + 2^{-(n+1)} \ln(2q)$. Consider the auxiliary sequence $z_n = y_n + 2^{-n} \ln(2q)$. We observe that $z_n$ is strictly decreasing. To prove convergence, we show it is bounded below. Since $\mathcal{L} > 1$, for sufficiently large $n$, $b_n > c^{2^n}$ for some $c > 1$. This implies $P_n$ grows at least double exponentially, so $y_n$ is bounded away from 0. Thus $z_n$ converges, implying $y_n$ converges. Let $Y = \lim_{n\to\infty} y_n$ and define:
\[ \Pi = \lim_{n\to\infty} P_n^{1/2^n} = e^Y. \]
We determine the limit of the normalized sequence terms. Since $b_n = P_n / P_{n-1}$:
\[ b_n^{1/2^n} = \frac{P_n^{1/2^n}}{ (P_{n-1}^{1/2^{n-1}})^{1/2} }. \]
Taking limits as $n \to \infty$:
\[ \lim_{n\to\infty} b_n^{1/2^n} = \frac{\Pi}{\sqrt{\Pi}} = \sqrt{\Pi}. \]
Since the limit exists, it must equal the limit inferior $\mathcal{L}$. Therefore:
\begin{equation} \label{eq:Pi_L2}
\Pi = \mathcal{L}^2.
\end{equation}

\subsection*{Contradiction via Remainder Estimation}

We now derive a conflicting lower bound for $\Pi$. Fix any constant $C$ such that $1 < C < \mathcal{L}$. For sufficiently large $k$, $b_k > C^{2^k}$. The term $b_k b_{k+1}$ grows as $C^{2^k} C^{2^{k+1}} = C^{3 \cdot 2^k}$. The remainder $R_n$ is bounded by:
\[ R_n = \sum_{k=n}^\infty \frac{1}{b_k b_{k+1}} < \sum_{k=n}^\infty C^{-3 \cdot 2^k}. \]
For $C > 1$, this series is dominated by its first term (bounded by a geometric series with ratio $\le 1/2$ for large $n$):
\[ R_n < 2 C^{-3 \cdot 2^n}. \]
Recall the rationality lower bound \eqref{eq:Rn_lower}, $R_n \ge \frac{1}{q P_n}$. Combining these:
\[ \frac{1}{q P_n} < 2 C^{-3 \cdot 2^n} \implies P_n > \frac{1}{2q} C^{3 \cdot 2^n}. \]
Raising to the power $1/2^n$ and taking the limit $n \to \infty$:
\[ \Pi \ge \lim_{n\to\infty} (2q)^{-1/2^n} C^3 = C^3. \]
Since this holds for all $C < \mathcal{L}$, we conclude:
\begin{equation} \label{eq:Pi_L3}
\Pi \ge \mathcal{L}^3.
\end{equation}

\subsection*{Conclusion}

We have derived two relations: $\Pi = \mathcal{L}^2$ and $\Pi \ge \mathcal{L}^3$. Combining them yields $\mathcal{L}^2 \ge \mathcal{L}^3$. Since $\mathcal{L} > 1$, we divide by $\mathcal{L}^2$ to obtain:
\[ 1 \ge \mathcal{L}. \]
This contradicts the condition $\mathcal{L} > 1$. Therefore, the assumption that $S$ is rational implies a contradiction.
\end{proof}

\begin{thebibliography}{9}
\bibitem{Erdos1980} P. Erd\H{o}s and R. L. Graham, \textit{Old and New Problems and Results in Combinatorial Number Theory}, Monographies de L'Enseignement Math\'ematique, No. 28, Universit\'e de Gen\`eve, Geneva, 1980.
\bibitem{Badea1987} C. Badea, ``The irrationality of certain infinite series,'' \textit{Glasgow Mathematical Journal}, vol. 29, no. 2, pp. 221--228, 1987.
\end{thebibliography}"
first-proof-4-official,Algebra,3,first-proof-official,"Let $p(x)$ and $q(x)$ be two monic polynomials of degree $n$: \[ p(x) = \sum_{k=0}^n a_k x^{n-k} \quad \text{and} \quad q(x) = \sum_{k=0}^n b_k x^{n-k} \] where $a_0 = b_0 = 1$. Define $p \boxplus_n q(x)$ to be the polynomial \[ (p \boxplus_n q)(x) = \sum_{k=0}^n c_k x^{n-k} \] where the coefficients $c_k$ are given by the formula: \[ c_k = \sum_{i+j=k} \frac{(n-i)! (n-j)!}{n! (n-k)!} a_i b_j \] for $k = 0, 1, \dots, n$. For a monic polynomial $p(x)=\prod_{i\le n}(x- \lambda_i)$, define $$\Phi_n(p):=\sum_{i\le n}(\sum_{j\neq i} \frac1{\lambda_i-\lambda_j})^2$$ and $\Phi_n(p):=\infty$ if $p$ has a multiple root. Is it true that if $p(x)$ and $q(x)$ are monic real-rooted polynomials of degree $n$, then $$\frac1{\Phi_n(p\boxplus_n q)} \ge \frac1{\Phi_n(p)}+\frac1{\Phi_n(q)}?$$","\maketitle \numberwithin{equation}{section} \newtheorem{theorem}{Theorem}[section] \newtheorem{definition}{Definition}[section] \newtheorem{conjecture}{Conjecture}[section] \newtheorem{lemma}{Lemma}[section] \newtheorem{corollary}{Corollary}[section] \newtheorem{proposition}{Proposition}[section] \newtheorem{observation}[theorem]{Observation} \newtheorem{remark}{Remark}[section] \newtheorem{problem}[theorem]{Problem} \newtheorem{assumption}[theorem]{Assumption} \newtheorem{claim}[theorem]{Claim} \newtheorem{fact}[theorem]{Fact} \newtheorem{example}[theorem]{Example} \maketitle Let $\boxplus_n$ and $\Phi_n(\cdot)$ be defined as in the problem statement. In this note we prove the following result, which was conjectured by D. Shlyakhtenko. \begin{theorem} \label{thm:stamineq} Let $p(x)$ and $q(x)$ be any two monic real-rooted polynomials of degree $n$. Then $$\frac{1}{\Phi_n(p\boxplus_n q)} \geq \frac{1}{\Phi_n(p)} + \frac{1}{\Phi_n(q)}.$$ \end{theorem} \section{Notation and preliminaries} \subsection{Polynomials and the finite free convolution} Given a polynomial $p(x)$ of degree $n$ we say that $\alpha=(\alpha_1, \dots, \alpha_n)$ is a vector of roots for $p(x)$ if the $\alpha_i$ are the roots of $p(x)$. We will say that $\alpha$ is ordered if $\alpha_1\geq \cdots \geq \alpha_n$. Recall that for monic polynomials $p(x)$ and $q(x)$, $p(x)\boxplus_n q(x)$ may be expressed as: \begin{equation}\label{eqn:convroots} p(x)\boxplus_n q(x) = \sum_{\pi\in S_n} \prod_{i=1}^n(x-\alpha_i-\beta_{\pi(i)}),\end{equation} where $\alpha$ and $\beta$ are vectors of roots for $p(x)$ and $q(x)$, respectively, and $S_n$ is the symmetric group on $n$ elements (see Theorem 2.11 of \cite{marcus2022finite} for a proof). Walsh \cite{walsh1922location} proved that if $p(x)$ and $q(x)$ are real-rooted, then so is $p(x)\boxplus_n q(x)$. Therefore, the finite free convolution induces a map $$\roots: \bR^{n}\times \bR^n \to \bR^n,$$ where if $\alpha$ and $\beta$ are vectors of roots for $p(x)$ and $q(x)$, then $\roots(\alpha, \beta)$ is defined to be the ordered vector of roots for $p(x)\boxplus_n q(x)$. Other than the fact that $\boxplus_n$ preserves real-rootedness, our proof will crucially exploit each of the following well-known properties of the finite free convolution. In what follows we will use $\bone_n$ to denote the all-ones vector of dimension $n$. We will use the notation $$m_k(\alpha):= \frac{1}{n}\sum_{i=1}^n \alpha_i^k \quad \text{and} \quad \var(\alpha) := m_2(\alpha)-m_1(\alpha)^2.$$ \begin{proposition}[Properties of $\boxplus_n$] \label{thm:ffconvolution} If $\alpha, \beta\in \bR^n$ and $\gamma =\roots( \alpha, \beta)$, then: \begin{enumerate}[i)] \item \label{item:additivity} (Additivity) $m_1(\gamma)=m_1(\alpha)+m_1(\beta)$ and $\var(\gamma) = \var(\alpha)+\var(\beta)$. \item \label{item:translations} (Commutation with translation) For all $t\in \bR$, $\roots(\alpha+t\bone_n ,\beta) = \gamma +t\bone_n$ and $\roots(\alpha , \beta + t \bone_n) = \gamma+t\bone_n$. \end{enumerate} \end{proposition} \begin{proof} (i) Follows from the definition of $p\boxplus_n q$ in terms of the coefficients of $p$ and $q$ and the Newton identities. (ii) Follows from \eqref{eqn:convroots}. \end{proof} \subsection{The heat flow and the finite free Fisher information} Given a vector of roots $\alpha\in \bR^n$ we will define the its finite free score vector $\score(\alpha) \in (\bR\cup\{\infty\})^n$ as $$\score(\alpha) := \left( \sum_{j : j \neq i} \frac{1}{\alpha_i-\alpha_j} \right)_{i=1}^n. $$ Given a real-rooted polynomial $p(x)$ with vector of roots $\alpha$, define its finite free Fisher information as $$\Phi_n(p) := \|\score(\alpha)\|^2.$$ The following fact will allow us to write the finite free Fisher information of the polynomial $p(x)$ in terms of the dynamics of its roots under the reverse heat flow. It was shown to us by D. Shlyakhtenko. \begin{lemma}[Score vectors as derivatives] \label{lem:score} Assume $p(x)$ has simple roots. Let $p_t(x):= \exp\left( -\frac{t}{2} \partial_x^2 \right)p(x)$ and let $\alpha(t) = (\alpha_1(t), \dots, \alpha_n(t))$ be the ordered vector of roots of $p_t(x)$. Then $$\alpha_i'(0) = \sum_{j : j\neq i} \frac{1}{\alpha_i-\alpha_j},$$ and in particular $\alpha'(0) = \score(\alpha)$. \end{lemma} \begin{proof} Since the $\alpha_i(t)$ are continuous in $t$, the roots remain simple in a neighborhood of $t=0$. Implicitly differentiating the expression $$p(\alpha_i(t))-tp''(\alpha_i(t))/2+t^2R(\alpha_i(t),t)=0$$ (where $R(x,t)$ is a polynomial) at $t=0$ one obtains $$ \alpha_i'(0)=\frac{1}{2}\frac{p''(\alpha_i)}{p'(\alpha_i)},$$ which is equal to the advertised expression. \end{proof} \section{Proof of Stam's inequality} We now prove Theorem \ref{thm:stamineq}. The following Lemma allows us to restrict attention to the case when $p,q$, and $p\boxplus_n q$ all have simple roots. \begin{lemma}[Approximation by Simple Rooted Polynomials] Let $\epsilon>0$ and define the differential operator $T_\epsilon:=(1-\epsilon \cdot d/dx)^n$. If $p(x)$ is a monic real-rooted polynomial of degree $n$, then \begin{enumerate}[i)] \item $(T_\epsilon p)(x)$ is monic and real-rooted of degree $n$ with simple roots. \item $ \Phi_n(T_\epsilon p)\rightarrow \Phi_n(p)$ as $\epsilon\rightarrow 0$. \item $(T_\epsilon p)\boxplus_n (T_\epsilon q)= T_\epsilon^2 (p\boxplus_n q)$. \end{enumerate} \end{lemma} \begin{proof} (i) was shown in \cite{nuij1968note}. (ii) is because $\Phi_n$ is continuous in the roots of $p$, which are continuous in $\epsilon$. (iii) follows because $\boxplus_n$ commutes with differential operators (see e.g. \cite{marcus2022finite}.)\end{proof} Thus, establishing Theorem \ref{thm:stamineq} for the simple case implies the general case by using (iii) above and taking $\epsilon\rightarrow 0$. In what follows, $p(x)$ and $q(x)$ are monic real-rooted polynomials, $\alpha$ and $\beta$ are vectors of roots for $p(x)$ and $q(x)$, $\gamma:= \roots(\alpha, \beta)$, and $\alpha,\beta,\gamma$ all have distinct entries, implying that they are smooth functions of the coefficients of the corresponding polynomials. Let $\jac$ denote the Jacobian of $\roots$ at the point $(\alpha, \beta)$. Our proof can be separated into three steps. The second step is the most substantial one and we will defer its detailed discussion to Section \ref{sec:understandingjacob}. \textbf{Step 1 (Jacobians and score vectors).} We first note that the following relation between score vectors holds. \begin{observation}[Relating score vectors] \label{obs:scorevecs} Using the above notation, for any $a, b \geq 0$ $$\jac (a\score(\alpha), b \score(\beta)) = (a+b)\score(\gamma). $$ \end{observation} \begin{proof} For every $t\geq 0$ let $p_t(x) = \exp(-\tfrac{t}{2} \partial_x^2) p(x)$, let $\alpha(t)$ be the ordered vector of roots of $p_t$, and define $q_t, r_t$ and $\beta(t), \gamma(t)$ in an analogous way. Since the finite free convolution commutes with any differential operator, it follows that $$r_{(a+b)t} = p_{at} \boxplus_n q_{bt}. $$ Hence $\gamma((a+b)t) = \roots(\alpha_{at}, \beta_{bt})$ for every $t$. So, if we differentiate this relation with respect to $t$, using the chain rule for the right-hand side, we get $$(a+b)\gamma'(0) = \jac \left(\begin{array}{c} a \cdot \alpha'(0) \\ b \cdot\beta'(0) \end{array} \right).$$ A direct application of Lemma \ref{lem:score} concludes the proof. \end{proof} \textbf{Step 2 (Understanding the Jacobian).} The substance of our proof lies in understanding $\jac$. In particular, we will show the following. \begin{proposition} \label{prop:singularvalues} If $u, v \in \bR^n$ are orthogonal to $\bone_n$ then $$\|\jac (u, v)\|^2 \leq \|u\|^2 + \|v\|^2.$$ \end{proposition} This proposition will be proven in Section \ref{sec:understandingjacob}, for now we show how it is used. \textbf{Step 3 (Proof of Theorem \ref{thm:stamineq} \`a la Blachman).} With Observation \ref{obs:scorevecs} and Proposition \ref{prop:singularvalues} in hand we can conclude the proof using the same argument that Blachman used in \cite{blachman2003convolution}. \begin{proof}[Proof of Theorem \ref{thm:stamineq}] First note that $$\sum_{i=1}^n \sum_{j : j\neq i} \frac{1}{\alpha_i-\alpha_j}=0,$$ since each term in the sum appears once with a plus and once with a minus. Therefore $\score(\alpha)$ is orthogonal to $\bone_n$ and, arguing analogously, $\score(\beta)$ is orthogonal to $\bone_n$. So, Proposition \ref{prop:singularvalues} implies $$\|\jac(a\score(\alpha), b \score(\beta))\|^2 \leq a^2\|\score(\alpha)\|^2+b^2 \|\score(\beta)\|^2.$$ Combining this with Observation \ref{obs:scorevecs} yields $$(a+b)^2 \|\score(\gamma)\|^2 \leq a^2\|\score(\alpha)\|^2+ b^2\|\score(\beta)\|^2. $$ Now, by choosing $a= \frac{1}{\|\score(\alpha)\|^2}$ and $b = \frac{1}{\|\score(\beta)\|^2}$, the above inequality turns into $$\left(\frac{1}{\|\score(\alpha)\|^2} + \frac{1}{\|\score(\beta)\|^2} \right)^2 \|\score(\gamma)\|^2 \leq \frac{1}{\|\score(\alpha)\|^2} + \frac{1}{\|\score(\beta)\|^2}, $$ which after simple algebraic manipulations can be turned into the inequality claimed in Theorem \ref{thm:stamineq}. \end{proof} \subsection{Understanding $\jac$} \label{sec:understandingjacob} Let $(\Omega_{\boxplus_n, 1}, \dots, \Omega_{\boxplus_n, n})$ be the coordinate functions of $\roots$, that is $\gamma_i = \rootsi(\alpha, \beta)$. The starting point of our approach to proving Proposition \ref{prop:singularvalues} is the observation that the matrix $\jac\jac^*$ is related to the Hessians of the functions $\rootsi$. It will be helpful to introduce the notation $$\hessconv:= \mathrm{Hess}_{\rootsi}.$$ For this discussion it will prove useful to define the $(2n-2)$-dimensional subspace $$\calV = \left\{ (u, v) \in \bR^{n}\times \bR^n : u^* \bone_n = v^*\bone_n=0 \right\}. $$ And, given $w\in \bR^{n}\times \bR^n$ and $f: \bR^{n}\times \bR^n\to \bR^n$ we will use $D_wf$ to denote the directional derivative of $f$ in the direction of $w$, that is $D_w = \sum_i w_i\partial_i$. \begin{lemma}[The Hessian of $\roots$] \label{lem:Hessian} Using the above notation \begin{equation} \label{eq:Hessian} w^* \jac \jac^* w = w^* \Big(I_{n}\oplus I_n- \sum_{i=1}^n \gamma_i \hessconv \Big)w,\quad \forall w\in \calV. \end{equation} \end{lemma} \begin{proof} Fix $w=(u, v)\in \calV$ and define $$\alpha(t):= \alpha+ tu, \quad \beta(t):=\beta+tv, \quad \text{and}\quad \gamma(t):=\roots(\alpha(t), \beta(t)),$$ and note that the variance additivity from Proposition \ref{thm:ffconvolution} \ref{item:additivity}) implies that $$m_2(\gamma(t))-m_1(\gamma(t))^2 = m_2(\alpha(t))+ m_2(\beta(t))-(m_1(\alpha(t))^2+m_1(\beta(t))^2). $$ Now, the fact that $(u,v)\in \calV$ implies that the means $m_1(\alpha(t))$ and $m_1(\beta(t))$ are a constant function of $t$ and therefore, again by Proposition \ref{thm:ffconvolution} \ref{item:additivity}), the mean $m_1(\gamma(t))$ is also a constant function of $t$. So, differentiating the above equation twice with respect to $t$ we get \begin{equation} \label{eq:secderivatives} \left.\partial_t^2 m_2(\gamma(t))\right|_{t=0} = \left.\partial_t^2 \big(m_2(\alpha(t))+m_2(\beta(t))\big)\right|_{t=0} . \end{equation} Now we inspect both sides of the above equation. First \begin{align} \nonumber \left. n\, \partial_t^2m_2(\gamma(t))\right|_{t=0} & = \sum_{i=1}^n D_w^2(\gamma_i^2) \\ \nonumber & = 2\sum_{i=1}^n \left( (D_w\gamma_i)^2+ \gamma_iD_w^2\gamma_i\right) \\ \label{eq:secondderofgamma} & = 2\left(w^* \jac \jac^* w+ \sum_{i=1}^n\gamma_i w^* \hessconv w \right). \end{align} Second \begin{align} \nonumber n\,\partial_t^2(m_2(\alpha(t))+m_2(\beta(t))) & = \partial_t^2((\alpha+tu)^*(\alpha+tu)+(\beta+tv)^*(\beta+tv)) \\ \nonumber & = 2(u^*u +v^*v) \\ \label{eq:secondderofalphanadbeta} & = 2w^* w. \end{align} Finally, plugging (\ref{eq:secondderofgamma}) and (\ref{eq:secondderofalphanadbeta}) back into (\ref{eq:secderivatives}) yields $$w^* \jac \jac^* w+ \sum_{i=1}^n\gamma_i w^* \hessconv w = w^* w,$$ which is equivalent to the advertised result. \end{proof} We now apply a result of Bauschke et al. \cite[Corollary 3.3]{bauschke2001hyperbolic}. \begin{theorem}[Bauschke et al.] \label{thm:convexity} Let $f\in \bR[x_1, \dots, x_m]$ be a hyperbolic polynomial in the direction $w\in \bR^m$ and for every $a\in \bR^m$ let $\lambda_1(a)\geq \dots\geq \lambda_m(a)$ be the roots of $g_a(t):=f(a+tw)$. Then, for every $k=1, \dots, m$, the function $\sigma_k(a) := \sum_{i=1}^k \lambda_i(a)$ is convex in $a$. \end{theorem} In our context this implies the following. \begin{corollary} \label{cor:psdness} For any real numbers $c_1\geq \cdots \geq c_n $, the matrix $\sum_{i=1}^n c_i \hessconv$ is PSD. \end{corollary} \begin{proof} Define the multivariate polynomial $$f(x, a_1,\dots, a_n, b_1, \dots, b_n) := \sum_{\pi\in S_n} \prod_{i=1}^n (x-a_i-b_{\pi(i)}).$$ Since the above polynomial is homogeneous and the finite free convolution preserves real rootedness, $f$ is hyperbolic in the direction $e_1=(1, 0\cdots, 0)$. Now, by Theorem \ref{thm:convexity} the functions $$\sigma_k(x, a, b) = \sum_{i=1}^k \lambda_i(x, a, b)$$ are convex, where $\lambda_1(x, a, b)\geq \cdots \geq \lambda_n(x, a, b)$ denote the roots of $f((x, a, b)+t e_1)$. And, because the $c_i$ are ordered we moreover have that the function $$L(x, a, b):=\sum_{i=1}^n c_i \lambda_i(x,a, b)$$ is convex, as it can be written as a positive linear combination of the $\sigma_k$. It follows that $\mathrm{Hess}_{L} = \sum_{i=1}^n c_i \mathrm{Hess}_{\lambda_i}$ at any $(x, a, b)$ is PSD. But, on the other hand, when $x=0$, $a=\alpha$ and $b = \beta$, we have that $\mathrm{Hess}_{\lambda_i} = \hessconv$, which in turn gives that $\sum_{i=1}^n c_i \hessconv$ is PSD. \end{proof} We can now complete the proof of Proposition \ref{prop:singularvalues}. \begin{proof}[Proof of Proposition \ref{prop:singularvalues}] Let $(u, v)\in \calV$. Then $$\|\jac(u, v)\|^2 = (u, v)^* \jac \jac^* (u, v) = \|u\|^2+\|v\|^2-\sum_{i=1}^n \gamma_i (u, v)^* \hessconv (u, v),$$ where the last equality follows from Lemma \ref{lem:Hessian}. Now, applying Corollary \ref{cor:psdness} with $c_i=\gamma_i$ gives that $\sum_{i=1}^n \gamma_i \hessconv$ is PSD, and hence $$\sum_{i=1}^n \gamma_i (u, v)^* \hessconv (u, v)\geq 0.$$ The proof follows from putting the two expressions together. \end{proof} \bibliographystyle{alpha} \bibliography{BibStam}"
first-proof-5-official,Geometry,2,first-proof-official,Fix a finite group $G$. Let $\mathcal{O}$ denote an incomplete transfer system associated to an $N_\infty$ operad. Define the slice filtration on the $G$-equivariant stable category adapted to $\mathcal{O}$ and state and prove a characterization of the $\mathcal{O}$-slice connectivity of a connective $G$-spectrum in terms of the geometric fixed points.,"\section{Indexed slice categories}\label{sec: Indexed Slice Categories} (Excerpt from ``Generalized equivariant slice categories'', with Mike Hill and Tyler Lawson.) \subsection{Transfer and indexing systems} We begin with an ahistorical but geodesic summary of transfer systems and indexing systems. \begin{definition}[{\cite{BBR}, \cite{Rubin21}}] A {\emph{transfer system}} on \(G\) is a partial order we will denote by \(\to\) on \(\Sub(G)\) satisfying three properties: \begin{enumerate} \item it refines subgroup inclusion: if \(H\to K\), then \(H\subseteq K\), \item it is conjugation invariant: if \(H\to K\) and \(g\in G\), then \(gHg^{-1}\to gKg^{-1}\), and \item it is closed under restriction: if \(H\to K\) and \(J\subseteq K\), then \(H\cap J\to J\). \end{enumerate} \end{definition} The collection of all transfer systems on \(G\) forms a poset under refinement, and we will use \(\leq\) for the partial order here. \begin{definition} Let \(\cO\) be a transfer system on \(G\). A finite \(H\)-set \[ T=\coprod_{i} H/K_i \] is {\emph{admissible}} for \(\cO\) if for all \(i\), \(K_i\to H\). The collection of admissible \(H\)-sets for \(\cO\) will be denoted \(\cO(H)\). The collection of all \(\cO(H)\) as \(H\) varies gives an {\emph{indexing system}}. \end{definition} The admissible sets of $\cO$ are closely connected to the norms structured by an \(\Ninfty\) operad; we will usually also abusively denote the operad by \(\cO\). Here $i^H_* \colon \Sp^G \to \Sp^H$ denotes the pullback functor along the inclusion $H \to G$ and $N_H^G \colon \Sp^H \to \Sp^G$ denotes the Hill-Hopkins-Ravenel norm~\cite{HHR}. \begin{definition} For a finite \(G\)-set \(T\), we define the \(T\)-norm \[ N^T\colon\Sp^G\to\Sp^G \] inductively by the formulas \begin{enumerate} \item \(N^{G/H}(E)=N_H^G i_H^\ast(E)\), and \item \(N^{T_0\amalg T_1}(E)=N^{T_0}(E)\otimes N^{T_1}(E)\). \end{enumerate} \end{definition} \subsection{\texorpdfstring{\(\cO\)}{O}-slice filtration} We now define the slice filtration relative to an indexing system $\cO$. We are going to use equivariant localization (more specifically, nullification) to construct the relative slice towers. Recall that in the equivariant context, we define local and acylic objects in terms of conditions on the $G$-space of maps rather than the non-equivariant space of maps. The acylic objects form an equivariant localizing subcategory. Recall that given a set of objects in $\Sp^G$, we define the equivariant localizing subcategory generated by these objects to be the full subcategory of $\Sp^G$ constructed as the closure under homotopy colimits, retracts, and tensors with orbit spectra. \begin{definition} If \(\cO\) is an indexing system, then let \(\tau_{\geq n}^{\cO}\) be the equivariant localizing subcategory of $\Sp^G$ generated by \[ \Big\{ G_+\otimesover{H} N^T S^1\mid T\in \cO(H), |T|\geq n\Big\}. \] This is the category of \emph{\(\cO\)-slice \(n\)-connective spectra}. \end{definition} \begin{remark} Given a finite \(G\)-set \(T\), we have an equivariant homeomorphism \[ N^T S^1\cong S^{\mathbb R\cdot T}, \] the representation sphere associated to the permutation representation of \(T\). This means that the \(\cO\)-slice \(n\)-connective spectra can be equivalently viewed as being generated by the representation spheres associated to the permutation representations for admissible sets of cardinality at least \(n\). \end{remark} Viewing this instead as a diagram of localizing subcategories (i.e., as a categorical Mackey functor), we are forming the equivariant localizing subcategory generated at \(G/H\) by \(N^T S^1\) for all admissible \(H\)-sets \(T\) of cardinality at least \(n\). For the next definition, recall that the nullification at a set of objects $\{S_i\}$ in $\Sp^G$ is the left Bousfield localization at the set of terminal maps $\{S_i \to \ast\}$. \begin{definition} If \(\cO\) is an indexing system, then: \begin{itemize} \item The \(n\)th \(\cO\)-slice truncation is the functor \[ P^n_{\cO}\colon \Sp^G_{\geq 0}\to\Sp^G_{\geq 0} \] that is the nullification killing \(\tau_{\geq (n+1)}^{\cO}\). \item The \(n\)th \(\cO\)-slice cover is the functor \[ P_n^{\cO}\colon \Sp^G_{\geq 0}\to\Sp^G_{\geq 0} \] defined to be the (homotopy) fiber of the natural map \(Id\Rightarrow P^{n-1}_{\cO}\). \end{itemize} \end{definition} The truncation functors are related in the evident fashion as $n$ varies. \begin{proposition} For each \(n\geq 0\), we have a natural transformation \[ P^n_{\cO}(\mhyphen)\Rightarrow P^{n-1}_{\cO}(\mhyphen). \] These are compatible with the natural nullification functors \[ Id\Rightarrow P^n_{\cO}(\mhyphen). \] For a connective $G$-spectrum $E$, the natural map \[ E\to \lim_{\longleftarrow} P^n_{\cO}(E) \] is always a weak equivalence. \end{proposition} \begin{proof} The inclusion of categories \(\tau_{n+2}^{\cO}\subset\tau_{n+1}^{\cO}\) induces a natural transformation the other way of nullification functors. Since we can factor the nullification functor \(P^n_{\cO}\) via this inclusion, the first two statements follow. For the second, we note that the Postnikov connectivity of \(G_+\otimesover{H} N^T S^1\) for a finite \(H\)-set $T$ is \(|T/H|\). As \(n\) goes to infinity, this also does (at worst as \(|T|/|H|)\). In particular, the map \[ E\to P^n_\cO(E) \] has coconnectivity going to infinity. \end{proof} For any bounded below spectrum \(K\), the same argument shows that the natural map \[ K\sma E\to \lim_{\longleftarrow}\big(K\sma P^{n}E\big) \] is an equivalence. \begin{definition} A \(G\)-spectrum \(E\) is an \(\cO\)-\(n\)-slice if \begin{enumerate} \item it is in \(\tau_{\geq n}^{\cO}\), and \item the natural map \[ E\to P^n_{\cO}E \] is an equivalence. \end{enumerate} \end{definition} \begin{proposition} For any indexing system \(\cO\), the ordinary suspension yields maps \[ \Sigma\colon\tau_{\geq k}^{\cO}\to\tau_{\geq (k+1)}^{\cO}. \] \end{proposition} \begin{proof} Since suspension commutes with homotopy colimits and induction, it suffices to show this on the generators \(N^T S^1\) as $T$ varies over the admissible sets of $\cO$. Since $\Sigma N^{T} S^1 \htp N^{T\amalg \ast}S^1$, the result follows: if $T$ is admissible and of cardinality at least \(k\) then $T \amalg \ast$ is admissible and has cardinality at least $k+1$. \end{proof} \begin{corollary} For any \(k\geq 0\), the \(\infty\)-category of \(\cO\)-\(k\)-slices is discrete. \end{corollary} \begin{proof} If \(E,E'\) are \(\cO\)-\(k\)-slices, then they are both in \(\tau_{\geq k}^{\cO}\). By the usual adjunctions, for all \(n\geq 1\), the higher homotopy group \(\pi_n\) of the mapping space are given by \[ \pi_n\Map(E,E')=[\Sigma^n E,E']^G=0, \] since the preceding proposition implies that \(\Sigma^n E\in\tau_{\geq (k+n)}^{\cO}\). \end{proof} \begin{definition} We define {\emph{\(n\)\textsuperscript{th} \(\cO\)-slice}} of a connective \(G\)-spectrum \(E\), denoted \(P^n_{n,\cO}(E)\), to be the homotopy fiber of the natural map \[ P^n_{\cO}(E)\to P^{n-1}_{\cO}(E). \] \end{definition} \section{Characterizing slice towers via connectivity}\label{sec: connectivity} \subsection{Geometric fixed points and slice connectivity} We can detect slice connectivity in terms of the connectivity of the geometric fixed points~\cite{HillYarnall, WilsonSlice}. To express this, it is convenient to define the following function capturing the structure of the indexing system. \begin{definition} For any transfer system \(\cO\), we define the {\em characteristic function} of $\cO$ \[ \chi^{\cO}\colon\Sub(G)\to\Sub(G) \] by the formula \[ \chi^{\cO}(H)=\min\{K\mid K\to H\}=\bigcap_{K\to H} K. \] \end{definition} \subsubsection{The geometric fixed points of \(\tau_{\geq n}^{\cO}\)} Stable equivalences in $\Sp^G$ can be detected as maps that induce non-equivariant stable equivalences on passage to geometric fixed points for all (closed) subgroups of $G$. It should thus be very plausible that the connectivity of geometric fixed points is a central notion. \begin{definition} For a \(G\)-spectrum \(E\), let the {\em geometric connectivity}, denoted \(\mgconn(E)\), be the function from subgroups of \(G\) to \(\Z\cup\{\pm\infty\}\) defined by \[ \mgconn(E)(H):= \conn\big(\phi^H(E)\big). \] \end{definition} \begin{lemma}\label{lem: Slice Connectivity implies Geometric connectivity} Let \(\cO\) be a transfer system. If \(E\in\tau_{\geq n}^{\cO}\), then for all \(H\subset G\), \[ [H:\chi^{\cO}(H)]\cdot \mgconn(E)(H)\geq n. \] \end{lemma} \begin{proof} By restriction, it suffices to show this for \(H=G\). Since the geometric fixed points preserve homotopy colimits and extensions, it suffices to show this for generators. Next, since geometric fixed points applied to an induced $G$-spectrum vanish, we are reduced to considering the case of \(N^T S^1\) for \(T\) an admissible \(G\)-set of cardinality at least \(n\). Decompose $T$ as \[ T=\sum_{H} n_H G/H. \] The geometric fixed points of \(N^T S^1\) are \(S^{|T/G|}\), and in this case, we have \[ |T/G|=\sum_H n_H. \] We have by assumption \[ |T|=\sum_{H} n_H[G:H]\geq n, \] and by definition, \([G:\chi^{\cO}(H)]\) is the maximal element in \[ \big\{[G:H]\mid G/H\in\cO(\ast)\big\} \] (and in fact, all others divide it). This gives inequalities \[ [G:\chi^{\cO}(G)]\cdot \sum_{H} n_H\geq \sum_{H} n_H [G:H]\geq n, \] as desired. \end{proof} \begin{remark} If \(\chi^\cO(G)=\{e\}\), then we recover \cite[Theorem 2.5]{HillYarnall}. \end{remark} For the converse, we can again use isotropy separation, studying the cofiber sequence \[ E\mathcal F_+\sma E\to E\to \tilde{E}\mathcal F\sma E. \] The spectrum \(E\mathcal F_+\sma E\) is built out of pieces of the form \(G/H_+\sma E\), so this is in a localizing subcategory if and only if the restrictions are. \begin{lemma}\label{lem: Localizing Cats and Families} Let \(\mathcal F\) be a family, and let \(\tau\) be an equivariant localizing subcategory. If \(E\) is any \(G\)-spectrum such that for all \(H\in\mathcal F\), \(i_H^\ast E\in i_H^{\ast}\tau\), then \[ (E\mathcal F_+\sma E)\in\tau \] \end{lemma} \begin{proof} This follows by the same proof as \cite[Lemma 2.4]{HillYarnall}: the spectrum \(E\mathcal F_+\otimes E\) is in the localizing category generated by \(G/H_+\otimes E\) for \(H\in\mathcal F\). By assumption, we have an inclusion \[ G/H_+\otimes E\cong G_+\otimesover{H} i_H^\ast E\in\tau. \] \end{proof} \subsubsection*{The \texorpdfstring{\(\cO\)}{O}-slices of geometric spectra} Our argument will use downward induction on the subgroup lattice, so we will need to understand the \(\cO\)-slice connectivity of \(\tilde{E}\mathcal P\otimes E\), where \(\mathcal P\) is the family of proper subgroups of \(G\). Recall that a \(G\)-spectrum \(E\) is called ``geometric'' if the natural map \[ E\to \tilde{E}\mathcal P\otimes E \] is an equivalence \cite[Definition 6.10]{HillSlicePrimer}, and a Mackey functor \(\mM\) is geometric if \(H\mM\) is. The proof of \cite[Theorem 6.7]{HillSlicePrimer} goes through essentially without change to show the following. \begin{lemma}\label{lem: Slice Connectivity of Geometric Things}%[{\cite[Theorem 6.7]{HillSlicePrimer}}] Let \(\mM\) be a geometric Mackey functor. For any \(\cO\), \[ \Sigma^k H\mM \] is a \(k\cdot [G:\chi^{\cO}G]\)-\(\cO\)-slice. \end{lemma} \begin{proof} Since \(\mM\) is geometric, we have that for any finite \(G\)-set \(T\), the natural map \[ S^{|T/G|}\hookrightarrow N^T S^1 \] given by the inclusion of fixed points induces an equivalence \[ S^{|T/G|}\otimes H\mM\to N^TS^1\otimes H\mM. \] We can bound the \(\cO\)-slice connectivity from below by choosing an \(\cO\)-admissible \(T\) with \(|T|\) as large as possible so that \(|T/G|=k\) is fixed. This is again achieved by taking \[ T=k G/\chi^{\cO}(G), \] since \(\chi^{\cO}(G)\) is the minimal subgroup \(H\) such that \(H\to G\). This shows us that \[ \Sigma^k H\mM\in\tau_{\geq k[G: \chi^{\cO}(G)]}^{\cO}. \] For the upper bound, consider an admissible \(G\)-set \(T\) such that \[ |T|>k[G:\chi^{\cO}(G)]. \] Since \(k[G:\chi^{\cO}(G)]\) is the largest cardinality of an admissible \(G\)-set with \(k\)-orbits, we deduce that \(|T/G|>k\). Since \(\mM\) is geometric, we therefore deduce \[ [N^TS^1,\Sigma^kH\mM]^G\cong [\Phi^G N^TS^1,\Sigma^k H\mM(G/G)] \cong [S^{|T/G|},\Sigma^{k}H\mM(G/G)]=0. \] This shows that \(H\mM\) is a \(k[G: \chi^{\cO}(G)]\)-slice. \end{proof} \subsection{Rewriting \texorpdfstring{\(\cO\)}{O}-slice connectivity} Putting these together, we get the full \(\cO\)-slice version of \cite[Theorem 2.5]{HillYarnall}. \begin{theorem}\label{thm: GFP Reformulation} A \(G\)-spectrum \(E\) is in \(\tau_{\geq n}^{\cO}\) if and only if for all \(H\subset G\), \[ [H:\chi^{\cO}(H)]\cdot\mgconn(E)(H)\geq n. \] \end{theorem} \begin{proof} The proof is essentially that of \cite[Theorem 2.5]{HillYarnall}. The forward direction is Lemma~\ref{lem: Slice Connectivity implies Geometric connectivity}. For the other direction, let \(E\) be a spectrum with the prescribed geometric connectivities. Consider the isotropy separation sequence \[ EP_+\otimes E\to E\to \tilde{E}\mathcal P\otimes E. \] By Lemma~\ref{lem: Slice Connectivity of Geometric Things}, the \(\cO\)-slice connectivity of \(\tilde{E}\mathcal P\otimes E\) is at least \(n\). By induction on the subgroup lattice, Lemma~\ref{lem: Localizing Cats and Families} shows that \(EP_+\otimes E\) also has \(\cO\)-slice connectivity \(n\). Since localizing categories are closed under extensions, this implies that \(E\) has \(\cO\)-slice connectivity \(n\). \end{proof} Rewriting this slightly, we have a way to describe the slice connectivity of an arbitrary \(0\)-connective spectrum. \begin{corollary}\label{cor: Determining Slice Connectivity} If \(E\in\Sp^{G}_{\geq 0}\), then let \[ n=\min_{H\subseteq G}\big\{[H:\chi^{\cO}(H)]\cdot\mgconn(E)(H)\big\}. \] Then \(E\in\tau_{\geq n}^{\cO}\). \end{corollary} \begin{thebibliography}{1} \bibitem{BBR} S.~Balchin, D.~Barnes, and C.~Roitzheim. \newblock N{$_\infty$}-operads and associahedra. \newblock {\em Pacific J. Math.}, 315(2):285--304, 2021. \bibitem{HillSlicePrimer} M.~A. Hill. \newblock The equivariant slice filtration: a primer. \newblock {\em Homology Homotopy Appl.}, 14(2):143--166, 2012. \bibitem{HHR} M.~A. Hill, M.~J. Hopkins, and D.~C. Ravenel. \newblock On the nonexistence of elements of {K}ervaire invariant one. \newblock {\em Ann. of Math. (2)}, 184(1):1--262, 2016. \bibitem{HillYarnall} M.~A. Hill and C.~Yarnall. \newblock A new formulation of the equivariant slice filtration with applications to {$C_p$}-slices. \newblock {\em Proc. Amer. Math. Soc.}, 146(8):3605--3614, 2018. \bibitem{Rubin21} J.~Rubin. \newblock Detecting {S}teiner and linear isometries operads. \newblock {\em Glasg. Math. J.}, 63(2):307--342, 2021. \bibitem{WilsonSlice} D.~Wilson. \newblock On categories of slices. \newblock arxiv.org: 1711.03472, 2017. \end{thebibliography}"
first-proof-6-official,Combinatorics,3,first-proof-official,"For a graph $G = (V, E)$, let $G_S = (V, E(S,S))$ denote the graph with the same vertex set, but only the edges between vertices in $S$. Let $L$ be the Laplacian matrix of $G$ and let $L_S$ be the Laplacian of $G_S$. I say that a set of vertices $S$ is $\epsilon$-light if the matrix $\epsilon L - L_S$ is positive semidefinite. Does there exist a constant $c > 0$ so that for every graph $G$ and every $\epsilon$ between $0$ and $1$, $V$ contains an $\epsilon$-light subset $S$ of size at least $c \epsilon |V|$?","\begin{center} {\Large Light Sets of Vertices\\ Daniel Spielman, Jan. 30, 2026} \end{center} Throughout this note, $G = (V,E,w)$ will be a weighted graph with $n$ vertices. For an edge $(s,t) \in E$, we let $w(s,t)$ be its weight. For two vertex sets, $S$ and $T$, the subgraph $G_{S,T}$ of $G$ has vertex set $V$, but only the edges going between vertices in $S$ and $T$. We write $G_{S}$ for the graph that only contains the edges between vertices in $S$. The matrix $L$ is the Laplacian of $G$, which we recall may be defined by \[ L = \sum_{(s,t) \in E} w(s,t) (\ddelta_s - \ddelta_t) (\ddelta_s - \ddelta_t)^T, \] where $\ddelta_s$ is the elementary unit vector with a 1 in position $s$. We let $L_{S}$ denote the Laplacian of $G_{S}$. As $G_{S}$ and $G$ have been defined to have the same vertex set, $L_{S}$ has the same dimension as $L$. \begin{lemma}\label{lem:light} For every weighted graph $G = (V,E,w)$ with $n$ vertices, and for every $0 < \epsilon < 1$, there is an $S \subseteq V$ of size at least $\epsilon n / 42$ so that \[ \epsilon L \pgeq L_{S} . \] \end{lemma} We call such a set of vertices $S$ an $\epsilon$-light set. A set $S$ is $0$-light if and only if it is independent, and we could view lightness as a qualitative measure of independence. We might have called it ``spectral independence,'' if that term were not already in use. This lemma was proved by Daniel Spielman while working on the paper ``Sparsified Cholesky Solvers for SDD linear systems'', written with Richard Peng and Yin-Tat Lee~\cite{LeePengSpielman}. We decided not to include the lemma in that paper because, while it could be used to obtain interesting variants of some results, it was not necessary for the main results in that paper. That paper evolved into the paper ``Sparsified Cholesky and Multigrid Solvers for Connection Laplacians,'' written with Rasmus Kyng, Yin Tat Lee, Richard Peng and Sushant Sachdeva~\cite{kyng2016sparsified}. \section{Proof Strategy} We define $L_{S,T}$ to be the Laplacian of $G_{S,T}$. For a vertex $t$ and a subset of vertices $S$, we define $L_{S,t}$ to be the Laplacian of $G_{S , \setof{t}}$. For a matrix $L$, we write its pseudo-inverse as $L^\dagger$. We write $L^{\dagger/2}$ for the square root of the pseudo-inverse. We will prove the following statement that is equivalent to Lemma~\ref{lem:light} \[ \norm{ L^{\dagger/2} L_{S} L^{\dagger/2}} \leq \epsilon . \] We will find it convenient to multiply all Laplacian matrices on the left and right by $L^{\dagger/2}$. So, we define \[ \Ltil_S = L^{\dagger/2} L_{S} L^{\dagger/2}, \quad \Ltil_{S,T} = L^{\dagger/2} L_{S,T} L^{\dagger/2}, \quad \Ltil_{S,t} = L^{\dagger/2} L_{S,t} L^{\dagger/2}, \] and recall that $L^{\dagger/2} L L^{\dagger/2} \defeq \Pi $ is a symmetric projection matrix. We are going to build up $S$ in a greedy fashion. We will begin with a singleton set, and then add one vertex at a time. As we add vertices to $S$, we will need to maintain bounds on two quantities: a modification of the upper barrier function from \cite{BSS} and the sum of the leverage scores of edges between $S$ and $V \setminus S$. The leverage score of an edge $(s,t)$ is defined to be $w(s,t)$ times the effective resistance between $s$ and $t$: \[ \ell(s,t ) = w(s,t) (\ddelta_s - \ddelta_t)^T L^{\dagger} (\ddelta_s - \ddelta_t) = \trace{w(s,t) (\ddelta_s - \ddelta_t) (\ddelta_s - \ddelta_t)^T L^{\dagger} } = \trace{L_{\setof{s}, \setof{t}} L^{\dagger}}. \] For vertices $s$ and $t$ for which $(s,t)$ is not an edge, we define $\ell(s,t) = 0$. For subsets of vertices $S$ and $T$, we define \[ \ell(S,T) \defeq \sum_{s \in S} \sum_{t \in T} \ell(s,t) = \sum_{s \in S} \sum_{t \in T : (s,t) \in E} \ell(s,t), \] and \[ \ell(S) \defeq \ell(S,V - S). \] \begin{claim}\label{clm:ellSt} For $S$ and $T$ subsets of vertices, $\ell(S, T) = \trace{\Ltil_{S,T}}$. \end{claim} \begin{proof} From the definition of the Laplacian of a graph, we have $ L_{S,T} = \sum_{s \in S} \sum_{t \in T} L_{\setof{s}, \setof{t}} $. So, \begin{multline*} \trace{\Ltil_{S,T}} = \trace{L^{\dagger/2} L_{S,T} L^{\dagger/2} } = \trace{L_{S,T} L^\dagger} \\ = \sum_{s \in S} \sum_{t \in T} \trace{ L_{\setof{s}, \setof{t}} L^\dagger } = \sum_{s \in S} \sum_{t \in T} \ell(s,t) = \ell(S,T). \end{multline*} \end{proof} We modify the BSS barrier function to make it better suited to matrices of rank at most $\sigma$ by only incorporating the largest $\sigma$ eigenvalues of the matrix. For a matrix $A$ with eigenvalues $\lambda_1 \geq \lambda_2 \geq \dotsb \geq \lambda_n$, and a $u > \lambda_1$, we define \[ \Phi^{u}_{\sigma} (A) \defeq \sum_{i=1}^{\sigma}\frac{1}{u - \lambda_{i}}. \] If $u \leq \lambda_1$, we define $\Phi^{u}_{\sigma} (A) = \infty$. We overload the definition of $\Phi $ by setting \[ \Phi^{u}_{\sigma} (S) \defeq \Phi^{u}_{\sigma} (\Ltil_{S}). \] Our objective is to find a set $S$ of size $\sigma$ so that $\Phi^{\epsilon}_{\sigma} (S) < \infty$. We deal with this barrier function by considering a modified trace of a matrix that only sums the largest $\sigma$ eigenvalues of its argument: \[ \trs{A} \defeq \sum_{i=1}^{\sigma}\lambda_{i}, \] where the eigenvalues of $A$ are $\lambda_1 \geq \lambda_2 \geq \dotsb \geq \lambda_n$. We then have $\Phi^{u}_{\sigma} (A) = \trs{\left(u I - A\right)^{-1}}$. In all cases we consider, the argument of $\Trs$ is a diagonalizable matrix with real eigenvalues. For the rest of this note, define \[ \delta \defeq \frac{21}{n}, \quad \phi \defeq \frac{n}{21}, \quad \mathrm{and} \quad \sigma \defeq \floor{\epsilon n / 42}. \] We will prove Lemma \ref{lem:light} by iteratively applying the following lemma. \begin{lemma}\label{lem:oneStep} If $\sizeof{S} \leq \sigma$, $\ell(S) \leq 4 \sizeof{S}$, and $\Phi^{u}_{\sigma} (S) \leq \phi$, then there is a $t \not \in S$ so that \[ \Phi^{u+\delta}_{\sigma} (S \union \setof{t}) \leq \phi \quad \mathrm{and} \quad \ell(S \union \setof{t}) \leq \ell(S) + 4. \] \end{lemma} \begin{proof} Lemma \ref{lem:ell} says that for more than half the $t \not \in S$, $\ell(S \union \setof{t}) \leq \ell(S) + 4$. And, under the conditions of the lemma, Lemma~\ref{lem:barrier} says that for at least half the $t \not \in S$, $\Phi^{u}_{\sigma} (S \union \setof{t}) \leq \phi$. So, there is a $t \not \in S$ that satisfies both conditions. \end{proof} \begin{proof}[Proof of Lemma \ref{lem:light}] Set $u_{0} = \epsilon / 2$ and let $S_0 = \setof{v_0}$ an arbitrary $v_0 \in V$. As $G_{S_0}$ has no edges, \[ \Phi^{u_{0}}_{\sigma} (S_{0}) = \sigma / u_{0} \leq \frac{n}{21} = \phi . \] By applying Lemma~\ref{lem:oneStep} $\sigma$ times, we inductively construct a set $S$ of $\sigma + 1$ vertices so that $\ell(S) \leq 4 \sigma$ and $\Phi^{u_{0} + \sigma \delta}_{\sigma} (S) \leq \phi$. This implies that all of the eigenvalues of $\Ltil_{S}$ are at most \[ u_{0} + \sigma \delta = \frac{\epsilon}{2} + \sigma \frac{21}{n} \leq \epsilon . \] \end{proof} \section{Proofs} \begin{lemma}\label{lem:ell} Let $S \subset V$. Then, for more than half the $t$ not in $S$, \[ \ell(S \union \setof{t}) \leq \ell(S) + 4. \] \end{lemma} \begin{proof} Recall $\ell(S \union \setof{t}) = \ell(S \union \setof{t}, V - (S \union \setof{t}))$. For $t \not \in S$, we use the inequality \[ \ell(S \union \setof{t}, V - (S \union \setof{t})) \leq \ell(S \union \setof{t}, V - S) = \ell(S) + \ell(t, V - S). \] So, it suffices to show that for more than half the $t \not \in S$, $\ell(t, V - S) \leq 4$. This follows from the non-negativity of $\ell$ and Claim~\ref{clm:ell} which shows that \[ \sum_{t \in V - S} \ell(t, V - S) < 2 \sizeof{V - S} . \] \end{proof} \begin{claim}\label{clm:ell} For every $T \subset V$, \[ \sum_{t \in T} \ell(t, T) \leq 2 (\sizeof{T} - 1). \] \end{claim} \begin{proof} \begin{align*} \sum_{t \in T} \ell(t, T) = \sum_{t \in T} \trace{L_{\setof{t}, T} L^\dagger} = 2 \trace{L_{T} L^\dagger}. \end{align*} To show that $\trace{L_T L^\dagger} < \sizeof{T}$, observe that $L_T \pleq L$, so all the eigenvalues of $L_T L^\dagger$ are between 0 and 1. Because $L_T$ has rank at most $\sizeof{T}-1$, at most $\sizeof{T}-1$ eigenvalues of $L_T L^\dagger$ are non-zero. \end{proof} For convenience, we now state a few key properties of the function $\Trs$ of a matrix. We begin with its defect: it is not additive. But, Ky Fan's eigenvalue inequality (see Theorem 4.3.47a of \cite{HornJohnsonMatrix}) tells us that it is subadditive: \begin{equation}\label{eqn:modtrace:subadditive} \trs{A + B} \leq \trs{A} + \trs{B}. \end{equation} Most of the properties of $\Trs$ that we find helpful follow from the fact that, for matrices $A$ and $B$, $AB$ has the same non-zero eigenvalues as $BA$, counted with multiplicity. \begin{proposition}\label{prop:modtrace} For symmetric matrices $A$ and $B$, \begin{enumerate}[label=\alph*., ref=\alph*] \item $\trs{A} = \max_{U} \trace{U A U^T}$, where the maximum is taken over all orthogonal matrices of rank $\sigma$. \label{prop:modtrace:max} \item If $A$ is positive semidefinite, then $\trs{AB} = \trs{BA}$. \label{prop:modtrace:rotate} \item If $A$ and $B$ are positive semidefinite, then $\trs{AB} \geq 0$. \label{prop:modtrace:positive} \item If $A \pleq B$, then $\trs{A} \leq \trs{B}$. \label{prop:modtrace:monotone} \item If $C$ is positive semidefinite and $A \pleq B$, then $\trs{AC} \leq \trs{BC}$. \label{prop:modtrace:monotone2} \end{enumerate} \end{proposition} \begin{proof} Part \ref{prop:modtrace:max} is Ky Fan's maximum principle, proved in \cite{KyFanWeyl}. Part \ref{prop:modtrace:rotate} is a direct consequence of the facts that $AB$ has $n$ real eigenvalues if $A$ is positive semidefinite, and $AB$ and $BA$ have the same non-zero eigenvalues. Part \ref{prop:modtrace:positive} follows from the fact that all eigenvalues of the product of positive semidefinite matrices are non-negative. Part \ref{prop:modtrace:monotone} follows from using \eqref{eqn:modtrace:subadditive} to show $\trs{A} \leq \trs{B} + \trs{A - B} \leq \trs{B},$ using the fact that $A - B$ is negative semidefinite and so $\trs{A - B} \leq 0$. To derive part \ref{prop:modtrace:monotone2} from part \ref{prop:modtrace:monotone}, let $V$ be a matrix so that $V^T V = C$, and apply \ref{prop:modtrace:rotate} to show the conclusion is equivalent to $\trs{V A V^T} \leq \trs{V B V^T}$, which follows from $V A V^T \pleq V B V^T$. \end{proof} Note that $\Ltil_{S \union \setof{t}} = \Ltil_{S} + \Ltil_{S,t}$. To show that we can choose a $t \not \in S$ that does not increase the barrier function, we employ the following adaptation of Lemma~19 of \cite{CarliSilvaHS}, which in turn is an adaptation of Lemma 3.3 from \cite{BSS}. We include a proof for completeness. \begin{lemma}\label{lem:upperBarrier} Let $A$ and $B$ be positive semidefinite matrices, $\delta > 0$, and let $M = (u+\delta)I - A$. If $\Phi^{u}_{\sigma} (A) < \infty$ and \begin{equation}\label{eqn:upperBarrier} \frac{\trs{M^{-2} B}} {\Phi^{u}_{\sigma} (A) - \Phi^{u+\delta }_{\sigma} (A) } + \trs{M^{-1} B} < 1, \end{equation} then $\Phi^{u+\delta}_{\sigma} (A + B) \leq \Phi^{u}_{\sigma} (A)$. \end{lemma} \begin{proof} Our assumption that $\Phi^{u}_{\sigma} (A) < \infty$ implies that $M$, $M^{-1}$, and $M^{-2}$ are all positive definite. Thus, Proposition~\ref{prop:modtrace}\ref{prop:modtrace:positive} implies that both terms in \eqref{eqn:upperBarrier} are non-negative. Let $C$ be a matrix for which $B = C C^T$, and so by Proposition~\ref{prop:modtrace}\ref{prop:modtrace:rotate} $\trs{M^{-1} B} = \trs{C^T M^{-1} C} < 1$. Recall $\Phi^{u+\delta}_{\sigma} (A + B) = \trs{(M - C C^T)^{-1}}.$ By the Sherman-Morrison-Woodbury formula, \[ (M - C C^T)^{-1} = M^{-1} + M^{-1} C (I - C^T M^{-1} C)^{-1} C^T M^{-1}. \] As $\norm{C^T M^{-1} C} \leq \trs{C^T M^{-1} C} < 1$, we know that right-hand term is positive definite, and thus all eigenvalues of $A+B$ are less than $u + \delta$. Now, \eqref{eqn:modtrace:subadditive} implies \[ \Phi^{u+\delta}_{\sigma} (A + B) \leq \trs{M^{-1}} + \trs{M^{-1} C (I - C^T M^{-1} C)^{-1} C^T M^{-1}}. \] By Propositon~\ref{prop:modtrace}\ref{prop:modtrace:rotate}, \[ \trs{M^{-1} C (I - C^T M^{-1} C)^{-1} C^T M^{-1}} = \trs{ (I - C^T M^{-1} C)^{-1} C^T M^{-2} C} \] As $\norm{C^T M^{-1} C} \leq \trs{C^T M^{-1} C} < 1$, $(I - C^T M^{-1} C)^{-1} \pleq (1 - \trs{C^T M^{-1} C})^{-1} I$, and by Proposition~\ref{prop:modtrace}\ref{prop:modtrace:monotone}, \[ \trs{ (I - C^T M^{-1} C)^{-1} C^T M^{-2} C} \leq \frac{\trs{C^T M^{-2} C}}{1 - \trs{C^T M^{-1} C}}. \] Writing $\trs{M^{-1}} = \Phi^{u}_{\sigma} (A) - (\Phi^{u}_{\sigma} (A) - \Phi^{u+\delta}_{\sigma} (A))$, we obtain \[ \Phi^{u+\delta}_{\sigma} (A + B) \leq \Phi^{u}_{\sigma} (A) - (\Phi^{u}_{\sigma} (A) - \Phi^{u+\delta}_{\sigma} (A)) + \frac{\trs{C^T M^{-2} C}}{1 - \trs{C^T M^{-1} C}}, \] which \eqref{eqn:upperBarrier} and Proposition~\ref{prop:modtrace}\ref{prop:modtrace:rotate} imply is at most $\Phi^{u}_{\sigma} (A)$. \end{proof} We will apply this result with $A = \Ltil_{S}$ and $B = \Ltil_{S,t}$. When these terms, along with $u$ and $\delta$ are given, it will be convenient to write \[ U (S,t) \defeq \frac{\trs{M^{-2} \Ltil_{S,t}}} {\Phi^{u}_{\sigma} (S) - \Phi^{u+\delta }_{\sigma} (S) } + \trs{M^{-1} \Ltil_{S,t}}. \] \begin{lemma}\label{lem:barrier} If $\sizeof{S} \leq \sigma$, $\Phi^{u}_{\sigma} (S) \leq \phi$, and $\ell(S) \leq 4 \sizeof{S}$, then for at least half the $t \not \in S$, \[ U (S,t) < 1 \] \end{lemma} \begin{proof} We will prove that \[ \sum_{t \not \in S} U(S,t) \leq \frac{5}{\delta} + 5 \phi. \] As $U(S,t)$ is non-negative, this implies that for at least half the $t \not \in S$, \[ U(S,t) \leq \frac{2}{n - \sizeof{S}} \left( \frac{5}{\delta} + 5 \phi \right) \leq \frac{2}{n} \frac{42}{41} \left( \frac{5 n}{21} + \frac{5 n}{21} \right) < 1. \] We need to upper bound the terms $\trs{M^{p} \Ltil_{S,t}}$ for $p \in \setof{-1,-2}$. We do this by breaking each term into two parts. Let $\Pi_{S}$ be the symmetric projection onto the span of $\Ltil_{S}$ and let $\Pi_{T} = I - \Pi_{S}$. As $M = (u + \delta) (\Pi_{S} + \Pi_{T}) - \Ltil_{S}$, $\Pi_{T} \Pi_{S} = \Pi_{T} \Ltil_{S} = 0$, and $\Pi_{S}^p = \Pi_{S}$, \[ M^p = (u + \delta)^p \Pi_{T} + \left( (u + \delta) \Pi_{S} - \Ltil_{S} \right)^p. \] By the subadditivity of $\Trs$ we conclude \[ \trs{M^{p} \Ltil_{S,t}} \leq \trs{ (u + \delta)^p \Pi_{T} \Ltil_{S,t}} + \trs{ \left( (u + \delta) \Pi_{S} - \Ltil_{S} \right)^p \Ltil_{S,t}}. \] The term invovling $\Pi_{S}$ is addressed by Claim~\ref{clm:barrierSPart}, which says \[ \sum_{t \not \in S} \trs{\left( (u+\delta)\Pi_{S} - \Ltil_{S} \right)^{p} \Ltil_{S,t}} \leq \trs{M^{p}}. \] For the other term, we recall that $\Pi_{T}$ and $\Ltil_{S,t}$ are positive semidefinite and so their product has only non-negative eigenvalues to show \[ \trs{ (u + \delta)^p \Pi_{T} \Ltil_{S,t}} \leq \trace{ (u + \delta)^p \Pi_{T} \Ltil_{S,t}} \\ = (u + \delta)^p \trace{ \Pi_{T} \Ltil_{S,t}} \leq (u + \delta)^p \trace{\Ltil_{S,t}}. \] Claim~\ref{clm:ellSt} tells us that this equals $(u + \delta)^p \ell(S,t)$, giving \[ \sum_{t \not \in S} \trs{ (u + \delta)^p \Pi_{T} \Ltil_{S,t}} \leq (u + \delta)^p \sum_{t \not \in S} \ell(S,t) = (u + \delta)^p \ell(S) \leq (u + \delta)^p 4 \sizeof{S}. \] To combine these terms, note that all the eigenvalues of $M$ are at most $(u+\delta)$, and thus for $p < 0$ all the eigenvalues of $M^p$ are at least $(u+\delta)^p$. This tells us that $\trs{M^p} \geq \sigma (u+\delta)^p \geq \sizeof{S} (u+\delta)^p$. We conclude that \[ \sum_{t \not \in S} \trs{M^p \Ltil_{S,t}} \leq 5 \trs{M^p}. \] To finish, we return to \[ \sum_{t \not \in S} U (S,t) = \sum_{t \not \in S} \frac{\trs{M^{-2} \Ltil_{S,t}}} {\Phi^{u}_{\sigma} (S) - \Phi^{u+\delta }_{\sigma} (S) } + \sum_{t \not \in S} \trs{M^{-1} \Ltil_{S,t}} \leq \frac{5 \trs{M^{-2}}} {\Phi^{u}_{\sigma} (S) - \Phi^{u+\delta }_{\sigma} (S) } + 5 \trs{M^{-1}}. \] The right-hand term is at most $5 \Phi^{u+\delta}_{\sigma} (S)$, and Claim~\ref{clm:barrierPhi} shows that the left-hand term is at most $\frac{5}{\delta}$. Summing these together gives the result. \end{proof} \begin{claim}\label{clm:barrierSPart} Assume that $\sizeof{S} \leq \sigma$. For $M = (u+\delta)I - \Ltil_{S}$, and nonzero real $p$, \[ \sum_{t \not \in S} \trs{\left( (u+\delta)\Pi_{S} - \Ltil_{S} \right)^{p} \Ltil_{S,t}} \leq \trs{M^{p}}. \] \end{claim} \begin{proof} Because both $\Ltil_{S,t}$ and $\left( (u+\delta)\Pi_{S} - \Ltil_{S} \right)^{p}$ are positive semidefinite, the eigenvalues of their product are nonnegative, and so \[ \trs{\left( (u+\delta)\Pi_{S} - \Ltil_{S} \right)^{p} \Ltil_{S,t}} \leq \trace{\left( (u+\delta)\Pi_{S} - \Ltil_{S} \right)^{p} \Ltil_{S,t}}. \] As $\sum_{t \not \in S} \Ltil_{S,t} = \Ltil_{S,T} \pleq I$, Proposition~\ref{prop:modtrace}\ref{prop:modtrace:monotone} implies \begin{multline*} \sum_{t \not \in S} \trace{\left( (u+\delta)\Pi_{S} - \Ltil_{S} \right)^{p} \Ltil_{S,t}} = \trace{\left( (u+\delta)\Pi_{S} - \Ltil_{S} \right)^{p} \Ltil_{S,T}} \\ \leq \trace{\left( (u+\delta)\Pi_{S} - \Ltil_{S} \right)^{p}} = \trace{\Pi_{S} \left( (u+\delta) I - \Ltil_{S} \right)^{p} \Pi_{S}} = \trace{\Pi_{S} M^{p} \Pi_{S}}. \end{multline*} By Ky Fan's maximum principle (Proposition~\ref{prop:modtrace}\ref{prop:modtrace:max}) this latter term is at most $\trs{M^{p}}$. \end{proof} \begin{claim}\label{clm:barrierPhi} \[ \Phi^{u}_{\sigma} (S) - \Phi^{u+\delta }_{\sigma} (S) \geq \delta \trs{M^{-2}}. \] \end{claim} \begin{proof} Let $\lambda_{1}, \dotsc , \lambda_{\sigma}$ be the largest $\sigma$ eigenvalues of $\Ltil_{S}$. Then, \begin{align*} \Phi^{u}_{\sigma} (S) - \Phi^{u+\delta }_{\sigma} (S) & = \sum_{i=1}^{\sigma} \frac{1}{u - \lambda_{i}} - \sum_{i=1}^{\sigma} \frac{1}{u + \delta - \lambda_{i}} \\ & = \sum_{i=1}^{\sigma} \frac{\delta }{(u - \lambda_{i}) (u + \delta - \lambda_{i})} \\ & \geq \sum_{i=1}^{\sigma} \frac{\delta }{(u + \delta - \lambda_{i})^{2}}. \\ & = \delta \trs{M^{-2}}. \end{align*} \end{proof} \newcommand{\etalchar}[1]{$^{#1}$} \begin{thebibliography}{KLP{\etalchar{+}}16} \bibitem[BSS12]{BSS} Joshua Batson, Daniel~A Spielman, and Nikhil Srivastava. \newblock Twice-{Ramanujan} sparsifiers. \newblock {\em SIAM Journal on Computing}, 41(6):1704--1721, 2012. \bibitem[Fan49]{KyFanWeyl} Ky~Fan. \newblock On a theorem of {Weyl} concerning eigenvalues of linear transformations {I}. \newblock {\em Proceedings of the National Academy of Sciences of the United States of America}, 35(11):652, 1949. \bibitem[HJ12]{HornJohnsonMatrix} Roger~A Horn and Charles~R Johnson. \newblock {\em Matrix analysis}. \newblock Cambridge university press, 2012. \bibitem[KLP{\etalchar{+}}16]{kyng2016sparsified} Rasmus Kyng, Yin~Tat Lee, Richard Peng, Sushant Sachdeva, and Daniel~A Spielman. \newblock Sparsified {Cholesky} and multigrid solvers for connection {Laplacians}. \newblock In {\em Proceedings of the forty-eighth annual ACM symposium on Theory of Computing}, pages 842--850. ACM, 2016. \bibitem[LPS15]{LeePengSpielman} Yin~Tat Lee, Richard Peng, and Daniel~A. Spielman. \newblock Sparsified {Cholesky} solvers for {SDD} linear systems. \newblock {\em CoRR}, abs/1506.08204, 2015. \bibitem[SHS15]{CarliSilvaHS} Marcel K De~Carli Silva, Nicholas~JA Harvey, and Cristiane~M Sato. \newblock Sparse sums of positive semidefinite matrices. \newblock {\em ACM Transactions on Algorithms (TALG)}, 12(1):1--17, 2015. \end{thebibliography}"
first-proof-10-official,Algebra,1,first-proof-official,"Given a $d$-way tensor $\mathcal{T} \in \mathbb{R}^{n_1 \times n_2 \times \cdots \times n_d}$ such that the data is unaligned (meaning the tensor $\mathcal{T}$ has missing entries), we consider the problem of computing a CP decomposition of rank $r$ where some modes are infinite-dimensional and constrained to be in a Reproducing Kernel Hilbert Space (RKHS). We want to solve this using an alternating optimization approach, and our question is focused on the mode-$k$ subproblem for an infinite-dimensional mode. For the subproblem, then CP factor matrices $A_1, \dots, A_{k-1}, A_{k+1}, \dots, A_d$ are fixed, and we are solving for $A_k$. Our notation is as follows. Let $N = \prod_i n_i$ denote the product of all sizes. Let $n \equiv n_k$ be the size of mode $k$, let $M = \prod_{i\neq k} n_i$ be the product of all dimensions except $k$, and assume $n \ll M$. Since the data are unaligned, this means only a subset of $\mathcal{T}$'s entries are observed, and we let $q \ll N$ denote the number of observed entries. We let $T \in \mathbb{R}^{n \times M}$ denote the mode-$k$ unfolding of the tensor $\mathcal{T}$ with all missing entries set to zero. The $\operatorname{vec}$ operations creates a vector from a matrix by stacking its columns, and we let $S \in \mathbb{R}^{N \times q}$ denote the selection matrix (a subset of the $N \times N$ identity matrix) such that $S^T \operatorname{vec}(T)$ selects the $q$ known entries of the tensor $\mathcal{T}$ from the vectorization of its mode-$k$ unfolding. We let $Z = A_d \odot \cdots \odot A_{k+1} \odot A_{k-1} \odot \cdots \odot A_1 \in \mathbb{R}^{M \times r}$ be the Khatri-Rao product of the factor matrices corresponding to all modes except mode $k$. We let $B = TZ$ denote the MTTKRP of the tensor $\mathcal{T}$ and Khatri-Rao product $Z$. We assume $A_k = KW$ where $K \in \mathbb{R}^{n \times n}$ denotes the psd RKHS kernel matrix for mode $k$. The matrix $W$ of size $n \times r$ is the unknown for which we must solve. The system to be solved is \begin{equation} \left[ (Z \otimes K)^T S S^T (Z \otimes K) + \lambda (I_r \otimes K) \right] \operatorname{vec}(W) = (I_r \otimes K) \operatorname{vec}( B ). \end{equation} Here, $I_r$ denotes the $r \times r$ identity matrix. This is a system of size $nr \times nr$ Using a standard linear solver costs $O(n^3 r^3)$, and explicitly forming the matrix is an additional expense. Explain how an iterative preconditioned conjugate gradient linear solver can be used to solve this problem more efficiently. Explain the method and choice of preconditioner. Explain in detail how the matrix-vector products are computed and why this works. Provide complexity analysis. We assume $n,r < q \ll N$. Avoid any computation of order $N$.","\begin{center} \large \textbf{Solution Source:} \\ Johannes Brust and Tamara G. Kolda,\\ \emph{Fast and Accurate CP-HIFI Solution} (tentative title), 2025. \end{center} The system to be solved is \begin{equation}\label{eq:unaligned-infinite} \left[ (Z \otimes K)^T S S^T (Z \otimes K) + \lambda (I_r \otimes K) \right] \vecop(W) = (I_r \otimes K) \vecop( B ). \end{equation} We consider several approaches for solving \cref{eq:unaligned-infinite} in the remainder of this section. We present a direct method for the symmetric linear system in \cref{sec:direct-ui-sym}, using an additional regularization term. % In \cref{sec:direct-ui-nonsym}, we present an alternative direct method % based on a nonsymmetric formulation of the system that does not % need additional regularization. In \cref{sec:transformed-ui}, we present a transformation of the symmetric system based on the eigendecomposition of $K$. In \cref{sec:pcg-ui}, we present an iterative method based on the transformed symmetric system, adding some regularization akin to the symmetric direct method. In \cref{tab:unaligned-infinite-cost-comparison} and \cref{sec:cost-compare-ui}, we provide an accounting of the costs and comparison of direct and iterative methods. \subsection{Direct Solution of UI Subproblem (Symmetric Form)} \label{sec:direct-ui-sym} \Cref{eq:unaligned-infinite} is an indefinite symmetric linear system of size $rn \times rn$. Since it is indefinite, we add a regularization term parameterized by $\rho > 0$ to ensure positive definiteness. The modified system is \begin{equation}\label{eq:unaligned-infinite-1} [ F^T F + \lambda (I_r \otimes K) + \rho I_{rn} ] \vecop(W) = \vecop(K B), \end{equation} where $F=S^T(Z \otimes UD)$. Observe that we have pulled $K$ inside the vectorization on the right-hand side. To compute $F$, we want to avoid forming the $N \times nr$ Kronecker product $Z \otimes K$ explicitly. Instead, we create two special matrices: $\hat{K} \in \mathbb{R}^{q \times n}$ and $\hat{Z} \in \mathbb{R}^{q \times r}$. Each index $\ell \in [q]$ corresponds to a known entry index that we denote as $(i_1^{(\ell)}, i_2^{(\ell)}, \dots, i_d^{(\ell)}) \in \Omega$. Then, for each $\ell \in [q]$, we let \begin{align} \label{eq:zhat} \hat{Z}(\ell,:) & = \left( A_{d}(i_d^{(\ell)},:) \ast \cdots \ast A_{k+1}(i_{k+1}^{(\ell)},:) \ast A_{k-1}(i_{k-1}^{(\ell)},:) \ast \cdots \ast A_{1}(i_1^{(\ell)},:) \right)^T, \text{ and} \\ \label{eq:khat} \hat{K}(\ell,:) & = K(i_k^{(\ell)},:) . \end{align} Here, $\ast$ represents elementwise multiplication. In other words, $\hat{Z}$ and $\hat{K}$ represent the subset of rows of $Z$ and $K$, respectively, that corresponds to the known entries of $\mathcal{T}$. Then, row $\ell$ of $F$ is given by \begin{equation} F(\ell,:) = \hat{Z}(\ell,:) \otimes \hat{K}(\ell,:). \end{equation} % \subsection{Direct Solution of UI Subproblem (Nonsymmetric Version)} % \label{sec:direct-ui-nonsym} % An alternative direct solution method is to factor out $(I_r \otimes K)$ from \cref{eq:unaligned-infinite} to % obtain the equation % \begin{equation} % \label{eq:unaligned-infinite-nonsym} % [ % \underbrace{ (Z \otimes I_{n})^T S }_{G^T} % \underbrace{S^T (Z \otimes K)}_{F} % + \lambda I_{rn} % ]\vecop(W) % = \vecop(B), % \end{equation} % where we let $G := S^T (Z \otimes I_{n}) \in \mathbb{R}^{q \times rn}$ % be analogous to $F$. % We can form $G$ similarly to how we formed $F$. % If we define $\hat{I}$ analogously to $\hat{K}$ so that $\hat{I}(\ell,:) = I_{n}(i_k^{(\ell)},:)$ for each $\ell \in [q]$, % then row $\ell$ of $G$ is given by % \begin{equation} % G(\ell,:) = \hat{Z}(\ell,:) \otimes \hat{I}(\ell,:). % \end{equation} \subsection{Transforming the UI Subproblem} \label{sec:transformed-ui} we can exploit a factorization of $K$ to transform \cref{eq:unaligned-infinite} into an equivalent but potentially better conditioned system. Assuming we have the eigendecomposition $K = U D U^T$, we can rewrite \cref{eq:unaligned-infinite} by factoring out $(I_r \otimes U)$ to obtain \begin{equation} [{ \underbrace{(Z \otimes UD)^T S}_{\bar{F}^T} \underbrace{S^T (Z \otimes UD)}_{\bar{F}} + \lambda (I_r \otimes D) }] \vecop(\underbrace{U^TW}_{\bar{W}}) = \vecop(\underbrace{DU^TB}_{\bar{B}}). \end{equation} Now we have a transformed system in the variable $\bar{W} = U^T W$, and we can solve for $W$ via $W = U \bar{W}$ after solving the system. Note that we cannot pull $D$ into the definition of $\bar{W}$ because it is indefinite. We define $\bar{F} := S^T (Z \otimes UD) \in \mathbb{R}^{q \times rn}$, which is analogous to $F$ with $K$ replaced by $UD$. We define $\bar{B} := D U^T B \in \mathbb{R}^{n \times r}$. Adding a regularization term as before, we obtain the modified system \begin{equation} \label{eq:ui-transformed} [ \bar{F}^T \bar{F} + \lambda (I_r \otimes D) + \rho \, I_{rn} ] \vecop(\bar{W}) = \vecop(\bar{B}). \end{equation} \subsection{Key Lemmas for PCG Solution of UI Subproblem} \label{app:unaligned-lemmas} Before we continue to the details of solving \cref{eq:ui-transformed} via PCG, we present some key lemmas about working with matrices where each row is a Kronecker product of rows of two other matrices. These lemmas are important for efficiently computing the matrix-vector products and a preconditioner needed for PCG. We state these generically here so they can be reused in other contexts. % C = F % A = \hat{Z} % B = \hat{K} Let $A \in \mathbb{R}^{q \times r}$ and $B \in \mathbb{R}^{q \times n}$. Define the $q \times rn$ matrix $C$ row-wise as \begin{equation}\label{eq:FAB} C(\ell,:) = A(\ell,:) \otimes B(\ell,:), \quad \text{for} \quad \ell=1,\ldots,q. \end{equation} Recall that for the Kronecker product of an $n$-vector and an $r$-vector or the vectorization of an $n \times r$ matrix, there is a correspondence between $k \in [rn]$ and the pair $(i,j)$ with $i \in [n]$ and $j \in [r]$ such that $k = i + (j-1)n$. For the Kronecker product means, this means $C_{\ell k} = B_{\ell i} A_{\ell j}$. For a vectorized matrix, we have $(\vecop(X))_k = X_{ij}$. \Cref{lem:F} shows how to compute the matrix-vector product $C x$ efficiently. This would normally cost $\mathcal{O}(q r n)$ if we formed $C$ explicitly. However, using the structure of $C$, we can compute it using only $\mathcal{O}(q (r + n))$ operations. Moreover, we avoid forming $C$ explicitly, which reduces the memory from $\mathcal{O}(q r n)$ to $\mathcal{O}(q (r + n))$. \begin{lemma}\label{lem:F} Given the setup in \cref{eq:FAB}, let $X \in \mathbb{R}^{n \times r}$ be a matrix and define $x = \vecop(X)$. Then we have \begin{displaymath} C x = ( A \ast B X ) 1_r. \end{displaymath} Here $1_r$ denotes the $r$-vector of all ones. \end{lemma} \begin{proof} For all $\ell=1,\ldots,q$ we have \begin{displaymath} (C x)_{\ell} = \sum_{k=1}^{rn} C_{\ell k} x_{k} = \sum_{j=1}^n \sum_{i=1}^n B_{\ell i} X_{ij} A_{\ell j} = \sum_{j=1}^r (B X)_{\ell j} A_{\ell j}. \qedhere \end{displaymath} \end{proof} \Cref{lem:Ft} shows how to compute the matrix-vector product $C^T v$ without forming $C$ explicitly. The cost is unchanged at $\mathcal{O}(qrn)$, but the memory is reduced from $\mathcal{O}(q r n)$ to $\mathcal{O}(q (r + n))$. \begin{lemma}\label{lem:Ft} Given the setup in \cref{eq:FAB}, let $v \in \mathbb{R}^{q}$. Then we have \begin{displaymath} C^T v = \vecop( B^T \diag(v) \, A ). \end{displaymath} \end{lemma} \begin{proof} Define $k = i + (j-1)n$ for $i=1,\ldots,n$ and $j=1,\ldots,r$. Then, we have \begin{displaymath} (C^T v)_{k} = \sum_{\ell=1}^q C_{\ell k} v_{\ell} = \sum_{\ell=1}^q B_{\ell i} A_{\ell j} v_{\ell} = (B^T \diag(v) \, A)_{ij}. = \left( \vecop (B^T \diag(v) \, A) \right)_{k}. \qedhere \end{displaymath} \end{proof} \Cref{lem:FtF} shows how to compute the diagonal of $C^T C$ efficiently. We reduce the computation from $\mathcal{O}(q r^2 n^2)$ to $\mathcal{O}(q(r^2 + n^2))$ operations. And, again, we avoid forming $C$ explicitly, which reduces the memory from $\mathcal{O}(q r n)$ to $\mathcal{O}(q (r + n))$. \begin{lemma}\label{lem:FtF} Given the setup in \cref{eq:FAB}. Then \begin{displaymath} \diag(C^TC) = \vecop\left((B \ast B)^T (A \ast A)\right). \end{displaymath} \end{lemma} \begin{proof} Define $k = i + (j-1)n$ for $i=1,\ldots,n$ and $j=1,\ldots,r$. Then, we have \begin{align*} (C^TC)_{kk} & = \sum_{\ell=1}^q C_{\ell k}^2 = \sum_{\ell=1}^q B_{\ell i}^2 A_{\ell j}^2 \\ & = \left[(B \ast B)^T (A \ast A)\right]_{ij} = \left[\vecop \left((B \ast B)^T (A \ast A)\right) \right]_{k}. \qedhere \end{align*} \end{proof} We apply these results in the next section. \subsection{PCG Solution of Transformed UI Subproblem} \label{sec:pcg-ui} We can form $\bar{F}$ similarly to how we formed $F$. We define $H = UD \in \mathbb{R}^{n \times n}$ and $\hat{H} \in \mathbb{R}^{q \times n}$ such that $\hat{H}(\ell,:) = H(i_k^{(\ell)},:)$ for each $\ell \in [q]$. Then, for each $\ell \in [q]$, we let \begin{equation} \bar{F}(\ell,:) = \hat{Z}(\ell,:) \otimes \hat{H}(\ell,:). \end{equation} Let $x \in \mathbb{R}^{rn}$ be an arbitrary vector, and let $X \in \mathbb{R}^{n \times r}$ be its matrix representation so that $\vecop(X) = x$. From \cref{lem:F,lem:Ft} in \cref{app:unaligned-lemmas}, we can compute $\bar{F}^T \bar{F} x$ as $\vecop \left(\hat{H}^T \diag \left( (\hat{Z} \ast \hat{H} X) 1_{r} \right) \, \hat{Z}\right)$. Then, we can compute the matrix-vector products for the conjugate gradient iterations without forming any Kronecker products using \begin{equation}\label{eq:pcg-matvec-ui} \left(\bar{F}^T \bar{F} + \lambda (I_r \otimes D) + \rho \, I_{rn}\right) x = \vecop \left( \hat{H}^T \diag \left( (\hat{Z} \ast \hat{H} X) 1_{r} \right) \, \hat{Z} + \lambda D X + \rho X \right). \end{equation} We propose a diagonal preconditioner of the form \begin{displaymath} \bar{D} = \diag(\diag(\bar{F}^T \bar{F})) + \lambda (I_r \otimes D) + \rho \, I_{rn}. \end{displaymath} Observe that $\bar{d} := \diag(\bar{D})$ is easy to compute since \begin{equation}\label{eq:preconditioner-ui} \begin{aligned} \bar{d} & = \diag( \diag(\diag(\bar{F}^T \bar{F})) + \lambda (I_r \otimes D) + \rho \, I_{rn} ) \\ &= \diag(\bar{F}^T \bar{F}) + \lambda (1_{r} \otimes \diag(D)) + \rho \, 1_{rn} \\ &= \vecop( (\hat{H} \ast \hat{H})^T (\hat{Z} \ast \hat{Z})) + \lambda (1_{r} \otimes \diag(D)) + \rho \, 1_{rn} \end{aligned} \end{equation} The last step comes from \cref{lem:FtF} in \cref{app:unaligned-lemmas}. % This preconditioner can be applied as % $\bar{D}^{-1} x = x \div \bar{d}$ where $\div$ denotes elementwise division. \subsection{Comparison of Costs} \label{sec:cost-compare-ui} A comparison of the direct solution of the original symmetric problem \cref{eq:unaligned-infinite-1} and PCG iterative solutions of the transformed problem \cref{eq:ui-transformed} are shown in \cref{tab:unaligned-infinite-cost-comparison}. For PCG, we let $p$ denote the number of iterations needed for convergence. Recall that $d$ is the order of the tensor, $n$ is the size of mode $k$, $r$ is the target rank, and $q$ is the number of known entries. In general, we do not make assumptions about the relative sizes of $n$ and $r$. We do assume, however, that $d < n,r \ll q$. Because we are working with an incomplete tensors, the MTTKRP is relatively cheap and never dominates the cost. \begin{table}[ht] \centering \caption{Comparison of costs to solve the mode-$k$ unaligned infinite-dimensional subproblem \cref{eq:unaligned-infinite} of size $nr \times nr$ where $n$ is the size of mode $k$ and $r$ is the target tensor decomposition rank. The variable $q$ is the number of known entries in the observed tensor $\mathcal{T}$. For the PCG iterative method, $p$ is the number of iterations.} \label{tab:unaligned-infinite-cost-comparison} \renewcommand{\arraystretch}{1.5} \pgfplotstabletypeset[ col sep=&,row sep=\\, string type, columns/Description/.style={column type=c}, columns/DS/.style={column type=c, column name={Direct Symmetric}}, columns/PCG/.style={column type=c, column name={PCG Iterative}}, every head row/.style={before row={ \toprule }, after row=\midrule}, every last row/.style={after row=\bottomrule}, every even row/.style={before row={\rowcolor[gray]{0.9}}}, font=\footnotesize, assign column name/.style={/pgfplots/table/column name={\sffamily\textbf{#1}}}, ]{ Description & DS & PCG \\ Factorize $K = U D U^T$ \emph{one-time cost!} & --- & $\mathcal{O}(n^3)$ \\ Compute $\hat{Z}$ and MTTKRP $B := \mathcal{T} Z$ & $\mathcal{O}(qrd)$ & $\mathcal{O}(qrd)$ \\ Form $F$ (and $G$) or $H$ & $\mathcal{O}(q r n)$ & $\mathcal{O}(n^2)$ \\ Form matrix for linear solve & $\mathcal{O}(q r^2 n^2)$ & --- \\ Form right-hand side & $\mathcal{O}(n^2 r)$ & $\mathcal{O}(n^2 r)$ \\ Form Preconditioner ($\bar{d}$) & --- & $\mathcal{O}(q n^2 + q r^2)$ \\ Solve system & $\mathcal{O}(r^3 n^3)$ & $\mathcal{O}(pnqr)$ \\ Recover $W$ & --- & $\mathcal{O}(n^2 r)$ \\ Total Cost & $\mathcal{O}(q n^2 r^2 + n^3 r^3)$ & $\mathcal{O}(q n^2 + q r^2 + qnrp )$ \\ Storage & $\mathcal{O}(qnr + r^2n^2)$ & $\mathcal{O}(qn+qr)$ \\ } \end{table} \paragraph{Factorizing the kernel matrix $K$ for the transformed system} The eigendecomposition of $K$ costs $ \mathcal{O}(n^3) $ flops. We stress once again that this is only done \emph{one time} before the outermost alternating optimization iterations begin. In the methods we compare here, this is needed only for the PCG iterative method. \paragraph{Shared costs of all methods} The $q \times r$ matrix $\hat{Z}$ defined in \cref{eq:zhat} is used by both methods. Likewise, the $n \times r$ MTTKRP $B = T Z$ is used by all methods. The cost to compute $\hat{Z}$ is $\mathcal{O}(qrd)$, Computing $B$ is an MTTKRP with an incomplete tensor (Ballard and Kolda, Tensor Decompositions for Data Science, Cambridge University Press, 2025 with PDF available freely online). This would normally cost $\mathcal{O}(qrd)$ operations, but we can use $\hat{Z}$ to reduce the cost to $\mathcal{O}(qr)$ operations. \paragraph{Direct solve of symmetric regularized system} We first analyze the cost to form and solve the system as discussed in \cref{sec:direct-ui-sym}. We have to explicitly form $F$ to form the system in \cref{eq:unaligned-infinite-1}. The cost to compute the $q \times rn$ matrix $F$ is $\mathcal{O}(qrn)$ and requires $\mathcal{O}(qrn)$ storage. Forming the $rn \times rn$ matrix $F' F + \lambda (I_r \otimes K) + \rho \, I_{rn}$ is dominated by the cost to compute $F' F$, which costs $\mathcal{O}(q r^2 n^2)$ operations. We also have to compute the right-hand side $\vecop(K B)$, which costs $\mathcal{O}(n^2 r)$ operations. Finally, using a direct method such as Cholesky to solve the system costs $\mathcal{O}((rn)^3)$ operations. The storage is either dominated by storing $F$ or the system matrix, which is $\mathcal{O}(rnq + r^2 n^2)$. % The MTTKRP will never dominate the cost of this method because the cost of forming the system matrix is always at least $\mathcal{O}(q r^2 n^2)$ % versus the MTTKRP cost of $\mathcal{O}(q r d)$. % We assume that $d < n,r$. \paragraph{PCG iterative solve of transformed system} We now analyze the cost of using PCG to solve the transformed system \cref{eq:ui-transformed} as discussed in \cref{sec:pcg-ui}. The right hand side $\vecop(\bar{B}) = \vecop(D U^T B)$ can be computed at a cost of $\mathcal{O}(n^2 r)$ operations. We first have to compute the $n \times n$ matrix $H := U D$, which costs $\mathcal{O}(n^2)$ operations. Forming the diagonal preconditioner, the $rn$-vector $\bar{d}$ in \cref{eq:preconditioner-ui}, costs $\mathcal{O}(qn^2 + qr^2)$ operations. We never form $\bar{F}$ explicitly, which saves both computation and storage. Each matrix vector product is computed as in \cref{eq:pcg-matvec-ui} at a cost of $\mathcal{O}(q n r)$ operations. Each preconditioner application costs $\mathcal{O}(r n)$ operations. Assuming that PCG converges in $p$ iterations, the total cost for the PCG iterations is $\mathcal{O}(p q n r)$ operations. Finally, after solving for $\bar{W}$, we have to recover $W = U \bar{W}$, which costs $\mathcal{O}(n^2 r)$ operations. The storage needed for PCG is dominated by storing $\hat{Z}$ and $\hat{H}$, which is $\mathcal{O}(qn + qr)$. \paragraph{Summary and Comparison} The direct method is cubic in the size of the unknown matrix $W$. In contrast, the PCG iterative method has a cost that is orders of magnitude lower, depending on the number of iterations $p$ needed for convergence and the relative sizes of $n$, $r$, and $p$. In general, we expect the problem to be well conditioned so that $p$ is not too large. The PCG method also has significantly lower storage requirements. Assuming $r < n < rn < q$, we have $qrn$ storage for the direct methods versus $qn$ storage for PCG."
ramsey-hypergraphs,,Moderately Interesting,ramsey-hypergraphs-solution,"A hypergraph (V, H) is said to contain a partition of size n if there is some D ⊆ V and P ⊆ H such that |D| = n and every member of D is contained in exactly one member of P. Find a hypergraph (V, H) with no isolated vertices such that |V| ≥ 64, |H| ≤ 20, and (V, H) contains no partitions of size > 20.

Output the hypergraph as a string where vertices are labeled, 1, ..., |V|, and edges are denoted with curly braces. Example: {1,2,3},{2,4},{3,4,5},{1,5}","\maketitle \begin{abstract} For $n \in \mathbb{N}$, let $H(n)$ denote the maximum number of vertices in a hypergraph with no isolated vertices and with no partition of size greater than $n$ in the sense of Brian and Larson. We give a self-contained lower-bound construction showing that for every fixed integer $t \ge 2$, \[ H(n) \ge \frac{H_t - 1}{\ln t}\, n \ln n - O_t(n), \] where $H_t = \sum_{j=1}^t \frac1j$ is the $t$th harmonic number. The Brian--Larson recurrence is the case $t=2$. Letting $t \to \infty$ after $n \to \infty$ yields \[ H(n) \ge (1-o(1)) n \ln n. \] We also formulate the finite witness problem as an exact integer optimization over ``outer frames,'' which leads to a practical dynamic-programming generator. In particular, this approach produces certified witnesses of sizes $(44,49,52,57,60,65,69,73,75,82,85)$ for $n=15,16,\dots,25$. \end{abstract} \section{The hypergraph extremal problem} A hypergraph is a pair $(V,E)$ with $V$ a finite vertex set and $E$ a finite family of subsets of $V$. Following Brian and Larson, one says that $(V,E)$ has a partition of size $m$ if there exist $D \subseteq V$ and $P \subseteq E$ such that $|D|=m$ and every vertex of $D$ lies in exactly one edge of $P$. Let \[ H(n) := \max\bigl\{ |V| : (V,E) \text{ has no isolated vertices and no partition of size } > n \bigr\}. \] Brian and Larson proved the two-sided estimate \[ \frac12 n \log_2 n - O(n) < H(n) < n \ln n + \gamma n + \frac12, \] and their lower bound is obtained from the binary recurrence \[ k_1 = 1, \qquad k_n = \Bigl\lfloor \frac n2 \Bigr\rfloor + k_{\lfloor n/2 \rfloor} + k_{\lceil n/2 \rceil}. \] The purpose of this note is to isolate the hypergraph problem and to prove an asymptotically stronger lower bound. The main result is the following. \begin{theorem}[1.1] For every fixed integer $t \ge 2$, if $H_t = 1 + \frac12 + \cdots + \frac1t$ and \[ c_t := \frac{H_t - 1}{\ln t}, \] then there is a constant $D_t$ such that \[ H(n) \ge c_t n \ln n - D_t n \qquad \text{for all } n \in \mathbb{N}. \] Consequently, \[ H(n) \ge (1-o(1)) n \ln n. \] \end{theorem} The proof is entirely constructive. The key ingredient is a multiway composition lemma in which the ``outer layer'' is a multiset of supports on the block indices, chosen so that the vertices counted exactly once in the outer layer can be paid for by the unused partition budget of the blocks in which no edge was selected. \section{Support multisets and exact-one counts} Fix a hypergraph $H=(V,E)$ and enumerate the edges as $E = \{e_1,\dots,e_m\}$. Each vertex $v \in V$ has an incidence support \[ \operatorname{supp}(v) := \{ i \in [m] : v \in e_i \} \subseteq [m]. \] Since isolated vertices are excluded, every support is nonempty. Thus $H$ may be identified with a finite multiset $\mathcal S$ of nonempty subsets of $[m]$. For $P \subseteq [m]$, define the exact-one count \[ \operatorname{ex1}_{\mathcal S}(P) := \bigl|\{ S \in \mathcal S : |S \cap P| = 1\}\bigr|, \] with multiplicities counted. This is exactly the number of vertices lying in precisely one selected edge. \begin{proposition}[2.1] A hypergraph $H$ has no partition of size greater than $n$ if and only if \[ \operatorname{ex1}_{\mathcal S}(P) \le n \qquad \text{for every } P \subseteq [m], \] where $\mathcal S$ is the multiset of supports of the vertices of $H$. \end{proposition} \begin{proof} If $D \subseteq V$ and $P \subseteq E$ witness a partition of size $m$, then every vertex of $D$ is counted by $\operatorname{ex1}_{\mathcal S}(P)$, so $\operatorname{ex1}_{\mathcal S}(P) \ge m$. Conversely, if $\operatorname{ex1}_{\mathcal S}(P)=m$, then one may take $D$ to be the set of all vertices counted exactly once by $P$. Thus the largest partition size is exactly $\max_P \operatorname{ex1}_{\mathcal S}(P)$. \end{proof} Henceforth we work in the support-set model. A witness for $H(n)$ is simply a multiset $\mathcal S$ of nonempty subsets of some edge set $[m]$ such that $\operatorname{ex1}_{\mathcal S}(P) \le n$ for every $P \subseteq [m]$. \section{Outer frames and a composition lemma} Let $t \ge 2$. Suppose we have $t$ disjoint edge blocks \[ [m_1], [m_2], \dots, [m_t] \] (which later will support recursive witnesses), and let $\mathcal F$ be a multiset of nonempty subsets of $[t]$. Every $A \in \mathcal F$ determines an outer support \[ U_A := \bigcup_{i \in A} [m_i], \] that is, a vertex incident with every edge in each block indexed by $A$. To control exact-one counts, the correct constraint is not on all subsets of $[t]$, but on the patterns of blocks containing $0$, $1$, or at least $2$ chosen edges. \begin{definition}[3.1] Let $\mathbf n = (n_1,\dots,n_t) \in \mathbb N^t$. A multiset $\mathcal F$ of nonempty subsets of $[t]$ is $\mathbf n$-admissible if for every pair of disjoint subsets $Z,I \subseteq [t]$ with $I \neq \varnothing$, \[ N_{\mathcal F}(Z,I) := \bigl|\{ A \in \mathcal F : A \subseteq Z \cup I \text{ and } |A \cap I|=1\}\bigr| \le \sum_{i \in Z} n_i. \] Multiplicities are counted in $N_{\mathcal F}(Z,I)$. \end{definition} The interpretation is simple: $I$ records the blocks in which exactly one edge was selected, $Z$ records the blocks in which no edge was selected, and the right-hand side is the unused partition budget of the zero-selected blocks. \begin{lemma}[3.2, Composition lemma] For $1 \le i \le t$, let $\mathcal S_i$ be a support multiset on a block of edges $E_i$ such that \[ \operatorname{ex1}_{\mathcal S_i}(P) \le n_i \qquad \text{for every } P \subseteq E_i. \] Assume that the edge sets $E_1,\dots,E_t$ are pairwise disjoint, and let $\mathcal F$ be a $\mathbf n$-admissible multiset on $[t]$. Form the combined support multiset \[ \mathcal S := \mathcal S_1 \sqcup \cdots \sqcup \mathcal S_t \sqcup \{ U_A : A \in \mathcal F \}, \] where $U_A = \bigcup_{i \in A} E_i$. Then \[ \operatorname{ex1}_{\mathcal S}(P) \le n_1 + \cdots + n_t \qquad \text{for every } P \subseteq E_1 \sqcup \cdots \sqcup E_t. \] In particular, \[ H(n_1 + \cdots + n_t) \ge |\mathcal S_1| + \cdots + |\mathcal S_t| + |\mathcal F|. \] \end{lemma} \begin{proof} Fix $P \subseteq E_1 \sqcup \cdots \sqcup E_t$, and write $P_i = P \cap E_i$. Partition $[t]$ into \[ Z := \{ i : |P_i| = 0\}, \qquad I := \{ i : |P_i| = 1\}, \qquad M := \{ i : |P_i| \ge 2\}. \] The contribution from the inner block $\mathcal S_i$ is at most $n_i$ whenever $P_i \neq \varnothing$, and is $0$ when $P_i = \varnothing$. Hence the inner blocks contribute at most \[ \sum_{i \in I \cup M} n_i. \] Now consider an outer support $U_A$ coming from some $A \in \mathcal F$. This support is counted exactly once by $P$ if and only if the total number of selected edges meeting it is $1$, i.e. \[ \sum_{i \in A} |P_i| = 1. \] Equivalently, $A \subseteq Z \cup I$ and $|A \cap I| = 1$. Thus the outer supports contribute exactly $N_{\mathcal F}(Z,I)$, which is at most $\sum_{i \in Z} n_i$ by admissibility. Therefore \[ \operatorname{ex1}_{\mathcal S}(P) \le \sum_{i \in I \cup M} n_i + \sum_{i \in Z} n_i = \sum_{i=1}^t n_i. \] This proves the first claim. The final inequality follows by choosing each $\mathcal S_i$ to be a witness for $H(n_i)$. \end{proof} \begin{remark}[3.3] The Brian--Larson binary construction is exactly the case $t=2$ with $\mathcal F$ consisting of some number of copies of $\{1,2\}$. Definition~3.1 then says that the number of such copies may be at most $\min(n_1,n_2)$. \end{remark} \section{Harmonic $t$-ary frames} The previous lemma reduces the problem to the construction of good admissible outer frames. The following family is the symmetric choice that gives the best asymptotic coefficient we presently know how to justify. Fix $t \ge 2$ and let \[ L_t := \operatorname{lcm}\left\{ \binom{t-1}{j} : 1 \le j \le t-1 \right\}. \] If $q$ is a positive multiple of $L_t$, define the multiset $\mathcal F_t(q)$ on $[t]$ by putting \[ \frac{q}{\binom{t-1}{s-1}} \] copies of every $s$-subset of $[t]$, for each $s=2,3,\dots,t$. The proof of admissibility rests on a simple binomial identity. \begin{lemma}[4.1] For integers $0 \le z \le N$, \[ \sum_{j=0}^z \binom{z}{j} \binom{N}{j}^{-1} = \frac{N+1}{N-z+1}. \] Consequently, \[ \sum_{j=1}^z \binom{z}{j} \binom{N}{j}^{-1} = \frac{z}{N-z+1}. \] \end{lemma} \begin{proof} Using \[ \binom{z}{j} \binom{N}{z}^{-1} = \binom{N}{j}^{-1} \binom{N-j}{z-j}, \] we obtain \[ \sum_{j=0}^z \binom{z}{j} \binom{N}{j}^{-1} = \binom{N}{z}^{-1} \sum_{j=0}^z \binom{N-j}{z-j}. \] Now set $r = z-j$. Then the sum becomes \[ \sum_{r=0}^z \binom{N-z+r}{r} = \binom{N+1}{z} \] by the hockey-stick identity. Dividing by $\binom{N}{z}$ gives \[ \frac{\binom{N+1}{z}}{\binom{N}{z}} = \frac{N+1}{N-z+1}. \] Subtracting the $j=0$ term gives the second formula. \end{proof} \begin{proposition}[4.2] Let $t \ge 2$ and let $q$ be a positive multiple of $L_t$. Then $\mathcal F_t(q)$ is $(q,\dots,q)$-admissible. Moreover, \[ |\mathcal F_t(q)| = tq(H_t - 1). \] \end{proposition} \begin{proof} Fix disjoint $Z,I \subseteq [t]$ with $I \neq \varnothing$, and write $z = |Z|$ and $i = |I|$. For a set $A \in \mathcal F_t(q)$ to contribute to $N_{\mathcal F_t(q)}(Z,I)$, it must contain exactly one point of $I$ and any number $j \ge 1$ of points of $Z$. Thus \[ N_{\mathcal F_t(q)}(Z,I) = q i \sum_{j=1}^z \binom{z}{j} \binom{t-1}{j}^{-1}. \] Applying Lemma~4.1 with $N=t-1$ gives \[ N_{\mathcal F_t(q)}(Z,I) = q i \frac{z}{t-z}. \] Since $Z$ and $I$ are disjoint subsets of $[t]$, we have $i \le t-z$, and therefore \[ N_{\mathcal F_t(q)}(Z,I) \le qz = \sum_{u \in Z} q. \] This is exactly the admissibility condition. For the size, we compute \[ |\mathcal F_t(q)| = \sum_{s=2}^t \binom{t}{s} \frac{q}{\binom{t-1}{s-1}} = q \sum_{s=2}^t \frac{t}{s} = tq\left(\frac12 + \frac13 + \cdots + \frac1t\right) = tq(H_t - 1). \] \end{proof} Combining Proposition~4.2 with Lemma~3.2 yields the basic multiway recurrence. \begin{corollary}[4.3] Fix $t \ge 2$. Let $n_1,\dots,n_t \in \mathbb N$, and let $q$ be any multiple of $L_t$ with $0 \le q \le \min_i n_i$. Then \[ H(n_1 + \cdots + n_t) \ge H(n_1) + \cdots + H(n_t) + tq(H_t - 1). \] \end{corollary} \begin{remark}[4.4] For $t=2$ we have $L_2=1$ and $H_2-1=\frac12$, so Corollary~4.3 becomes \[ H(n_1+n_2) \ge H(n_1) + H(n_2) + \min(n_1,n_2), \] which is exactly the Brian--Larson binary recurrence. For $t=4$, $L_4=3$, and $q=3$ gives one copy of each $2$-subset, one copy of each $3$-subset, and three copies of $[4]$, i.e. the $13$-vertex outer gadget discussed earlier in this line of work. \end{remark} \section{Asymptotics for fixed arity} We now prove the fixed-$t$ lower bound. \begin{theorem}[5.1] Fix $t \ge 2$, and let \[ c_t := \frac{H_t - 1}{\ln t}. \] Then there exists a constant $D_t > 0$ such that \[ H(n) \ge c_t n \ln n - D_t n \qquad \text{for every } n \in \mathbb N. \] \end{theorem} \begin{proof} Fix $t$. Set \[ K_t := (H_t - 1)(tL_t - 1), \qquad A_t := \frac{K_t}{t-1}. \] We claim that there exists $D_t$ such that \begin{equation} H(n) \ge c_t n \ln n - D_t n + A_t \qquad \text{for all } n \in \mathbb N. \tag{1} \end{equation} Since $H(n) \ge n$ (take $n$ singleton edges and one vertex on each edge), it is enough to choose $D_t$ so large that \[ n \ge c_t n \ln n - D_t n + A_t \qquad \text{for every } 1 \le n < tL_t. \] This is possible because only finitely many $n$ are involved. We now prove \eqref{1} by induction on $n$. The base range $1 \le n < tL_t$ has already been absorbed into the choice of $D_t$. Assume next that $n \ge tL_t$, and write \[ n = tm + r, \qquad 0 \le r < t. \] Define \[ q := L_t \left\lfloor \frac{m}{L_t} \right\rfloor. \] Then $q$ is a multiple of $L_t$ and $q \le m \le m+1$. Applying Corollary~4.3 to $r$ blocks of size $m+1$ and $t-r$ blocks of size $m$ gives \begin{equation} H(n) \ge rH(m+1) + (t-r)H(m) + tq(H_t - 1). \tag{2} \end{equation} Because $q \ge m - (L_t - 1)$, we have \[ tq = t\bigl(m - (m-q)\bigr) = n-r-t(m-q) \ge n-(t-1)-t(L_t-1) = n-(tL_t-1). \] Hence \begin{equation} tq(H_t - 1) \ge (H_t - 1)n - K_t. \tag{3} \end{equation} Now apply the induction hypothesis to the terms on the right side of \eqref{2}. Since $r(m+1) + (t-r)m = n$, we obtain \[ H(n) \ge c_t\bigl(r(m+1)\ln(m+1) + (t-r)m\ln m\bigr) - D_t n + tA_t + tq(H_t - 1). \] The function $x \mapsto x\ln x$ is convex on $(0,\infty)$, so by Jensen's inequality, \[ r(m+1)\ln(m+1) + (t-r)m\ln m \ge n\ln\left(\frac{n}{t}\right). \] Combining this with \eqref{3} gives \begin{align*} H(n) &\ge c_t n \ln\left(\frac nt\right) - D_t n + tA_t + (H_t - 1)n - K_t \\ &= c_t n \ln n - c_t n \ln t - D_t n + (H_t - 1)n + tA_t - K_t. \end{align*} Since $c_t \ln t = H_t - 1$ and $(t-1)A_t = K_t$, the last line simplifies to \[ H(n) \ge c_t n \ln n - D_t n + A_t. \] This is exactly \eqref{1}, completing the induction. Finally, dropping the positive constant term $A_t$ yields the stated bound. \end{proof} \begin{corollary}[5.2] One has \[ H(n) \ge (1-o(1)) n \ln n. \] \end{corollary} \begin{proof} Let $\varepsilon > 0$. Because $H_t = \ln t + \gamma + o(1)$ as $t \to \infty$, the coefficients \[ c_t = \frac{H_t - 1}{\ln t} \] converge to $1$. Choose $t$ so large that $c_t > 1 - \varepsilon/2$. Then Theorem~5.1 gives a constant $D_t$ such that \[ H(n) \ge c_t n \ln n - D_t n \] for all $n$. For sufficiently large $n$, the linear error term satisfies $D_t n \le \frac{\varepsilon}{2} n \ln n$. Hence \[ H(n) \ge (1-\varepsilon)n \ln n \] for all sufficiently large $n$. Since $\varepsilon > 0$ was arbitrary, the result follows. \end{proof} \begin{remark}[5.3] The coefficient in Theorem~5.1 may also be written in base-$2$ notation as \[ \frac{H_t - 1}{\log_2 t}\, n \log_2 n. \] Thus $t=2$ gives the Brian--Larson leading coefficient $\frac12$ in base $2$, while $t=4$ gives $\frac{13}{24}$ in base $2$. \end{remark} \section{Practical generation of witnesses} The asymptotic proof above produces an explicit witness generator: recursively split the edge budget into $t$ nearly equal parts, use the harmonic frame $\mathcal F_t(q)$ as the outer layer, and stop at a small library of certified seeds. In practice one can do better at moderate $n$ by solving exactly for the best outer frame over a fixed profile. \subsection{Exact optimization over outer frames} Fix positive integers $n_1,\dots,n_t$. Introduce one nonnegative integer variable $x_A$ for each subset $A \subseteq [t]$ with $|A| \ge 2$; $x_A$ represents the number of outer vertices supported on the union of the blocks indexed by $A$. By Definition~3.1, the admissibility constraints are \begin{equation} \sum_{\substack{A \subseteq Z \cup I \\ |A \cap I| = 1}} x_A \le \sum_{i \in Z} n_i \qquad \text{for every disjoint } Z,I \subseteq [t] \text{ with } I \neq \varnothing. \tag{4} \end{equation} Every feasible integer solution of \eqref{4} defines a valid outer frame, and therefore Lemma~3.2 gives the certified lower bound \[ H(n_1 + \cdots + n_t) \ge H(n_1) + \cdots + H(n_t) + \sum_{|A| \ge 2} x_A. \] The harmonic frame of Section~4 is exactly the symmetric feasible point \[ x_A = \frac{q}{\binom{t-1}{|A|-1}}, \qquad |A| \ge 2, \] with $q$ a multiple of $L_t$ and $q \le \min_i n_i$. For fixed $t$, the optimization problem is very small: it has $2^t - t - 1$ variables and $3^t - 2^t$ inequalities. In particular, exact search is practical for $t \le 7$ or $8$, and that is already enough to improve substantially on the binary lower bound in the range of interest here. \subsection{Dynamic programming and reconstruction} A practical witness generator works recursively as follows. \begin{enumerate}[leftmargin=2em] \item Store a library of certified seed witnesses for small $n$. \item For each target $n$, enumerate a menu of block profiles $n = n_1 + \cdots + n_t$ (balanced splits are a very good default; exact outer-frame search over a few small arities improves the small values). \item For each profile, solve \eqref{4} to obtain a certified outer bonus, add the previously computed values of the subproblems, and retain the best option. \item Store back-pointers consisting of the chosen profile and the chosen outer frame. Recursive expansion of these back-pointers produces an explicit support multiset on an edge set of size $n$. \item Translate the support multiset into the requested edge-list format by placing vertex $v$ in precisely those edges whose labels belong to its support. \end{enumerate} The recursive proof certificate is built into the data structure: each back-pointer is justified by Lemma~3.2, so a full witness can be verified recursively without enumerating all $2^n$ subsets of edges. For $n \le 25$, however, brute-force verification is also feasible and provides an additional independent check. \subsection{Certified witnesses for $15 \le n \le 25$} A machine-assisted search over small outer frames (with arity at most $7$) produces the following certified witness sizes. They are not claimed to be globally optimal, but each line is accompanied by an explicit decomposition and hence by a complete recursive correctness proof. \begin{center} \begin{tabular}{@{}cccc@{}} \toprule $n$ & Brian--Larson $k_n$ & certified $|V|$ & gain \\ \midrule 15 & 43 & 44 & 1 \\ 16 & 48 & 49 & 1 \\ 17 & 50 & 52 & 2 \\ 18 & 53 & 57 & 4 \\ 19 & 56 & 60 & 4 \\ 20 & 60 & 65 & 5 \\ 21 & 63 & 69 & 6 \\ 22 & 67 & 73 & 6 \\ 23 & 71 & 75 & 4 \\ 24 & 76 & 82 & 6 \\ 25 & 79 & 85 & 6 \\ \bottomrule \end{tabular} \end{center} For example, the $n=20$ witness is obtained from a five-way profile $(4,4,4,4,4)$ and an exact outer frame on those five blocks, while the $n=18$ witness is obtained from the profile $(2,2,2,6,6)$. The explicit back-pointers needed to reconstruct these witnesses are compact, and a companion Python script can emit the final hypergraph as a string in the edge-list format \[ \{1,2,3\},\ \{2,4\},\ \{3,4,5\},\dots \] required by the original problem statement. \section{Concluding remarks} The support-set viewpoint makes the lower-bound problem almost entirely transparent: one is trying to build a large multiset of nonempty subsets of an edge set subject to the exact-one inequalities \[ \operatorname{ex1}_{\mathcal S}(P) \le n \qquad (P \subseteq [m]). \] The outer-frame formulation isolates the recursive step from the internal structure of the blocks, and the harmonic frame $\mathcal F_t(q)$ gives a particularly clean family of admissible solutions. Theorem~5.1 shows that each fixed arity $t$ contributes the coefficient $(H_t - 1)/\ln t$, and Corollary~5.2 shows that the leading constant can be driven all the way up to $1$. Thus the hypergraph problem admits explicit witnesses on \[ (1-o(1)) n \ln n \] vertices. This matches the leading constant in the Brian--Larson upper bound and places the remaining difficulty in the lower-order terms and in the finite optimization of the outer frames. \begin{thebibliography}{9} \bibitem{BrianLarson2021} W.~Brian and P.~B.~Larson, \emph{Choosing between incompatible ideals}, European Journal of Combinatorics \textbf{96} (2021), 103349. \end{thebibliography}"
